Building MMseqs2 GTDB at /mnt/ME5024_PA2/shared/groups/ZHANGLU/MMseqs2-GTDB/gtdb on workernode3, threads=32
databases GTDB /mnt/ME5024_PA2/shared/groups/ZHANGLU/MMseqs2-GTDB/gtdb /mnt/ME5024_PA2/shared/groups/ZHANGLU/MMseqs2-GTDB/tmp --threads 32 --remove-tmp-files 1 

MMseqs Version:              	18.8cc5c
Tsv                          	false
Force restart with latest tmp	false
Remove temporary files       	true
Compressed                   	0
Threads                      	32
Verbosity                    	3

aria2c: error while loading shared libraries: libssl.so.1.0.0: cannot open shared object file: No such file or directory
  % Total    % Received % Xferd  Average Speed   Time    Time     Time  Current
                                 Dload  Upload   Total   Spent    Left  Speed
  0     0    0     0    0     0      0      0 --:--:-- --:--:-- --:--:--     0  0     0    0     0    0     0      0      0 --:--:-- --:--:-- --:--:--     0
curl: (7) Failed to connect to 127.0.0.1 port 7891: Connection refused
--2026-08-10 19:08:23--  https://data.ace.uq.edu.au/public/gtdb/data/releases/latest/VERSION.txt
Resolving proxy.hkbu.edu.hk (proxy.hkbu.edu.hk)... 158.182.0.120
Connecting to proxy.hkbu.edu.hk (proxy.hkbu.edu.hk)|158.182.0.120|:8080... connected.
Proxy request sent, awaiting response... 200 OK
Length: 29 [text/plain]
Saving to: ‘/mnt/ME5024_PA2/shared/groups/ZHANGLU/MMseqs2-GTDB/tmp/11054872278454730713/version.wget’

     0K                                                       100%  251M=0s

2026-08-10 19:08:25 (251 MB/s) - ‘/mnt/ME5024_PA2/shared/groups/ZHANGLU/MMseqs2-GTDB/tmp/11054872278454730713/version.wget’ saved [29/29]

aria2c: error while loading shared libraries: libssl.so.1.0.0: cannot open shared object file: No such file or directory
  % Total    % Received % Xferd  Average Speed   Time    Time     Time  Current
                                 Dload  Upload   Total   Spent    Left  Speed
  0     0    0     0    0     0      0      0 --:--:-- --:--:-- --:--:--     0  0     0    0     0    0     0      0      0 --:--:-- --:--:-- --:--:--     0
curl: (7) Failed to connect to 127.0.0.1 port 7891: Connection refused
--2026-08-10 19:08:25--  https://data.ace.uq.edu.au/public/gtdb/data/releases/latest/genomic_files_reps/gtdb_proteins_aa_reps.tar.gz
Resolving proxy.hkbu.edu.hk (proxy.hkbu.edu.hk)... 158.182.0.120
Connecting to proxy.hkbu.edu.hk (proxy.hkbu.edu.hk)|158.182.0.120|:8080... connected.
Proxy request sent, awaiting response... 200 OK
Length: 131946537881 (123G) [application/x-gzip]
Saving to: ‘/mnt/ME5024_PA2/shared/groups/ZHANGLU/MMseqs2-GTDB/tmp/11054872278454730713/gtdb.tar.gz.wget’

     0K .......... .......... .......... .......... ..........  0% 91.9K 16d5h
    50K .......... .......... .......... .......... ..........  0%  185K 12d3h
   100K .......... .......... .......... .......... ..........  0%  164K 11d2h
   150K .......... .......... .......... .......... ..........  0%  184K 10d8h
   200K .......... .......... .......... .......... ..........  0% 97.2K 11d8h
   250K .......... .......... .......... .......... ..........  0%  185K 10d19h
   300K .......... .......... .......... .......... ..........  0%  184K 10d10h
   350K .......... .......... .......... .......... ..........  0%  183K 10d3h
   400K .......... .......... .......... .......... ..........  0%  184K 9d21h
   450K .......... .......... .......... .......... ..........  0%  184K 9d17h
   500K .......... .......... .......... .......... ..........  0%  184K 9d13h
   550K .......... .......... .......... .......... ..........  0%  184K 9d10h
   600K .......... .......... .......... .......... ..........  0%  184K 9d8h
   650K .......... .......... .......... .......... ..........  0%  770K 8d19h
   700K .......... .......... .......... .......... ..........  0%  208K 8d17h
   750K .......... .......... .......... .......... ..........  0%  207K 8d14h
   800K .......... .......... .......... .......... ..........  0%  184K 8d14h
   850K .......... .......... .......... .......... ..........  0%  184K 8d13h
   900K .......... .......... .......... .......... ..........  0%  184K 8d12h
   950K .......... .......... .......... .......... ..........  0%  184K 8d12h
  1000K .......... .......... .......... .......... ..........  0%  185K 8d11h
  1050K .......... .......... .......... .......... ..........  0%  185K 8d11h
  1100K .......... .......... .......... .......... ..........  0%  184K 8d11h
  1150K .......... .......... .......... .......... ..........  0% 1.47M 8d3h
  1200K .......... .......... .......... .......... ..........  0%  185K 8d3h
  1250K .......... .......... .......... .......... ..........  0%  206K 8d2h
  1300K .......... .......... .......... .......... ..........  0%  185K 8d2h
  1350K .......... .......... .......... .......... ..........  0%  184K 8d2h
  1400K .......... .......... .......... .......... ..........  0%  185K 8d2h
  1450K .......... .......... .......... .......... ..........  0% 60.8K 8d15h
  1500K .......... .......... .......... .......... ..........  0%  185K 8d15h
  1550K .......... .......... .......... .......... ..........  0%  184K 8d14h
  1600K .......... .......... .......... .......... ..........  0%  184K 8d14h
  1650K .......... .......... .......... .......... ..........  0%  184K 8d14h
  1700K .......... .......... .......... .......... ..........  0%  184K 8d13h
  1750K .......... .......... .......... .......... ..........  0%  185K 8d13h
  1800K .......... .......... .......... .......... ..........  0% 16.9M 8d7h
  1850K .......... .......... .......... .......... ..........  0%  184K 8d7h
  1900K .......... .......... .......... .......... ..........  0%  184K 8d7h
  1950K .......... .......... .......... .......... ..........  0%  184K 8d7h
  2000K .......... .......... .......... .......... ..........  0%  185K 8d7h
  2050K .......... .......... .......... .......... ..........  0%  625K 8d4h
  2100K .......... .......... .......... .......... ..........  0%  257K 8d2h
  2150K .......... .......... .......... .......... ..........  0%  184K 8d2h
  2200K .......... .......... .......... .......... ..........  0%  184K 8d2h
  2250K .......... .......... .......... .......... ..........  0%  185K 8d2h
  2300K .......... .......... .......... .......... ..........  0%  185K 8d2h
  2350K .......... .......... .......... .......... ..........  0% 1.37M 7d23h
  2400K .......... .......... .......... .......... ..........  0%  209K 7d22h
  2450K .......... .......... .......... .......... ..........  0%  184K 7d22h
  2500K .......... .......... .......... .......... ..........  0%  184K 7d22h
  2550K .......... .......... .......... .......... ..........  0%  185K 7d22h
  2600K .......... .......... .......... .......... ..........  0%  185K 7d22h
  2650K .......... .......... .......... .......... ..........  0% 1.39M 7d19h
  2700K .......... .......... .......... .......... ..........  0%  207K 7d19h
  2750K .......... .......... .......... .......... ..........  0%  184K 7d19h
  2800K .......... .......... .......... .......... ..........  0%  185K 7d19h
  2850K .......... .......... .......... .......... ..........  0%  184K 7d19h
  2900K .......... .......... .......... .......... ..........  0% 1.41M 7d17h
  2950K .......... .......... .......... .......... ..........  0%  185K 7d17h
  3000K .......... .......... .......... .......... ..........  0%  207K 7d17h
  3050K .......... .......... .......... .......... ..........  0%  185K 7d17h
  3100K .......... .......... .......... .......... ..........  0%  184K 7d17h
  3150K .......... .......... .......... .......... ..........  0%  186K 7d17h
  3200K .......... .......... .......... .......... ..........  0%  451K 7d15h
  3250K .......... .......... .......... .......... ..........  0%  255K 7d15h
  3300K .......... .......... .......... .......... ..........  0%  207K 7d15h
  3350K .......... .......... .......... .......... ..........  0%  184K 7d15h
  3400K .......... .......... .......... .......... ..........  0%  185K 7d15h
  3450K .......... .......... .......... .......... ..........  0%  186K 7d15h
  3500K .......... .......... .......... .......... ..........  0% 1.31M 7d13h
  3550K .......... .......... .......... .......... ..........  0%  185K 7d13h
  3600K .......... .......... .......... .......... ..........  0%  207K 7d13h
  3650K .......... .......... .......... .......... ..........  0%  185K 7d13h
  3700K .......... .......... .......... .......... ..........  0%  184K 7d13h
  3750K .......... .......... .......... .......... ..........  0%  461K 7d12h
  3800K .......... .......... .......... .......... ..........  0%  253K 7d11h
  3850K .......... .......... .......... .......... ..........  0%  185K 7d11h
  3900K .......... .......... .......... .......... ..........  0%  208K 7d11h
  3950K .......... .......... .......... .......... ..........  0%  185K 7d12h
  4000K .......... .......... .......... .......... ..........  0%  186K 7d12h
  4050K .......... .......... .......... .......... ..........  0% 1.29M 7d10h
  4100K .......... .......... .......... .......... ..........  0%  185K 7d10h
  4150K .......... .......... .......... .......... ..........  0%  207K 7d10h
  4200K .......... .......... .......... .......... ..........  0%  184K 7d10h
  4250K .......... .......... .......... .......... ..........  0%  187K 7d10h
  4300K .......... .......... .......... .......... ..........  0%  456K 7d9h
  4350K .......... .......... .......... .......... ..........  0%  251K 7d9h
  4400K .......... .......... .......... .......... ..........  0%  185K 7d9h
  4450K .......... .......... .......... .......... ..........  0%  206K 7d9h
  4500K .......... .......... .......... .......... ..........  0%  187K 7d9h
  4550K .......... .......... .......... .......... ..........  0%  186K 7d9h
  4600K .......... .......... .......... .......... ..........  0%  458K 7d8h
  4650K .......... .......... .......... .......... ..........  0%  250K 7d8h
  4700K .......... .......... .......... .......... ..........  0%  185K 7d8h
  4750K .......... .......... .......... .......... ..........  0%  207K 7d8h
  4800K .......... .......... .......... .......... ..........  0%  186K 7d8h
  4850K .......... .......... .......... .......... ..........  0%  185K 7d8h
  4900K .......... .......... .......... .......... ..........  0% 1.28M 7d7h
  4950K .......... .......... .......... .......... ..........  0%  185K 7d7h
  5000K .......... .......... .......... .......... ..........  0%  205K 7d7h
  5050K .......... .......... .......... .......... ..........  0%  188K 7d7h
  5100K .......... .......... .......... .......... ..........  0%  185K 7d7h
  5150K .......... .......... .......... .......... ..........  0%  766K 7d6h
  5200K .......... .......... .......... .......... ..........  0%  206K 7d6h
  5250K .......... .......... .......... .......... ..........  0%  186K 7d6h
  5300K .......... .......... .......... .......... ..........  0%  207K 7d6h
  5350K .......... .......... .......... .......... ..........  0%  186K 7d6h
  5400K .......... .......... .......... .......... ..........  0%  186K 7d6h
  5450K .......... .......... .......... .......... ..........  0%  454K 7d6h
  5500K .......... .......... .......... .......... ..........  0%  251K 7d5h
  5550K .......... .......... .......... .......... ..........  0%  185K 7d5h
  5600K .......... .......... .......... .......... ..........  0%  206K 7d5h
  5650K .......... .......... .......... .......... ..........  0%  187K 7d6h
  5700K .......... .......... .......... .......... ..........  0%  186K 7d6h
  5750K .......... .......... .......... .......... ..........  0% 1.28M 7d5h
  5800K .......... .......... .......... .......... ..........  0%  185K 7d5h
  5850K .......... .......... .......... .......... ..........  0%  185K 7d5h
  5900K .......... .......... .......... .......... ..........  0%  208K 7d5h
  5950K .......... .......... .......... .......... ..........  0%  185K 7d5h
  6000K .......... .......... .......... .......... ..........  0%  774K 7d4h
  6050K .......... .......... .......... .......... ..........  0%  207K 7d4h
  6100K .......... .......... .......... .......... ..........  0%  184K 7d4h
  6150K .......... .......... .......... .......... ..........  0%  205K 7d4h
  6200K .......... .......... .......... .......... ..........  0%  187K 7d4h
  6250K .......... .......... .......... .......... ..........  0%  187K 7d4h
  6300K .......... .......... .......... .......... ..........  0% 1.26M 7d3h
  6350K .......... .......... .......... .......... ..........  0%  185K 7d3h
  6400K .......... .......... .......... .......... ..........  0%  205K 7d4h
  6450K .......... .......... .......... .......... ..........  0%  185K 7d4h
  6500K .......... .......... .......... .......... ..........  0%  189K 7d4h
  6550K .......... .......... .......... .......... ..........  0%  750K 7d3h
  6600K .......... .......... .......... .......... ..........  0%  207K 7d3h
  6650K .......... .......... .......... .......... ..........  0%  186K 7d3h
  6700K .......... .......... .......... .......... ..........  0%  202K 7d3h
  6750K .......... .......... .......... .......... ..........  0%  188K 7d3h
  6800K .......... .......... .......... .......... ..........  0%  283K 7d3h
  6850K .......... .......... .......... .......... ..........  0%  314K 7d2h
  6900K .......... .......... .......... .......... ..........  0%  207K 7d2h
  6950K .......... .......... .......... .......... ..........  0%  185K 7d3h
  7000K .......... .......... .......... .......... ..........  0%  205K 7d3h
  7050K .......... .......... .......... .......... ..........  0%  188K 7d3h
  7100K .......... .......... .......... .......... ..........  0%  345K 7d2h
  7150K .......... .......... .......... .......... ..........  0%  304K 7d2h
  7200K .......... .......... .......... .......... ..........  0%  185K 7d2h
  7250K .......... .......... .......... .......... ..........  0%  205K 7d2h
  7300K .......... .......... .......... .......... ..........  0%  187K 7d2h
  7350K .......... .......... .......... .......... ..........  0%  185K 7d2h
  7400K .......... .......... .......... .......... ..........  0%  747K 7d2h
  7450K .......... .......... .......... .......... ..........  0%  206K 7d2h
  7500K .......... .......... .......... .......... ..........  0%  187K 7d2h
  7550K .......... .......... .......... .......... ..........  0%  205K 7d2h
  7600K .......... .......... .......... .......... ..........  0%  186K 7d2h
  7650K .......... .......... .......... .......... ..........  0%  351K 7d1h
  7700K .......... .......... .......... .......... ..........  0%  258K 7d1h
  7750K .......... .......... .......... .......... ..........  0%  207K 7d1h
  7800K .......... .......... .......... .......... ..........  0%  207K 7d1h
  7850K .......... .......... .......... .......... ..........  0%  185K 7d1h
  7900K .......... .......... .......... .......... ..........  0%  188K 7d2h
  7950K .......... .......... .......... .......... ..........  0%  343K 7d1h
  8000K .......... .......... .......... .......... ..........  0%  303K 7d1h
  8050K .......... .......... .......... .......... ..........  0%  188K 7d1h
  8100K .......... .......... .......... .......... ..........  0%  203K 7d1h
  8150K .......... .......... .......... .......... ..........  0%  188K 7d1h
  8200K .......... .......... .......... .......... ..........  0%  185K 7d1h
  8250K .......... .......... .......... .......... ..........  0%  737K 7d1h
  8300K .......... .......... .......... .......... ..........  0%  207K 7d1h
  8350K .......... .......... .......... .......... ..........  0%  187K 7d1h
  8400K .......... .......... .......... .......... ..........  0%  205K 7d1h
  8450K .......... .......... .......... .......... ..........  0%  163K 7d1h
  8500K .......... .......... .......... .......... ..........  0%  185K 7d1h
  8550K .......... .......... .......... .......... ..........  0%  184K 7d1h
  8600K .......... .......... .......... .......... ..........  0%  184K 7d1h
  8650K .......... .......... .......... .......... ..........  0%  184K 7d2h
  8700K .......... .......... .......... .......... ..........  0%  184K 7d2h
  8750K .......... .......... .......... .......... ..........  0%  184K 7d2h
  8800K .......... .......... .......... .......... ..........  0%  184K 7d2h
  8850K .......... .......... .......... .......... ..........  0%  184K 7d2h
  8900K .......... .......... .......... .......... ..........  0%  184K 7d2h
  8950K .......... .......... .......... .......... ..........  0%  184K 7d2h
  9000K .......... .......... .......... .......... ..........  0%  184K 7d3h
  9050K .......... .......... .......... .......... ..........  0%  184K 7d3h
  9100K .......... .......... .......... .......... ..........  0%  184K 7d3h
  9150K .......... .......... .......... .......... ..........  0%  184K 7d3h
  9200K .......... .......... .......... .......... ..........  0%  184K 7d3h
  9250K .......... .......... .......... .......... ..........  0%  185K 7d3h
  9300K .......... .......... .......... .......... ..........  0%  185K 7d3h
  9350K .......... .......... .......... .......... ..........  0%  184K 7d3h
  9400K .......... .......... .......... .......... ..........  0%  643K 7d3h
  9450K .......... .......... .......... .......... ..........  0%  213K 7d3h
  9500K .......... .......... .......... .......... ..........  0%  212K 7d3h
  9550K .......... .......... .......... .......... ..........  0%  184K 7d3h
  9600K .......... .......... .......... .......... ..........  0%  185K 7d3h
  9650K .......... .......... .......... .......... ..........  0%  185K 7d3h
  9700K .......... .......... .......... .......... ..........  0%  180K 7d3h
  9750K .......... .......... .......... .......... ..........  0%  185K 7d3h
  9800K .......... .......... .......... .......... ..........  0%  184K 7d4h
  9850K .......... .......... .......... .......... ..........  0%  184K 7d4h
  9900K .......... .......... .......... .......... ..........  0%  184K 7d4h
  9950K .......... .......... .......... .......... ..........  0%  184K 7d4h
 10000K .......... .......... .......... .......... ..........  0%  184K 7d4h
 10050K .......... .......... .......... .......... ..........  0%  184K 7d4h
 10100K .......... .......... .......... .......... ..........  0% 1.59M 7d3h
 10150K .......... .......... .......... .......... ..........  0%  206K 7d3h
 10200K .......... .......... .......... .......... ..........  0%  184K 7d3h
 10250K .......... .......... .......... .......... ..........  0%  184K 7d4h
 10300K .......... .......... .......... .......... ..........  0%  184K 7d4h
 10350K .......... .......... .......... .......... ..........  0%  185K 7d4h
 10400K .......... .......... .......... .......... ..........  0% 1.56M 7d3h
 10450K .......... .......... .......... .......... ..........  0%  205K 7d3h
 10500K .......... .......... .......... .......... ..........  0%  184K 7d3h
 10550K .......... .......... .......... .......... ..........  0%  185K 7d3h
 10600K .......... .......... .......... .......... ..........  0%  184K 7d3h
 10650K .......... .......... .......... .......... ..........  0% 1.56M 7d3h
 10700K .......... .......... .......... .......... ..........  0%  184K 7d3h
 10750K .......... .......... .......... .......... ..........  0%  205K 7d3h
 10800K .......... .......... .......... .......... ..........  0%  185K 7d3h
 10850K .......... .......... .......... .......... ..........  0%  185K 7d3h
 10900K .......... .......... .......... .......... ..........  0%  516K 7d3h
 10950K .......... .......... .......... .......... ..........  0%  210K 7d3h
 11000K .......... .......... .......... .......... ..........  0%  210K 7d3h
 11050K .......... .......... .......... .......... ..........  0%  204K 7d3h
 11100K .......... .......... .......... .......... ..........  0%  184K 7d3h
 11150K .......... .......... .......... .......... ..........  0%  186K 7d3h
 11200K .......... .......... .......... .......... ..........  0%  185K 7d3h
 11250K .......... .......... .......... .......... ..........  0% 1.43M 7d2h
 11300K .......... .......... .......... .......... ..........  0%  204K 7d2h
 11350K .......... .......... .......... .......... ..........  0%  184K 7d2h
 11400K .......... .......... .......... .......... ..........  0%  186K 7d2h
 11450K .......... .......... .......... .......... ..........  0%  185K 7d3h
 11500K .......... .......... .......... .......... ..........  0%  811K 7d2h
 11550K .......... .......... .......... .......... ..........  0%  208K 7d2h
 11600K .......... .......... .......... .......... ..........  0%  203K 7d2h
 11650K .......... .......... .......... .......... ..........  0%  185K 7d2h
 11700K .......... .......... .......... .......... ..........  0%  185K 7d2h
 11750K .......... .......... .......... .......... ..........  0%  782K 7d2h
 11800K .......... .......... .......... .......... ..........  0%  210K 7d2h
 11850K .......... .......... .......... .......... ..........  0%  185K 7d2h
 11900K .......... .......... .......... .......... ..........  0%  203K 7d2h
 11950K .......... .......... .......... .......... ..........  0%  183K 7d2h
 12000K .......... .......... .......... .......... ..........  0%  188K 7d2h
 12050K .......... .......... .......... .......... ..........  0%  801K 7d1h
 12100K .......... .......... .......... .......... ..........  0%  207K 7d1h
 12150K .......... .......... .......... .......... ..........  0%  202K 7d1h
 12200K .......... .......... .......... .......... ..........  0%  184K 7d2h
 12250K .......... .......... .......... .......... ..........  0%  186K 7d2h
 12300K .......... .......... .......... .......... ..........  0%  805K 7d1h
 12350K .......... .......... .......... .......... ..........  0%  186K 7d1h
 12400K .......... .......... .......... .......... ..........  0%  210K 7d1h
 12450K .......... .......... .......... .......... ..........  0%  185K 7d1h
 12500K .......... .......... .......... .......... ..........  0%  201K 7d1h
 12550K .......... .......... .......... .......... ..........  0%  189K 7d1h
 12600K .......... .......... .......... .......... ..........  0%  753K 7d1h
 12650K .......... .......... .......... .......... ..........  0%  210K 7d1h
 12700K .......... .......... .......... .......... ..........  0%  186K 7d1h
 12750K .......... .......... .......... .......... ..........  0%  201K 7d1h
 12800K .......... .......... .......... .......... ..........  0%  186K 7d1h
 12850K .......... .......... .......... .......... ..........  0%  187K 7d1h
 12900K .......... .......... .......... .......... ..........  0%  787K 7d1h
 12950K .......... .......... .......... .......... ..........  0%  206K 7d1h
 13000K .......... .......... .......... .......... ..........  0%  203K 7d1h
 13050K .......... .......... .......... .......... ..........  0%  185K 7d1h
 13100K .......... .......... .......... .......... ..........  0%  185K 7d1h
 13150K .......... .......... .......... .......... ..........  0%  785K 7d1h
 13200K .......... .......... .......... .......... ..........  0%  187K 7d1h
 13250K .......... .......... .......... .......... ..........  0%  209K 7d1h
 13300K .......... .......... .......... .......... ..........  0%  201K 7d1h
 13350K .......... .......... .......... .......... ..........  0%  185K 7d1h
 13400K .......... .......... .......... .......... ..........  0%  188K 7d1h
 13450K .......... .......... .......... .......... ..........  0%  757K 7d0h
 13500K .......... .......... .......... .......... ..........  0%  211K 7d0h
 13550K .......... .......... .......... .......... ..........  0%  187K 7d0h
 13600K .......... .......... .......... .......... ..........  0%  199K 7d1h
 13650K .......... .......... .......... .......... ..........  0%  187K 7d1h
 13700K .......... .......... .......... .......... ..........  0%  185K 7d1h
 13750K .......... .......... .......... .......... ..........  0%  820K 7d0h
 13800K .......... .......... .......... .......... ..........  0%  209K 7d0h
 13850K .......... .......... .......... .......... ..........  0%  185K 7d0h
 13900K .......... .......... .......... .......... ..........  0%  200K 7d0h
 13950K .......... .......... .......... .......... ..........  0%  186K 7d0h
 14000K .......... .......... .......... .......... ..........  0%  788K 7d0h
 14050K .......... .......... .......... .......... ..........  0%  211K 7d0h
 14100K .......... .......... .......... .......... ..........  0%  186K 7d0h
 14150K .......... .......... .......... .......... ..........  0%  200K 7d0h
 14200K .......... .......... .......... .......... ..........  0%  184K 7d0h
 14250K .......... .......... .......... .......... ..........  0%  190K 7d0h
 14300K .......... .......... .......... .......... ..........  0%  778K 7d0h
 14350K .......... .......... .......... .......... ..........  0%  207K 7d0h
 14400K .......... .......... .......... .......... ..........  0%  186K 7d0h
 14450K .......... .......... .......... .......... ..........  0%  199K 7d0h
 14500K .......... .......... .......... .......... ..........  0%  187K 7d0h
 14550K .......... .......... .......... .......... ..........  0%  802K 7d0h
 14600K .......... .......... .......... .......... ..........  0%  187K 7d0h
 14650K .......... .......... .......... .......... ..........  0%  208K 7d0h
 14700K .......... .......... .......... .......... ..........  0%  185K 7d0h
 14750K .......... .......... .......... .......... ..........  0%  199K 7d0h
 14800K .......... .......... .......... .......... ..........  0%  191K 7d0h
 14850K .......... .......... .......... .......... ..........  0%  740K 7d0h
 14900K .......... .......... .......... .......... ..........  0%  210K 7d0h
 14950K .......... .......... .......... .......... ..........  0%  185K 7d0h
 15000K .......... .......... .......... .......... ..........  0%  200K 7d0h
 15050K .......... .......... .......... .......... ..........  0%  188K 7d0h
 15100K .......... .......... .......... .......... ..........  0%  188K 7d0h
 15150K .......... .......... .......... .......... ..........  0% 1.36M 6d23h
 15200K .......... .......... .......... .......... ..........  0%  185K 6d23h
 15250K .......... .......... .......... .......... ..........  0%  186K 7d0h
 15300K .......... .......... .......... .......... ..........  0%  198K 7d0h
 15350K .......... .......... .......... .......... ..........  0%  186K 7d0h
 15400K .......... .......... .......... .......... ..........  0%  790K 6d23h
 15450K .......... .......... .......... .......... ..........  0%  189K 6d23h
 15500K .......... .......... .......... .......... ..........  0%  208K 6d23h
 15550K .......... .......... .......... .......... ..........  0%  198K 6d23h
 15600K .......... .......... .......... .......... ..........  0%  185K 6d23h
 15650K .......... .......... .......... .......... ..........  0%  203K 6d23h
 15700K .......... .......... .......... .......... ..........  0%  581K 6d23h
 15750K .......... .......... .......... .......... ..........  0%  213K 6d23h
 15800K .......... .......... .......... .......... ..........  0%  187K 6d23h
 15850K .......... .......... .......... .......... ..........  0%  196K 6d23h
 15900K .......... .......... .......... .......... ..........  0%  189K 6d23h
 15950K .......... .......... .......... .......... ..........  0%  221K 6d23h
 16000K .......... .......... .......... .......... ..........  0%  666K 6d23h
 16050K .......... .......... .......... .......... ..........  0%  187K 6d23h
 16100K .......... .......... .......... .......... ..........  0%  185K 6d23h
 16150K .......... .......... .......... .......... ..........  0%  198K 6d23h
 16200K .......... .......... .......... .......... ..........  0%  187K 6d23h
 16250K .......... .......... .......... .......... ..........  0%  766K 6d23h
 16300K .......... .......... .......... .......... ..........  0%  213K 6d23h
 16350K .......... .......... .......... .......... ..........  0%  186K 6d23h
 16400K .......... .......... .......... .......... ..........  0%  198K 6d23h
 16450K .......... .......... .......... .......... ..........  0%  185K 6d23h
 16500K .......... .......... .......... .......... ..........  0%  503K 6d23h
 16550K .......... .......... .......... .......... ..........  0%  253K 6d23h
 16600K .......... .......... .......... .......... ..........  0%  186K 6d23h
 16650K .......... .......... .......... .......... ..........  0%  198K 6d23h
 16700K .......... .......... .......... .......... ..........  0%  185K 6d23h
 16750K .......... .......... .......... .......... ..........  0%  190K 6d23h
 16800K .......... .......... .......... .......... ..........  0%  743K 6d23h
 16850K .......... .......... .......... .......... ..........  0%  210K 6d23h
 16900K .......... .......... .......... .......... ..........  0%  188K 6d23h
 16950K .......... .......... .......... .......... ..........  0%  185K 6d23h
 17000K .......... .......... .......... .......... ..........  0%  198K 6d23h
 17050K .......... .......... .......... .......... ..........  0%  817K 6d22h
 17100K .......... .......... .......... .......... ..........  0%  185K 6d22h
 17150K .......... .......... .......... .......... ..........  0%  213K 6d23h
 17200K .......... .......... .......... .......... ..........  0%  186K 6d23h
 17250K .......... .......... .......... .......... ..........  0%  197K 6d23h
 17300K .......... .......... .......... .......... ..........  0%  190K 6d23h
 17350K .......... .......... .......... .......... ..........  0%  721K 6d22h
 17400K .......... .......... .......... .......... ..........  0%  212K 6d22h
 17450K .......... .......... .......... .......... ..........  0%  186K 6d22h
 17500K .......... .......... .......... .......... ..........  0%  199K 6d22h
 17550K .......... .......... .......... .......... ..........  0%  187K 6d23h
 17600K .......... .......... .......... .......... ..........  0%  188K 6d23h
 17650K .......... .......... .......... .......... ..........  0%  743K 6d22h
 17700K .......... .......... .......... .......... ..........  0%  210K 6d22h
 17750K .......... .......... .......... .......... ..........  0%  189K 6d22h
 17800K .......... .......... .......... .......... ..........  0%  198K 6d22h
 17850K .......... .......... .......... .......... ..........  0%  186K 6d22h
 17900K .......... .......... .......... .......... ..........  0%  799K 6d22h
 17950K .......... .......... .......... .......... ..........  0%  185K 6d22h
 18000K .......... .......... .......... .......... ..........  0%  213K 6d22h
 18050K .......... .......... .......... .......... ..........  0%  198K 6d22h
 18100K .......... .......... .......... .......... ..........  0%  185K 6d22h
 18150K .......... .......... .......... .......... ..........  0%  191K 6d22h
 18200K .......... .......... .......... .......... ..........  0%  709K 6d22h
 18250K .......... .......... .......... .......... ..........  0%  211K 6d22h
 18300K .......... .......... .......... .......... ..........  0%  189K 6d22h
 18350K .......... .......... .......... .......... ..........  0%  195K 6d22h
 18400K .......... .......... .......... .......... ..........  0%  187K 6d22h
 18450K .......... .......... .......... .......... ..........  0%  188K 6d22h
 18500K .......... .......... .......... .......... ..........  0%  848K 6d22h
 18550K .......... .......... .......... .......... ..........  0%  206K 6d22h
 18600K .......... .......... .......... .......... ..........  0%  186K 6d22h
 18650K .......... .......... .......... .......... ..........  0%  198K 6d22h
 18700K .......... .......... .......... .......... ..........  0%  185K 6d22h
 18750K .......... .......... .......... .......... ..........  0%  804K 6d22h
 18800K .......... .......... .......... .......... ..........  0%  211K 6d22h
 18850K .......... .......... .......... .......... ..........  0%  186K 6d22h
 18900K .......... .......... .......... .......... ..........  0%  198K 6d22h
 18950K .......... .......... .......... .......... ..........  0%  186K 6d22h
 19000K .......... .......... .......... .......... ..........  0%  190K 6d22h
 19050K .......... .......... .......... .......... ..........  0%  837K 6d22h
 19100K .......... .......... .......... .......... ..........  0%  202K 6d22h
 19150K .......... .......... .......... .......... ..........  0%  190K 6d22h
 19200K .......... .......... .......... .......... ..........  0%  195K 6d22h
 19250K .......... .......... .......... .......... ..........  0%  188K 6d22h
 19300K .......... .......... .......... .......... ..........  0%  784K 6d22h
 19350K .......... .......... .......... .......... ..........  0%  191K 6d22h
 19400K .......... .......... .......... .......... ..........  0%  207K 6d22h
 19450K .......... .......... .......... .......... ..........  0%  185K 6d22h
 19500K .......... .......... .......... .......... ..........  0%  198K 6d22h
 19550K .......... .......... .......... .......... ..........  0%  191K 6d22h
 19600K .......... .......... .......... .......... ..........  0%  716K 6d22h
 19650K .......... .......... .......... .......... ..........  0%  211K 6d22h
 19700K .......... .......... .......... .......... ..........  0%  187K 6d22h
 19750K .......... .......... .......... .......... ..........  0%  198K 6d22h
 19800K .......... .......... .......... .......... ..........  0%  188K 6d22h
 19850K .......... .......... .......... .......... ..........  0%  188K 6d22h
 19900K .......... .......... .......... .......... ..........  0%  826K 6d21h
 19950K .......... .......... .......... .......... ..........  0%  203K 6d21h
 20000K .......... .......... .......... .......... ..........  0%  188K 6d22h
 20050K .......... .......... .......... .......... ..........  0%  199K 6d22h
 20100K .......... .......... .......... .......... ..........  0%  186K 6d22h
 20150K .......... .......... .......... .......... ..........  0%  803K 6d21h
 20200K .......... .......... .......... .......... ..........  0%  189K 6d21h
 20250K .......... .......... .......... .......... ..........  0%  208K 6d21h
 20300K .......... .......... .......... .......... ..........  0%  198K 6d21h
 20350K .......... .......... .......... .......... ..........  0%  186K 6d22h
 20400K .......... .......... .......... .......... ..........  0%  233K 6d22h
 20450K .......... .......... .......... .......... ..........  0%  425K 6d21h
 20500K .......... .......... .......... .......... ..........  0%  210K 6d21h
 20550K .......... .......... .......... .......... ..........  0%  188K 6d21h
 20600K .......... .......... .......... .......... ..........  0% 80.1K 6d22h
 20650K .......... .......... .......... .......... ..........  0%  185K 6d22h
 20700K .......... .......... .......... .......... ..........  0%  184K 6d22h
 20750K .......... .......... .......... .......... ..........  0%  184K 6d22h
 20800K .......... .......... .......... .......... ..........  0%  184K 6d22h
 20850K .......... .......... .......... .......... ..........  0%  184K 6d22h
 20900K .......... .......... .......... .......... ..........  0%  184K 6d22h
 20950K .......... .......... .......... .......... ..........  0%  184K 6d23h
 21000K .......... .......... .......... .......... ..........  0%  184K 6d23h
 21050K .......... .......... .......... .......... ..........  0%  184K 6d23h
 21100K .......... .......... .......... .......... ..........  0%  184K 6d23h
 21150K .......... .......... .......... .......... ..........  0%  184K 6d23h
 21200K .......... .......... .......... .......... ..........  0%  183K 6d23h
 21250K .......... .......... .......... .......... ..........  0%  184K 6d23h
 21300K .......... .......... .......... .......... ..........  0%  184K 6d23h
 21350K .......... .......... .......... .......... ..........  0%  184K 6d23h
 21400K .......... .......... .......... .......... ..........  0%  185K 6d23h
 21450K .......... .......... .......... .......... ..........  0%  184K 6d23h
 21500K .......... .......... .......... .......... ..........  0% 1.56M 6d23h
 21550K .......... .......... .......... .......... ..........  0%  206K 6d23h
 21600K .......... .......... .......... .......... ..........  0%  184K 6d23h
 21650K .......... .......... .......... .......... ..........  0%  184K 6d23h
 21700K .......... .......... .......... .......... ..........  0%  184K 6d23h
 21750K .......... .......... .......... .......... ..........  0%  185K 6d23h
 21800K .......... .......... .......... .......... ..........  0% 1.59M 6d23h
 21850K .......... .......... .......... .......... ..........  0%  184K 6d23h
 21900K .......... .......... .......... .......... ..........  0%  205K 6d23h
 21950K .......... .......... .......... .......... ..........  0%  184K 6d23h
 22000K .......... .......... .......... .......... ..........  0%  184K 6d23h
 22050K .......... .......... .......... .......... ..........  0%  213K 6d23h
 22100K .......... .......... .......... .......... ..........  0%  518K 6d23h
 22150K .......... .......... .......... .......... ..........  0%  234K 6d23h
 22200K .......... .......... .......... .......... ..........  0%  184K 6d23h
 22250K .......... .......... .......... .......... ..........  0%  184K 6d23h
 22300K .......... .......... .......... .......... ..........  0%  186K 6d23h
 22350K .......... .......... .......... .......... ..........  0%  185K 6d23h
 22400K .......... .......... .......... .......... ..........  0% 1.59M 6d23h
 22450K .......... .......... .......... .......... ..........  0%  184K 6d23h
 22500K .......... .......... .......... .......... ..........  0%  203K 6d23h
 22550K .......... .......... .......... .......... ..........  0%  185K 6d23h
 22600K .......... .......... .......... .......... ..........  0%  185K 6d23h
 22650K .......... .......... .......... .......... ..........  0% 1.55M 6d22h
 22700K .......... .......... .......... .......... ..........  0%  185K 6d23h
 22750K .......... .......... .......... .......... ..........  0%  203K 6d23h
 22800K .......... .......... .......... .......... ..........  0%  185K 6d23h
 22850K .......... .......... .......... .......... ..........  0%  185K 6d23h
 22900K .......... .......... .......... .......... ..........  0%  186K 6d23h
 22950K .......... .......... .......... .......... ..........  0%  528K 6d23h
 23000K .......... .......... .......... .......... ..........  0%  241K 6d22h
 23050K .......... .......... .......... .......... ..........  0%  203K 6d22h
 23100K .......... .......... .......... .......... ..........  0%  184K 6d23h
 23150K .......... .......... .......... .......... ..........  0%  186K 6d23h
 23200K .......... .......... .......... .......... ..........  0%  185K 6d23h
 23250K .......... .......... .......... .......... ..........  0% 1.54M 6d22h
 23300K .......... .......... .......... .......... ..........  0%  203K 6d22h
 23350K .......... .......... .......... .......... ..........  0%  184K 6d22h
 23400K .......... .......... .......... .......... ..........  0%  186K 6d22h
 23450K .......... .......... .......... .......... ..........  0%  185K 6d23h
 23500K .......... .......... .......... .......... ..........  0%  533K 6d22h
 23550K .......... .......... .......... .......... ..........  0%  241K 6d22h
 23600K .......... .......... .......... .......... ..........  0%  186K 6d22h
 23650K .......... .......... .......... .......... ..........  0%  201K 6d22h
 23700K .......... .......... .......... .......... ..........  0%  185K 6d22h
 23750K .......... .......... .......... .......... ..........  0%  187K 6d22h
 23800K .......... .......... .......... .......... ..........  0% 1.49M 6d22h
 23850K .......... .......... .......... .......... ..........  0%  185K 6d22h
 23900K .......... .......... .......... .......... ..........  0%  202K 6d22h
 23950K .......... .......... .......... .......... ..........  0%  184K 6d22h
 24000K .......... .......... .......... .......... ..........  0%  187K 6d22h
 24050K .......... .......... .......... .......... ..........  0%  533K 6d22h
 24100K .......... .......... .......... .......... ..........  0%  208K 6d22h
 24150K .......... .......... .......... .......... ..........  0%  212K 6d22h
 24200K .......... .......... .......... .......... ..........  0%  200K 6d22h
 24250K .......... .......... .......... .......... ..........  0%  186K 6d22h
 24300K .......... .......... .......... .......... ..........  0%  267K 6d22h
 24350K .......... .......... .......... .......... ..........  0%  285K 6d22h
 24400K .......... .......... .......... .......... ..........  0%  240K 6d22h
 24450K .......... .......... .......... .......... ..........  0%  186K 6d22h
 24500K .......... .......... .......... .......... ..........  0%  200K 6d22h
 24550K .......... .......... .......... .......... ..........  0%  187K 6d22h
 24600K .......... .......... .......... .......... ..........  0%  186K 6d22h
 24650K .......... .......... .......... .......... ..........  0%  770K 6d22h
 24700K .......... .......... .......... .......... ..........  0%  209K 6d22h
 24750K .......... .......... .......... .......... ..........  0%  202K 6d22h
 24800K .......... .......... .......... .......... ..........  0%  186K 6d22h
 24850K .......... .......... .......... .......... ..........  0%  186K 6d22h
 24900K .......... .......... .......... .......... ..........  0%  532K 6d22h
 24950K .......... .......... .......... .......... ..........  0%  207K 6d22h
 25000K .......... .......... .......... .......... ..........  0%  213K 6d22h
 25050K .......... .......... .......... .......... ..........  0%  200K 6d22h
 25100K .......... .......... .......... .......... ..........  0%  186K 6d22h
 25150K .......... .......... .......... .......... ..........  0%  267K 6d22h
 25200K .......... .......... .......... .......... ..........  0%  341K 6d22h
 25250K .......... .......... .......... .......... ..........  0%  211K 6d22h
 25300K .......... .......... .......... .......... ..........  0%  201K 6d22h
 25350K .......... .......... .......... .......... ..........  0%  185K 6d22h
 25400K .......... .......... .......... .......... ..........  0%  188K 6d22h
 25450K .......... .......... .......... .......... ..........  0%  188K 6d22h
 25500K .......... .......... .......... .......... ..........  0%  713K 6d22h
 25550K .......... .......... .......... .......... ..........  0%  212K 6d22h
 25600K .......... .......... .......... .......... ..........  0%  198K 6d22h
 25650K .......... .......... .......... .......... ..........  0%  187K 6d22h
 25700K .......... .......... .......... .......... ..........  0%  186K 6d22h
 25750K .......... .......... .......... .......... ..........  0%  529K 6d22h
 25800K .......... .......... .......... .......... ..........  0%  241K 6d22h
 25850K .......... .......... .......... .......... ..........  0%  185K 6d22h
 25900K .......... .......... .......... .......... ..........  0%  200K 6d22h
 25950K .......... .......... .......... .......... ..........  0%  186K 6d22h
 26000K .......... .......... .......... .......... ..........  0%  264K 6d22h
 26050K .......... .......... .......... .......... ..........  0%  448K 6d22h
 26100K .......... .......... .......... .......... ..........  0%  185K 6d22h
 26150K .......... .......... .......... .......... ..........  0%  201K 6d22h
 26200K .......... .......... .......... .......... ..........  0%  185K 6d22h
 26250K .......... .......... .......... .......... ..........  0%  189K 6d22h
 26300K .......... .......... .......... .......... ..........  0%  525K 6d22h
 26350K .......... .......... .......... .......... ..........  0%  240K 6d22h
 26400K .......... .......... .......... .......... ..........  0%  186K 6d22h
 26450K .......... .......... .......... .......... ..........  0%  199K 6d22h
 26500K .......... .......... .......... .......... ..........  0%  187K 6d22h
 26550K .......... .......... .......... .......... ..........  0%  263K 6d22h
 26600K .......... .......... .......... .......... ..........  0%  286K 6d22h
 26650K .......... .......... .......... .......... ..........  0%  242K 6d22h
 26700K .......... .......... .......... .......... ..........  0%  185K 6d22h
 26750K .......... .......... .......... .......... ..........  0%  201K 6d22h
 26800K .......... .......... .......... .......... ..........  0%  188K 6d22h
 26850K .......... .......... .......... .......... ..........  0%  260K 6d22h
 26900K .......... .......... .......... .......... ..........  0%  448K 6d21h
 26950K .......... .......... .......... .......... ..........  0%  185K 6d21h
 27000K .......... .......... .......... .......... ..........  0%  201K 6d21h
 27050K .......... .......... .......... .......... ..........  0%  188K 6d22h
 27100K .......... .......... .......... .......... ..........  0%  185K 6d22h
 27150K .......... .......... .......... .......... ..........  0%  534K 6d21h
 27200K .......... .......... .......... .......... ..........  0%  238K 6d21h
 27250K .......... .......... .......... .......... ..........  0%  187K 6d21h
 27300K .......... .......... .......... .......... ..........  0%  199K 6d21h
 27350K .......... .......... .......... .......... ..........  0%  188K 6d21h
 27400K .......... .......... .......... .......... ..........  0%  263K 6d21h
 27450K .......... .......... .......... .......... ..........  0%  286K 6d21h
 27500K .......... .......... .......... .......... ..........  0%  241K 6d21h
 27550K .......... .......... .......... .......... ..........  0%  201K 6d21h
 27600K .......... .......... .......... .......... ..........  0%  184K 6d21h
 27650K .......... .......... .......... .......... ..........  0%  189K 6d21h
 27700K .......... .......... .......... .......... ..........  0%  261K 6d21h
 27750K .......... .......... .......... .......... ..........  0%  445K 6d21h
 27800K .......... .......... .......... .......... ..........  0%  188K 6d21h
 27850K .......... .......... .......... .......... ..........  0%  198K 6d21h
 27900K .......... .......... .......... .......... ..........  0%  187K 6d21h
 27950K .......... .......... .......... .......... ..........  0%  186K 6d21h
 28000K .......... .......... .......... .......... ..........  0%  537K 6d21h
 28050K .......... .......... .......... .......... ..........  0%  239K 6d21h
 28100K .......... .......... .......... .......... ..........  0%  186K 6d21h
 28150K .......... .......... .......... .......... ..........  0%  198K 6d21h
 28200K .......... .......... .......... .......... ..........  0%  188K 6d21h
 28250K .......... .......... .......... .......... ..........  0%  388K 6d21h
 28300K .......... .......... .......... .......... ..........  0%  289K 6d21h
 28350K .......... .......... .......... .......... ..........  0%  184K 6d21h
 28400K .......... .......... .......... .......... ..........  0%  202K 6d21h
 28450K .......... .......... .......... .......... ..........  0%  184K 6d21h
 28500K .......... .......... .......... .......... ..........  0%  190K 6d21h
 28550K .......... .......... .......... .......... ..........  0%  533K 6d21h
 28600K .......... .......... .......... .......... ..........  0%  206K 6d21h
 28650K .......... .......... .......... .......... ..........  0%  213K 6d21h
 28700K .......... .......... .......... .......... ..........  0%  198K 6d21h
 28750K .......... .......... .......... .......... ..........  0%  190K 6d21h
 28800K .......... .......... .......... .......... ..........  0%  517K 6d21h
 28850K .......... .......... .......... .......... ..........  0%  187K 6d21h
 28900K .......... .......... .......... .......... ..........  0%  236K 6d21h
 28950K .......... .......... .......... .......... ..........  0%  187K 6d21h
 29000K .......... .......... .......... .......... ..........  0%  199K 6d21h
 29050K .......... .......... .......... .......... ..........  0%  190K 6d21h
 29100K .......... .......... .......... .......... ..........  0%  510K 6d21h
 29150K .......... .......... .......... .......... ..........  0%  210K 6d21h
 29200K .......... .......... .......... .......... ..........  0%  208K 6d21h
 29250K .......... .......... .......... .......... ..........  0%  201K 6d21h
 29300K .......... .......... .......... .......... ..........  0%  190K 6d21h
 29350K .......... .......... .......... .......... ..........  0%  185K 6d21h
 29400K .......... .......... .......... .......... ..........  0%  543K 6d21h
 29450K .......... .......... .......... .......... ..........  0%  234K 6d21h
 29500K .......... .......... .......... .......... ..........  0%  202K 6d21h
 29550K .......... .......... .......... .......... ..........  0%  185K 6d21h
 29600K .......... .......... .......... .......... ..........  0%  189K 6d21h
 29650K .......... .......... .......... .......... ..........  0%  524K 6d21h
 29700K .......... .......... .......... .......... ..........  0%  187K 6d21h
 29750K .......... .......... .......... .......... ..........  0%  237K 6d21h
 29800K .......... .......... .......... .......... ..........  0%  201K 6d21h
 29850K .......... .......... .......... .......... ..........  0%  185K 6d21h
 29900K .......... .......... .......... .......... ..........  0%  190K 6d21h
 29950K .......... .......... .......... .......... ..........  0%  517K 6d21h
 30000K .......... .......... .......... .......... ..........  0%  238K 6d21h
 30050K .......... .......... .......... .......... ..........  0%  202K 6d21h
 30100K .......... .......... .......... .......... ..........  0%  185K 6d21h
 30150K .......... .......... .......... .......... ..........  0%  190K 6d21h
 30200K .......... .......... .......... .......... ..........  0%  185K 6d21h
 30250K .......... .......... .......... .......... ..........  0%  550K 6d21h
 30300K .......... .......... .......... .......... ..........  0%  237K 6d21h
 30350K .......... .......... .......... .......... ..........  0%  198K 6d21h
 30400K .......... .......... .......... .......... ..........  0%  187K 6d21h
 30450K .......... .......... .......... .......... ..........  0%  188K 6d21h
 30500K .......... .......... .......... .......... ..........  0%  525K 6d21h
 30550K .......... .......... .......... .......... ..........  0%  238K 6d21h
 30600K .......... .......... .......... .......... ..........  0%  186K 6d21h
 30650K .......... .......... .......... .......... ..........  0%  201K 6d21h
 30700K .......... .......... .......... .......... ..........  0%  185K 6d21h
 30750K .......... .......... .......... .......... ..........  0%  188K 6d21h
 30800K .......... .......... .......... .......... ..........  0%  558K 6d21h
 30850K .......... .......... .......... .......... ..........  0%  233K 6d21h
 30900K .......... .......... .......... .......... ..........  0%  201K 6d21h
 30950K .......... .......... .......... .......... ..........  0%  185K 6d21h
 31000K .......... .......... .......... .......... ..........  0%  188K 6d21h
 31050K .......... .......... .......... .......... ..........  0%  532K 6d21h
 31100K .......... .......... .......... .......... ..........  0%  187K 6d21h
 31150K .......... .......... .......... .......... ..........  0%  238K 6d21h
 31200K .......... .......... .......... .......... ..........  0%  186K 6d21h
 31250K .......... .......... .......... .......... ..........  0%  196K 6d21h
 31300K .......... .......... .......... .......... ..........  0%  190K 6d21h
 31350K .......... .......... .......... .......... ..........  0%  261K 6d21h
 31400K .......... .......... .......... .......... ..........  0%  440K 6d21h
 31450K .......... .......... .......... .......... ..........  0%  186K 6d21h
 31500K .......... .......... .......... .......... ..........  0%  200K 6d21h
 31550K .......... .......... .......... .......... ..........  0%  188K 6d21h
 31600K .......... .......... .......... .......... ..........  0%  185K 6d21h
 31650K .......... .......... .......... .......... ..........  0%  554K 6d21h
 31700K .......... .......... .......... .......... ..........  0%  233K 6d21h
 31750K .......... .......... .......... .......... ..........  0%  201K 6d21h
 31800K .......... .......... .......... .......... ..........  0%  187K 6d21h
 31850K .......... .......... .......... .......... ..........  0%  186K 6d21h
 31900K .......... .......... .......... .......... ..........  0%  264K 6d21h
 31950K .......... .......... .......... .......... ..........  0%  290K 6d21h
 32000K .......... .......... .......... .......... ..........  0%  239K 6d20h
 32050K .......... .......... .......... .......... ..........  0%  199K 6d21h
 32100K .......... .......... .......... .......... ..........  0%  187K 6d21h
 32150K .......... .......... .......... .......... ..........  0%  186K 6d21h
 32200K .......... .......... .......... .......... ..........  0%  264K 6d21h
 32250K .......... .......... .......... .......... ..........  0%  441K 6d20h
 32300K .......... .......... .......... .......... ..........  0%  201K 6d20h
 32350K .......... .......... .......... .......... ..........  0%  184K 6d20h
 32400K .......... .......... .......... .......... ..........  0%  187K 6d21h
 32450K .......... .......... .......... .......... ..........  0%  186K 6d21h
 32500K .......... .......... .......... .......... ..........  0%  576K 6d20h
 32550K .......... .......... .......... .......... ..........  0%  237K 6d20h
 32600K .......... .......... .......... .......... ..........  0%  187K 6d20h
 32650K .......... .......... .......... .......... ..........  0%  195K 6d20h
 32700K .......... .......... .......... .......... ..........  0%  187K 6d21h
 32750K .......... .......... .......... .......... ..........  0%  560K 6d20h
 32800K .......... .......... .......... .......... ..........  0%  240K 6d20h
 32850K .......... .......... .......... .......... ..........  0%  185K 6d20h
 32900K .......... .......... .......... .......... ..........  0%  198K 6d20h
 32950K .......... .......... .......... .......... ..........  0%  184K 6d20h
 33000K .......... .......... .......... .......... ..........  0%  216K 6d20h
 33050K .......... .......... .......... .......... ..........  0%  418K 6d20h
 33100K .......... .......... .......... .......... ..........  0%  231K 6d20h
 33150K .......... .......... .......... .......... ..........  0%  190K 6d20h
 33200K .......... .......... .......... .......... ..........  0%  194K 6d20h
 33250K .......... .......... .......... .......... ..........  0%  188K 6d20h
 33300K .......... .......... .......... .......... ..........  0%  553K 6d20h
 33350K .......... .......... .......... .......... ..........  0%  188K 6d20h
 33400K .......... .......... .......... .......... ..........  0%  236K 6d20h
 33450K .......... .......... .......... .......... ..........  0%  187K 6d20h
 33500K .......... .......... .......... .......... ..........  0%  194K 6d20h
 33550K .......... .......... .......... .......... ..........  0%  217K 6d20h
 33600K .......... .......... .......... .......... ..........  0%  397K 6d20h
 33650K .......... .......... .......... .......... ..........  0%  241K 6d20h
 33700K .......... .......... .......... .......... ..........  0%  185K 6d20h
 33750K .......... .......... .......... .......... ..........  0%  197K 6d20h
 33800K .......... .......... .......... .......... ..........  0%  190K 6d20h
 33850K .......... .......... .......... .......... ..........  0%  209K 6d20h
 33900K .......... .......... .......... .......... ..........  0%  423K 6d20h
 33950K .......... .......... .......... .......... ..........  0%  231K 6d20h
 34000K .......... .......... .......... .......... ..........  0%  190K 6d20h
 34050K .......... .......... .......... .......... ..........  0%  194K 6d20h
 34100K .......... .......... .......... .......... ..........  0%  188K 6d20h
 34150K .......... .......... .......... .......... ..........  0%  550K 6d20h
 34200K .......... .......... .......... .......... ..........  0%  189K 6d20h
 34250K .......... .......... .......... .......... ..........  0%  236K 6d20h
 34300K .......... .......... .......... .......... ..........  0%  196K 6d20h
 34350K .......... .......... .......... .......... ..........  0%  185K 6d20h
 34400K .......... .......... .......... .......... ..........  0%  216K 6d20h
 34450K .......... .......... .......... .......... ..........  0%  399K 6d20h
 34500K .......... .......... .......... .......... ..........  0%  241K 6d20h
 34550K .......... .......... .......... .......... ..........  0%  189K 6d20h
 34600K .......... .......... .......... .......... ..........  0%  192K 6d20h
 34650K .......... .......... .......... .......... ..........  0%  190K 6d20h
 34700K .......... .......... .......... .......... ..........  0%  210K 6d20h
 34750K .......... .......... .......... .......... ..........  0%  422K 6d20h
 34800K .......... .......... .......... .......... ..........  0%  236K 6d20h
 34850K .......... .......... .......... .......... ..........  0%  185K 6d20h
 34900K .......... .......... .......... .......... ..........  0%  196K 6d20h
 34950K .......... .......... .......... .......... ..........  0%  188K 6d20h
 35000K .......... .......... .......... .......... ..........  0%  548K 6d20h
 35050K .......... .......... .......... .......... ..........  0%  241K 6d20h
 35100K .......... .......... .......... .......... ..........  0%  185K 6d20h
 35150K .......... .......... .......... .......... ..........  0%  196K 6d20h
 35200K .......... .......... .......... .......... ..........  0%  186K 6d20h
 35250K .......... .......... .......... .......... ..........  0%  216K 6d20h
 35300K .......... .......... .......... .......... ..........  0%  422K 6d20h
 35350K .......... .......... .......... .......... ..........  0%  233K 6d20h
 35400K .......... .......... .......... .......... ..........  0%  187K 6d20h
 35450K .......... .......... .......... .......... ..........  0%  194K 6d20h
 35500K .......... .......... .......... .......... ..........  0%  191K 6d20h
 35550K .......... .......... .......... .......... ..........  0%  546K 6d20h
 35600K .......... .......... .......... .......... ..........  0%  189K 6d20h
 35650K .......... .......... .......... .......... ..........  0%  235K 6d20h
 35700K .......... .......... .......... .......... ..........  0%  186K 6d20h
 35750K .......... .......... .......... .......... ..........  0%  197K 6d20h
 35800K .......... .......... .......... .......... ..........  0%  215K 6d20h
 35850K .......... .......... .......... .......... ..........  0%  399K 6d20h
 35900K .......... .......... .......... .......... ..........  0%  240K 6d20h
 35950K .......... .......... .......... .......... ..........  0%  185K 6d20h
 36000K .......... .......... .......... .......... ..........  0%  196K 6d20h
 36050K .......... .......... .......... .......... ..........  0%  190K 6d20h
 36100K .......... .......... .......... .......... ..........  0%  210K 6d20h
 36150K .......... .......... .......... .......... ..........  0%  420K 6d20h
 36200K .......... .......... .......... .......... ..........  0%  230K 6d20h
 36250K .......... .......... .......... .......... ..........  0%  189K 6d20h
 36300K .......... .......... .......... .......... ..........  0%  196K 6d20h
 36350K .......... .......... .......... .......... ..........  0%  189K 6d20h
 36400K .......... .......... .......... .......... ..........  0%  548K 6d20h
 36450K .......... .......... .......... .......... ..........  0%  189K 6d20h
 36500K .......... .......... .......... .......... ..........  0%  235K 6d20h
 36550K .......... .......... .......... .......... ..........  0%  195K 6d20h
 36600K .......... .......... .......... .......... ..........  0%  186K 6d20h
 36650K .......... .......... .......... .......... ..........  0%  216K 6d20h
 36700K .......... .......... .......... .......... ..........  0%  321K 6d20h
 36750K .......... .......... .......... .......... ..........  0%  278K 6d20h
 36800K .......... .......... .......... .......... ..........  0%  189K 6d20h
 36850K .......... .......... .......... .......... ..........  0%  193K 6d20h
 36900K .......... .......... .......... .......... ..........  0%  187K 6d20h
 36950K .......... .......... .......... .......... ..........  0%  191K 6d20h
 37000K .......... .......... .......... .......... ..........  0%  555K 6d20h
 37050K .......... .......... .......... .......... ..........  0%  234K 6d20h
 37100K .......... .......... .......... .......... ..........  0%  186K 6d20h
 37150K .......... .......... .......... .......... ..........  0%  195K 6d20h
 37200K .......... .......... .......... .......... ..........  0%  185K 6d20h
 37250K .......... .......... .......... .......... ..........  0%  583K 6d20h
 37300K .......... .......... .......... .......... ..........  0%  240K 6d20h
 37350K .......... .......... .......... .......... ..........  0%  186K 6d20h
 37400K .......... .......... .......... .......... ..........  0%  195K 6d20h
 37450K .......... .......... .......... .......... ..........  0%  186K 6d20h
 37500K .......... .......... .......... .......... ..........  0%  218K 6d20h
 37550K .......... .......... .......... .......... ..........  0%  423K 6d20h
 37600K .......... .......... .......... .......... ..........  0%  229K 6d20h
 37650K .......... .......... .......... .......... ..........  0%  189K 6d20h
 37700K .......... .......... .......... .......... ..........  0%  193K 6d20h
 37750K .......... .......... .......... .......... ..........  0%  188K 6d20h
 37800K .......... .......... .......... .......... ..........  0%  584K 6d20h
 37850K .......... .......... .......... .......... ..........  0%  188K 6d20h
 37900K .......... .......... .......... .......... ..........  0%  234K 6d20h
 37950K .......... .......... .......... .......... ..........  0%  186K 6d20h
 38000K .......... .......... .......... .......... ..........  0%  195K 6d20h
 38050K .......... .......... .......... .......... ..........  0%  217K 6d20h
 38100K .......... .......... .......... .......... ..........  0%  402K 6d20h
 38150K .......... .......... .......... .......... ..........  0%  236K 6d20h
 38200K .......... .......... .......... .......... ..........  0%  187K 6d20h
 38250K .......... .......... .......... .......... ..........  0%  195K 6d20h
 38300K .......... .......... .......... .......... ..........  0%  189K 6d20h
 38350K .......... .......... .......... .......... ..........  0%  190K 6d20h
 38400K .......... .......... .......... .......... ..........  0%  565K 6d20h
 38450K .......... .......... .......... .......... ..........  0%  228K 6d20h
 38500K .......... .......... .......... .......... ..........  0%  190K 6d20h
 38550K .......... .......... .......... .......... ..........  0%  195K 6d20h
 38600K .......... .......... .......... .......... ..........  0%  187K 6d20h
 38650K .......... .......... .......... .......... ..........  0%  415K 6d20h
 38700K .......... .......... .......... .......... ..........  0%  216K 6d20h
 38750K .......... .......... .......... .......... ..........  0%  235K 6d20h
 38800K .......... .......... .......... .......... ..........  0%  195K 6d20h
 38850K .......... .......... .......... .......... ..........  0%  184K 6d20h
 38900K .......... .......... .......... .......... ..........  0%  194K 6d20h
 38950K .......... .......... .......... .......... ..........  0%  294K 6d20h
 39000K .......... .......... .......... .......... ..........  0%  364K 6d20h
 39050K .......... .......... .......... .......... ..........  0%  190K 6d20h
 39100K .......... .......... .......... .......... ..........  0%  192K 6d20h
 39150K .......... .......... .......... .......... ..........  0%  189K 6d20h
 39200K .......... .......... .......... .......... ..........  0%  189K 6d20h
 39250K .......... .......... .......... .......... ..........  0%  574K 6d20h
 39300K .......... .......... .......... .......... ..........  0%  234K 6d20h
 39350K .......... .......... .......... .......... ..........  0%  186K 6d20h
 39400K .......... .......... .......... .......... ..........  0%  194K 6d20h
 39450K .......... .......... .......... .......... ..........  0%  187K 6d20h
 39500K .......... .......... .......... .......... ..........  0%  271K 6d20h
 39550K .......... .......... .......... .......... ..........  0%  436K 6d19h
 39600K .......... .......... .......... .......... ..........  0%  188K 6d20h
 39650K .......... .......... .......... .......... ..........  0%  194K 6d20h
 39700K .......... .......... .......... .......... ..........  0%  185K 6d20h
 39750K .......... .......... .......... .......... ..........  0%  194K 6d20h
 39800K .......... .......... .......... .......... ..........  0%  576K 6d19h
 39850K .......... .......... .......... .......... ..........  0%  227K 6d19h
 39900K .......... .......... .......... .......... ..........  0%  190K 6d20h
 39950K .......... .......... .......... .......... ..........  0%  191K 6d20h
 40000K .......... .......... .......... .......... ..........  0%  190K 6d20h
 40050K .......... .......... .......... .......... ..........  0%  314K 6d20h
 40100K .......... .......... .......... .......... ..........  0%  253K 6d19h
 40150K .......... .......... .......... .......... ..........  0%  240K 6d19h
 40200K .......... .......... .......... .......... ..........  0%  185K 6d19h
 40250K .......... .......... .......... .......... ..........  0%  194K 6d20h
 40300K .......... .......... .......... .......... ..........  0%  195K 6d20h
 40350K .......... .......... .......... .......... ..........  0%  259K 6d20h
 40400K .......... .......... .......... .......... ..........  0%  435K 6d19h
 40450K .......... .......... .......... .......... ..........  0%  187K 6d19h
 40500K .......... .......... .......... .......... ..........  0%  194K 6d19h
 40550K .......... .......... .......... .......... ..........  0%  189K 6d19h
 40600K .......... .......... .......... .......... ..........  0%  190K 6d20h
 40650K .......... .......... .......... .......... ..........  0%  570K 6d19h
 40700K .......... .......... .......... .......... ..........  0%  201K 6d19h
 40750K .......... .......... .......... .......... ..........  0%  211K 6d19h
 40800K .......... .......... .......... .......... ..........  0%  194K 6d19h
 40850K .......... .......... .......... .......... ..........  0%  189K 6d19h
 40900K .......... .......... .......... .......... ..........  0%  272K 6d19h
 40950K .......... .......... .......... .......... ..........  0%  289K 6d19h
 41000K .......... .......... .......... .......... ..........  0%  238K 6d19h
 41050K .......... .......... .......... .......... ..........  0%  195K 6d19h
 41100K .......... .......... .......... .......... ..........  0%  185K 6d19h
 41150K .......... .......... .......... .......... ..........  0%  194K 6d19h
 41200K .......... .......... .......... .......... ..........  0%  260K 6d19h
 41250K .......... .......... .......... .......... ..........  0%  348K 6d19h
 41300K .......... .......... .......... .......... ..........  0%  212K 6d19h
 41350K .......... .......... .......... .......... ..........  0%  193K 6d19h
 41400K .......... .......... .......... .......... ..........  0%  189K 6d19h
 41450K .......... .......... .......... .......... ..........  0%  191K 6d19h
 41500K .......... .......... .......... .......... ..........  0%  533K 6d19h
 41550K .......... .......... .......... .......... ..........  0%  239K 6d19h
 41600K .......... .......... .......... .......... ..........  0%  186K 6d19h
 41650K .......... .......... .......... .......... ..........  0%  194K 6d19h
 41700K .......... .......... .......... .......... ..........  0%  187K 6d19h
 41750K .......... .......... .......... .......... ..........  0%  275K 6d19h
 41800K .......... .......... .......... .......... ..........  0%  430K 6d19h
 41850K .......... .......... .......... .......... ..........  0%  187K 6d19h
 41900K .......... .......... .......... .......... ..........  0%  195K 6d19h
 41950K .......... .......... .......... .......... ..........  0%  185K 6d19h
 42000K .......... .......... .......... .......... ..........  0%  194K 6d19h
 42050K .......... .......... .......... .......... ..........  0%  532K 6d19h
 42100K .......... .......... .......... .......... ..........  0%  234K 6d19h
 42150K .......... .......... .......... .......... ..........  0%  191K 6d19h
 42200K .......... .......... .......... .......... ..........  0%  187K 6d19h
 42250K .......... .......... .......... .......... ..........  0%  193K 6d19h
 42300K .......... .......... .......... .......... ..........  0%  275K 6d19h
 42350K .......... .......... .......... .......... ..........  0%  286K 6d19h
 42400K .......... .......... .......... .......... ..........  0%  238K 6d19h
 42450K .......... .......... .......... .......... ..........  0%  186K 6d19h
 42500K .......... .......... .......... .......... ..........  0%  194K 6d19h
 42550K .......... .......... .......... .......... ..........  0%  196K 6d19h
 42600K .......... .......... .......... .......... ..........  0%  259K 6d19h
 42650K .......... .......... .......... .......... ..........  0%  431K 6d19h
 42700K .......... .......... .......... .......... ..........  0%  186K 6d19h
 42750K .......... .......... .......... .......... ..........  0%  195K 6d19h
 42800K .......... .......... .......... .......... ..........  0%  189K 6d19h
 42850K .......... .......... .......... .......... ..........  0%  191K 6d19h
 42900K .......... .......... .......... .......... ..........  0%  526K 6d19h
 42950K .......... .......... .......... .......... ..........  0%  234K 6d19h
 43000K .......... .......... .......... .......... ..........  0%  189K 6d19h
 43050K .......... .......... .......... .......... ..........  0%  193K 6d19h
 43100K .......... .......... .......... .......... ..........  0%  187K 6d19h
 43150K .......... .......... .......... .......... ..........  0%  277K 6d19h
 43200K .......... .......... .......... .......... ..........  0%  286K 6d19h
 43250K .......... .......... .......... .......... ..........  0%  237K 6d19h
 43300K .......... .......... .......... .......... ..........  0%  195K 6d19h
 43350K .......... .......... .......... .......... ..........  0%  186K 6d19h
 43400K .......... .......... .......... .......... ..........  0%  195K 6d19h
 43450K .......... .......... .......... .......... ..........  0%  259K 6d19h
 43500K .......... .......... .......... .......... ..........  0%  346K 6d19h
 43550K .......... .......... .......... .......... ..........  0%  212K 6d19h
 43600K .......... .......... .......... .......... ..........  0%  191K 6d19h
 43650K .......... .......... .......... .......... ..........  0%  190K 6d19h
 43700K .......... .......... .......... .......... ..........  0%  185K 6d19h
 43750K .......... .......... .......... .......... ..........  0%  585K 6d19h
 43800K .......... .......... .......... .......... ..........  0%  237K 6d19h
 43850K .......... .......... .......... .......... ..........  0%  187K 6d19h
 43900K .......... .......... .......... .......... ..........  0%  193K 6d19h
 43950K .......... .......... .......... .......... ..........  0%  187K 6d19h
 44000K .......... .......... .......... .......... ..........  0%  275K 6d19h
 44050K .......... .......... .......... .......... ..........  0%  344K 6d19h
 44100K .......... .......... .......... .......... ..........  0%  206K 6d19h
 44150K .......... .......... .......... .......... ..........  0%  197K 6d19h
 44200K .......... .......... .......... .......... ..........  0%  187K 6d19h
 44250K .......... .......... .......... .......... ..........  0%  195K 6d19h
 44300K .......... .......... .......... .......... ..........  0%  527K 6d19h
 44350K .......... .......... .......... .......... ..........  0%  205K 6d19h
 44400K .......... .......... .......... .......... ..........  0%  212K 6d19h
 44450K .......... .......... .......... .......... ..........  0%  188K 6d19h
 44500K .......... .......... .......... .......... ..........  0%  193K 6d19h
 44550K .......... .......... .......... .......... ..........  0%  278K 6d19h
 44600K .......... .......... .......... .......... ..........  0%  282K 6d19h
 44650K .......... .......... .......... .......... ..........  0%  237K 6d19h
 44700K .......... .......... .......... .......... ..........  0%  189K 6d19h
 44750K .......... .......... .......... .......... ..........  0%  194K 6d19h
 44800K .......... .......... .......... .......... ..........  0%  196K 6d19h
 44850K .......... .......... .......... .......... ..........  0%  222K 6d19h
 44900K .......... .......... .......... .......... ..........  0%  580K 6d19h
 44950K .......... .......... .......... .......... ..........  0%  185K 6d19h
 45000K .......... .......... .......... .......... ..........  0%  194K 6d19h
 45050K .......... .......... .......... .......... ..........  0%  192K 6d19h
 45100K .......... .......... .......... .......... ..........  0%  194K 6d19h
 45150K .......... .......... .......... .......... ..........  0%  506K 6d19h
 45200K .......... .......... .......... .......... ..........  0%  209K 6d19h
 45250K .......... .......... .......... .......... ..........  0%  211K 6d19h
 45300K .......... .......... .......... .......... ..........  0%  194K 6d19h
 45350K .......... .......... .......... .......... ..........  0%  186K 6d19h
 45400K .......... .......... .......... .......... ..........  0%  280K 6d19h
 45450K .......... .......... .......... .......... ..........  0%  281K 6d19h
 45500K .......... .......... .......... .......... ..........  0%  236K 6d19h
 45550K .......... .......... .......... .......... ..........  0%  194K 6d19h
 45600K .......... .......... .......... .......... ..........  0%  190K 6d19h
 45650K .......... .......... .......... .......... ..........  0%  197K 6d19h
 45700K .......... .......... .......... .......... ..........  0%  258K 6d19h
 45750K .......... .......... .......... .......... ..........  0%  342K 6d19h
 45800K .......... .......... .......... .......... ..........  0%  211K 6d19h
 45850K .......... .......... .......... .......... ..........  0%  188K 6d19h
 45900K .......... .......... .......... .......... ..........  0%  192K 6d19h
 45950K .......... .......... .......... .......... ..........  0%  187K 6d19h
 46000K .......... .......... .......... .......... ..........  0%  565K 6d19h
 46050K .......... .......... .......... .......... ..........  0%  236K 6d19h
 46100K .......... .......... .......... .......... ..........  0%  188K 6d19h
 46150K .......... .......... .......... .......... ..........  0%  195K 6d19h
 46200K .......... .......... .......... .......... ..........  0%  186K 6d19h
 46250K .......... .......... .......... .......... ..........  0%  279K 6d19h
 46300K .......... .......... .......... .......... ..........  0%  341K 6d19h
 46350K .......... .......... .......... .......... ..........  0%  206K 6d19h
 46400K .......... .......... .......... .......... ..........  0%  193K 6d19h
 46450K .......... .......... .......... .......... ..........  0%  188K 6d19h
 46500K .......... .......... .......... .......... ..........  0%  191K 6d19h
 46550K .......... .......... .......... .......... ..........  0%  569K 6d19h
 46600K .......... .......... .......... .......... ..........  0%  207K 6d19h
 46650K .......... .......... .......... .......... ..........  0%  212K 6d19h
 46700K .......... .......... .......... .......... ..........  0%  188K 6d19h
 46750K .......... .......... .......... .......... ..........  0%  192K 6d19h
 46800K .......... .......... .......... .......... ..........  0%  278K 6d19h
 46850K .......... .......... .......... .......... ..........  0%  284K 6d19h
 46900K .......... .......... .......... .......... ..........  0%  236K 6d19h
 46950K .......... .......... .......... .......... ..........  0%  187K 6d19h
 47000K .......... .......... .......... .......... ..........  0%  195K 6d19h
 47050K .......... .......... .......... .......... ..........  0%  196K 6d19h
 47100K .......... .......... .......... .......... ..........  0%  259K 6d19h
 47150K .......... .......... .......... .......... ..........  0%  342K 6d19h
 47200K .......... .......... .......... .......... ..........  0%  207K 6d19h
 47250K .......... .......... .......... .......... ..........  0%  193K 6d19h
 47300K .......... .......... .......... .......... ..........  0%  191K 6d19h
 47350K .......... .......... .......... .......... ..........  0%  188K 6d19h
 47400K .......... .......... .......... .......... ..........  0%  563K 6d19h
 47450K .......... .......... .......... .......... ..........  0%  207K 6d19h
 47500K .......... .......... .......... .......... ..........  0%  212K 6d19h
 47550K .......... .......... .......... .......... ..........  0%  194K 6d19h
 47600K .......... .......... .......... .......... ..........  0%  186K 6d19h
 47650K .......... .......... .......... .......... ..........  0%  280K 6d19h
 47700K .......... .......... .......... .......... ..........  0%  283K 6d19h
 47750K .......... .......... .......... .......... ..........  0%  233K 6d19h
 47800K .......... .......... .......... .......... ..........  0%  195K 6d19h
 47850K .......... .......... .......... .......... ..........  0%  190K 6d19h
 47900K .......... .......... .......... .......... ..........  0%  196K 6d19h
 47950K .......... .......... .......... .......... ..........  0%  260K 6d19h
 48000K .......... .......... .......... .......... ..........  0%  343K 6d19h
 48050K .......... .......... .......... .......... ..........  0%  211K 6d19h
 48100K .......... .......... .......... .......... ..........  0%  189K 6d19h
 48150K .......... .......... .......... .......... ..........  0%  191K 6d19h
 48200K .......... .......... .......... .......... ..........  0%  188K 6d19h
 48250K .......... .......... .......... .......... ..........  0%  565K 6d19h
 48300K .......... .......... .......... .......... ..........  0%  233K 6d19h
 48350K .......... .......... .......... .......... ..........  0%  190K 6d19h
 48400K .......... .......... .......... .......... ..........  0%  195K 6d19h
 48450K .......... .......... .......... .......... ..........  0%  184K 6d19h
 48500K .......... .......... .......... .......... ..........  0%  284K 6d19h
 48550K .......... .......... .......... .......... ..........  0%  343K 6d19h
 48600K .......... .......... .......... .......... ..........  0%  203K 6d19h
 48650K .......... .......... .......... .......... ..........  0%  195K 6d19h
 48700K .......... .......... .......... .......... ..........  0%  189K 6d19h
 48750K .......... .......... .......... .......... ..........  0%  196K 6d19h
 48800K .......... .......... .......... .......... ..........  0%  516K 6d19h
 48850K .......... .......... .......... .......... ..........  0%  207K 6d19h
 48900K .......... .......... .......... .......... ..........  0%  211K 6d19h
 48950K .......... .......... .......... .......... ..........  0%  188K 6d19h
 49000K .......... .......... .......... .......... ..........  0%  191K 6d19h
 49050K .......... .......... .......... .......... ..........  0%  286K 6d19h
 49100K .......... .......... .......... .......... ..........  0%  281K 6d19h
 49150K .......... .......... .......... .......... ..........  0%  233K 6d19h
 49200K .......... .......... .......... .......... ..........  0%  189K 6d19h
 49250K .......... .......... .......... .......... ..........  0%  195K 6d19h
 49300K .......... .......... .......... .......... ..........  0%  197K 6d19h
 49350K .......... .......... .......... .......... ..........  0%  261K 6d19h
 49400K .......... .......... .......... .......... ..........  0%  341K 6d19h
 49450K .......... .......... .......... .......... ..........  0%  202K 6d19h
 49500K .......... .......... .......... .......... ..........  0%  195K 6d19h
 49550K .......... .......... .......... .......... ..........  0%  192K 6d19h
 49600K .......... .......... .......... .......... ..........  0%  196K 6d19h
 49650K .......... .......... .......... .......... ..........  0%  509K 6d19h
 49700K .......... .......... .......... .......... ..........  0%  208K 6d19h
 49750K .......... .......... .......... .......... ..........  0%  210K 6d19h
 49800K .......... .......... .......... .......... ..........  0%  195K 6d19h
 49850K .......... .......... .......... .......... ..........  0%  185K 6d19h
 49900K .......... .......... .......... .......... ..........  0%  285K 6d19h
 49950K .......... .......... .......... .......... ..........  0%  281K 6d19h
 50000K .......... .......... .......... .......... ..........  0%  234K 6d19h
 50050K .......... .......... .......... .......... ..........  0%  195K 6d19h
 50100K .......... .......... .......... .......... ..........  0%  189K 6d19h
 50150K .......... .......... .......... .......... ..........  0%  189K 6d19h
 50200K .......... .......... .......... .......... ..........  0%  275K 6d19h
 50250K .......... .......... .......... .......... ..........  0%  341K 6d19h
 50300K .......... .......... .......... .......... ..........  0%  210K 6d19h
 50350K .......... .......... .......... .......... ..........  0%  188K 6d19h
 50400K .......... .......... .......... .......... ..........  0%  192K 6d19h
 50450K .......... .......... .......... .......... ..........  0%  188K 6d19h
 50500K .......... .......... .......... .......... ..........  0%  568K 6d19h
 50550K .......... .......... .......... .......... ..........  0%  234K 6d19h
 50600K .......... .......... .......... .......... ..........  0%  189K 6d19h
 50650K .......... .......... .......... .......... ..........  0%  194K 6d19h
 50700K .......... .......... .......... .......... ..........  0%  185K 6d19h
 50750K .......... .......... .......... .......... ..........  0%  284K 6d19h
 50800K .......... .......... .......... .......... ..........  0%  342K 6d19h
 50850K .......... .......... .......... .......... ..........  0%  204K 6d19h
 50900K .......... .......... .......... .......... ..........  0%  196K 6d19h
 50950K .......... .......... .......... .......... ..........  0%  186K 6d19h
 51000K .......... .......... .......... .......... ..........  0%  192K 6d19h
 51050K .......... .......... .......... .......... ..........  0%  568K 6d19h
 51100K .......... .......... .......... .......... ..........  0%  207K 6d19h
 51150K .......... .......... .......... .......... ..........  0%  211K 6d19h
 51200K .......... .......... .......... .......... ..........  0%  188K 6d19h
 51250K .......... .......... .......... .......... ..........  0%  191K 6d19h
 51300K .......... .......... .......... .......... ..........  0%  285K 6d19h
 51350K .......... .......... .......... .......... ..........  0%  281K 6d19h
 51400K .......... .......... .......... .......... ..........  0%  234K 6d19h
 51450K .......... .......... .......... .......... ..........  0%  190K 6d19h
 51500K .......... .......... .......... .......... ..........  0%  194K 6d19h
 51550K .......... .......... .......... .......... ..........  0%  197K 6d19h
 51600K .......... .......... .......... .......... ..........  0%  259K 6d19h
 51650K .......... .......... .......... .......... ..........  0%  338K 6d19h
 51700K .......... .......... .......... .......... ..........  0%  204K 6d19h
 51750K .......... .......... .......... .......... ..........  0%  193K 6d19h
 51800K .......... .......... .......... .......... ..........  0%  192K 6d19h
 51850K .......... .......... .......... .......... ..........  0%  188K 6d19h
 51900K .......... .......... .......... .......... ..........  0%  565K 6d19h
 51950K .......... .......... .......... .......... ..........  0%  207K 6d19h
 52000K .......... .......... .......... .......... ..........  0%  211K 6d19h
 52050K .......... .......... .......... .......... ..........  0%  195K 6d19h
 52100K .......... .......... .......... .......... ..........  0%  184K 6d19h
 52150K .......... .......... .......... .......... ..........  0%  285K 6d19h
 52200K .......... .......... .......... .......... ..........  0%  282K 6d19h
 52250K .......... .......... .......... .......... ..........  0%  233K 6d19h
 52300K .......... .......... .......... .......... ..........  0%  193K 6d19h
 52350K .......... .......... .......... .......... ..........  0%  191K 6d19h
 52400K .......... .......... .......... .......... ..........  0%  197K 6d19h
 52450K .......... .......... .......... .......... ..........  0%  210K 6d19h
 52500K .......... .......... .......... .......... ..........  0%  487K 6d19h
 52550K .......... .......... .......... .......... ..........  0%  212K 6d19h
 52600K .......... .......... .......... .......... ..........  0%  187K 6d19h
 52650K .......... .......... .......... .......... ..........  0%  192K 6d19h
 52700K .......... .......... .......... .......... ..........  0%  188K 6d19h
 52750K .......... .......... .......... .......... ..........  0%  577K 6d18h
 52800K .......... .......... .......... .......... ..........  0%  234K 6d18h
 52850K .......... .......... .......... .......... ..........  0%  189K 6d19h
 52900K .......... .......... .......... .......... ..........  0%  194K 6d19h
 52950K .......... .......... .......... .......... ..........  0%  184K 6d19h
 53000K .......... .......... .......... .......... ..........  0%  285K 6d19h
 53050K .......... .......... .......... .......... ..........  0%  346K 6d18h
 53100K .......... .......... .......... .......... ..........  0%  202K 6d18h
 53150K .......... .......... .......... .......... ..........  0%  193K 6d18h
 53200K .......... .......... .......... .......... ..........  0%  191K 6d19h
 53250K .......... .......... .......... .......... ..........  0%  197K 6d19h
 53300K .......... .......... .......... .......... ..........  0%  516K 6d18h
 53350K .......... .......... .......... .......... ..........  0%  190K 6d18h
 53400K .......... .......... .......... .......... ..........  0%  230K 6d18h
 53450K .......... .......... .......... .......... ..........  0%  188K 6d18h
 53500K .......... .......... .......... .......... ..........  0%  191K 6d19h
 53550K .......... .......... .......... .......... ..........  0%  231K 6d19h
 53600K .......... .......... .......... .......... ..........  0%  365K 6d18h
 53650K .......... .......... .......... .......... ..........  0%  227K 6d18h
 53700K .......... .......... .......... .......... ..........  0%  194K 6d18h
 53750K .......... .......... .......... .......... ..........  0%  194K 6d18h
 53800K .......... .......... .......... .......... ..........  0%  198K 6d18h
 53850K .......... .......... .......... .......... ..........  0%  214K 6d18h
 53900K .......... .......... .......... .......... ..........  0%  467K 6d18h
 53950K .......... .......... .......... .......... ..........  0%  201K 6d18h
 54000K .......... .......... .......... .......... ..........  0%  198K 6d18h
 54050K .......... .......... .......... .......... ..........  0%  191K 6d18h
 54100K .......... .......... .......... .......... ..........  0%  197K 6d18h
 54150K .......... .......... .......... .......... ..........  0%  509K 6d18h
 54200K .......... .......... .......... .......... ..........  0%  206K 6d18h
 54250K .......... .......... .......... .......... ..........  0%  214K 6d18h
 54300K .......... .......... .......... .......... ..........  0%  193K 6d18h
 54350K .......... .......... .......... .......... ..........  0%  185K 6d18h
 54400K .......... .......... .......... .......... ..........  0%  231K 6d18h
 54450K .......... .......... .......... .......... ..........  0%  367K 6d18h
 54500K .......... .......... .......... .......... ..........  0%  227K 6d18h
 54550K .......... .......... .......... .......... ..........  0%  198K 6d18h
 54600K .......... .......... .......... .......... ..........  0%  189K 6d18h
 54650K .......... .......... .......... .......... ..........  0%  199K 6d18h
 54700K .......... .......... .......... .......... ..........  0%  214K 6d18h
 54750K .......... .......... .......... .......... ..........  0%  465K 6d18h
 54800K .......... .......... .......... .......... ..........  0%  214K 6d18h
 54850K .......... .......... .......... .......... ..........  0%  187K 6d18h
 54900K .......... .......... .......... .......... ..........  0%  191K 6d18h
 54950K .......... .......... .......... .......... ..........  0%  196K 6d18h
 55000K .......... .......... .......... .......... ..........  0%  506K 6d18h
 55050K .......... .......... .......... .......... ..........  0%  227K 6d18h
 55100K .......... .......... .......... .......... ..........  0%  194K 6d18h
 55150K .......... .......... .......... .......... ..........  0%  194K 6d18h
 55200K .......... .......... .......... .......... ..........  0%  185K 6d18h
 55250K .......... .......... .......... .......... ..........  0%  230K 6d18h
 55300K .......... .......... .......... .......... ..........  0%  463K 6d18h
 55350K .......... .......... .......... .......... ..........  0%  200K 6d18h
 55400K .......... .......... .......... .......... ..........  0%  200K 6d18h
 55450K .......... .......... .......... .......... ..........  0%  188K 6d18h
 55500K .......... .......... .......... .......... ..........  0%  199K 6d18h
 55550K .......... .......... .......... .......... ..........  0%  508K 6d18h
 55600K .......... .......... .......... .......... ..........  0%  205K 6d18h
 55650K .......... .......... .......... .......... ..........  0%  214K 6d18h
 55700K .......... .......... .......... .......... ..........  0%  187K 6d18h
 55750K .......... .......... .......... .......... ..........  0%  191K 6d18h
 55800K .......... .......... .......... .......... ..........  0%  286K 6d18h
 55850K .......... .......... .......... .......... ..........  0%  280K 6d18h
 55900K .......... .......... .......... .......... ..........  0%  227K 6d18h
 55950K .......... .......... .......... .......... ..........  0%  195K 6d18h
 56000K .......... .......... .......... .......... ..........  0%  192K 6d18h
 56050K .......... .......... .......... .......... ..........  0%  230K 6d18h
 56100K .......... .......... .......... .......... ..........  0%  186K 6d18h
 56150K .......... .......... .......... .......... ..........  0%  463K 6d18h
 56200K .......... .......... .......... .......... ..........  0%  201K 6d18h
 56250K .......... .......... .......... .......... ..........  0%  199K 6d18h
 56300K .......... .......... .......... .......... ..........  0%  192K 6d18h
 56350K .......... .......... .......... .......... ..........  0%  227K 6d18h
 56400K .......... .......... .......... .......... ..........  0%  374K 6d18h
 56450K .......... .......... .......... .......... ..........  0%  205K 6d18h
 56500K .......... .......... .......... .......... ..........  0%  214K 6d18h
 56550K .......... .......... .......... .......... ..........  0%  193K 6d18h
 56600K .......... .......... .......... .......... ..........  0%  187K 6d18h
 56650K .......... .......... .......... .......... ..........  0%  283K 6d18h
 56700K .......... .......... .......... .......... ..........  0%  280K 6d18h
 56750K .......... .......... .......... .......... ..........  0%  227K 6d18h
 56800K .......... .......... .......... .......... ..........  0%  199K 6d18h
 56850K .......... .......... .......... .......... ..........  0%  188K 6d18h
 56900K .......... .......... .......... .......... ..........  0%  202K 6d18h
 56950K .......... .......... .......... .......... ..........  0%  209K 6d18h
 57000K .......... .......... .......... .......... ..........  0%  496K 6d18h
 57050K .......... .......... .......... .......... ..........  0%  209K 6d18h
 57100K .......... .......... .......... .......... ..........  0%  187K 6d18h
 57150K .......... .......... .......... .......... ..........  0%  192K 6d18h
 57200K .......... .......... .......... .......... ..........  0%  225K 6d18h
 57250K .......... .......... .......... .......... ..........  0%  373K 6d18h
 57300K .......... .......... .......... .......... ..........  0%  230K 6d18h
 57350K .......... .......... .......... .......... ..........  0%  193K 6d18h
 57400K .......... .......... .......... .......... ..........  0%  191K 6d18h
 57450K .......... .......... .......... .......... ..........  0%  188K 6d18h
 57500K .......... .......... .......... .......... ..........  0%  283K 6d18h
 57550K .......... .......... .......... .......... ..........  0%  347K 6d18h
 57600K .......... .......... .......... .......... ..........  0%  198K 6d18h
 57650K .......... .......... .......... .......... ..........  0%  197K 6d18h
 57700K .......... .......... .......... .......... ..........  0%  188K 6d18h
 57750K .......... .......... .......... .......... ..........  0%  232K 6d18h
 57800K .......... .......... .......... .......... ..........  0%  375K 6d18h
 57850K .......... .......... .......... .......... ..........  0%  211K 6d18h
 57900K .......... .......... .......... .......... ..........  0%  209K 6d18h
 57950K .......... .......... .......... .......... ..........  0%  187K 6d18h
 58000K .......... .......... .......... .......... ..........  0%  192K 6d18h
 58050K .......... .......... .......... .......... ..........  0%  285K 6d18h
 58100K .......... .......... .......... .......... ..........  0%  279K 6d18h
 58150K .......... .......... .......... .......... ..........  0%  229K 6d18h
 58200K .......... .......... .......... .......... ..........  0%  191K 6d18h
 58250K .......... .......... .......... .......... ..........  0%  194K 6d18h
 58300K .......... .......... .......... .......... ..........  0%  231K 6d18h
 58350K .......... .......... .......... .......... ..........  0%  221K 6d18h
 58400K .......... .......... .......... .......... ..........  0%  345K 6d18h
 58450K .......... .......... .......... .......... ..........  0%  195K 6d18h
 58500K .......... .......... .......... .......... ..........  0%  203K 6d18h
 58550K .......... .......... .......... .......... ..........  0%  194K 6d18h
 58600K .......... .......... .......... .......... ..........  0%  219K 6d18h
 58650K .......... .......... .......... .......... ..........  0%  377K 6d18h
 58700K .......... .......... .......... .......... ..........  0%  210K 6d18h
 58750K .......... .......... .......... .......... ..........  0%  209K 6d18h
 58800K .......... .......... .......... .......... ..........  0%  192K 6d18h
 58850K .......... .......... .......... .......... ..........  0%  191K 6d18h
 58900K .......... .......... .......... .......... ..........  0%  275K 6d18h
 58950K .......... .......... .......... .......... ..........  0%  282K 6d18h
 59000K .......... .......... .......... .......... ..........  0%  224K 6d18h
 59050K .......... .......... .......... .......... ..........  0%  200K 6d18h
 59100K .......... .......... .......... .......... ..........  0%  189K 6d18h
 59150K .......... .......... .......... .......... ..........  0%  230K 6d18h
 59200K .......... .......... .......... .......... ..........  0%  221K 6d18h
 59250K .......... .......... .......... .......... ..........  0%  347K 6d18h
 59300K .......... .......... .......... .......... ..........  0% 99.1K 6d18h
 59350K .......... .......... .......... .......... ..........  0%  185K 6d18h
 59400K .......... .......... .......... .......... ..........  0%  184K 6d18h
 59450K .......... .......... .......... .......... ..........  0%  184K 6d18h
 59500K .......... .......... .......... .......... ..........  0%  184K 6d18h
 59550K .......... .......... .......... .......... ..........  0%  183K 6d18h
 59600K .......... .......... .......... .......... ..........  0%  184K 6d18h
 59650K .......... .......... .......... .......... ..........  0%  184K 6d18h
 59700K .......... .......... .......... .......... ..........  0% 92.3K 6d19h
 59750K .......... .......... .......... .......... ..........  0%  184K 6d19h
 59800K .......... .......... .......... .......... ..........  0%  184K 6d19h
 59850K .......... .......... .......... .......... ..........  0%  184K 6d19h
 59900K .......... .......... .......... .......... ..........  0%  184K 6d19h
 59950K .......... .......... .......... .......... ..........  0%  183K 6d19h
 60000K .......... .......... .......... .......... ..........  0%  184K 6d19h
 60050K .......... .......... .......... .......... ..........  0%  184K 6d19h
 60100K .......... .......... .......... .......... ..........  0%  183K 6d19h
 60150K .......... .......... .......... .......... ..........  0%  184K 6d19h
 60200K .......... .......... .......... .......... ..........  0%  183K 6d19h
 60250K .......... .......... .......... .......... ..........  0%  184K 6d19h
 60300K .......... .......... .......... .......... ..........  0%  184K 6d19h
 60350K .......... .......... .......... .......... ..........  0%  184K 6d19h
 60400K .......... .......... .......... .......... ..........  0%  185K 6d19h
 60450K .......... .......... .......... .......... ..........  0%  184K 6d19h
 60500K .......... .......... .......... .......... ..........  0%  185K 6d19h
 60550K .......... .......... .......... .......... ..........  0% 1.46M 6d19h
 60600K .......... .......... .......... .......... ..........  0%  207K 6d19h
 60650K .......... .......... .......... .......... ..........  0%  184K 6d19h
 60700K .......... .......... .......... .......... ..........  0%  185K 6d19h
 60750K .......... .......... .......... .......... ..........  0%  184K 6d19h
 60800K .......... .......... .......... .......... ..........  0%  533K 6d19h
 60850K .......... .......... .......... .......... ..........  0%  238K 6d19h
 60900K .......... .......... .......... .......... ..........  0%  206K 6d19h
 60950K .......... .......... .......... .......... ..........  0%  184K 6d19h
 61000K .......... .......... .......... .......... ..........  0%  182K 6d19h
 61050K .......... .......... .......... .......... ..........  0%  185K 6d19h
 61100K .......... .......... .......... .......... ..........  0%  557K 6d19h
 61150K .......... .......... .......... .......... ..........  0%  239K 6d19h
 61200K .......... .......... .......... .......... ..........  0%  203K 6d19h
 61250K .......... .......... .......... .......... ..........  0%  184K 6d19h
 61300K .......... .......... .......... .......... ..........  0%  184K 6d19h
 61350K .......... .......... .......... .......... ..........  0%  185K 6d19h
 61400K .......... .......... .......... .......... ..........  0%  867K 6d19h
 61450K .......... .......... .......... .......... ..........  0%  207K 6d19h
 61500K .......... .......... .......... .......... ..........  0%  202K 6d19h
 61550K .......... .......... .......... .......... ..........  0%  185K 6d19h
 61600K .......... .......... .......... .......... ..........  0%  185K 6d19h
 61650K .......... .......... .......... .......... ..........  0%  562K 6d19h
 61700K .......... .......... .......... .......... ..........  0%  208K 6d19h
 61750K .......... .......... .......... .......... ..........  0%  208K 6d19h
 61800K .......... .......... .......... .......... ..........  0%  202K 6d19h
 61850K .......... .......... .......... .......... ..........  0%  184K 6d19h
 61900K .......... .......... .......... .......... ..........  0%  186K 6d19h
 61950K .......... .......... .......... .......... ..........  0%  556K 6d19h
 62000K .......... .......... .......... .......... ..........  0%  238K 6d19h
 62050K .......... .......... .......... .......... ..........  0%  185K 6d19h
 62100K .......... .......... .......... .......... ..........  0%  201K 6d19h
 62150K .......... .......... .......... .......... ..........  0%  186K 6d19h
 62200K .......... .......... .......... .......... ..........  0%  185K 6d19h
 62250K .......... .......... .......... .......... ..........  0%  860K 6d19h
 62300K .......... .......... .......... .......... ..........  0%  207K 6d19h
 62350K .......... .......... .......... .......... ..........  0%  184K 6d19h
 62400K .......... .......... .......... .......... ..........  0%  203K 6d19h
 62450K .......... .......... .......... .......... ..........  0%  185K 6d19h
 62500K .......... .......... .......... .......... ..........  0%  420K 6d19h
 62550K .......... .......... .......... .......... ..........  0%  276K 6d19h
 62600K .......... .......... .......... .......... ..........  0%  184K 6d19h
 62650K .......... .......... .......... .......... ..........  0%  203K 6d19h
 62700K .......... .......... .......... .......... ..........  0%  184K 6d19h
 62750K .......... .......... .......... .......... ..........  0%  187K 6d19h
 62800K .......... .......... .......... .......... ..........  0%  844K 6d19h
 62850K .......... .......... .......... .......... ..........  0%  205K 6d19h
 62900K .......... .......... .......... .......... ..........  0%  185K 6d19h
 62950K .......... .......... .......... .......... ..........  0%  202K 6d19h
 63000K .......... .......... .......... .......... ..........  0%  186K 6d19h
 63050K .......... .......... .......... .......... ..........  0%  567K 6d19h
 63100K .......... .......... .......... .......... ..........  0%  208K 6d19h
 63150K .......... .......... .......... .......... ..........  0%  206K 6d19h
 63200K .......... .......... .......... .......... ..........  0%  184K 6d19h
 63250K .......... .......... .......... .......... ..........  0%  203K 6d19h
 63300K .......... .......... .......... .......... ..........  0%  188K 6d19h
 63350K .......... .......... .......... .......... ..........  0%  409K 6d19h
 63400K .......... .......... .......... .......... ..........  0%  275K 6d19h
 63450K .......... .......... .......... .......... ..........  0%  184K 6d19h
 63500K .......... .......... .......... .......... ..........  0%  203K 6d19h
 63550K .......... .......... .......... .......... ..........  0%  185K 6d19h
 63600K .......... .......... .......... .......... ..........  0%  185K 6d19h
 63650K .......... .......... .......... .......... ..........  0%  875K 6d19h
 63700K .......... .......... .......... .......... ..........  0%  185K 6d19h
 63750K .......... .......... .......... .......... ..........  0%  205K 6d19h
 63800K .......... .......... .......... .......... ..........  0%  203K 6d19h
 63850K .......... .......... .......... .......... ..........  0%  184K 6d19h
 63900K .......... .......... .......... .......... ..........  0%  221K 6d19h
 63950K .......... .......... .......... .......... ..........  0%  376K 6d19h
 64000K .......... .......... .......... .......... ..........  0%  210K 6d19h
 64050K .......... .......... .......... .......... ..........  0%  206K 6d19h
 64100K .......... .......... .......... .......... ..........  0%  202K 6d19h
 64150K .......... .......... .......... .......... ..........  0%  186K 6d19h
 64200K .......... .......... .......... .......... ..........  0%  218K 6d19h
 64250K .......... .......... .......... .......... ..........  0%  505K 6d19h
 64300K .......... .......... .......... .......... ..........  0%  205K 6d19h
 64350K .......... .......... .......... .......... ..........  0%  186K 6d19h
 64400K .......... .......... .......... .......... ..........  0%  202K 6d19h
 64450K .......... .......... .......... .......... ..........  0%  185K 6d19h
 64500K .......... .......... .......... .......... ..........  0%  574K 6d19h
 64550K .......... .......... .......... .......... ..........  0%  210K 6d19h
 64600K .......... .......... .......... .......... ..........  0%  203K 6d19h
 64650K .......... .......... .......... .......... ..........  0%  186K 6d19h
 64700K .......... .......... .......... .......... ..........  0%  202K 6d19h
 64750K .......... .......... .......... .......... ..........  0%  332K 6d19h
 64800K .......... .......... .......... .......... ..........  0%  285K 6d19h
 64850K .......... .......... .......... .......... ..........  0%  186K 6d19h
 64900K .......... .......... .......... .......... ..........  0%  205K 6d19h
 64950K .......... .......... .......... .......... ..........  0%  201K 6d19h
 65000K .......... .......... .......... .......... ..........  0%  186K 6d19h
 65050K .......... .......... .......... .......... ..........  0%  573K 6d19h
 65100K .......... .......... .......... .......... ..........  0%  208K 6d19h
 65150K .......... .......... .......... .......... ..........  0%  204K 6d19h
 65200K .......... .......... .......... .......... ..........  0%  185K 6d19h
 65250K .......... .......... .......... .......... ..........  0%  202K 6d19h
 65300K .......... .......... .......... .......... ..........  0%  433K 6d19h
 65350K .......... .......... .......... .......... ..........  0%  207K 6d19h
 65400K .......... .......... .......... .......... ..........  0%  209K 6d19h
 65450K .......... .......... .......... .......... ..........  0%  203K 6d19h
 65500K .......... .......... .......... .......... ..........  0%  187K 6d19h
 65550K .......... .......... .......... .......... ..........  0%  204K 6d19h
 65600K .......... .......... .......... .......... ..........  0%  419K 6d19h
 65650K .......... .......... .......... .......... ..........  0%  235K 6d19h
 65700K .......... .......... .......... .......... ..........  0%  187K 6d19h
 65750K .......... .......... .......... .......... ..........  0%  205K 6d19h
 65800K .......... .......... .......... .......... ..........  0%  202K 6d19h
 65850K .......... .......... .......... .......... ..........  0%  184K 6d19h
 65900K .......... .......... .......... .......... ..........  0%  573K 6d19h
 65950K .......... .......... .......... .......... ..........  0%  207K 6d19h
 66000K .......... .......... .......... .......... ..........  0%  206K 6d19h
 66050K .......... .......... .......... .......... ..........  0%  187K 6d19h
 66100K .......... .......... .......... .......... ..........  0%  184K 6d19h
 66150K .......... .......... .......... .......... ..........  0%  538K 6d19h
 66200K .......... .......... .......... .......... ..........  0%  206K 6d19h
 66250K .......... .......... .......... .......... ..........  0%  209K 6d19h
 66300K .......... .......... .......... .......... ..........  0%  205K 6d19h
 66350K .......... .......... .......... .......... ..........  0%  185K 6d19h
 66400K .......... .......... .......... .......... ..........  0%  204K 6d19h
 66450K .......... .......... .......... .......... ..........  0%  421K 6d19h
 66500K .......... .......... .......... .......... ..........  0%  236K 6d19h
 66550K .......... .......... .......... .......... ..........  0%  206K 6d19h
 66600K .......... .......... .......... .......... ..........  0%  185K 6d19h
 66650K .......... .......... .......... .......... ..........  0%  202K 6d19h
 66700K .......... .......... .......... .......... ..........  0%  187K 6d19h
 66750K .......... .......... .......... .......... ..........  0%  557K 6d19h
 66800K .......... .......... .......... .......... ..........  0%  209K 6d19h
 66850K .......... .......... .......... .......... ..........  0%  204K 6d19h
 66900K .......... .......... .......... .......... ..........  0%  186K 6d19h
 66950K .......... .......... .......... .......... ..........  0%  185K 6d19h
 67000K .......... .......... .......... .......... ..........  0%  540K 6d19h
 67050K .......... .......... .......... .......... ..........  0%  236K 6d19h
 67100K .......... .......... .......... .......... ..........  0%  185K 6d19h
 67150K .......... .......... .......... .......... ..........  0%  207K 6d19h
 67200K .......... .......... .......... .......... ..........  0% 63.5K 6d19h
 67250K .......... .......... .......... .......... ..........  0%  185K 6d19h
 67300K .......... .......... .......... .......... ..........  0%  184K 6d19h
 67350K .......... .......... .......... .......... ..........  0%  184K 6d19h
 67400K .......... .......... .......... .......... ..........  0%  184K 6d19h
 67450K .......... .......... .......... .......... ..........  0%  184K 6d19h
 67500K .......... .......... .......... .......... ..........  0% 23.7M 6d19h
 67550K .......... .......... .......... .......... ..........  0%  184K 6d19h
 67600K .......... .......... .......... .......... ..........  0%  184K 6d19h
 67650K .......... .......... .......... .......... ..........  0%  184K 6d19h
 67700K .......... .......... .......... .......... ..........  0%  184K 6d19h
 67750K .......... .......... .......... .......... ..........  0%  192K 6d19h
 67800K .......... .......... .......... .......... ..........  0% 3.75M 6d19h
 67850K .......... .......... .......... .......... ..........  0%  184K 6d19h
 67900K .......... .......... .......... .......... ..........  0%  184K 6d19h
 67950K .......... .......... .......... .......... ..........  0%  184K 6d19h
 68000K .......... .......... .......... .......... ..........  0%  185K 6d19h
 68050K .......... .......... .......... .......... ..........  0% 1.42M 6d19h
 68100K .......... .......... .......... .......... ..........  0%  208K 6d19h
 68150K .......... .......... .......... .......... ..........  0%  184K 6d19h
 68200K .......... .......... .......... .......... ..........  0%  184K 6d19h
 68250K .......... .......... .......... .......... ..........  0%  184K 6d19h
 68300K .......... .......... .......... .......... ..........  0%  185K 6d19h
 68350K .......... .......... .......... .......... ..........  0% 1.40M 6d19h
 68400K .......... .......... .......... .......... ..........  0%  207K 6d19h
 68450K .......... .......... .......... .......... ..........  0%  184K 6d19h
 68500K .......... .......... .......... .......... ..........  0%  184K 6d19h
 68550K .......... .......... .......... .......... ..........  0%  186K 6d19h
 68600K .......... .......... .......... .......... ..........  0%  184K 6d19h
 68650K .......... .......... .......... .......... ..........  0% 1.49M 6d19h
 68700K .......... .......... .......... .......... ..........  0%  205K 6d19h
 68750K .......... .......... .......... .......... ..........  0%  184K 6d19h
 68800K .......... .......... .......... .......... ..........  0%  185K 6d19h
 68850K .......... .......... .......... .......... ..........  0%  184K 6d19h
 68900K .......... .......... .......... .......... ..........  0%  733K 6d19h
 68950K .......... .......... .......... .......... ..........  0%  211K 6d19h
 69000K .......... .......... .......... .......... ..........  0%  207K 6d19h
 69050K .......... .......... .......... .......... ..........  0%  185K 6d19h
 69100K .......... .......... .......... .......... ..........  0%  184K 6d19h
 69150K .......... .......... .......... .......... ..........  0%  186K 6d19h
 69200K .......... .......... .......... .......... ..........  0%  713K 6d19h
 69250K .......... .......... .......... .......... ..........  0%  213K 6d19h
 69300K .......... .......... .......... .......... ..........  0%  205K 6d19h
 69350K .......... .......... .......... .......... ..........  0%  185K 6d19h
 69400K .......... .......... .......... .......... ..........  0%  186K 6d19h
 69450K .......... .......... .......... .......... ..........  0%  184K 6d19h
 69500K .......... .......... .......... .......... ..........  0% 1.42M 6d19h
 69550K .......... .......... .......... .......... ..........  0%  205K 6d19h
 69600K .......... .......... .......... .......... ..........  0%  184K 6d19h
 69650K .......... .......... .......... .......... ..........  0%  186K 6d19h
 69700K .......... .......... .......... .......... ..........  0%  185K 6d19h
 69750K .......... .......... .......... .......... ..........  0% 1.37M 6d19h
 69800K .......... .......... .......... .......... ..........  0%  187K 6d19h
 69850K .......... .......... .......... .......... ..........  0%  185K 6d19h
 69900K .......... .......... .......... .......... ..........  0%  205K 6d19h
 69950K .......... .......... .......... .......... ..........  0%  185K 6d19h
 70000K .......... .......... .......... .......... ..........  0%  186K 6d19h
 70050K .......... .......... .......... .......... ..........  0% 1.43M 6d19h
 70100K .......... .......... .......... .......... ..........  0%  184K 6d19h
 70150K .......... .......... .......... .......... ..........  0%  205K 6d19h
 70200K .......... .......... .......... .......... ..........  0%  185K 6d19h
 70250K .......... .......... .......... .......... ..........  0%  186K 6d19h
 70300K .......... .......... .......... .......... ..........  0% 1.32M 6d19h
 70350K .......... .......... .......... .......... ..........  0%  186K 6d19h
 70400K .......... .......... .......... .......... ..........  0%  186K 6d19h
 70450K .......... .......... .......... .......... ..........  0%  203K 6d19h
 70500K .......... .......... .......... .......... ..........  0%  185K 6d19h
 70550K .......... .......... .......... .......... ..........  0%  187K 6d19h
 70600K .......... .......... .......... .......... ..........  0% 1.25M 6d19h
 70650K .......... .......... .......... .......... ..........  0%  186K 6d19h
 70700K .......... .......... .......... .......... ..........  0%  186K 6d19h
 70750K .......... .......... .......... .......... ..........  0%  204K 6d19h
 70800K .......... .......... .......... .......... ..........  0%  187K 6d19h
 70850K .......... .......... .......... .......... ..........  0%  185K 6d19h
 70900K .......... .......... .......... .......... ..........  0% 1.33M 6d19h
 70950K .......... .......... .......... .......... ..........  0%  185K 6d19h
 71000K .......... .......... .......... .......... ..........  0%  205K 6d19h
 71050K .......... .......... .......... .......... ..........  0%  185K 6d19h
 71100K .......... .......... .......... .......... ..........  0%  186K 6d19h
 71150K .......... .......... .......... .......... ..........  0%  509K 6d19h
 71200K .......... .......... .......... .......... ..........  0%  208K 6d19h
 71250K .......... .......... .......... .......... ..........  0%  211K 6d19h
 71300K .......... .......... .......... .......... ..........  0%  205K 6d19h
 71350K .......... .......... .......... .......... ..........  0%  185K 6d19h
 71400K .......... .......... .......... .......... ..........  0%  188K 6d19h
 71450K .......... .......... .......... .......... ..........  0%  494K 6d19h
 71500K .......... .......... .......... .......... ..........  0%  242K 6d19h
 71550K .......... .......... .......... .......... ..........  0%  206K 6d19h
 71600K .......... .......... .......... .......... ..........  0%  183K 6d19h
 71650K .......... .......... .......... .......... ..........  0%  187K 6d19h
 71700K .......... .......... .......... .......... ..........  0%  186K 6d19h
 71750K .......... .......... .......... .......... ..........  0% 1.32M 6d19h
 71800K .......... .......... .......... .......... ..........  0%  186K 6d19h
 71850K .......... .......... .......... .......... ..........  0%  185K 6d19h
 71900K .......... .......... .......... .......... ..........  0%  204K 6d19h
 71950K .......... .......... .......... .......... ..........  0%  186K 6d19h
 72000K .......... .......... .......... .......... ..........  0%  375K 6d19h
 72050K .......... .......... .......... .......... ..........  0%  291K 6d19h
 72100K .......... .......... .......... .......... ..........  0%  185K 6d19h
 72150K .......... .......... .......... .......... ..........  0%  204K 6d19h
 72200K .......... .......... .......... .......... ..........  0%  185K 6d19h
 72250K .......... .......... .......... .......... ..........  0%  188K 6d19h
 72300K .......... .......... .......... .......... ..........  0%  505K 6d19h
 72350K .......... .......... .......... .......... ..........  0%  208K 6d19h
 72400K .......... .......... .......... .......... ..........  0%  212K 6d19h
 72450K .......... .......... .......... .......... ..........  0%  185K 6d19h
 72500K .......... .......... .......... .......... ..........  0%  204K 6d19h
 72550K .......... .......... .......... .......... ..........  0%  187K 6d19h
 72600K .......... .......... .......... .......... ..........  0%  496K 6d19h
 72650K .......... .......... .......... .......... ..........  0%  243K 6d19h
 72700K .......... .......... .......... .......... ..........  0%  185K 6d19h
 72750K .......... .......... .......... .......... ..........  0%  203K 6d19h
 72800K .......... .......... .......... .......... ..........  0%  188K 6d19h
 72850K .......... .......... .......... .......... ..........  0%  184K 6d19h
 72900K .......... .......... .......... .......... ..........  0%  733K 6d19h
 72950K .......... .......... .......... .......... ..........  0%  211K 6d19h
 73000K .......... .......... .......... .......... ..........  0%  186K 6d19h
 73050K .......... .......... .......... .......... ..........  0%  204K 6d19h
 73100K .......... .......... .......... .......... ..........  0%  186K 6d19h
 73150K .......... .......... .......... .......... ..........  0%  502K 6d19h
 73200K .......... .......... .......... .......... ..........  0%  209K 6d19h
 73250K .......... .......... .......... .......... ..........  0%  211K 6d19h
 73300K .......... .......... .......... .......... ..........  0%  205K 6d19h
 73350K .......... .......... .......... .......... ..........  0%  185K 6d19h
 73400K .......... .......... .......... .......... ..........  0%  187K 6d19h
 73450K .......... .......... .......... .......... ..........  0%  494K 6d19h
 73500K .......... .......... .......... .......... ..........  0%  243K 6d19h
 73550K .......... .......... .......... .......... ..........  0%  204K 6d19h
 73600K .......... .......... .......... .......... ..........  0%  185K 6d19h
 73650K .......... .......... .......... .......... ..........  0%  187K 6d19h
 73700K .......... .......... .......... .......... ..........  0%  186K 6d19h
 73750K .......... .......... .......... .......... ..........  0%  730K 6d19h
 73800K .......... .......... .......... .......... ..........  0%  210K 6d19h
 73850K .......... .......... .......... .......... ..........  0%  203K 6d19h
 73900K .......... .......... .......... .......... ..........  0%  187K 6d19h
 73950K .......... .......... .......... .......... ..........  0%  185K 6d19h
 74000K .......... .......... .......... .......... ..........  0%  375K 6d19h
 74050K .......... .......... .......... .......... ..........  0%  292K 6d19h
 74100K .......... .......... .......... .......... ..........  0%  185K 6d19h
 74150K .......... .......... .......... .......... ..........  0%  205K 6d19h
 74200K .......... .......... .......... .......... ..........  0%  186K 6d19h
 74250K .......... .......... .......... .......... ..........  0%  204K 6d19h
 74300K .......... .......... .......... .......... ..........  0%  554K 6d19h
 74350K .......... .......... .......... .......... ..........  0%  209K 6d19h
 74400K .......... .......... .......... .......... ..........  0%  203K 6d19h
 74450K .......... .......... .......... .......... ..........  0%  186K 6d19h
 74500K .......... .......... .......... .......... ..........  0%  186K 6d19h
 74550K .......... .......... .......... .......... ..........  0%  506K 6d19h
 74600K .......... .......... .......... .......... ..........  0%  186K 6d19h
 74650K .......... .......... .......... .......... ..........  0%  241K 6d19h
 74700K .......... .......... .......... .......... ..........  0%  202K 6d19h
 74750K .......... .......... .......... .......... ..........  0%  187K 6d19h
 74800K .......... .......... .......... .......... ..........  0%  201K 6d19h
 74850K .......... .......... .......... .......... ..........  0%  415K 6d19h
 74900K .......... .......... .......... .......... ..........  0%  244K 6d19h
 74950K .......... .......... .......... .......... ..........  0%  185K 6d19h
 75000K .......... .......... .......... .......... ..........  0%  204K 6d19h
 75050K .......... .......... .......... .......... ..........  0%  187K 6d19h
 75100K .......... .......... .......... .......... ..........  0%  198K 6d19h
 75150K .......... .......... .......... .......... ..........  0%  589K 6d19h
 75200K .......... .......... .......... .......... ..........  0%  208K 6d19h
 75250K .......... .......... .......... .......... ..........  0%  203K 6d19h
 75300K .......... .......... .......... .......... ..........  0%  187K 6d19h
 75350K .......... .......... .......... .......... ..........  0%  186K 6d19h
 75400K .......... .......... .......... .......... ..........  0%  503K 6d19h
 75450K .......... .......... .......... .......... ..........  0%  211K 6d19h
 75500K .......... .......... .......... .......... ..........  0%  210K 6d19h
 75550K .......... .......... .......... .......... ..........  0%  203K 6d19h
 75600K .......... .......... .......... .......... ..........  0%  185K 6d19h
 75650K .......... .......... .......... .......... ..........  0%  237K 6d19h
 75700K .......... .......... .......... .......... ..........  0%  300K 6d19h
 75750K .......... .......... .......... .......... ..........  0%  257K 6d19h
 75800K .......... .......... .......... .......... ..........  0%  199K 6d19h
 75850K .......... .......... .......... .......... ..........  0%  188K 6d19h
 75900K .......... .......... .......... .......... ..........  0%  186K 6d19h
 75950K .......... .......... .......... .......... ..........  0%  235K 6d19h
 76000K .......... .......... .......... .......... ..........  0%  407K 6d19h
 76050K .......... .......... .......... .......... ..........  0%  214K 6d19h
 76100K .......... .......... .......... .......... ..........  0%  196K 6d19h
 76150K .......... .......... .......... .......... ..........  0%  190K 6d19h
 76200K .......... .......... .......... .......... ..........  0%  185K 6d19h
 76250K .......... .......... .......... .......... ..........  0%  468K 6d19h
 76300K .......... .......... .......... .......... ..........  0%  257K 6d19h
 76350K .......... .......... .......... .......... ..........  0%  187K 6d19h
 76400K .......... .......... .......... .......... ..........  0%  201K 6d19h
 76450K .......... .......... .......... .......... ..........  0%  185K 6d19h
 76500K .......... .......... .......... .......... ..........  0%  288K 6d19h
 76550K .......... .......... .......... .......... ..........  0%  312K 6d19h
 76600K .......... .......... .......... .......... ..........  0%  210K 6d19h
 76650K .......... .......... .......... .......... ..........  0%  203K 6d19h
 76700K .......... .......... .......... .......... ..........  0%  184K 6d19h
 76750K .......... .......... .......... .......... ..........  0%  186K 6d19h
 76800K .......... .......... .......... .......... ..........  0%  475K 6d19h
 76850K .......... .......... .......... .......... ..........  0%  218K 6d19h
 76900K .......... .......... .......... .......... ..........  0%  213K 6d19h
 76950K .......... .......... .......... .......... ..........  0%  200K 6d19h
 77000K .......... .......... .......... .......... ..........  0%  186K 6d19h
 77050K .......... .......... .......... .......... ..........  0%  289K 6d19h
 77100K .......... .......... .......... .......... ..........  0%  246K 6d19h
 77150K .......... .......... .......... .......... ..........  0%  256K 6d19h
 77200K .......... .......... .......... .......... ..........  0%  186K 6d19h
 77250K .......... .......... .......... .......... ..........  0%  201K 6d19h
 77300K .......... .......... .......... .......... ..........  0%  186K 6d19h
 77350K .......... .......... .......... .......... ..........  0%  287K 6d19h
 77400K .......... .......... .......... .......... ..........  0%  313K 6d19h
 77450K .......... .......... .......... .......... ..........  0%  210K 6d19h
 77500K .......... .......... .......... .......... ..........  0%  202K 6d19h
 77550K .......... .......... .......... .......... ..........  0%  186K 6d19h
 77600K .......... .......... .......... .......... ..........  0%  184K 6d19h
 77650K .......... .......... .......... .......... ..........  0%  481K 6d19h
 77700K .......... .......... .......... .......... ..........  0%  218K 6d19h
 77750K .......... .......... .......... .......... ..........  0%  210K 6d19h
 77800K .......... .......... .......... .......... ..........  0%  203K 6d19h
 77850K .......... .......... .......... .......... ..........  0%  185K 6d19h
 77900K .......... .......... .......... .......... ..........  0%  289K 6d19h
 77950K .......... .......... .......... .......... ..........  0%  247K 6d19h
 78000K .......... .......... .......... .......... ..........  0%  255K 6d19h
 78050K .......... .......... .......... .......... ..........  0%  202K 6d19h
 78100K .......... .......... .......... .......... ..........  0%  185K 6d19h
 78150K .......... .......... .......... .......... ..........  0%  186K 6d19h
 78200K .......... .......... .......... .......... ..........  0%  289K 6d19h
 78250K .......... .......... .......... .......... ..........  0%  376K 6d19h
 78300K .......... .......... .......... .......... ..........  0%  191K 6d19h
 78350K .......... .......... .......... .......... ..........  0%  199K 6d19h
 78400K .......... .......... .......... .......... ..........  0%  185K 6d19h
 78450K .......... .......... .......... .......... ..........  0%  186K 6d19h
 78500K .......... .......... .......... .......... ..........  0%  478K 6d19h
 78550K .......... .......... .......... .......... ..........  0%  255K 6d19h
 78600K .......... .......... .......... .......... ..........  0%  187K 6d19h
 78650K .......... .......... .......... .......... ..........  0%  199K 6d19h
 78700K .......... .......... .......... .......... ..........  0%  184K 6d19h
 78750K .......... .......... .......... .......... ..........  0%  305K 6d19h
 78800K .......... .......... .......... .......... ..........  0%  355K 6d18h
 78850K .......... .......... .......... .......... ..........  0%  188K 6d19h
 78900K .......... .......... .......... .......... ..........  0%  203K 6d19h
 78950K .......... .......... .......... .......... ..........  0%  184K 6d19h
 79000K .......... .......... .......... .......... ..........  0%  187K 6d19h
 79050K .......... .......... .......... .......... ..........  0%  476K 6d18h
 79100K .......... .......... .......... .......... ..........  0%  246K 6d18h
 79150K .......... .......... .......... .......... ..........  0%  192K 6d19h
 79200K .......... .......... .......... .......... ..........  0%  198K 6d19h
 79250K .......... .......... .......... .......... ..........  0%  186K 6d19h
 79300K .......... .......... .......... .......... ..........  0%  307K 6d19h
 79350K .......... .......... .......... .......... ..........  0%  236K 6d18h
 79400K .......... .......... .......... .......... ..........  0%  255K 6d18h
 79450K .......... .......... .......... .......... ..........  0%  187K 6d18h
 79500K .......... .......... .......... .......... ..........  0%  199K 6d19h
 79550K .......... .......... .......... .......... ..........  0%  188K 6d19h
 79600K .......... .......... .......... .......... ..........  0%  298K 6d18h
 79650K .......... .......... .......... .......... ..........  0%  353K 6d18h
 79700K .......... .......... .......... .......... ..........  0%  184K 6d18h
 79750K .......... .......... .......... .......... ..........  0%  206K 6d18h
 79800K .......... .......... .......... .......... ..........  0%  187K 6d19h
 79850K .......... .......... .......... .......... ..........  0%  187K 6d19h
 79900K .......... .......... .......... .......... ..........  0%  463K 6d18h
 79950K .......... .......... .......... .......... ..........  0%  246K 6d18h
 80000K .......... .......... .......... .......... ..........  0%  193K 6d18h
 80050K .......... .......... .......... .......... ..........  0%  199K 6d18h
 80100K .......... .......... .......... .......... ..........  0%  185K 6d18h
 80150K .......... .......... .......... .......... ..........  0%  306K 6d18h
 80200K .......... .......... .......... .......... ..........  0%  236K 6d18h
 80250K .......... .......... .......... .......... ..........  0%  249K 6d18h
 80300K .......... .......... .......... .......... ..........  0%  206K 6d18h
 80350K .......... .......... .......... .......... ..........  0%  185K 6d18h
 80400K .......... .......... .......... .......... ..........  0%  189K 6d18h
 80450K .......... .......... .......... .......... ..........  0%  296K 6d18h
 80500K .......... .......... .......... .......... ..........  0%  353K 6d18h
 80550K .......... .......... .......... .......... ..........  0%  192K 6d18h
 80600K .......... .......... .......... .......... ..........  0%  196K 6d18h
 80650K .......... .......... .......... .......... ..........  0%  188K 6d18h
 80700K .......... .......... .......... .......... ..........  0%  187K 6d18h
 80750K .......... .......... .......... .......... ..........  0%  461K 6d18h
 80800K .......... .......... .......... .......... ..........  0%  248K 6d18h
 80850K .......... .......... .......... .......... ..........  0%  192K 6d18h
 80900K .......... .......... .......... .......... ..........  0%  199K 6d18h
 80950K .......... .......... .......... .......... ..........  0%  185K 6d18h
 81000K .......... .......... .......... .......... ..........  0%  305K 6d18h
 81050K .......... .......... .......... .......... ..........  0%  351K 6d18h
 81100K .......... .......... .......... .......... ..........  0%  185K 6d18h
 81150K .......... .......... .......... .......... ..........  0%  205K 6d18h
 81200K .......... .......... .......... .......... ..........  0%  186K 6d18h
 81250K .......... .......... .......... .......... ..........  0%  189K 6d18h
 81300K .......... .......... .......... .......... ..........  0%  780K 6d18h
 81350K .......... .......... .......... .......... ..........  0%  202K 6d18h
 81400K .......... .......... .......... .......... ..........  0%  193K 6d18h
 81450K .......... .......... .......... .......... ..........  0%  197K 6d18h
 81500K .......... .......... .......... .......... ..........  0%  187K 6d18h
 81550K .......... .......... .......... .......... ..........  0%  305K 6d18h
 81600K .......... .......... .......... .......... ..........  0%  236K 6d18h
 81650K .......... .......... .......... .......... ..........  0%  249K 6d18h
 81700K .......... .......... .......... .......... ..........  0%  191K 6d18h
 81750K .......... .......... .......... .......... ..........  0%  200K 6d18h
 81800K .......... .......... .......... .......... ..........  0%  187K 6d18h
 81850K .......... .......... .......... .......... ..........  0%  297K 6d18h
 81900K .......... .......... .......... .......... ..........  0%  353K 6d18h
 81950K .......... .......... .......... .......... ..........  0%  185K 6d18h
 82000K .......... .......... .......... .......... ..........  0%  206K 6d18h
 82050K .......... .......... .......... .......... ..........  0%  187K 6d18h
 82100K .......... .......... .......... .......... ..........  0%  186K 6d18h
 82150K .......... .......... .......... .......... ..........  0%  791K 6d18h
 82200K .......... .......... .......... .......... ..........  0%  202K 6d18h
 82250K .......... .......... .......... .......... ..........  0%  192K 6d18h
 82300K .......... .......... .......... .......... ..........  0%  200K 6d18h
 82350K .......... .......... .......... .......... ..........  0%  186K 6d18h
 82400K .......... .......... .......... .......... ..........  0%  303K 6d18h
 82450K .......... .......... .......... .......... ..........  0%  244K 6d18h
 82500K .......... .......... .......... .......... ..........  0%  241K 6d18h
 82550K .......... .......... .......... .......... ..........  0%  205K 6d18h
 82600K .......... .......... .......... .......... ..........  0%  186K 6d18h
 82650K .......... .......... .......... .......... ..........  0%  209K 6d18h
 82700K .......... .......... .......... .......... ..........  0%  257K 6d18h
 82750K .......... .......... .......... .......... ..........  0%  350K 6d18h
 82800K .......... .......... .......... .......... ..........  0%  192K 6d18h
 82850K .......... .......... .......... .......... ..........  0%  198K 6d18h
 82900K .......... .......... .......... .......... ..........  0%  187K 6d18h
 82950K .......... .......... .......... .......... ..........  0%  206K 6d18h
 83000K .......... .......... .......... .......... ..........  0%  568K 6d18h
 83050K .......... .......... .......... .......... ..........  0%  211K 6d18h
 83100K .......... .......... .......... .......... ..........  0%  184K 6d18h
 83150K .......... .......... .......... .......... ..........  0%  200K 6d18h
 83200K .......... .......... .......... .......... ..........  0%  185K 6d18h
 83250K .......... .......... .......... .......... ..........  0%  304K 6d18h
 83300K .......... .......... .......... .......... ..........  0%  354K 6d18h
 83350K .......... .......... .......... .......... ..........  0%  184K 6d18h
 83400K .......... .......... .......... .......... ..........  0%  206K 6d18h
 83450K .......... .......... .......... .......... ..........  0%  185K 6d18h
 83500K .......... .......... .......... .......... ..........  0%  244K 6d18h
 83550K .......... .......... .......... .......... ..........  0%  401K 6d18h
 83600K .......... .......... .......... .......... ..........  0%  203K 6d18h
 83650K .......... .......... .......... .......... ..........  0%  191K 6d18h
 83700K .......... .......... .......... .......... ..........  0%  198K 6d18h
 83750K .......... .......... .......... .......... ..........  0%  187K 6d18h
 83800K .......... .......... .......... .......... ..........  0%  305K 6d18h
 83850K .......... .......... .......... .......... ..........  0%  296K 6d18h
 83900K .......... .......... .......... .......... ..........  0%  204K 6d18h
 83950K .......... .......... .......... .......... ..........  0%  190K 6d18h
 84000K .......... .......... .......... .......... ..........  0%  201K 6d18h
 84050K .......... .......... .......... .......... ..........  0%  301K 6d18h
 84100K .......... .......... .......... .......... ..........  0%  187K 6d18h
 84150K .......... .......... .......... .......... ..........  0%  348K 6d18h
 84200K .......... .......... .......... .......... ..........  0%  186K 6d18h
 84250K .......... .......... .......... .......... ..........  0%  206K 6d18h
 84300K .......... .......... .......... .......... ..........  0%  187K 6d18h
 84350K .......... .......... .......... .......... ..........  0%  296K 6d18h
 84400K .......... .......... .......... .......... ..........  0%  306K 6d18h
 84450K .......... .......... .......... .......... ..........  0%  202K 6d18h
 84500K .......... .......... .......... .......... ..........  0%  191K 6d18h
 84550K .......... .......... .......... .......... ..........  0%  201K 6d18h
 84600K .......... .......... .......... .......... ..........  0%  185K 6d18h
 84650K .......... .......... .......... .......... ..........  0%  308K 6d18h
 84700K .......... .......... .......... .......... ..........  0%  297K 6d18h
 84750K .......... .......... .......... .......... ..........  0%  203K 6d18h
 84800K .......... .......... .......... .......... ..........  0%  208K 6d18h
 84850K .......... .......... .......... .......... ..........  0%  185K 6d18h
 84900K .......... .......... .......... .......... ..........  0%  300K 6d18h
 84950K .......... .......... .......... .......... ..........  0%  188K 6d18h
 85000K .......... .......... .......... .......... ..........  0%  347K 6d18h
 85050K .......... .......... .......... .......... ..........  0%  191K 6d18h
 85100K .......... .......... .......... .......... ..........  0%  200K 6d18h
 85150K .......... .......... .......... .......... ..........  0%  185K 6d18h
 85200K .......... .......... .......... .......... ..........  0%  300K 6d18h
 85250K .......... .......... .......... .......... ..........  0%  306K 6d18h
 85300K .......... .......... .......... .......... ..........  0%  203K 6d18h
 85350K .......... .......... .......... .......... ..........  0%  191K 6d18h
 85400K .......... .......... .......... .......... ..........  0%  201K 6d18h
 85450K .......... .......... .......... .......... ..........  0%  184K 6d18h
 85500K .......... .......... .......... .......... ..........  0%  309K 6d18h
 85550K .......... .......... .......... .......... ..........  0%  346K 6d18h
 85600K .......... .......... .......... .......... ..........  0%  185K 6d18h
 85650K .......... .......... .......... .......... ..........  0%  207K 6d18h
 85700K .......... .......... .......... .......... ..........  0%  185K 6d18h
 85750K .......... .......... .......... .......... ..........  0%  187K 6d18h
 85800K .......... .......... .......... .......... ..........  0%  476K 6d18h
 85850K .......... .......... .......... .......... ..........  0%  243K 6d18h
 85900K .......... .......... .......... .......... ..........  0%  186K 6d18h
 85950K .......... .......... .......... .......... ..........  0%  189K 6d18h
 86000K .......... .......... .......... .......... ..........  0%  200K 6d18h
 86050K .......... .......... .......... .......... ..........  0%  312K 6d18h
 86100K .......... .......... .......... .......... ..........  0%  203K 6d18h
 86150K .......... .......... .......... .......... ..........  0%  294K 6d18h
 86200K .......... .......... .......... .......... ..........  0%  186K 6d18h
 86250K .......... .......... .......... .......... ..........  0%  206K 6d18h
 86300K .......... .......... .......... .......... ..........  0%  186K 6d18h
 86350K .......... .......... .......... .......... ..........  0%  307K 6d18h
 86400K .......... .......... .......... .......... ..........  0%  345K 6d18h
 86450K .......... .......... .......... .......... ..........  0%  184K 6d18h
 86500K .......... .......... .......... .......... ..........  0%  192K 6d18h
 86550K .......... .......... .......... .......... ..........  0%  200K 6d18h
 86600K .......... .......... .......... .......... ..........  0%  188K 6d18h
 86650K .......... .......... .......... .......... ..........  0%  481K 6d18h
 86700K .......... .......... .......... .......... ..........  0%  217K 6d18h
 86750K .......... .......... .......... .......... ..........  0%  204K 6d18h
 86800K .......... .......... .......... .......... ..........  0%  203K 6d18h
 86850K .......... .......... .......... .......... ..........  0%  186K 6d18h
 86900K .......... .......... .......... .......... ..........  0%  313K 6d18h
 86950K .......... .......... .......... .......... ..........  0%  238K 6d18h
 87000K .......... .......... .......... .......... ..........  0%  244K 6d18h
 87050K .......... .......... .......... .......... ..........  0%  190K 6d18h
 87100K .......... .......... .......... .......... ..........  0%  198K 6d18h
 87150K .......... .......... .......... .......... ..........  0%  188K 6d18h
 87200K .......... .......... .......... .......... ..........  0%  306K 6d18h
 87250K .......... .......... .......... .......... ..........  0%  298K 6d18h
 87300K .......... .......... .......... .......... ..........  0%  204K 6d18h
 87350K .......... .......... .......... .......... ..........  0%  189K 6d18h
 87400K .......... .......... .......... .......... ..........  0%  200K 6d18h
 87450K .......... .......... .......... .......... ..........  0%  185K 6d18h
 87500K .......... .......... .......... .......... ..........  0%  509K 6d18h
 87550K .......... .......... .......... .......... ..........  0%  243K 6d18h
 87600K .......... .......... .......... .......... ..........  0%  185K 6d18h
 87650K .......... .......... .......... .......... ..........  0%  203K 6d18h
 87700K .......... .......... .......... .......... ..........  0%  187K 6d18h
 87750K .......... .......... .......... .......... ..........  0%  302K 6d18h
 87800K .......... .......... .......... .......... ..........  0%  309K 6d18h
 87850K .......... .......... .......... .......... ..........  0%  202K 6d18h
 87900K .......... .......... .......... .......... ..........  0%  190K 6d18h
 87950K .......... .......... .......... .......... ..........  0%  197K 6d18h
 88000K .......... .......... .......... .......... ..........  0%  188K 6d18h
 88050K .......... .......... .......... .......... ..........  0%  505K 6d18h
 88100K .......... .......... .......... .......... ..........  0%  217K 6d18h
 88150K .......... .......... .......... .......... ..........  0%  204K 6d18h
 88200K .......... .......... .......... .......... ..........  0%  188K 6d18h
 88250K .......... .......... .......... .......... ..........  0%  201K 6d18h
 88300K .......... .......... .......... .......... ..........  0%  303K 6d18h
 88350K .......... .......... .......... .......... ..........  0%  246K 6d18h
 88400K .......... .......... .......... .......... ..........  0%  241K 6d18h
 88450K .......... .......... .......... .......... ..........  0%  186K 6d18h
 88500K .......... .......... .......... .......... ..........  0%  203K 6d18h
 88550K .......... .......... .......... .......... ..........  0%  190K 6d18h
 88600K .......... .......... .......... .......... ..........  0%  293K 6d18h
 88650K .......... .......... .......... .......... ..........  0%  309K 6d18h
 88700K .......... .......... .......... .......... ..........  0%  201K 6d18h
 88750K .......... .......... .......... .......... ..........  0%  191K 6d18h
 88800K .......... .......... .......... .......... ..........  0%  200K 6d18h
 88850K .......... .......... .......... .......... ..........  0%  185K 6d18h
 88900K .......... .......... .......... .......... ..........  0%  378K 6d18h
 88950K .......... .......... .......... .......... ..........  0%  254K 6d18h
 89000K .......... .......... .......... .......... ..........  0%  204K 6d18h
 89050K .......... .......... .......... .......... ..........  0%  202K 6d18h
 89100K .......... .......... .......... .......... ..........  0%  187K 6d18h
 89150K .......... .......... .......... .......... ..........  0%  315K 6d18h
 89200K .......... .......... .......... .......... ..........  0%  184K 6d18h
 89250K .......... .......... .......... .......... ..........  0%  343K 6d18h
 89300K .......... .......... .......... .......... ..........  0%  191K 6d18h
 89350K .......... .......... .......... .......... ..........  0%  197K 6d18h
 89400K .......... .......... .......... .......... ..........  0%  189K 6d18h
 89450K .......... .......... .......... .......... ..........  0%  297K 6d18h
 89500K .......... .......... .......... .......... ..........  0%  308K 6d18h
 89550K .......... .......... .......... .......... ..........  0%  204K 6d18h
 89600K .......... .......... .......... .......... ..........  0%  189K 6d18h
 89650K .......... .......... .......... .......... ..........  0%  200K 6d18h
 89700K .......... .......... .......... .......... ..........  0%  186K 6d18h
 89750K .......... .......... .......... .......... ..........  0%  309K 6d18h
 89800K .......... .......... .......... .......... ..........  0%  349K 6d18h
 89850K .......... .......... .......... .......... ..........  0%  185K 6d18h
 89900K .......... .......... .......... .......... ..........  0%  202K 6d18h
 89950K .......... .......... .......... .......... ..........  0%  188K 6d18h
 90000K .......... .......... .......... .......... ..........  0%  210K 6d18h
 90050K .......... .......... .......... .......... ..........  0%  557K 6d18h
 90100K .......... .......... .......... .......... ..........  0%  201K 6d18h
 90150K .......... .......... .......... .......... ..........  0%  190K 6d18h
 90200K .......... .......... .......... .......... ..........  0%  197K 6d18h
 90250K .......... .......... .......... .......... ..........  0%  190K 6d18h
 90300K .......... .......... .......... .......... ..........  0%  503K 6d18h
 90350K .......... .......... .......... .......... ..........  0%  192K 6d18h
 90400K .......... .......... .......... .......... ..........  0%  232K 6d18h
 90450K .......... .......... .......... .......... ..........  0%  188K 6d18h
 90500K .......... .......... .......... .......... ..........  0%  202K 6d18h
 90550K .......... .......... .......... .......... ..........  0%  188K 6d18h
 90600K .......... .......... .......... .......... ..........  0%  367K 6d18h
 90650K .......... .......... .......... .......... ..........  0%  287K 6d18h
 90700K .......... .......... .......... .......... ..........  0%  186K 6d18h
 90750K .......... .......... .......... .......... ..........  0%  202K 6d18h
 90800K .......... .......... .......... .......... ..........  0%  190K 6d18h
 90850K .......... .......... .......... .......... ..........  0%  186K 6d18h
 90900K .......... .......... .......... .......... ..........  0%  801K 6d18h
 90950K .......... .......... .......... .......... ..........  0%  201K 6d18h
 91000K .......... .......... .......... .......... ..........  0%  191K 6d18h
 91050K .......... .......... .......... .......... ..........  0%  201K 6d18h
 91100K .......... .......... .......... .......... ..........  0%  186K 6d18h
 91150K .......... .......... .......... .......... ..........  0%  305K 6d18h
 91200K .......... .......... .......... .......... ..........  0%  299K 6d18h
 91250K .......... .......... .......... .......... ..........  0%  204K 6d18h
 91300K .......... .......... .......... .......... ..........  0%  202K 6d18h
 91350K .......... .......... .......... .......... ..........  0%  184K 6d18h
 91400K .......... .......... .......... .......... ..........  0%  192K 6d18h
 91450K .......... .......... .......... .......... ..........  0%  298K 6d18h
 91500K .......... .......... .......... .......... ..........  0%  349K 6d18h
 91550K .......... .......... .......... .......... ..........  0%  190K 6d18h
 91600K .......... .......... .......... .......... ..........  0%  197K 6d18h
 91650K .......... .......... .......... .......... ..........  0%  191K 6d18h
 91700K .......... .......... .......... .......... ..........  0%  186K 6d18h
 91750K .......... .......... .......... .......... ..........  0%  800K 6d18h
 91800K .......... .......... .......... .......... ..........  0%  203K 6d18h
 91850K .......... .......... .......... .......... ..........  0%  185K 6d18h
 91900K .......... .......... .......... .......... ..........  0%  201K 6d18h
 91950K .......... .......... .......... .......... ..........  0%  190K 6d18h
 92000K .......... .......... .......... .......... ..........  0%  305K 6d18h
 92050K .......... .......... .......... .......... ..........  0%  345K 6d18h
 92100K .......... .......... .......... .......... ..........  0%  186K 6d18h
 92150K .......... .......... .......... .......... ..........  0%  201K 6d18h
 92200K .......... .......... .......... .......... ..........  0%  185K 6d18h
 92250K .......... .......... .......... .......... ..........  0%  192K 6d18h
 92300K .......... .......... .......... .......... ..........  0%  800K 6d18h
 92350K .......... .......... .......... .......... ..........  0%  200K 6d18h
 92400K .......... .......... .......... .......... ..........  0%  191K 6d18h
 92450K .......... .......... .......... .......... ..........  0%  185K 6d18h
 92500K .......... .......... .......... .......... ..........  0%  203K 6d18h
 92550K .......... .......... .......... .......... ..........  0%  305K 6d18h
 92600K .......... .......... .......... .......... ..........  0%  250K 6d18h
 92650K .......... .......... .......... .......... ..........  0%  234K 6d18h
 92700K .......... .......... .......... .......... ..........  0%  189K 6d18h
 92750K .......... .......... .......... .......... ..........  0%  201K 6d18h
 92800K .......... .......... .......... .......... ..........  0%  189K 6d18h
 92850K .......... .......... .......... .......... ..........  0%  299K 6d18h
 92900K .......... .......... .......... .......... ..........  0%  345K 6d18h
 92950K .......... .......... .......... .......... ..........  0%  186K 6d18h
 93000K .......... .......... .......... .......... ..........  0%  190K 6d18h
 93050K .......... .......... .......... .......... ..........  0%  203K 6d18h
 93100K .......... .......... .......... .......... ..........  0%  186K 6d18h
 93150K .......... .......... .......... .......... ..........  0%  528K 6d18h
 93200K .......... .......... .......... .......... ..........  0%  230K 6d18h
 93250K .......... .......... .......... .......... ..........  0%  191K 6d18h
 93300K .......... .......... .......... .......... ..........  0%  201K 6d18h
 93350K .......... .......... .......... .......... ..........  0%  186K 6d18h
 93400K .......... .......... .......... .......... ..........  0%  506K 6d18h
 93450K .......... .......... .......... .......... ..........  0%  189K 6d18h
 93500K .......... .......... .......... .......... ..........  0%  234K 6d18h
 93550K .......... .......... .......... .......... ..........  0%  189K 6d18h
 93600K .......... .......... .......... .......... ..........  0%  201K 6d18h
 93650K .......... .......... .......... .......... ..........  0%  189K 6d18h
 93700K .......... .......... .......... .......... ..........  0%  300K 6d18h
 93750K .......... .......... .......... .......... ..........  0%  345K 6d18h
 93800K .......... .......... .......... .......... ..........  0%  190K 6d18h
 93850K .......... .......... .......... .......... ..........  0%  185K 6d18h
 93900K .......... .......... .......... .......... ..........  0%  204K 6d18h
 93950K .......... .......... .......... .......... ..........  0%  186K 6d18h
 94000K .......... .......... .......... .......... ..........  0%  529K 6d18h
 94050K .......... .......... .......... .......... ..........  0%  234K 6d18h
 94100K .......... .......... .......... .......... ..........  0%  188K 6d18h
 94150K .......... .......... .......... .......... ..........  0%  197K 6d18h
 94200K .......... .......... .......... .......... ..........  0%  191K 6d18h
 94250K .......... .......... .......... .......... ..........  0%  306K 6d18h
 94300K .......... .......... .......... .......... ..........  0%  344K 6d18h
 94350K .......... .......... .......... .......... ..........  0%  186K 6d18h
 94400K .......... .......... .......... .......... ..........  0%  189K 6d18h
 94450K .......... .......... .......... .......... ..........  0%  195K 6d18h
 94500K .......... .......... .......... .......... ..........  0%  194K 6d18h
 94550K .......... .......... .......... .......... ..........  0%  831K 6d18h
 94600K .......... .......... .......... .......... ..........  0%  197K 6d18h
 94650K .......... .......... .......... .......... ..........  0%  192K 6d18h
 94700K .......... .......... .......... .......... ..........  0%  185K 6d18h
 94750K .......... .......... .......... .......... ..........  0%  203K 6d18h
 94800K .......... .......... .......... .......... ..........  0%  390K 6d18h
 94850K .......... .......... .......... .......... ..........  0%  249K 6d18h
 94900K .......... .......... .......... .......... ..........  0%  202K 6d18h
 94950K .......... .......... .......... .......... ..........  0%  188K 6d18h
 95000K .......... .......... .......... .......... ..........  0%  196K 6d18h
 95050K .......... .......... .......... .......... ..........  0%  194K 6d18h
 95100K .......... .......... .......... .......... ..........  0%  376K 6d18h
 95150K .......... .......... .......... .......... ..........  0%  276K 6d18h
 95200K .......... .......... .......... .......... ..........  0%  188K 6d18h
 95250K .......... .......... .......... .......... ..........  0%  188K 6d18h
 95300K .......... .......... .......... .......... ..........  0%  205K 6d18h
 95350K .......... .......... .......... .......... ..........  0%  186K 6d18h
 95400K .......... .......... .......... .......... ..........  0%  806K 6d18h
 95450K .......... .......... .......... .......... ..........  0%  198K 6d18h
 95500K .......... .......... .......... .......... ..........  0%  192K 6d18h
 95550K .......... .......... .......... .......... ..........  0%  200K 6d18h
 95600K .......... .......... .......... .......... ..........  0%  188K 6d18h
 95650K .......... .......... .......... .......... ..........  0%  375K 6d18h
 95700K .......... .......... .......... .......... ..........  0%  253K 6d18h
 95750K .......... .......... .......... .......... ..........  0%  203K 6d18h
 95800K .......... .......... .......... .......... ..........  0%  199K 6d18h
 95850K .......... .......... .......... .......... ..........  0%  186K 6d18h
 95900K .......... .......... .......... .......... ..........  0%  193K 6d18h
 95950K .......... .......... .......... .......... ..........  0%  496K 6d18h
 96000K .......... .......... .......... .......... ..........  0%  235K 6d18h
 96050K .......... .......... .......... .......... ..........  0%  191K 6d18h
 96100K .......... .......... .......... .......... ..........  0%  185K 6d18h
 96150K .......... .......... .......... .......... ..........  0%  205K 6d18h
 96200K .......... .......... .......... .......... ..........  0%  202K 6d18h
 96250K .......... .......... .......... .......... ..........  0%  606K 6d18h
 96300K .......... .......... .......... .......... ..........  0%  202K 6d18h
 96350K .......... .......... .......... .......... ..........  0%  187K 6d18h
 96400K .......... .......... .......... .......... ..........  0%  200K 6d18h
 96450K .......... .......... .......... .......... ..........  0%  189K 6d18h
 96500K .......... .......... .......... .......... ..........  0%  507K 6d18h
 96550K .......... .......... .......... .......... ..........  0%  235K 6d18h
 96600K .......... .......... .......... .......... ..........  0%  188K 6d18h
 96650K .......... .......... .......... .......... ..........  0%  198K 6d18h
 96700K .......... .......... .......... .......... ..........  0%  189K 6d18h
 96750K .......... .......... .......... .......... ..........  0%  191K 6d18h
 96800K .......... .......... .......... .......... ..........  0%  828K 6d18h
 96850K .......... .......... .......... .......... ..........  0%  198K 6d18h
 96900K .......... .......... .......... .......... ..........  0%  190K 6d18h
 96950K .......... .......... .......... .......... ..........  0%  194K 6d18h
 97000K .......... .......... .......... .......... ..........  0%  195K 6d18h
 97050K .......... .......... .......... .......... ..........  0%  505K 6d18h
 97100K .......... .......... .......... .......... ..........  0%  216K 6d18h
 97150K .......... .......... .......... .......... ..........  0%  202K 6d18h
 97200K .......... .......... .......... .......... ..........  0%  187K 6d18h
 97250K .......... .......... .......... .......... ..........  0%  196K 6d18h
 97300K .......... .......... .......... .......... ..........  0%  315K 6d18h
 97350K .......... .......... .......... .......... ..........  0%  251K 6d18h
 97400K .......... .......... .......... .......... ..........  0%  236K 6d18h
 97450K .......... .......... .......... .......... ..........  0%  186K 6d18h
 97500K .......... .......... .......... .......... ..........  0%  199K 6d18h
 97550K .......... .......... .......... .......... ..........  0%  195K 6d18h
 97600K .......... .......... .......... .......... ..........  0%  203K 6d18h
 97650K .......... .......... .......... .......... ..........  0%  755K 6d18h
 97700K .......... .......... .......... .......... ..........  0%  186K 6d18h
 97750K .......... .......... .......... .......... ..........  0%  189K 6d18h
 97800K .......... .......... .......... .......... ..........  0%  196K 6d18h
 97850K .......... .......... .......... .......... ..........  0%  194K 6d18h
 97900K .......... .......... .......... .......... ..........  0%  502K 6d18h
 97950K .......... .......... .......... .......... ..........  0%  216K 6d18h
 98000K .......... .......... .......... .......... ..........  0%  201K 6d18h
 98050K .......... .......... .......... .......... ..........  0%  199K 6d18h
 98100K .......... .......... .......... .......... ..........  0%  185K 6d18h
 98150K .......... .......... .......... .......... ..........  0%  318K 6d18h
 98200K .......... .......... .......... .......... ..........  0%  249K 6d18h
 98250K .......... .......... .......... .......... ..........  0%  239K 6d18h
 98300K .......... .......... .......... .......... ..........  0%  189K 6d18h
 98350K .......... .......... .......... .......... ..........  0%  194K 6d18h
 98400K .......... .......... .......... .......... ..........  0%  195K 6d18h
 98450K .......... .......... .......... .......... ..........  0%  292K 6d18h
 98500K .......... .......... .......... .......... ..........  0%  314K 6d18h
 98550K .......... .......... .......... .......... ..........  0%  204K 6d18h
 98600K .......... .......... .......... .......... ..........  0%  186K 6d18h
 98650K .......... .......... .......... .......... ..........  0%  195K 6d18h
 98700K .......... .......... .......... .......... ..........  0%  195K 6d18h
 98750K .......... .......... .......... .......... ..........  0%  492K 6d18h
 98800K .......... .......... .......... .......... ..........  0%  239K 6d18h
 98850K .......... .......... .......... .......... ..........  0%  185K 6d18h
 98900K .......... .......... .......... .......... ..........  0%  198K 6d18h
 98950K .......... .......... .......... .......... ..........  0%  184K 6d18h
 99000K .......... .......... .......... .......... ..........  0%  324K 6d18h
 99050K .......... .......... .......... .......... ..........  0%  314K 6d18h
 99100K .......... .......... .......... .......... ..........  0%  199K 6d18h
 99150K .......... .......... .......... .......... ..........  0%  190K 6d18h
 99200K .......... .......... .......... .......... ..........  0%  185K 6d18h
 99250K .......... .......... .......... .......... ..........  0%  205K 6d18h
 99300K .......... .......... .......... .......... ..........  0%  502K 6d18h
 99350K .......... .......... .......... .......... ..........  0%  217K 6d18h
 99400K .......... .......... .......... .......... ..........  0%  203K 6d18h
 99450K .......... .......... .......... .......... ..........  0%  185K 6d18h
 99500K .......... .......... .......... .......... ..........  0%  201K 6d18h
 99550K .......... .......... .......... .......... ..........  0%  306K 6d18h
 99600K .......... .......... .......... .......... ..........  0%  248K 6d18h
 99650K .......... .......... .......... .......... ..........  0%  239K 6d18h
 99700K .......... .......... .......... .......... ..........  0%  185K 6d18h
 99750K .......... .......... .......... .......... ..........  0%  189K 6d18h
 99800K .......... .......... .......... .......... ..........  0%  206K 6d18h
 99850K .......... .......... .......... .......... ..........  0%  304K 6d18h
 99900K .......... .......... .......... .......... ..........  0%  304K 6d18h
 99950K .......... .......... .......... .......... ..........  0%  199K 6d18h
100000K .......... .......... .......... .......... ..........  0%  189K 6d18h
100050K .......... .......... .......... .......... ..........  0%  200K 6d18h
100100K .......... .......... .......... .......... ..........  0%  184K 6d18h
100150K .......... .......... .......... .......... ..........  0%  543K 6d18h
100200K .......... .......... .......... .......... ..........  0%  218K 6d18h
100250K .......... .......... .......... .......... ..........  0%  203K 6d18h
100300K .......... .......... .......... .......... ..........  0%  186K 6d18h
100350K .......... .......... .......... .......... ..........  0%  197K 6d18h
100400K .......... .......... .......... .......... ..........  0%  323K 6d18h
100450K .......... .......... .......... .......... ..........  0%  243K 6d18h
100500K .......... .......... .......... .......... ..........  0%  238K 6d18h
100550K .......... .......... .......... .......... ..........  0%  189K 6d18h
100600K .......... .......... .......... .......... ..........  0%  185K 6d18h
100650K .......... .......... .......... .......... ..........  0%  205K 6d18h
100700K .......... .......... .......... .......... ..........  0%  306K 6d18h
100750K .......... .......... .......... .......... ..........  0%  304K 6d18h
100800K .......... .......... .......... .......... ..........  0%  203K 6d18h
100850K .......... .......... .......... .......... ..........  0%  185K 6d18h
100900K .......... .......... .......... .......... ..........  0%  199K 6d18h
100950K .......... .......... .......... .......... ..........  0%  185K 6d18h
101000K .......... .......... .......... .......... ..........  0%  553K 6d18h
101050K .......... .......... .......... .......... ..........  0%  238K 6d18h
101100K .......... .......... .......... .......... ..........  0%  187K 6d18h
101150K .......... .......... .......... .......... ..........  0%  186K 6d18h
101200K .......... .......... .......... .......... ..........  0%  198K 6d18h
101250K .......... .......... .......... .......... ..........  0%  322K 6d18h
101300K .......... .......... .......... .......... ..........  0%  339K 6d18h
101350K .......... .......... .......... .......... ..........  0%  186K 6d18h
101400K .......... .......... .......... .......... ..........  0%  189K 6d18h
101450K .......... .......... .......... .......... ..........  0%  185K 6d18h
101500K .......... .......... .......... .......... ..........  0%  206K 6d18h
101550K .......... .......... .......... .......... ..........  0%  508K 6d18h
101600K .......... .......... .......... .......... ..........  0%  217K 6d18h
101650K .......... .......... .......... .......... ..........  0%  202K 6d18h
101700K .......... .......... .......... .......... ..........  0%  186K 6d18h
101750K .......... .......... .......... .......... ..........  0%  199K 6d18h
101800K .......... .......... .......... .......... ..........  0%  320K 6d18h
101850K .......... .......... .......... .......... ..........  0%  243K 6d18h
101900K .......... .......... .......... .......... ..........  0%  239K 6d18h
101950K .......... .......... .......... .......... ..........  0%  187K 6d18h
102000K .......... .......... .......... .......... ..........  0%  187K 6d18h
102050K .......... .......... .......... .......... ..........  0%  205K 6d18h
102100K .......... .......... .......... .......... ..........  0%  302K 6d18h
102150K .......... .......... .......... .......... ..........  0%  343K 6d18h
102200K .......... .......... .......... .......... ..........  0%  186K 6d18h
102250K .......... .......... .......... .......... ..........  0%  188K 6d18h
102300K .......... .......... .......... .......... ..........  0%  200K 6d18h
102350K .......... .......... .......... .......... ..........  0%  190K 6d18h
102400K .......... .......... .......... .......... ..........  0%  515K 6d18h
102450K .......... .......... .......... .......... ..........  0%  216K 6d18h
102500K .......... .......... .......... .......... ..........  0%  201K 6d18h
102550K .......... .......... .......... .......... ..........  0%  188K 6d18h
102600K .......... .......... .......... .......... ..........  0%  197K 6d18h
102650K .......... .......... .......... .......... ..........  0%  321K 6d18h
102700K .......... .......... .......... .......... ..........  0%  245K 6d18h
102750K .......... .......... .......... .......... ..........  0%  236K 6d18h
102800K .......... .......... .......... .......... ..........  0%  189K 6d18h
102850K .......... .......... .......... .......... ..........  0%  187K 6d18h
102900K .......... .......... .......... .......... ..........  0%  204K 6d18h
102950K .......... .......... .......... .......... ..........  0%  302K 6d18h
103000K .......... .......... .......... .......... ..........  0%  344K 6d18h
103050K .......... .......... .......... .......... ..........  0%  188K 6d18h
103100K .......... .......... .......... .......... ..........  0%  186K 6d18h
103150K .......... .......... .......... .......... ..........  0%  200K 6d18h
103200K .......... .......... .......... .......... ..........  0%  190K 6d18h
103250K .......... .......... .......... .......... ..........  0%  519K 6d18h
103300K .......... .......... .......... .......... ..........  0%  236K 6d18h
103350K .......... .......... .......... .......... ..........  0%  186K 6d18h
103400K .......... .......... .......... .......... ..........  0%  195K 6d18h
103450K .......... .......... .......... .......... ..........  0%  189K 6d18h
103500K .......... .......... .......... .......... ..........  0%  388K 6d18h
103550K .......... .......... .......... .......... ..........  0%  291K 6d18h
103600K .......... .......... .......... .......... ..........  0%  186K 6d18h
103650K .......... .......... .......... .......... ..........  0%  189K 6d18h
103700K .......... .......... .......... .......... ..........  0%  186K 6d18h
103750K .......... .......... .......... .......... ..........  0%  203K 6d18h
103800K .......... .......... .......... .......... ..........  0%  517K 6d18h
103850K .......... .......... .......... .......... ..........  0%  234K 6d18h
103900K .......... .......... .......... .......... ..........  0%  185K 6d18h
103950K .......... .......... .......... .......... ..........  0%  185K 6d18h
104000K .......... .......... .......... .......... ..........  0%  198K 6d18h
104050K .......... .......... .......... .......... ..........  0%  584K 6d18h
104100K .......... .......... .......... .......... ..........  0%  187K 6d18h
104150K .......... .......... .......... .......... ..........  0%  235K 6d18h
104200K .......... .......... .......... .......... ..........  0%  184K 6d18h
104250K .......... .......... .......... .......... ..........  0%  192K 6d18h
104300K .......... .......... .......... .......... ..........  0%  355K 6d18h
104350K .......... .......... .......... .......... ..........  0%  243K 6d18h
104400K .......... .......... .......... .......... ..........  0%  238K 6d18h
104450K .......... .......... .......... .......... ..........  0%  185K 6d18h
104500K .......... .......... .......... .......... ..........  0%  191K 6d18h
104550K .......... .......... .......... .......... ..........  0%  197K 6d18h
104600K .......... .......... .......... .......... ..........  0%  191K 6d18h
104650K .......... .......... .......... .......... ..........  0%  523K 6d18h
104700K .......... .......... .......... .......... ..........  0%  233K 6d18h
104750K .......... .......... .......... .......... ..........  0%  185K 6d18h
104800K .......... .......... .......... .......... ..........  0%  192K 6d18h
104850K .......... .......... .......... .......... ..........  0%  194K 6d18h
104900K .......... .......... .......... .......... ..........  0%  562K 6d18h
104950K .......... .......... .......... .......... ..........  0%  187K 6d18h
105000K .......... .......... .......... .......... ..........  0%  234K 6d18h
105050K .......... .......... .......... .......... ..........  0%  191K 6d18h
105100K .......... .......... .......... .......... ..........  0%  186K 6d18h
105150K .......... .......... .......... .......... ..........  0%  353K 6d18h
105200K .......... .......... .......... .......... ..........  0%  243K 6d18h
105250K .......... .......... .......... .......... ..........  0%  221K 6d18h
105300K .......... .......... .......... .......... ..........  0%  197K 6d18h
105350K .......... .......... .......... .......... ..........  0%  190K 6d18h
105400K .......... .......... .......... .......... ..........  0%  196K 6d18h
105450K .......... .......... .......... .......... ..........  0%  219K 6d18h
105500K .......... .......... .......... .......... ..........  0%  571K 6d18h
105550K .......... .......... .......... .......... ..........  0%  197K 6d18h
105600K .......... .......... .......... .......... ..........  0%  185K 6d18h
105650K .......... .......... .......... .......... ..........  0%  193K 6d18h
105700K .......... .......... .......... .......... ..........  0%  194K 6d18h
105750K .......... .......... .......... .......... ..........  0%  554K 6d18h
105800K .......... .......... .......... .......... ..........  0%  239K 6d18h
105850K .......... .......... .......... .......... ..........  0%  185K 6d18h
105900K .......... .......... .......... .......... ..........  0%  191K 6d18h
105950K .......... .......... .......... .......... ..........  0%  187K 6d18h
106000K .......... .......... .......... .......... ..........  0%  352K 6d18h
106050K .......... .......... .......... .......... ..........  0%  310K 6d18h
106100K .......... .......... .......... .......... ..........  0%  196K 6d18h
106150K .......... .......... .......... .......... ..........  0%  185K 6d18h
106200K .......... .......... .......... .......... ..........  0%  189K 6d18h
106250K .......... .......... .......... .......... ..........  0%  197K 6d18h
106300K .......... .......... .......... .......... ..........  0%  552K 6d18h
106350K .......... .......... .......... .......... ..........  0%  221K 6d18h
106400K .......... .......... .......... .......... ..........  0%  196K 6d18h
106450K .......... .......... .......... .......... ..........  0%  185K 6d18h
106500K .......... .......... .......... .......... ..........  0%  194K 6d18h
106550K .......... .......... .......... .......... ..........  0%  352K 6d18h
106600K .......... .......... .......... .......... ..........  0%  241K 6d18h
106650K .......... .......... .......... .......... ..........  0%  237K 6d18h
106700K .......... .......... .......... .......... ..........  0%  185K 6d18h
106750K .......... .......... .......... .......... ..........  0%  191K 6d18h
106800K .......... .......... .......... .......... ..........  0%  198K 6d18h
106850K .......... .......... .......... .......... ..........  0%  322K 6d18h
106900K .......... .......... .......... .......... ..........  0%  310K 6d18h
106950K .......... .......... .......... .......... ..........  0%  195K 6d18h
107000K .......... .......... .......... .......... ..........  0%  188K 6d18h
107050K .......... .......... .......... .......... ..........  0%  198K 6d18h
107100K .......... .......... .......... .......... ..........  0%  187K 6d18h
107150K .......... .......... .......... .......... ..........  0%  555K 6d18h
107200K .......... .......... .......... .......... ..........  0%  221K 6d18h
107250K .......... .......... .......... .......... ..........  0%  196K 6d18h
107300K .......... .......... .......... .......... ..........  0%  194K 6d18h
107350K .......... .......... .......... .......... ..........  0%  185K 6d18h
107400K .......... .......... .......... .......... ..........  0%  351K 6d18h
107450K .......... .......... .......... .......... ..........  0%  243K 6d18h
107500K .......... .......... .......... .......... ..........  0%  234K 6d18h
107550K .......... .......... .......... .......... ..........  0%  189K 6d18h
107600K .......... .......... .......... .......... ..........  0% 93.6K 6d18h
107650K .......... .......... .......... .......... ..........  0% 13.8M 6d18h
107700K .......... .......... .......... .......... ..........  0% 92.6K 6d18h
107750K .......... .......... .......... .......... ..........  0%  184K 6d18h
107800K .......... .......... .......... .......... ..........  0%  184K 6d18h
107850K .......... .......... .......... .......... ..........  0%  183K 6d18h
107900K .......... .......... .......... .......... ..........  0%  184K 6d18h
107950K .......... .......... .......... .......... ..........  0%  183K 6d18h
108000K .......... .......... .......... .......... ..........  0%  184K 6d18h
108050K .......... .......... .......... .......... ..........  0%  184K 6d18h
108100K .......... .......... .......... .......... ..........  0%  184K 6d18h
108150K .......... .......... .......... .......... ..........  0%  452K 6d18h
108200K .......... .......... .......... .......... ..........  0%  116K 6d18h
108250K .......... .......... .......... .......... ..........  0% 1.39M 6d18h
108300K .......... .......... .......... .......... ..........  0%  209K 6d18h
108350K .......... .......... .......... .......... ..........  0%  166K 6d18h
108400K .......... .......... .......... .......... ..........  0%  206K 6d18h
108450K .......... .......... .......... .......... ..........  0%  184K 6d18h
108500K .......... .......... .......... .......... ..........  0%  184K 6d18h
108550K .......... .......... .......... .......... ..........  0%  184K 6d18h
108600K .......... .......... .......... .......... ..........  0%  184K 6d18h
108650K .......... .......... .......... .......... ..........  0%  185K 6d18h
108700K .......... .......... .......... .......... ..........  0%  185K 6d18h
108750K .......... .......... .......... .......... ..........  0% 1.42M 6d18h
108800K .......... .......... .......... .......... ..........  0%  208K 6d18h
108850K .......... .......... .......... .......... ..........  0%  184K 6d18h
108900K .......... .......... .......... .......... ..........  0%  185K 6d18h
108950K .......... .......... .......... .......... ..........  0%  184K 6d18h
109000K .......... .......... .......... .......... ..........  0%  228K 6d18h
109050K .......... .......... .......... .......... ..........  0%  621K 6d18h
109100K .......... .......... .......... .......... ..........  0%  203K 6d18h
109150K .......... .......... .......... .......... ..........  0%  185K 6d18h
109200K .......... .......... .......... .......... ..........  0%  185K 6d18h
109250K .......... .......... .......... .......... ..........  0%  185K 6d18h
109300K .......... .......... .......... .......... ..........  0%  761K 6d18h
109350K .......... .......... .......... .......... ..........  0%  237K 6d18h
109400K .......... .......... .......... .......... ..........  0%  185K 6d18h
109450K .......... .......... .......... .......... ..........  0%  184K 6d18h
109500K .......... .......... .......... .......... ..........  0%  185K 6d18h
109550K .......... .......... .......... .......... ..........  0%  229K 6d18h
109600K .......... .......... .......... .......... ..........  0%  425K 6d18h
109650K .......... .......... .......... .......... ..........  0%  238K 6d18h
109700K .......... .......... .......... .......... ..........  0%  184K 6d18h
109750K .......... .......... .......... .......... ..........  0%  185K 6d18h
109800K .......... .......... .......... .......... ..........  0%  186K 6d18h
109850K .......... .......... .......... .......... ..........  0%  226K 6d18h
109900K .......... .......... .......... .......... ..........  0%  882K 6d18h
109950K .......... .......... .......... .......... ..........  0%  184K 6d18h
110000K .......... .......... .......... .......... ..........  0%  186K 6d18h
110050K .......... .......... .......... .......... ..........  0%  185K 6d18h
110100K .......... .......... .......... .......... ..........  0%  184K 6d18h
110150K .......... .......... .......... .......... ..........  0%  794K 6d18h
110200K .......... .......... .......... .......... ..........  0%  211K 6d18h
110250K .......... .......... .......... .......... ..........  0%  202K 6d18h
110300K .......... .......... .......... .......... ..........  0%  186K 6d18h
110350K .......... .......... .......... .......... ..........  0%  184K 6d18h
110400K .......... .......... .......... .......... ..........  0%  230K 6d18h
110450K .......... .......... .......... .......... ..........  0%  425K 6d18h
110500K .......... .......... .......... .......... ..........  0%  235K 6d18h
110550K .......... .......... .......... .......... ..........  0%  186K 6d18h
110600K .......... .......... .......... .......... ..........  0%  184K 6d18h
110650K .......... .......... .......... .......... ..........  0%  185K 6d18h
110700K .......... .......... .......... .......... ..........  0%  229K 6d18h
110750K .......... .......... .......... .......... ..........  0%  444K 6d18h
110800K .......... .......... .......... .......... ..........  0%  231K 6d18h
110850K .......... .......... .......... .......... ..........  0%  184K 6d18h
110900K .......... .......... .......... .......... ..........  0%  185K 6d18h
110950K .......... .......... .......... .......... ..........  0%  185K 6d18h
111000K .......... .......... .......... .......... ..........  0%  773K 6d18h
111050K .......... .......... .......... .......... ..........  0%  212K 6d18h
111100K .......... .......... .......... .......... ..........  0%  202K 6d18h
111150K .......... .......... .......... .......... ..........  0%  186K 6d18h
111200K .......... .......... .......... .......... ..........  0%  184K 6d18h
111250K .......... .......... .......... .......... ..........  0%  232K 6d18h
111300K .......... .......... .......... .......... ..........  0%  437K 6d18h
111350K .......... .......... .......... .......... ..........  0%  207K 6d18h
111400K .......... .......... .......... .......... ..........  0%  203K 6d18h
111450K .......... .......... .......... .......... ..........  0%  185K 6d18h
111500K .......... .......... .......... .......... ..........  0%  185K 6d18h
111550K .......... .......... .......... .......... ..........  0%  776K 6d18h
111600K .......... .......... .......... .......... ..........  0%  188K 6d18h
111650K .......... .......... .......... .......... ..........  0%  231K 6d18h
111700K .......... .......... .......... .......... ..........  0%  184K 6d18h
111750K .......... .......... .......... .......... ..........  0%  186K 6d18h
111800K .......... .......... .......... .......... ..........  0%  270K 6d18h
111850K .......... .......... .......... .......... ..........  0%  330K 6d18h
111900K .......... .......... .......... .......... ..........  0%  189K 6d18h
111950K .......... .......... .......... .......... ..........  0%  205K 6d18h
112000K .......... .......... .......... .......... ..........  0%  204K 6d18h
112050K .......... .......... .......... .......... ..........  0%  185K 6d18h
112100K .......... .......... .......... .......... ..........  0%  259K 6d18h
112150K .......... .......... .......... .......... ..........  0%  351K 6d18h
112200K .......... .......... .......... .......... ..........  0%  188K 6d18h
112250K .......... .......... .......... .......... ..........  0%  229K 6d18h
112300K .......... .......... .......... .......... ..........  0%  186K 6d18h
112350K .......... .......... .......... .......... ..........  0%  185K 6d18h
112400K .......... .......... .......... .......... ..........  0%  762K 6d18h
112450K .......... .......... .......... .......... ..........  0%  186K 6d18h
112500K .......... .......... .......... .......... ..........  0%  210K 6d18h
112550K .......... .......... .......... .......... ..........  0%  203K 6d18h
112600K .......... .......... .......... .......... ..........  0%  185K 6d18h
112650K .......... .......... .......... .......... ..........  0%  262K 6d18h
112700K .......... .......... .......... .......... ..........  0%  344K 6d18h
112750K .......... .......... .......... .......... ..........  0%  190K 6d18h
112800K .......... .......... .......... .......... ..........  0%  229K 6d18h
112850K .......... .......... .......... .......... ..........  0%  184K 6d18h
112900K .......... .......... .......... .......... ..........  0%  187K 6d18h
112950K .......... .......... .......... .......... ..........  0%  260K 6d18h
113000K .......... .......... .......... .......... ..........  0%  348K 6d18h
113050K .......... .......... .......... .......... ..........  0%  211K 6d18h
113100K .......... .......... .......... .......... ..........  0%  185K 6d18h
113150K .......... .......... .......... .......... ..........  0%  203K 6d18h
113200K .......... .......... .......... .......... ..........  0%  186K 6d18h
113250K .......... .......... .......... .......... ..........  0%  518K 6d18h
113300K .......... .......... .......... .......... ..........  0%  215K 6d18h
113350K .......... .......... .......... .......... ..........  0%  205K 6d18h
113400K .......... .......... .......... .......... ..........  0%  203K 6d18h
113450K .......... .......... .......... .......... ..........  0%  184K 6d18h
113500K .......... .......... .......... .......... ..........  0%  266K 6d18h
113550K .......... .......... .......... .......... ..........  0%  348K 6d18h
113600K .......... .......... .......... .......... ..........  0%  188K 6d18h
113650K .......... .......... .......... .......... ..........  0%  228K 6d18h
113700K .......... .......... .......... .......... ..........  0%  184K 6d18h
113750K .......... .......... .......... .......... ..........  0%  187K 6d18h
113800K .......... .......... .......... .......... ..........  0%  520K 6d18h
113850K .......... .......... .......... .......... ..........  0%  209K 6d18h
113900K .......... .......... .......... .......... ..........  0%  210K 6d18h
113950K .......... .......... .......... .......... ..........  0%  185K 6d18h
114000K .......... .......... .......... .......... ..........  0%  202K 6d18h
114050K .......... .......... .......... .......... ..........  0%  266K 6d18h
114100K .......... .......... .......... .......... ..........  0%  282K 6d18h
114150K .......... .......... .......... .......... ..........  0%  214K 6d18h
114200K .......... .......... .......... .......... ..........  0%  206K 6d18h
114250K .......... .......... .......... .......... ..........  0%  202K 6d18h
114300K .......... .......... .......... .......... ..........  0%  188K 6d18h
114350K .......... .......... .......... .......... ..........  0%  260K 6d18h
114400K .......... .......... .......... .......... ..........  0%  283K 6d18h
114450K .......... .......... .......... .......... ..........  0%  215K 6d18h
114500K .......... .......... .......... .......... ..........  0%  206K 6d18h
114550K .......... .......... .......... .......... ..........  0%  203K 6d18h
114600K .......... .......... .......... .......... ..........  0%  186K 6d18h
114650K .......... .......... .......... .......... ..........  0%  512K 6d18h
114700K .......... .......... .......... .......... ..........  0%  184K 6d18h
114750K .......... .......... .......... .......... ..........  0%  244K 6d18h
114800K .......... .......... .......... .......... ..........  0%  202K 6d18h
114850K .......... .......... .......... .......... ..........  0%  186K 6d18h
114900K .......... .......... .......... .......... ..........  0%  266K 6d18h
114950K .......... .......... .......... .......... ..........  0%  279K 6d18h
115000K .......... .......... .......... .......... ..........  0%  216K 6d18h
115050K .......... .......... .......... .......... ..........  0%  206K 6d18h
115100K .......... .......... .......... .......... ..........  0%  200K 6d18h
115150K .......... .......... .......... .......... ..........  0%  190K 6d18h
115200K .......... .......... .......... .......... ..........  0%  231K 6d18h
115250K .......... .......... .......... .......... ..........  0%  324K 6d18h
115300K .......... .......... .......... .......... ..........  0%  216K 6d18h
115350K .......... .......... .......... .......... ..........  0%  205K 6d18h
115400K .......... .......... .......... .......... ..........  0%  204K 6d18h
115450K .......... .......... .......... .......... ..........  0%  187K 6d18h
115500K .......... .......... .......... .......... ..........  0%  491K 6d18h
115550K .......... .......... .......... .......... ..........  0%  210K 6d18h
115600K .......... .......... .......... .......... ..........  0%  190K 6d18h
115650K .......... .......... .......... .......... ..........  0%  207K 6d18h
115700K .......... .......... .......... .......... ..........  0%  203K 6d18h
115750K .......... .......... .......... .......... ..........  0%  236K 6d18h
115800K .......... .......... .......... .......... ..........  0%  320K 6d18h
115850K .......... .......... .......... .......... ..........  0%  185K 6d18h
115900K .......... .......... .......... .......... ..........  0%  215K 6d18h
115950K .......... .......... .......... .......... ..........  0%  206K 6d18h
116000K .......... .......... .......... .......... ..........  0%  205K 6d18h
116050K .......... .......... .......... .......... ..........  0%  347K 6d18h
116100K .......... .......... .......... .......... ..........  0%  220K 6d18h
116150K .......... .......... .......... .......... ..........  0%  216K 6d18h
116200K .......... .......... .......... .......... ..........  0%  185K 6d18h
116250K .......... .......... .......... .......... ..........  0%  226K 6d18h
116300K .......... .......... .......... .......... ..........  0%  241K 6d18h
116350K .......... .......... .......... .......... ..........  0%  248K 6d18h
116400K .......... .......... .......... .......... ..........  0%  222K 6d18h
116450K .......... .......... .......... .......... ..........  0%  214K 6d18h
116500K .......... .......... .......... .......... ..........  0%  208K 6d18h
116550K .......... .......... .......... .......... ..........  0%  204K 6d18h
116600K .......... .......... .......... .......... ..........  0%  233K 6d18h
116650K .......... .......... .......... .......... ..........  0%  321K 6d18h
116700K .......... .......... .......... .......... ..........  0%  185K 6d18h
116750K .......... .......... .......... .......... ..........  0%  215K 6d18h
116800K .......... .......... .......... .......... ..........  0%  228K 6d18h
116850K .......... .......... .......... .......... ..........  0%  187K 6d18h
116900K .......... .......... .......... .......... ..........  0%  351K 6d18h
116950K .......... .......... .......... .......... ..........  0%  220K 6d18h
117000K .......... .......... .......... .......... ..........  0%  216K 6d18h
117050K .......... .......... .......... .......... ..........  0%  207K 6d18h
117100K .......... .......... .......... .......... ..........  0%  200K 6d18h
117150K .......... .......... .......... .......... ..........  0%  209K 6d18h
117200K .......... .......... .......... .......... ..........  0%  294K 6d18h
117250K .......... .......... .......... .......... ..........  0%  222K 6d18h
117300K .......... .......... .......... .......... ..........  0%  214K 6d18h
117350K .......... .......... .......... .......... ..........  0%  205K 6d18h
117400K .......... .......... .......... .......... ..........  0%  205K 6d18h
117450K .......... .......... .......... .......... ..........  0%  205K 6d18h
117500K .......... .......... .......... .......... ..........  0%  397K 6d18h
117550K .......... .......... .......... .......... ..........  0% 64.5K 6d18h
117600K .......... .......... .......... .......... ..........  0%  185K 6d18h
117650K .......... .......... .......... .......... ..........  0%  184K 6d18h
117700K .......... .......... .......... .......... ..........  0%  184K 6d18h
117750K .......... .......... .......... .......... ..........  0%  185K 6d18h
117800K .......... .......... .......... .......... ..........  0% 20.4K 6d19h
117850K .......... .......... .......... .......... ..........  0%  184K 6d19h
117900K .......... .......... .......... .......... ..........  0%  184K 6d19h
117950K .......... .......... .......... .......... ..........  0% 92.4K 6d19h
118000K .......... .......... .......... .......... ..........  0%  184K 6d19h
118050K .......... .......... .......... .......... ..........  0%  756K 6d19h
118100K .......... .......... .......... .......... ..........  0%  105K 6d19h
118150K .......... .......... .......... .......... ..........  0%  184K 6d19h
118200K .......... .......... .......... .......... ..........  0%  183K 6d19h
118250K .......... .......... .......... .......... ..........  0%  184K 6d19h
118300K .......... .......... .......... .......... ..........  0%  184K 6d19h
118350K .......... .......... .......... .......... ..........  0%  183K 6d19h
118400K .......... .......... .......... .......... ..........  0%  184K 6d19h
118450K .......... .......... .......... .......... ..........  0%  183K 6d19h
118500K .......... .......... .......... .......... ..........  0%  184K 6d19h
118550K .......... .......... .......... .......... ..........  0%  184K 6d19h
118600K .......... .......... .......... .......... ..........  0%  184K 6d19h
118650K .......... .......... .......... .......... ..........  0%  184K 6d19h
118700K .......... .......... .......... .......... ..........  0%  184K 6d19h
118750K .......... .......... .......... .......... ..........  0%  387K 6d19h
118800K .......... .......... .......... .......... ..........  0%  246K 6d19h
118850K .......... .......... .......... .......... ..........  0%  234K 6d19h
118900K .......... .......... .......... .......... ..........  0%  184K 6d19h
118950K .......... .......... .......... .......... ..........  0%  185K 6d19h
119000K .......... .......... .......... .......... ..........  0%  185K 6d19h
119050K .......... .......... .......... .......... ..........  0%  496K 6d19h
119100K .......... .......... .......... .......... ..........  0%  215K 6d19h
119150K .......... .......... .......... .......... ..........  0%  233K 6d19h
119200K .......... .......... .......... .......... ..........  0%  184K 6d19h
119250K .......... .......... .......... .......... ..........  0%  186K 6d19h
119300K .......... .......... .......... .......... ..........  0%  185K 6d19h
119350K .......... .......... .......... .......... ..........  0%  491K 6d19h
119400K .......... .......... .......... .......... ..........  0%  248K 6d19h
119450K .......... .......... .......... .......... ..........  0%  203K 6d19h
119500K .......... .......... .......... .......... ..........  0%  185K 6d19h
119550K .......... .......... .......... .......... ..........  0%  186K 6d19h
119600K .......... .......... .......... .......... ..........  0%  185K 6d19h
119650K .......... .......... .......... .......... ..........  0%  537K 6d19h
119700K .......... .......... .......... .......... ..........  0%  208K 6d19h
119750K .......... .......... .......... .......... ..........  0%  231K 6d19h
119800K .......... .......... .......... .......... ..........  0%  186K 6d19h
119850K .......... .......... .......... .......... ..........  0%  185K 6d19h
119900K .......... .......... .......... .......... ..........  0%  496K 6d19h
119950K .......... .......... .......... .......... ..........  0%  216K 6d19h
120000K .......... .......... .......... .......... ..........  0%  206K 6d19h
120050K .......... .......... .......... .......... ..........  0%  204K 6d19h
120100K .......... .......... .......... .......... ..........  0%  185K 6d19h
120150K .......... .......... .......... .......... ..........  0%  187K 6d19h
120200K .......... .......... .......... .......... ..........  0%  492K 6d19h
120250K .......... .......... .......... .......... ..........  0%  217K 6d19h
120300K .......... .......... .......... .......... ..........  0%  230K 6d19h
120350K .......... .......... .......... .......... ..........  0%  184K 6d19h
120400K .......... .......... .......... .......... ..........  0%  187K 6d19h
120450K .......... .......... .......... .......... ..........  0%  185K 6d19h
120500K .......... .......... .......... .......... ..........  0%  808K 6d19h
120550K .......... .......... .......... .......... ..........  0%  231K 6d19h
120600K .......... .......... .......... .......... ..........  0%  184K 6d19h
120650K .......... .......... .......... .......... ..........  0%  186K 6d19h
120700K .......... .......... .......... .......... ..........  0%  185K 6d19h
120750K .......... .......... .......... .......... ..........  0%  500K 6d19h
120800K .......... .......... .......... .......... ..........  0%  217K 6d19h
120850K .......... .......... .......... .......... ..........  0%  229K 6d19h
120900K .......... .......... .......... .......... ..........  0%  186K 6d19h
120950K .......... .......... .......... .......... ..........  0%  185K 6d19h
121000K .......... .......... .......... .......... ..........  0%  187K 6d19h
121050K .......... .......... .......... .......... ..........  0%  803K 6d19h
121100K .......... .......... .......... .......... ..........  0%  185K 6d19h
121150K .......... .......... .......... .......... ..........  0%  228K 6d19h
121200K .......... .......... .......... .......... ..........  0%  186K 6d19h
121250K .......... .......... .......... .......... ..........  0%  186K 6d19h
121300K .......... .......... .......... .......... ..........  0%  501K 6d19h
121350K .......... .......... .......... .......... ..........  0%  215K 6d19h
121400K .......... .......... .......... .......... ..........  0%  206K 6d19h
121450K .......... .......... .......... .......... ..........  0%  202K 6d19h
121500K .......... .......... .......... .......... ..........  0%  186K 6d19h
121550K .......... .......... .......... .......... ..........  0%  187K 6d19h
121600K .......... .......... .......... .......... ..........  0%  482K 6d19h
121650K .......... .......... .......... .......... ..........  0%  218K 6d19h
121700K .......... .......... .......... .......... ..........  0%  185K 6d19h
121750K .......... .......... .......... .......... ..........  0%  228K 6d19h
121800K .......... .......... .......... .......... ..........  0%  188K 6d19h
121850K .......... .......... .......... .......... ..........  0%  184K 6d19h
121900K .......... .......... .......... .......... ..........  0%  815K 6d19h
121950K .......... .......... .......... .......... ..........  0%  184K 6d19h
122000K .......... .......... .......... .......... ..........  0%  228K 6d19h
122050K .......... .......... .......... .......... ..........  0%  187K 6d19h
122100K .......... .......... .......... .......... ..........  0%  185K 6d19h
122150K .......... .......... .......... .......... ..........  0%  504K 6d19h
122200K .......... .......... .......... .......... ..........  0%  215K 6d19h
122250K .......... .......... .......... .......... ..........  0%  186K 6d19h
122300K .......... .......... .......... .......... ..........  0%  228K 6d19h
122350K .......... .......... .......... .......... ..........  0%  186K 6d19h
122400K .......... .......... .......... .......... ..........  0%  187K 6d19h
122450K .......... .......... .......... .......... ..........  0%  480K 6d19h
122500K .......... .......... .......... .......... ..........  0%  218K 6d19h
122550K .......... .......... .......... .......... ..........  0%  227K 6d19h
122600K .......... .......... .......... .......... ..........  0%  186K 6d19h
122650K .......... .......... .......... .......... ..........  0%  186K 6d19h
122700K .......... .......... .......... .......... ..........  0%  187K 6d19h
122750K .......... .......... .......... .......... ..........  0%  779K 6d19h
122800K .......... .......... .......... .......... ..........  0%  207K 6d19h
122850K .......... .......... .......... .......... ..........  0%  184K 6d19h
122900K .......... .......... .......... .......... ..........  0%  205K 6d19h
122950K .......... .......... .......... .......... ..........  0%  184K 6d19h
123000K .......... .......... .......... .......... ..........  0%  510K 6d19h
123050K .......... .......... .......... .......... ..........  0%  218K 6d19h
123100K .......... .......... .......... .......... ..........  0%  185K 6d19h
123150K .......... .......... .......... .......... ..........  0%  229K 6d19h
123200K .......... .......... .......... .......... ..........  0%  184K 6d19h
123250K .......... .......... .......... .......... ..........  0%  188K 6d19h
123300K .......... .......... .......... .......... ..........  0%  798K 6d19h
123350K .......... .......... .......... .......... ..........  0%  185K 6d19h
123400K .......... .......... .......... .......... ..........  0%  227K 6d19h
123450K .......... .......... .......... .......... ..........  0%  186K 6d19h
123500K .......... .......... .......... .......... ..........  0%  185K 6d19h
123550K .......... .......... .......... .......... ..........  0%  503K 6d19h
123600K .......... .......... .......... .......... ..........  0%  217K 6d19h
123650K .......... .......... .......... .......... ..........  0%  206K 6d19h
123700K .......... .......... .......... .......... ..........  0%  201K 6d19h
123750K .......... .......... .......... .......... ..........  0%  186K 6d19h
123800K .......... .......... .......... .......... ..........  0%  189K 6d19h
123850K .......... .......... .......... .......... ..........  0%  478K 6d19h
123900K .......... .......... .......... .......... ..........  0%  219K 6d19h
123950K .......... .......... .......... .......... ..........  0%  184K 6d19h
124000K .......... .......... .......... .......... ..........  0%  229K 6d19h
124050K .......... .......... .......... .......... ..........  0%  186K 6d19h
124100K .......... .......... .......... .......... ..........  0%  188K 6d19h
124150K .......... .......... .......... .......... ..........  0%  795K 6d19h
124200K .......... .......... .......... .......... ..........  0%  185K 6d19h
124250K .......... .......... .......... .......... ..........  0%  229K 6d19h
124300K .......... .......... .......... .......... ..........  0%  185K 6d19h
124350K .......... .......... .......... .......... ..........  0%  185K 6d19h
124400K .......... .......... .......... .......... ..........  0%  508K 6d19h
124450K .......... .......... .......... .......... ..........  0%  217K 6d19h
124500K .......... .......... .......... .......... ..........  0%  207K 6d19h
124550K .......... .......... .......... .......... ..........  0%  202K 6d19h
124600K .......... .......... .......... .......... ..........  0%  185K 6d19h
124650K .......... .......... .......... .......... ..........  0%  188K 6d19h
124700K .......... .......... .......... .......... ..........  0%  484K 6d19h
124750K .......... .......... .......... .......... ..........  0%  219K 6d19h
124800K .......... .......... .......... .......... ..........  0%  227K 6d19h
124850K .......... .......... .......... .......... ..........  0%  185K 6d19h
124900K .......... .......... .......... .......... ..........  0%  186K 6d19h
124950K .......... .......... .......... .......... ..........  0%  186K 6d19h
125000K .......... .......... .......... .......... ..........  0%  814K 6d19h
125050K .......... .......... .......... .......... ..........  0%  208K 6d19h
125100K .......... .......... .......... .......... ..........  0%  201K 6d19h
125150K .......... .......... .......... .......... ..........  0%  186K 6d19h
125200K .......... .......... .......... .......... ..........  0%  186K 6d19h
125250K .......... .......... .......... .......... ..........  0%  513K 6d19h
125300K .......... .......... .......... .......... ..........  0%  217K 6d19h
125350K .......... .......... .......... .......... ..........  0%  206K 6d19h
125400K .......... .......... .......... .......... ..........  0%  202K 6d19h
125450K .......... .......... .......... .......... ..........  0%  184K 6d19h
125500K .......... .......... .......... .......... ..........  0%  189K 6d19h
125550K .......... .......... .......... .......... ..........  0%  808K 6d19h
125600K .......... .......... .......... .......... ..........  0%  184K 6d19h
125650K .......... .......... .......... .......... ..........  0%  227K 6d19h
125700K .......... .......... .......... .......... ..........  0%  185K 6d19h
125750K .......... .......... .......... .......... ..........  0%  188K 6d19h
125800K .......... .......... .......... .......... ..........  0%  503K 6d19h
125850K .......... .......... .......... .......... ..........  0%  215K 6d19h
125900K .......... .......... .......... .......... ..........  0%  207K 6d19h
125950K .......... .......... .......... .......... ..........  0%  200K 6d19h
126000K .......... .......... .......... .......... ..........  0% 83.9K 6d19h
126050K .......... .......... .......... .......... ..........  0%  185K 6d19h
126100K .......... .......... .......... .......... ..........  0%  184K 6d19h
126150K .......... .......... .......... .......... ..........  0%  184K 6d19h
126200K .......... .......... .......... .......... ..........  0%  184K 6d19h
126250K .......... .......... .......... .......... ..........  0%  184K 6d19h
126300K .......... .......... .......... .......... ..........  0%  184K 6d19h
126350K .......... .......... .......... .......... ..........  0%  184K 6d19h
126400K .......... .......... .......... .......... ..........  0% 1.39M 6d19h
126450K .......... .......... .......... .......... ..........  0%  184K 6d19h
126500K .......... .......... .......... .......... ..........  0%  210K 6d19h
126550K .......... .......... .......... .......... ..........  0%  184K 6d19h
126600K .......... .......... .......... .......... ..........  0%  184K 6d19h
126650K .......... .......... .......... .......... ..........  0%  185K 6d19h
126700K .......... .......... .......... .......... ..........  0% 1.37M 6d19h
126750K .......... .......... .......... .......... ..........  0%  209K 6d19h
126800K .......... .......... .......... .......... ..........  0%  184K 6d19h
126850K .......... .......... .......... .......... ..........  0%  184K 6d19h
126900K .......... .......... .......... .......... ..........  0%  185K 6d19h
126950K .......... .......... .......... .......... ..........  0%  184K 6d19h
127000K .......... .......... .......... .......... ..........  0% 1.37M 6d19h
127050K .......... .......... .......... .......... ..........  0%  209K 6d19h
127100K .......... .......... .......... .......... ..........  0%  184K 6d19h
127150K .......... .......... .......... .......... ..........  0%  185K 6d19h
127200K .......... .......... .......... .......... ..........  0%  185K 6d19h
127250K .......... .......... .......... .......... ..........  0%  757K 6d19h
127300K .......... .......... .......... .......... ..........  0%  104K 6d19h
127350K .......... .......... .......... .......... ..........  0%  184K 6d19h
127400K .......... .......... .......... .......... ..........  0%  184K 6d19h
127450K .......... .......... .......... .......... ..........  0%  184K 6d19h
127500K .......... .......... .......... .......... ..........  0%  184K 6d19h
127550K .......... .......... .......... .......... ..........  0%  184K 6d19h
127600K .......... .......... .......... .......... ..........  0%  183K 6d19h
127650K .......... .......... .......... .......... ..........  0%  184K 6d19h
127700K .......... .......... .......... .......... ..........  0%  184K 6d19h
127750K .......... .......... .......... .......... ..........  0%  184K 6d19h
127800K .......... .......... .......... .......... ..........  0%  184K 6d19h
127850K .......... .......... .......... .......... ..........  0%  184K 6d19h
127900K .......... .......... .......... .......... ..........  0%  184K 6d19h
127950K .......... .......... .......... .......... ..........  0%  184K 6d19h
128000K .......... .......... .......... .......... ..........  0%  725K 6d19h
128050K .......... .......... .......... .......... ..........  0%  212K 6d19h
128100K .......... .......... .......... .......... ..........  0%  184K 6d19h
128150K .......... .......... .......... .......... ..........  0%  207K 6d19h
128200K .......... .......... .......... .......... ..........  0%  184K 6d19h
128250K .......... .......... .......... .......... ..........  0%  184K 6d19h
128300K .......... .......... .......... .......... ..........  0%  185K 6d19h
128350K .......... .......... .......... .......... ..........  0%  184K 6d19h
128400K .......... .......... .......... .......... ..........  0%  257K 6d19h
128450K .......... .......... .......... .......... ..........  0%  446K 6d19h
128500K .......... .......... .......... .......... ..........  0%  209K 6d19h
128550K .......... .......... .......... .......... ..........  0%  184K 6d19h
128600K .......... .......... .......... .......... ..........  0%  184K 6d19h
128650K .......... .......... .......... .......... ..........  0%  186K 6d19h
128700K .......... .......... .......... .......... ..........  0%  254K 6d19h
128750K .......... .......... .......... .......... ..........  0%  458K 6d19h
128800K .......... .......... .......... .......... ..........  0%  207K 6d19h
128850K .......... .......... .......... .......... ..........  0%  184K 6d19h
128900K .......... .......... .......... .......... ..........  0%  185K 6d19h
128950K .......... .......... .......... .......... ..........  0%  184K 6d19h
129000K .......... .......... .......... .......... ..........  0%  745K 6d19h
129050K .......... .......... .......... .......... ..........  0%  211K 6d19h
129100K .......... .......... .......... .......... ..........  0%  205K 6d19h
129150K .......... .......... .......... .......... ..........  0%  186K 6d19h
129200K .......... .......... .......... .......... ..........  0%  184K 6d19h
129250K .......... .......... .......... .......... ..........  0%  208K 6d19h
129300K .......... .......... .......... .......... ..........  0%  775K 6d19h
129350K .......... .......... .......... .......... ..........  0%  184K 6d19h
129400K .......... .......... .......... .......... ..........  0%  207K 6d19h
129450K .......... .......... .......... .......... ..........  0%  184K 6d19h
129500K .......... .......... .......... .......... ..........  0%  185K 6d19h
129550K .......... .......... .......... .......... ..........  0%  757K 6d19h
129600K .......... .......... .......... .......... ..........  0%  209K 6d19h
129650K .......... .......... .......... .......... ..........  0%  206K 6d19h
129700K .......... .......... .......... .......... ..........  0%  185K 6d19h
129750K .......... .......... .......... .......... ..........  0%  184K 6d19h
129800K .......... .......... .......... .......... ..........  0%  259K 6d19h
129850K .......... .......... .......... .......... ..........  0%  351K 6d19h
129900K .......... .......... .......... .......... ..........  0%  208K 6d19h
129950K .......... .......... .......... .......... ..........  0%  205K 6d19h
130000K .......... .......... .......... .......... ..........  0%  186K 6d19h
130050K .......... .......... .......... .......... ..........  0%  186K 6d19h
130100K .......... .......... .......... .......... ..........  0%  207K 6d19h
130150K .......... .......... .......... .......... ..........  0%  751K 6d19h
130200K .......... .......... .......... .......... ..........  0%  185K 6d19h
130250K .......... .......... .......... .......... ..........  0%  208K 6d19h
130300K .......... .......... .......... .......... ..........  0%  185K 6d19h
130350K .......... .......... .......... .......... ..........  0%  185K 6d19h
130400K .......... .......... .......... .......... ..........  0%  287K 6d19h
130450K .......... .......... .......... .......... ..........  0%  374K 6d19h
130500K .......... .......... .......... .......... ..........  0%  208K 6d19h
130550K .......... .......... .......... .......... ..........  0%  185K 6d19h
130600K .......... .......... .......... .......... ..........  0%  185K 6d19h
130650K .......... .......... .......... .......... ..........  0%  210K 6d19h
130700K .......... .......... .......... .......... ..........  0%  222K 6d19h
130750K .......... .......... .......... .......... ..........  0%  444K 6d19h
130800K .......... .......... .......... .......... ..........  0%  207K 6d19h
130850K .......... .......... .......... .......... ..........  0%  184K 6d19h
130900K .......... .......... .......... .......... ..........  0%  186K 6d19h
130950K .......... .......... .......... .......... ..........  0%  184K 6d19h
131000K .......... .......... .......... .......... ..........  0%  760K 6d19h
131050K .......... .......... .......... .......... ..........  0%  209K 6d19h
131100K .......... .......... .......... .......... ..........  0%  205K 6d19h
131150K .......... .......... .......... .......... ..........  0%  186K 6d19h
131200K .......... .......... .......... .......... ..........  0%  185K 6d19h
131250K .......... .......... .......... .......... ..........  0%  510K 6d19h
131300K .......... .......... .......... .......... ..........  0%  240K 6d19h
131350K .......... .......... .......... .......... ..........  0%  186K 6d19h
131400K .......... .......... .......... .......... ..........  0%  205K 6d19h
131450K .......... .......... .......... .......... ..........  0%  185K 6d19h
131500K .......... .......... .......... .......... ..........  0%  211K 6d19h
131550K .......... .......... .......... .......... ..........  0%  515K 6d19h
131600K .......... .......... .......... .......... ..........  0%  207K 6d19h
131650K .......... .......... .......... .......... ..........  0%  207K 6d19h
131700K .......... .......... .......... .......... ..........  0%  185K 6d19h
131750K .......... .......... .......... .......... ..........  0%  186K 6d19h
131800K .......... .......... .......... .......... ..........  0%  512K 6d19h
131850K .......... .......... .......... .......... ..........  0%  209K 6d19h
131900K .......... .......... .......... .......... ..........  0%  212K 6d19h
131950K .......... .......... .......... .......... ..........  0%  201K 6d19h
132000K .......... .......... .......... .......... ..........  0%  185K 6d19h
132050K .......... .......... .......... .......... ..........  0%  213K 6d19h
132100K .......... .......... .......... .......... ..........  0%  384K 6d19h
132150K .......... .......... .......... .......... ..........  0%  241K 6d19h
132200K .......... .......... .......... .......... ..........  0%  187K 6d19h
132250K .......... .......... .......... .......... ..........  0%  202K 6d19h
132300K .......... .......... .......... .......... ..........  0%  185K 6d19h
132350K .......... .......... .......... .......... ..........  0%  212K 6d19h
132400K .......... .......... .......... .......... ..........  0%  510K 6d19h
132450K .......... .......... .......... .......... ..........  0%  207K 6d19h
132500K .......... .......... .......... .......... ..........  0%  188K 6d19h
132550K .......... .......... .......... .......... ..........  0%  202K 6d19h
132600K .......... .......... .......... .......... ..........  0%  185K 6d19h
132650K .......... .......... .......... .......... ..........  0%  262K 6d19h
132700K .......... .......... .......... .......... ..........  0%  348K 6d19h
132750K .......... .......... .......... .......... ..........  0%  212K 6d19h
132800K .......... .......... .......... .......... ..........  0%  202K 6d19h
132850K .......... .......... .......... .......... ..........  0%  184K 6d19h
132900K .......... .......... .......... .......... ..........  0%  215K 6d19h
132950K .......... .......... .......... .......... ..........  0%  219K 6d19h
133000K .......... .......... .......... .......... ..........  0%  447K 6d19h
133050K .......... .......... .......... .......... ..........  0%  204K 6d19h
133100K .......... .......... .......... .......... ..........  0%  185K 6d19h
133150K .......... .......... .......... .......... ..........  0%  187K 6d19h
133200K .......... .......... .......... .......... ..........  0%  211K 6d19h
133250K .......... .......... .......... .......... ..........  0%  712K 6d19h
133300K .......... .......... .......... .......... ..........  0%  189K 6d19h
133350K .......... .......... .......... .......... ..........  0%  201K 6d19h
133400K .......... .......... .......... .......... ..........  0%  185K 6d19h
133450K .......... .......... .......... .......... ..........  0%  186K 6d19h
133500K .......... .......... .......... .......... ..........  0%  295K 6d19h
133550K .......... .......... .......... .......... ..........  0%  375K 6d19h
133600K .......... .......... .......... .......... ..........  0%  186K 6d19h
133650K .......... .......... .......... .......... ..........  0%  202K 6d19h
133700K .......... .......... .......... .......... ..........  0%  184K 6d19h
133750K .......... .......... .......... .......... ..........  0%  190K 6d19h
133800K .......... .......... .......... .......... ..........  0% 1.17M 6d19h
133850K .......... .......... .......... .......... ..........  0%  187K 6d19h
133900K .......... .......... .......... .......... ..........  0%  203K 6d19h
133950K .......... .......... .......... .......... ..........  0%  184K 6d19h
134000K .......... .......... .......... .......... ..........  0%  187K 6d19h
134050K .......... .......... .......... .......... ..........  0%  531K 6d19h
134100K .......... .......... .......... .......... ..........  0%  234K 6d19h
134150K .......... .......... .......... .......... ..........  0%  190K 6d19h
134200K .......... .......... .......... .......... ..........  0%  200K 6d19h
134250K .......... .......... .......... .......... ..........  0%  186K 6d19h
134300K .......... .......... .......... .......... ..........  0%  213K 6d19h
134350K .......... .......... .......... .......... ..........  0%  222K 6d19h
134400K .......... .......... .......... .......... ..........  0%  448K 6d19h
134450K .......... .......... .......... .......... ..........  0%  186K 6d19h
134500K .......... .......... .......... .......... ..........  0%  202K 6d19h
134550K .......... .......... .......... .......... ..........  0%  187K 6d19h
134600K .......... .......... .......... .......... ..........  0%  188K 6d19h
134650K .......... .......... .......... .......... ..........  0% 1.18M 6d19h
134700K .......... .......... .......... .......... ..........  0%  187K 6d19h
134750K .......... .......... .......... .......... ..........  0%  203K 6d19h
134800K .......... .......... .......... .......... ..........  0%  186K 6d19h
134850K .......... .......... .......... .......... ..........  0%  186K 6d19h
134900K .......... .......... .......... .......... ..........  0%  537K 6d19h
134950K .......... .......... .......... .......... ..........  0%  206K 6d19h
135000K .......... .......... .......... .......... ..........  0%  211K 6d19h
135050K .......... .......... .......... .......... ..........  0%  202K 6d19h
135100K .......... .......... .......... .......... ..........  0%  186K 6d19h
135150K .......... .......... .......... .......... ..........  0%  189K 6d19h
135200K .......... .......... .......... .......... ..........  0%  256K 6d19h
135250K .......... .......... .......... .......... ..........  0%  440K 6d19h
135300K .......... .......... .......... .......... ..........  0%  204K 6d19h
135350K .......... .......... .......... .......... ..........  0%  184K 6d19h
135400K .......... .......... .......... .......... ..........  0%  188K 6d19h
135450K .......... .......... .......... .......... ..........  0%  187K 6d19h
135500K .......... .......... .......... .......... ..........  0% 1.19M 6d19h
135550K .......... .......... .......... .......... ..........  0%  189K 6d19h
135600K .......... .......... .......... .......... ..........  0%  201K 6d19h
135650K .......... .......... .......... .......... ..........  0%  185K 6d19h
135700K .......... .......... .......... .......... ..........  0%  186K 6d19h
135750K .......... .......... .......... .......... ..........  0%  381K 6d19h
135800K .......... .......... .......... .......... ..........  0%  292K 6d19h
135850K .......... .......... .......... .......... ..........  0%  185K 6d19h
135900K .......... .......... .......... .......... ..........  0%  201K 6d19h
135950K .......... .......... .......... .......... ..........  0%  184K 6d19h
136000K .......... .......... .......... .......... ..........  0%  192K 6d19h
136050K .......... .......... .......... .......... ..........  0% 1.14M 6d19h
136100K .......... .......... .......... .......... ..........  0%  188K 6d19h
136150K .......... .......... .......... .......... ..........  0%  186K 6d19h
136200K .......... .......... .......... .......... ..........  0%  200K 6d19h
136250K .......... .......... .......... .......... ..........  0%  188K 6d19h
136300K .......... .......... .......... .......... ..........  0%  402K 6d19h
136350K .......... .......... .......... .......... ..........  0%  238K 6d19h
136400K .......... .......... .......... .......... ..........  0%  211K 6d19h
136450K .......... .......... .......... .......... ..........  0%  185K 6d19h
136500K .......... .......... .......... .......... ..........  0%  201K 6d19h
136550K .......... .......... .......... .......... ..........  0%  191K 6d19h
136600K .......... .......... .......... .......... ..........  0%  252K 6d19h
136650K .......... .......... .......... .......... ..........  0%  454K 6d19h
136700K .......... .......... .......... .......... ..........  0%  185K 6d19h
136750K .......... .......... .......... .......... ..........  0%  201K 6d19h
136800K .......... .......... .......... .......... ..........  0%  188K 6d19h
136850K .......... .......... .......... .......... ..........  0%  188K 6d19h
136900K .......... .......... .......... .......... ..........  0%  719K 6d19h
136950K .......... .......... .......... .......... ..........  0%  204K 6d19h
137000K .......... .......... .......... .......... ..........  0%  189K 6d19h
137050K .......... .......... .......... .......... ..........  0%  204K 6d19h
137100K .......... .......... .......... .......... ..........  0%  185K 6d19h
137150K .......... .......... .......... .......... ..........  0%  261K 6d19h
137200K .......... .......... .......... .......... ..........  0%  346K 6d19h
137250K .......... .......... .......... .......... ..........  0%  210K 6d19h
137300K .......... .......... .......... .......... ..........  0%  202K 6d19h
137350K .......... .......... .......... .......... ..........  0%  187K 6d19h
137400K .......... .......... .......... .......... ..........  0%  190K 6d19h
137450K .......... .......... .......... .......... ..........  0%  253K 6d19h
137500K .......... .......... .......... .......... ..........  0%  351K 6d19h
137550K .......... .......... .......... .......... ..........  0%  209K 6d19h
137600K .......... .......... .......... .......... ..........  0%  201K 6d19h
137650K .......... .......... .......... .......... ..........  0%  188K 6d19h
137700K .......... .......... .......... .......... ..........  0%  189K 6d19h
137750K .......... .......... .......... .......... ..........  0%  684K 6d19h
137800K .......... .......... .......... .......... ..........  0%  206K 6d19h
137850K .......... .......... .......... .......... ..........  0%  189K 6d19h
137900K .......... .......... .......... .......... ..........  0%  204K 6d19h
137950K .......... .......... .......... .......... ..........  0%  186K 6d19h
138000K .......... .......... .......... .......... ..........  0%  213K 6d19h
138050K .......... .......... .......... .......... ..........  0%  495K 6d19h
138100K .......... .......... .......... .......... ..........  0%  204K 6d19h
138150K .......... .......... .......... .......... ..........  0%  207K 6d19h
138200K .......... .......... .......... .......... ..........  0%  185K 6d19h
138250K .......... .......... .......... .......... ..........  0%  192K 6d19h
138300K .......... .......... .......... .......... ..........  0%  506K 6d19h
138350K .......... .......... .......... .......... ..........  0%  205K 6d19h
138400K .......... .......... .......... .......... ..........  0%  211K 6d19h
138450K .......... .......... .......... .......... ..........  0%  201K 6d19h
138500K .......... .......... .......... .......... ..........  0%  188K 6d19h
138550K .......... .......... .......... .......... ..........  0%  260K 6d19h
138600K .......... .......... .......... .......... ..........  0%  293K 6d19h
138650K .......... .......... .......... .......... ..........  0%  231K 6d19h
138700K .......... .......... .......... .......... ..........  0%  190K 6d19h
138750K .......... .......... .......... .......... ..........  0%  202K 6d19h
138800K .......... .......... .......... .......... ..........  0%  191K 6d19h
138850K .......... .......... .......... .......... ..........  0%  208K 6d19h
138900K .......... .......... .......... .......... ..........  0%  494K 6d19h
138950K .......... .......... .......... .......... ..........  0%  204K 6d19h
139000K .......... .......... .......... .......... ..........  0%  207K 6d19h
139050K .......... .......... .......... .......... ..........  0%  188K 6d19h
139100K .......... .......... .......... .......... ..........  0%  188K 6d19h
139150K .......... .......... .......... .......... ..........  0%  516K 6d19h
139200K .......... .......... .......... .......... ..........  0%  205K 6d19h
139250K .......... .......... .......... .......... ..........  0%  210K 6d19h
139300K .......... .......... .......... .......... ..........  0%  204K 6d19h
139350K .......... .......... .......... .......... ..........  0%  187K 6d19h
139400K .......... .......... .......... .......... ..........  0%  218K 6d19h
139450K .......... .......... .......... .......... ..........  0%  369K 6d19h
139500K .......... .......... .......... .......... ..........  0%  231K 6d19h
139550K .......... .......... .......... .......... ..........  0%  207K 6d19h
139600K .......... .......... .......... .......... ..........  0%  186K 6d19h
139650K .......... .......... .......... .......... ..........  0%  190K 6d19h
139700K .......... .......... .......... .......... ..........  0%  209K 6d19h
139750K .......... .......... .......... .......... ..........  0%  488K 6d19h
139800K .......... .......... .......... .......... ..........  0%  212K 6d19h
139850K .......... .......... .......... .......... ..........  0%  200K 6d19h
139900K .......... .......... .......... .......... ..........  0%  189K 6d19h
139950K .......... .......... .......... .......... ..........  0%  186K 6d19h
140000K .......... .......... .......... .......... ..........  0%  516K 6d19h
140050K .......... .......... .......... .......... ..........  0%  231K 6d19h
140100K .......... .......... .......... .......... ..........  0%  187K 6d19h
140150K .......... .......... .......... .......... ..........  0%  205K 6d19h
140200K .......... .......... .......... .......... ..........  0%  185K 6d19h
140250K .......... .......... .......... .......... ..........  0%  216K 6d19h
140300K .......... .......... .......... .......... ..........  0%  483K 6d19h
140350K .......... .......... .......... .......... ..........  0%  205K 6d19h
140400K .......... .......... .......... .......... ..........  0%  207K 6d19h
140450K .......... .......... .......... .......... ..........  0%  185K 6d19h
140500K .......... .......... .......... .......... ..........  0%  190K 6d19h
140550K .......... .......... .......... .......... ..........  0%  512K 6d19h
140600K .......... .......... .......... .......... ..........  0%  205K 6d19h
140650K .......... .......... .......... .......... ..........  0%  213K 6d19h
140700K .......... .......... .......... .......... ..........  0%  185K 6d19h
140750K .......... .......... .......... .......... ..........  0%  202K 6d19h
140800K .......... .......... .......... .......... ..........  0%  217K 6d19h
140850K .......... .......... .......... .......... ..........  0%  380K 6d19h
140900K .......... .......... .......... .......... ..........  0%  232K 6d19h
140950K .......... .......... .......... .......... ..........  0%  187K 6d19h
141000K .......... .......... .......... .......... ..........  0%  206K 6d19h
141050K .......... .......... .......... .......... ..........  0%  190K 6d19h
141100K .......... .......... .......... .......... ..........  0%  210K 6d19h
141150K .......... .......... .......... .......... ..........  0%  485K 6d19h
141200K .......... .......... .......... .......... ..........  0%  204K 6d19h
141250K .......... .......... .......... .......... ..........  0%  207K 6d19h
141300K .......... .......... .......... .......... ..........  0%  190K 6d19h
141350K .......... .......... .......... .......... ..........  0%  186K 6d19h
141400K .......... .......... .......... .......... ..........  0%  512K 6d19h
141450K .......... .......... .......... .......... ..........  0%  206K 6d19h
141500K .......... .......... .......... .......... ..........  0%  208K 6d19h
141550K .......... .......... .......... .......... ..........  0%  205K 6d19h
141600K .......... .......... .......... .......... ..........  0%  185K 6d19h
141650K .......... .......... .......... .......... ..........  0%  217K 6d19h
141700K .......... .......... .......... .......... ..........  0%  379K 6d19h
141750K .......... .......... .......... .......... ..........  0%  232K 6d19h
141800K .......... .......... .......... .......... ..........  0%  206K 6d19h
141850K .......... .......... .......... .......... ..........  0%  186K 6d19h
141900K .......... .......... .......... .......... ..........  0%  191K 6d19h
141950K .......... .......... .......... .......... ..........  0%  209K 6d19h
142000K .......... .......... .......... .......... ..........  0%  488K 6d19h
142050K .......... .......... .......... .......... ..........  0%  207K 6d19h
142100K .......... .......... .......... .......... ..........  0%  205K 6d19h
142150K .......... .......... .......... .......... ..........  0%  190K 6d19h
142200K .......... .......... .......... .......... ..........  0%  187K 6d19h
142250K .......... .......... .......... .......... ..........  0%  504K 6d19h
142300K .......... .......... .......... .......... ..........  0%  233K 6d19h
142350K .......... .......... .......... .......... ..........  0%  185K 6d19h
142400K .......... .......... .......... .......... ..........  0%  205K 6d19h
142450K .......... .......... .......... .......... ..........  0%  186K 6d19h
142500K .......... .......... .......... .......... ..........  0%  217K 6d19h
142550K .......... .......... .......... .......... ..........  0%  484K 6d19h
142600K .......... .......... .......... .......... ..........  0%  204K 6d19h
142650K .......... .......... .......... .......... ..........  0%  207K 6d19h
142700K .......... .......... .......... .......... ..........  0%  185K 6d19h
142750K .......... .......... .......... .......... ..........  0%  191K 6d19h
142800K .......... .......... .......... .......... ..........  0%  502K 6d19h
142850K .......... .......... .......... .......... ..........  0%  206K 6d19h
142900K .......... .......... .......... .......... ..........  0%  207K 6d19h
142950K .......... .......... .......... .......... ..........  0%  205K 6d19h
143000K .......... .......... .......... .......... ..........  0%  187K 6d19h
143050K .......... .......... .......... .......... ..........  0%  218K 6d19h
143100K .......... .......... .......... .......... ..........  0%  373K 6d19h
143150K .......... .......... .......... .......... ..........  0%  233K 6d19h
143200K .......... .......... .......... .......... ..........  0%  184K 6d19h
143250K .......... .......... .......... .......... ..........  0%  207K 6d19h
143300K .......... .......... .......... .......... ..........  0%  192K 6d19h
143350K .......... .......... .......... .......... ..........  0%  210K 6d19h
143400K .......... .......... .......... .......... ..........  0%  484K 6d19h
143450K .......... .......... .......... .......... ..........  0%  204K 6d19h
143500K .......... .......... .......... .......... ..........  0%  206K 6d19h
143550K .......... .......... .......... .......... ..........  0%  188K 6d19h
143600K .......... .......... .......... .......... ..........  0%  189K 6d19h
143650K .......... .......... .......... .......... ..........  0%  490K 6d19h
143700K .......... .......... .......... .......... ..........  0%  208K 6d19h
143750K .......... .......... .......... .......... ..........  0%  206K 6d19h
143800K .......... .......... .......... .......... ..........  0%  207K 6d19h
143850K .......... .......... .......... .......... ..........  0%  187K 6d19h
143900K .......... .......... .......... .......... ..........  0%  217K 6d19h
143950K .......... .......... .......... .......... ..........  0%  369K 6d19h
144000K .......... .......... .......... .......... ..........  0%  235K 6d19h
144050K .......... .......... .......... .......... ..........  0%  205K 6d19h
144100K .......... .......... .......... .......... ..........  0%  186K 6d19h
144150K .......... .......... .......... .......... ..........  0%  192K 6d19h
144200K .......... .......... .......... .......... ..........  0%  211K 6d19h
144250K .......... .......... .......... .......... ..........  0%  481K 6d19h
144300K .......... .......... .......... .......... ..........  0%  206K 6d19h
144350K .......... .......... .......... .......... ..........  0%  189K 6d19h
144400K .......... .......... .......... .......... ..........  0%  202K 6d19h
144450K .......... .......... .......... .......... ..........  0%  189K 6d19h
144500K .......... .......... .......... .......... ..........  0%  494K 6d19h
144550K .......... .......... .......... .......... ..........  0%  234K 6d19h
144600K .......... .......... .......... .......... ..........  0%  185K 6d19h
144650K .......... .......... .......... .......... ..........  0%  205K 6d19h
144700K .......... .......... .......... .......... ..........  0%  188K 6d19h
144750K .......... .......... .......... .......... ..........  0%  218K 6d19h
144800K .......... .......... .......... .......... ..........  0%  155K 6d19h
144850K .......... .......... .......... .......... ..........  0%  185K 6d19h
144900K .......... .......... .......... .......... ..........  0%  184K 6d19h
144950K .......... .......... .......... .......... ..........  0%  184K 6d19h
145000K .......... .......... .......... .......... ..........  0%  184K 6d19h
145050K .......... .......... .......... .......... ..........  0%  184K 6d19h
145100K .......... .......... .......... .......... ..........  0%  184K 6d19h
145150K .......... .......... .......... .......... ..........  0% 1.35M 6d19h
145200K .......... .......... .......... .......... ..........  0%  185K 6d19h
145250K .......... .......... .......... .......... ..........  0%  208K 6d19h
145300K .......... .......... .......... .......... ..........  0%  185K 6d19h
145350K .......... .......... .......... .......... ..........  0%  184K 6d19h
145400K .......... .......... .......... .......... ..........  0%  267K 6d19h
145450K .......... .......... .......... .......... ..........  0%  416K 6d19h
145500K .......... .......... .......... .......... ..........  0%  210K 6d19h
145550K .......... .......... .......... .......... ..........  0%  184K 6d19h
145600K .......... .......... .......... .......... ..........  0%  185K 6d19h
145650K .......... .......... .......... .......... ..........  0%  185K 6d19h
145700K .......... .......... .......... .......... ..........  0%  267K 6d19h
145750K .......... .......... .......... .......... ..........  0%  425K 6d19h
145800K .......... .......... .......... .......... ..........  0%  206K 6d19h
145850K .......... .......... .......... .......... ..........  0%  184K 6d19h
145900K .......... .......... .......... .......... ..........  0%  185K 6d19h
145950K .......... .......... .......... .......... ..........  0%  186K 6d19h
146000K .......... .......... .......... .......... ..........  0%  745K 6d19h
146050K .......... .......... .......... .......... ..........  0%  210K 6d19h
146100K .......... .......... .......... .......... ..........  0%  205K 6d19h
146150K .......... .......... .......... .......... ..........  0%  185K 6d19h
146200K .......... .......... .......... .......... ..........  0%  184K 6d19h
146250K .......... .......... .......... .......... ..........  0%  194K 6d19h
146300K .......... .......... .......... .......... ..........  0% 1.04M 6d19h
146350K .......... .......... .......... .......... ..........  0%  186K 6d19h
146400K .......... .......... .......... .......... ..........  0%  205K 6d19h
146450K .......... .......... .......... .......... ..........  0%  184K 6d19h
146500K .......... .......... .......... .......... ..........  0%  186K 6d19h
146550K .......... .......... .......... .......... ..........  0%  769K 6d19h
146600K .......... .......... .......... .......... ..........  0%  207K 6d19h
146650K .......... .......... .......... .......... ..........  0%  207K 6d19h
146700K .......... .......... .......... .......... ..........  0%  185K 6d19h
146750K .......... .......... .......... .......... ..........  0%  185K 6d19h
146800K .......... .......... .......... .......... ..........  0%  274K 6d19h
146850K .......... .......... .......... .......... ..........  0%  330K 6d19h
146900K .......... .......... .......... .......... ..........  0%  209K 6d19h
146950K .......... .......... .......... .......... ..........  0%  204K 6d19h
147000K .......... .......... .......... .......... ..........  0%  185K 6d19h
147050K .......... .......... .......... .......... ..........  0%  188K 6d19h
147100K .......... .......... .......... .......... ..........  0%  267K 6d19h
147150K .......... .......... .......... .......... ..........  0%  412K 6d19h
147200K .......... .......... .......... .......... ..........  0%  186K 6d19h
147250K .......... .......... .......... .......... ..........  0%  204K 6d19h
147300K .......... .......... .......... .......... ..........  0%  185K 6d19h
147350K .......... .......... .......... .......... ..........  0%  186K 6d19h
147400K .......... .......... .......... .......... ..........  0%  758K 6d19h
147450K .......... .......... .......... .......... ..........  0%  207K 6d19h
147500K .......... .......... .......... .......... ..........  0%  207K 6d19h
147550K .......... .......... .......... .......... ..........  0%  184K 6d19h
147600K .......... .......... .......... .......... ..........  0%  185K 6d19h
147650K .......... .......... .......... .......... ..........  0%  272K 6d19h
147700K .......... .......... .......... .......... ..........  0%  334K 6d19h
147750K .......... .......... .......... .......... ..........  0%  209K 6d19h
147800K .......... .......... .......... .......... ..........  0%  204K 6d19h
147850K .......... .......... .......... .......... ..........  0%  184K 6d19h
147900K .......... .......... .......... .......... ..........  0%  188K 6d19h
147950K .......... .......... .......... .......... ..........  0%  267K 6d19h
148000K .......... .......... .......... .......... ..........  0%  418K 6d19h
148050K .......... .......... .......... .......... ..........  0%  187K 6d19h
148100K .......... .......... .......... .......... ..........  0%  203K 6d19h
148150K .......... .......... .......... .......... ..........  0%  186K 6d19h
148200K .......... .......... .......... .......... ..........  0%  185K 6d19h
148250K .......... .......... .......... .......... ..........  0% 1.27M 6d19h
148300K .......... .......... .......... .......... ..........  0%  189K 6d19h
148350K .......... .......... .......... .......... ..........  0%  185K 6d19h
148400K .......... .......... .......... .......... ..........  0%  203K 6d19h
148450K .......... .......... .......... .......... ..........  0%  186K 6d19h
148500K .......... .......... .......... .......... ..........  0%  272K 6d19h
148550K .......... .......... .......... .......... ..........  0%  416K 6d19h
148600K .......... .......... .......... .......... ..........  0%  185K 6d19h
148650K .......... .......... .......... .......... ..........  0%  203K 6d19h
148700K .......... .......... .......... .......... ..........  0%  185K 6d19h
148750K .......... .......... .......... .......... ..........  0%  188K 6d19h
148800K .......... .......... .......... .......... ..........  0% 1.23M 6d19h
148850K .......... .......... .......... .......... ..........  0%  187K 6d19h
148900K .......... .......... .......... .......... ..........  0%  187K 6d19h
148950K .......... .......... .......... .......... ..........  0%  202K 6d19h
149000K .......... .......... .......... .......... ..........  0%  187K 6d19h
149050K .......... .......... .......... .......... ..........  0%  486K 6d19h
149100K .......... .......... .......... .......... ..........  0%  244K 6d19h
149150K .......... .......... .......... .......... ..........  0%  188K 6d19h
149200K .......... .......... .......... .......... ..........  0%  185K 6d19h
149250K .......... .......... .......... .......... ..........  0%  204K 6d19h
149300K .......... .......... .......... .......... ..........  0%  187K 6d19h
149350K .......... .......... .......... .......... ..........  0%  665K 6d19h
149400K .......... .......... .......... .......... ..........  0%  214K 6d19h
149450K .......... .......... .......... .......... ..........  0%  185K 6d19h
149500K .......... .......... .......... .......... ..........  0%  205K 6d19h
149550K .......... .......... .......... .......... ..........  0%  187K 6d19h
149600K .......... .......... .......... .......... ..........  0%  187K 6d19h
149650K .......... .......... .......... .......... ..........  0%  755K 6d19h
149700K .......... .......... .......... .......... ..........  0%  205K 6d19h
149750K .......... .......... .......... .......... ..........  0%  188K 6d19h
149800K .......... .......... .......... .......... ..........  0%  204K 6d19h
149850K .......... .......... .......... .......... ..........  0%  184K 6d19h
149900K .......... .......... .......... .......... ..........  0%  716K 6d19h
149950K .......... .......... .......... .......... ..........  0%  190K 6d19h
150000K .......... .......... .......... .......... ..........  0%  209K 6d19h
150050K .......... .......... .......... .......... ..........  0%  203K 6d19h
150100K .......... .......... .......... .......... ..........  0%  186K 6d19h
150150K .......... .......... .......... .......... ..........  0%  188K 6d19h
150200K .......... .......... .......... .......... ..........  0%  659K 6d19h
150250K .......... .......... .......... .......... ..........  0%  213K 6d19h
150300K .......... .......... .......... .......... ..........  0%  188K 6d19h
150350K .......... .......... .......... .......... ..........  0%  201K 6d19h
150400K .......... .......... .......... .......... ..........  0%  189K 6d19h
150450K .......... .......... .......... .......... ..........  0%  186K 6d19h
150500K .......... .......... .......... .......... ..........  0%  759K 6d19h
150550K .......... .......... .......... .......... ..........  0%  207K 6d19h
150600K .......... .......... .......... .......... ..........  0%  186K 6d19h
150650K .......... .......... .......... .......... ..........  0%  202K 6d19h
150700K .......... .......... .......... .......... ..........  0%  186K 6d19h
150750K .......... .......... .......... .......... ..........  0%  452K 6d19h
150800K .......... .......... .......... .......... ..........  0%  255K 6d19h
150850K .......... .......... .......... .......... ..........  0%  187K 6d19h
150900K .......... .......... .......... .......... ..........  0%  204K 6d19h
150950K .......... .......... .......... .......... ..........  0%  185K 6d19h
151000K .......... .......... .......... .......... ..........  0%  189K 6d19h
151050K .......... .......... .......... .......... ..........  0% 1.15M 6d19h
151100K .......... .......... .......... .......... ..........  0%  186K 6d19h
151150K .......... .......... .......... .......... ..........  0%  190K 6d19h
151200K .......... .......... .......... .......... ..........  0%  201K 6d19h
151250K .......... .......... .......... .......... ..........  0%  188K 6d19h
151300K .......... .......... .......... .......... ..........  0%  654K 6d19h
151350K .......... .......... .......... .......... ..........  0%  213K 6d19h
151400K .......... .......... .......... .......... ..........  0%  189K 6d19h
151450K .......... .......... .......... .......... ..........  0%  187K 6d19h
151500K .......... .......... .......... .......... ..........  0%  203K 6d19h
151550K .......... .......... .......... .......... ..........  0%  276K 6d19h
151600K .......... .......... .......... .......... ..........  0%  251K 6d19h
151650K .......... .......... .......... .......... ..........  0%  254K 6d19h
151700K .......... .......... .......... .......... ..........  0%  187K 6d19h
151750K .......... .......... .......... .......... ..........  0%  203K 6d19h
151800K .......... .......... .......... .......... ..........  0%  189K 6d19h
151850K .......... .......... .......... .......... ..........  0%  217K 6d19h
151900K .......... .......... .......... .......... ..........  0%  621K 6d19h
151950K .......... .......... .......... .......... ..........  0%  185K 6d19h
152000K .......... .......... .......... .......... ..........  0%  190K 6d19h
152050K .......... .......... .......... .......... ..........  0%  203K 6d19h
152100K .......... .......... .......... .......... ..........  0%  186K 6d19h
152150K .......... .......... .......... .......... ..........  0%  665K 6d19h
152200K .......... .......... .......... .......... ..........  0%  213K 6d19h
152250K .......... .......... .......... .......... ..........  0%  188K 6d19h
152300K .......... .......... .......... .......... ..........  0%  203K 6d19h
152350K .......... .......... .......... .......... ..........  0%  187K 6d19h
152400K .......... .......... .......... .......... ..........  0%  277K 6d19h
152450K .......... .......... .......... .......... ..........  0%  250K 6d19h
152500K .......... .......... .......... .......... ..........  0%  253K 6d19h
152550K .......... .......... .......... .......... ..........  0%  206K 6d19h
152600K .......... .......... .......... .......... ..........  0%  186K 6d19h
152650K .......... .......... .......... .......... ..........  0%  187K 6d19h
152700K .......... .......... .......... .......... ..........  0%  273K 6d19h
152750K .......... .......... .......... .......... ..........  0%  396K 6d19h
152800K .......... .......... .......... .......... ..........  0%  189K 6d19h
152850K .......... .......... .......... .......... ..........  0%  187K 6d19h
152900K .......... .......... .......... .......... ..........  0%  203K 6d19h
152950K .......... .......... .......... .......... ..........  0%  185K 6d19h
153000K .......... .......... .......... .......... ..........  0%  676K 6d19h
153050K .......... .......... .......... .......... ..........  0%  214K 6d19h
153100K .......... .......... .......... .......... ..........  0%  188K 6d19h
153150K .......... .......... .......... .......... ..........  0%  204K 6d19h
153200K .......... .......... .......... .......... ..........  0%  186K 6d19h
153250K .......... .......... .......... .......... ..........  0%  277K 6d19h
153300K .......... .......... .......... .......... ..........  0%  391K 6d19h
153350K .......... .......... .......... .......... ..........  0%  185K 6d19h
153400K .......... .......... .......... .......... ..........  0%  207K 6d19h
153450K .......... .......... .......... .......... ..........  0%  185K 6d19h
153500K .......... .......... .......... .......... ..........  0%  188K 6d19h
153550K .......... .......... .......... .......... ..........  0%  656K 6d19h
153600K .......... .......... .......... .......... ..........  0%  212K 6d19h
153650K .......... .......... .......... .......... ..........  0%  190K 6d19h
153700K .......... .......... .......... .......... ..........  0%  201K 6d19h
153750K .......... .......... .......... .......... ..........  0%  188K 6d19h
153800K .......... .......... .......... .......... ..........  0%  277K 6d19h
153850K .......... .......... .......... .......... ..........  0%  304K 6d19h
153900K .......... .......... .......... .......... ..........  0%  213K 6d19h
153950K .......... .......... .......... .......... ..........  0%  189K 6d19h
154000K .......... .......... .......... .......... ..........  0%  205K 6d19h
154050K .......... .......... .......... .......... ..........  0%  189K 6d19h
154100K .......... .......... .......... .......... ..........  0%  269K 6d19h
154150K .......... .......... .......... .......... ..........  0%  390K 6d18h
154200K .......... .......... .......... .......... ..........  0%  184K 6d19h
154250K .......... .......... .......... .......... ..........  0%  208K 6d19h
154300K .......... .......... .......... .......... ..........  0%  187K 6d19h
154350K .......... .......... .......... .......... ..........  0%  186K 6d19h
154400K .......... .......... .......... .......... ..........  0%  781K 6d18h
154450K .......... .......... .......... .......... ..........  0%  201K 6d18h
154500K .......... .......... .......... .......... ..........  0%  190K 6d18h
154550K .......... .......... .......... .......... ..........  0%  204K 6d19h
154600K .......... .......... .......... .......... ..........  0%  184K 6d19h
154650K .......... .......... .......... .......... ..........  0%  278K 6d18h
154700K .......... .......... .......... .......... ..........  0%  330K 6d18h
154750K .......... .......... .......... .......... ..........  0%  203K 6d18h
154800K .......... .......... .......... .......... ..........  0%  207K 6d18h
154850K .......... .......... .......... .......... ..........  0%  186K 6d18h
154900K .......... .......... .......... .......... ..........  0%  189K 6d19h
154950K .......... .......... .......... .......... ..........  0%  271K 6d18h
155000K .......... .......... .......... .......... ..........  0%  388K 6d18h
155050K .......... .......... .......... .......... ..........  0%  190K 6d18h
155100K .......... .......... .......... .......... ..........  0%  202K 6d18h
155150K .......... .......... .......... .......... ..........  0%  187K 6d18h
155200K .......... .......... .......... .......... ..........  0%  186K 6d19h
155250K .......... .......... .......... .......... ..........  0%  808K 6d18h
155300K .......... .......... .......... .......... ..........  0%  204K 6d18h
155350K .......... .......... .......... .......... ..........  0%  188K 6d18h
155400K .......... .......... .......... .......... ..........  0%  203K 6d18h
155450K .......... .......... .......... .......... ..........  0%  185K 6d18h
155500K .......... .......... .......... .......... ..........  0%  340K 6d18h
155550K .......... .......... .......... .......... ..........  0%  313K 6d18h
155600K .......... .......... .......... .......... ..........  0%  186K 6d18h
155650K .......... .......... .......... .......... ..........  0%  207K 6d18h
155700K .......... .......... .......... .......... ..........  0%  184K 6d18h
155750K .......... .......... .......... .......... ..........  0%  190K 6d18h
155800K .......... .......... .......... .......... ..........  0%  760K 6d18h
155850K .......... .......... .......... .......... ..........  0%  201K 6d18h
155900K .......... .......... .......... .......... ..........  0%  187K 6d18h
155950K .......... .......... .......... .......... ..........  0%  205K 6d18h
156000K .......... .......... .......... .......... ..........  0%  185K 6d18h
156050K .......... .......... .......... .......... ..........  0%  341K 6d18h
156100K .......... .......... .......... .......... ..........  0%  251K 6d18h
156150K .......... .......... .......... .......... ..........  0%  215K 6d18h
156200K .......... .......... .......... .......... ..........  0%  187K 6d18h
156250K .......... .......... .......... .......... ..........  0%  206K 6d18h
156300K .......... .......... .......... .......... ..........  0%  190K 6d18h
156350K .......... .......... .......... .......... ..........  0%  325K 6d18h
156400K .......... .......... .......... .......... ..........  0%  312K 6d18h
156450K .......... .......... .......... .......... ..........  0%  184K 6d18h
156500K .......... .......... .......... .......... ..........  0%  192K 6d18h
156550K .......... .......... .......... .......... ..........  0%  201K 6d18h
156600K .......... .......... .......... .......... ..........  0%  189K 6d18h
156650K .......... .......... .......... .......... ..........  0%  620K 6d18h
156700K .......... .......... .......... .......... ..........  0%  214K 6d18h
156750K .......... .......... .......... .......... ..........  0%  188K 6d18h
156800K .......... .......... .......... .......... ..........  0%  205K 6d18h
156850K .......... .......... .......... .......... ..........  0%  185K 6d18h
156900K .......... .......... .......... .......... ..........  0%  341K 6d18h
156950K .......... .......... .......... .......... ..........  0%  251K 6d18h
157000K .......... .......... .......... .......... ..........  0%  215K 6d18h
157050K .......... .......... .......... .......... ..........  0%  193K 6d18h
157100K .......... .......... .......... .......... ..........  0%  199K 6d18h
157150K .......... .......... .......... .......... ..........  0%  190K 6d18h
157200K .......... .......... .......... .......... ..........  0%  326K 6d18h
157250K .......... .......... .......... .......... ..........  0%  311K 6d18h
157300K .......... .......... .......... .......... ..........  0%  190K 6d18h
157350K .......... .......... .......... .......... ..........  0%  187K 6d18h
157400K .......... .......... .......... .......... ..........  0%  201K 6d18h
157450K .......... .......... .......... .......... ..........  0%  188K 6d18h
157500K .......... .......... .......... .......... ..........  0%  621K 6d18h
157550K .......... .......... .......... .......... ..........  0%  214K 6d18h
157600K .......... .......... .......... .......... ..........  0%  190K 6d18h
157650K .......... .......... .......... .......... ..........  0%  204K 6d18h
157700K .......... .......... .......... .......... ..........  0%  187K 6d18h
157750K .......... .......... .......... .......... ..........  0%  332K 6d18h
157800K .......... .......... .......... .......... ..........  0%  309K 6d18h
157850K .......... .......... .......... .......... ..........  0%  185K 6d18h
157900K .......... .......... .......... .......... ..........  0%  193K 6d18h
157950K .......... .......... .......... .......... ..........  0%  199K 6d18h
158000K .......... .......... .......... .......... ..........  0%  190K 6d18h
158050K .......... .......... .......... .......... ..........  0%  610K 6d18h
158100K .......... .......... .......... .......... ..........  0%  214K 6d18h
158150K .......... .......... .......... .......... ..........  0%  192K 6d18h
158200K .......... .......... .......... .......... ..........  0%  187K 6d18h
158250K .......... .......... .......... .......... ..........  0%  204K 6d18h
158300K .......... .......... .......... .......... ..........  0%  334K 6d18h
158350K .......... .......... .......... .......... ..........  0%  249K 6d18h
158400K .......... .......... .......... .......... ..........  0%  216K 6d18h
158450K .......... .......... .......... .......... ..........  0%  188K 6d18h
158500K .......... .......... .......... .......... ..........  0%  205K 6d18h
158550K .......... .......... .......... .......... ..........  0%  190K 6d18h
158600K .......... .......... .......... .......... ..........  0%  327K 6d18h
158650K .......... .......... .......... .......... ..........  0%  307K 6d18h
158700K .......... .......... .......... .......... ..........  0%  185K 6d18h
158750K .......... .......... .......... .......... ..........  0%  194K 6d18h
158800K .......... .......... .......... .......... ..........  0%  203K 6d18h
158850K .......... .......... .......... .......... ..........  0%  187K 6d18h
158900K .......... .......... .......... .......... ..........  0%  605K 6d18h
158950K .......... .......... .......... .......... ..........  0%  213K 6d18h
159000K .......... .......... .......... .......... ..........  0%  190K 6d18h
159050K .......... .......... .......... .......... ..........  0%  205K 6d18h
159100K .......... .......... .......... .......... ..........  0%  187K 6d18h
159150K .......... .......... .......... .......... ..........  0%  335K 6d18h
159200K .......... .......... .......... .......... ..........  0%  247K 6d18h
159250K .......... .......... .......... .......... ..........  0%  216K 6d18h
159300K .......... .......... .......... .......... ..........  0%  194K 6d18h
159350K .......... .......... .......... .......... ..........  0%  199K 6d18h
159400K .......... .......... .......... .......... ..........  0%  191K 6d18h
159450K .......... .......... .......... .......... ..........  0%  326K 6d18h
159500K .......... .......... .......... .......... ..........  0%  305K 6d18h
159550K .......... .......... .......... .......... ..........  0%  190K 6d18h
159600K .......... .......... .......... .......... ..........  0%  189K 6d18h
159650K .......... .......... .......... .......... ..........  0%  204K 6d18h
159700K .......... .......... .......... .......... ..........  0%  187K 6d18h
159750K .......... .......... .......... .......... ..........  0%  760K 6d18h
159800K .......... .......... .......... .......... ..........  0%  200K 6d18h
159850K .......... .......... .......... .......... ..........  0%  188K 6d18h
159900K .......... .......... .......... .......... ..........  0%  204K 6d18h
159950K .......... .......... .......... .......... ..........  0%  188K 6d18h
160000K .......... .......... .......... .......... ..........  0%  336K 6d18h
160050K .......... .......... .......... .......... ..........  0%  304K 6d18h
160100K .......... .......... .......... .......... ..........  0%  186K 6d18h
160150K .......... .......... .......... .......... ..........  0%  193K 6d18h
160200K .......... .......... .......... .......... ..........  0%  198K 6d18h
160250K .......... .......... .......... .......... ..........  0%  192K 6d18h
160300K .......... .......... .......... .......... ..........  0%  608K 6d18h
160350K .......... .......... .......... .......... ..........  0%  211K 6d18h
160400K .......... .......... .......... .......... ..........  0%  193K 6d18h
160450K .......... .......... .......... .......... ..........  0%  187K 6d18h
160500K .......... .......... .......... .......... ..........  0%  200K 6d18h
160550K .......... .......... .......... .......... ..........  0%  344K 6d18h
160600K .......... .......... .......... .......... ..........  0%  249K 6d18h
160650K .......... .......... .......... .......... ..........  0%  214K 6d18h
160700K .......... .......... .......... .......... ..........  0%  189K 6d18h
160750K .......... .......... .......... .......... ..........  0%  203K 6d18h
160800K .......... .......... .......... .......... ..........  0%  191K 6d18h
160850K .......... .......... .......... .......... ..........  0%  328K 6d18h
160900K .......... .......... .......... .......... ..........  0%  303K 6d18h
160950K .......... .......... .......... .......... ..........  0%  185K 6d18h
161000K .......... .......... .......... .......... ..........  0%  194K 6d18h
161050K .......... .......... .......... .......... ..........  0%  200K 6d18h
161100K .......... .......... .......... .......... ..........  0%  190K 6d18h
161150K .......... .......... .......... .......... ..........  0%  601K 6d18h
161200K .......... .......... .......... .......... ..........  0%  213K 6d18h
161250K .......... .......... .......... .......... ..........  0%  192K 6d18h
161300K .......... .......... .......... .......... ..........  0%  203K 6d18h
161350K .......... .......... .......... .......... ..........  0%  185K 6d18h
161400K .......... .......... .......... .......... ..........  0%  347K 6d18h
161450K .......... .......... .......... .......... ..........  0%  247K 6d18h
161500K .......... .......... .......... .......... ..........  0%  214K 6d18h
161550K .......... .......... .......... .......... ..........  0%  196K 6d18h
161600K .......... .......... .......... .......... ..........  0%  198K 6d18h
161650K .......... .......... .......... .......... ..........  0%  192K 6d18h
161700K .......... .......... .......... .......... ..........  0%  327K 6d18h
161750K .......... .......... .......... .......... ..........  0%  301K 6d18h
161800K .......... .......... .......... .......... ..........  0%  192K 6d18h
161850K .......... .......... .......... .......... ..........  0%  188K 6d18h
161900K .......... .......... .......... .......... ..........  0%  203K 6d18h
161950K .......... .......... .......... .......... ..........  0%  186K 6d18h
162000K .......... .......... .......... .......... ..........  0%  612K 6d18h
162050K .......... .......... .......... .......... ..........  0%  213K 6d18h
162100K .......... .......... .......... .......... ..........  0%  190K 6d18h
162150K .......... .......... .......... .......... ..........  0%  203K 6d18h
162200K .......... .......... .......... .......... ..........  0%  185K 6d18h
162250K .......... .......... .......... .......... ..........  0%  349K 6d18h
162300K .......... .......... .......... .......... ..........  0%  300K 6d18h
162350K .......... .......... .......... .......... ..........  0%  186K 6d18h
162400K .......... .......... .......... .......... ..........  0%  194K 6d18h
162450K .......... .......... .......... .......... ..........  0%  197K 6d18h
162500K .......... .......... .......... .......... ..........  0%  192K 6d18h
162550K .......... .......... .......... .......... ..........  0%  728K 6d18h
162600K .......... .......... .......... .......... ..........  0%  200K 6d18h
162650K .......... .......... .......... .......... ..........  0%  191K 6d18h
162700K .......... .......... .......... .......... ..........  0%  188K 6d18h
162750K .......... .......... .......... .......... ..........  0%  203K 6d18h
162800K .......... .......... .......... .......... ..........  0%  338K 6d18h
162850K .......... .......... .......... .......... ..........  0%  248K 6d18h
162900K .......... .......... .......... .......... ..........  0%  214K 6d18h
162950K .......... .......... .......... .......... ..........  0%  189K 6d18h
163000K .......... .......... .......... .......... ..........  0%  202K 6d18h
163050K .......... .......... .......... .......... ..........  0%  193K 6d18h
163100K .......... .......... .......... .......... ..........  0%  329K 6d18h
163150K .......... .......... .......... .......... ..........  0%  297K 6d18h
163200K .......... .......... .......... .......... ..........  0%  187K 6d18h
163250K .......... .......... .......... .......... ..........  0%  194K 6d18h
163300K .......... .......... .......... .......... ..........  0%  202K 6d18h
163350K .......... .......... .......... .......... ..........  0%  187K 6d18h
163400K .......... .......... .......... .......... ..........  0%  601K 6d18h
163450K .......... .......... .......... .......... ..........  0%  211K 6d18h
163500K .......... .......... .......... .......... ..........  0%  193K 6d18h
163550K .......... .......... .......... .......... ..........  0%  202K 6d18h
163600K .......... .......... .......... .......... ..........  0%  186K 6d18h
163650K .......... .......... .......... .......... ..........  0%  349K 6d18h
163700K .......... .......... .......... .......... ..........  0%  245K 6d18h
163750K .......... .......... .......... .......... ..........  0%  216K 6d18h
163800K .......... .......... .......... .......... ..........  0%  193K 6d18h
163850K .......... .......... .......... .......... ..........  0%  198K 6d18h
163900K .......... .......... .......... .......... ..........  0%  192K 6d18h
163950K .......... .......... .......... .......... ..........  0%  330K 6d18h
164000K .......... .......... .......... .......... ..........  0%  300K 6d18h
164050K .......... .......... .......... .......... ..........  0%  190K 6d18h
164100K .......... .......... .......... .......... ..........  0%  187K 6d18h
164150K .......... .......... .......... .......... ..........  0%  203K 6d18h
164200K .......... .......... .......... .......... ..........  0%  189K 6d18h
164250K .......... .......... .......... .......... ..........  0%  607K 6d18h
164300K .......... .......... .......... .......... ..........  0%  216K 6d18h
164350K .......... .......... .......... .......... ..........  0%  188K 6d18h
164400K .......... .......... .......... .......... ..........  0%  204K 6d18h
164450K .......... .......... .......... .......... ..........  0%  186K 6d18h
164500K .......... .......... .......... .......... ..........  0%  345K 6d18h
164550K .......... .......... .......... .......... ..........  0%  298K 6d18h
164600K .......... .......... .......... .......... ..........  0%  186K 6d18h
164650K .......... .......... .......... .......... ..........  0%  195K 6d18h
164700K .......... .......... .......... .......... ..........  0%  197K 6d18h
164750K .......... .......... .......... .......... ..........  0%  188K 6d18h
164800K .......... .......... .......... .......... ..........  0%  635K 6d18h
164850K .......... .......... .......... .......... ..........  0%  212K 6d18h
164900K .......... .......... .......... .......... ..........  0%  190K 6d18h
164950K .......... .......... .......... .......... ..........  0%  188K 6d18h
165000K .......... .......... .......... .......... ..........  0%  203K 6d18h
165050K .......... .......... .......... .......... ..........  0%  345K 6d18h
165100K .......... .......... .......... .......... ..........  0%  247K 6d18h
165150K .......... .......... .......... .......... ..........  0%  216K 6d18h
165200K .......... .......... .......... .......... ..........  0%  186K 6d18h
165250K .......... .......... .......... .......... ..........  0%  203K 6d18h
165300K .......... .......... .......... .......... ..........  0%  191K 6d18h
165350K .......... .......... .......... .......... ..........  0%  269K 6d18h
165400K .......... .......... .......... .......... ..........  0%  384K 6d18h
165450K .......... .......... .......... .......... ..........  0%  187K 6d18h
165500K .......... .......... .......... .......... ..........  0%  191K 6d18h
165550K .......... .......... .......... .......... ..........  0%  203K 6d18h
165600K .......... .......... .......... .......... ..........  0%  186K 6d18h
165650K .......... .......... .......... .......... ..........  0%  628K 6d18h
165700K .......... .......... .......... .......... ..........  0%  212K 6d18h
165750K .......... .......... .......... .......... ..........  0%  190K 6d18h
165800K .......... .......... .......... .......... ..........  0%  203K 6d18h
165850K .......... .......... .......... .......... ..........  0%  188K 6d18h
165900K .......... .......... .......... .......... ..........  0%  235K 6d18h
165950K .......... .......... .......... .......... ..........  0%  372K 6d18h
166000K .......... .......... .......... .......... ..........  0%  214K 6d18h
166050K .......... .......... .......... .......... ..........  0%  193K 6d18h
166100K .......... .......... .......... .......... ..........  0%  197K 6d18h
166150K .......... .......... .......... .......... ..........  0%  193K 6d18h
166200K .......... .......... .......... .......... ..........  0%  228K 6d18h
166250K .......... .......... .......... .......... ..........  0%  506K 6d18h
166300K .......... .......... .......... .......... ..........  0%  190K 6d18h
166350K .......... .......... .......... .......... ..........  0%  188K 6d18h
166400K .......... .......... .......... .......... ..........  0%  202K 6d18h
166450K .......... .......... .......... .......... ..........  0%  186K 6d18h
166500K .......... .......... .......... .......... ..........  0%  467K 6d18h
166550K .......... .......... .......... .......... ..........  0%  244K 6d18h
166600K .......... .......... .......... .......... ..........  0%  188K 6d18h
166650K .......... .......... .......... .......... ..........  0%  203K 6d18h
166700K .......... .......... .......... .......... ..........  0%  186K 6d18h
166750K .......... .......... .......... .......... ..........  0%  238K 6d18h
166800K .......... .......... .......... .......... ..........  0%  510K 6d18h
166850K .......... .......... .......... .......... ..........  0%  186K 6d18h
166900K .......... .......... .......... .......... ..........  0%  193K 6d18h
166950K .......... .......... .......... .......... ..........  0%  186K 6d18h
167000K .......... .......... .......... .......... ..........  0%  202K 6d18h
167050K .......... .......... .......... .......... ..........  0%  642K 6d18h
167100K .......... .......... .......... .......... ..........  0%  211K 6d18h
167150K .......... .......... .......... .......... ..........  0%  189K 6d18h
167200K .......... .......... .......... .......... ..........  0%  190K 6d18h
167250K .......... .......... .......... .......... ..........  0%  202K 6d18h
167300K .......... .......... .......... .......... ..........  0%  288K 6d18h
167350K .......... .......... .......... .......... ..........  0%  246K 6d18h
167400K .......... .......... .......... .......... ..........  0%  244K 6d18h
167450K .......... .......... .......... .......... ..........  0%  187K 6d18h
167500K .......... .......... .......... .......... ..........  0%  193K 6d18h
167550K .......... .......... .......... .......... ..........  0%  202K 6d18h
167600K .......... .......... .......... .......... ..........  0%  231K 6d18h
167650K .......... .......... .......... .......... ..........  0%  504K 6d18h
167700K .......... .......... .......... .......... ..........  0%  185K 6d18h
167750K .......... .......... .......... .......... ..........  0%  191K 6d18h
167800K .......... .......... .......... .......... ..........  0%  206K 6d18h
167850K .......... .......... .......... .......... ..........  0%  186K 6d18h
167900K .......... .......... .......... .......... ..........  0%  631K 6d18h
167950K .......... .......... .......... .......... ..........  0%  195K 6d18h
168000K .......... .......... .......... .......... ..........  0%  205K 6d18h
168050K .......... .......... .......... .......... ..........  0%  193K 6d18h
168100K .......... .......... .......... .......... ..........  0%  196K 6d18h
168150K .......... .......... .......... .......... ..........  0%  238K 6d18h
168200K .......... .......... .......... .......... ..........  0%  307K 6d18h
168250K .......... .......... .......... .......... ..........  0%  243K 6d18h
168300K .......... .......... .......... .......... ..........  0%  191K 6d18h
168350K .......... .......... .......... .......... ..........  0%  190K 6d18h
168400K .......... .......... .......... .......... ..........  0%  201K 6d18h
168450K .......... .......... .......... .......... ..........  0%  231K 6d18h
168500K .......... .......... .......... .......... ..........  0%  503K 6d18h
168550K .......... .......... .......... .......... ..........  0%  190K 6d18h
168600K .......... .......... .......... .......... ..........  0%  187K 6d18h
168650K .......... .......... .......... .......... ..........  0%  205K 6d18h
168700K .......... .......... .......... .......... ..........  0%  186K 6d18h
168750K .......... .......... .......... .......... ..........  0%  635K 6d18h
168800K .......... .......... .......... .......... ..........  0%  213K 6d18h
168850K .......... .......... .......... .......... ..........  0%  188K 6d18h
168900K .......... .......... .......... .......... ..........  0%  193K 6d18h
168950K .......... .......... .......... .......... ..........  0%  199K 6d18h
169000K .......... .......... .......... .......... ..........  0%  235K 6d18h
169050K .......... .......... .......... .......... ..........  0%  505K 6d18h
169100K .......... .......... .......... .......... ..........  0%  185K 6d18h
169150K .......... .......... .......... .......... ..........  0%  191K 6d18h
169200K .......... .......... .......... .......... ..........  0%  190K 6d18h
169250K .......... .......... .......... .......... ..........  0%  201K 6d18h
169300K .......... .......... .......... .......... ..........  0%  466K 6d18h
169350K .......... .......... .......... .......... ..........  0%  240K 6d18h
169400K .......... .......... .......... .......... ..........  0%  189K 6d18h
169450K .......... .......... .......... .......... ..........  0%  187K 6d18h
169500K .......... .......... .......... .......... ..........  0%  202K 6d18h
169550K .......... .......... .......... .......... ..........  0%  239K 6d18h
169600K .......... .......... .......... .......... ..........  0%  308K 6d18h
169650K .......... .......... .......... .......... ..........  0%  242K 6d18h
169700K .......... .......... .......... .......... ..........  0%  188K 6d18h
169750K .......... .......... .......... .......... ..........  0%  192K 6d18h
169800K .......... .......... .......... .......... ..........  0%  202K 6d18h
169850K .......... .......... .......... .......... ..........  0%  231K 6d18h
169900K .......... .......... .......... .......... ..........  0%  505K 6d18h
169950K .......... .......... .......... .......... ..........  0%  185K 6d18h
170000K .......... .......... .......... .......... ..........  0%  191K 6d18h
170050K .......... .......... .......... .......... ..........  0%  206K 6d18h
170100K .......... .......... .......... .......... ..........  0%  186K 6d18h
170150K .......... .......... .......... .......... ..........  0%  468K 6d18h
170200K .......... .......... .......... .......... ..........  0%  239K 6d18h
170250K .......... .......... .......... .......... ..........  0%  189K 6d18h
170300K .......... .......... .......... .......... ..........  0%  193K 6d18h
170350K .......... .......... .......... .......... ..........  0%  199K 6d18h
170400K .......... .......... .......... .......... ..........  0%  236K 6d18h
170450K .......... .......... .......... .......... ..........  0%  306K 6d18h
170500K .......... .......... .......... .......... ..........  0%  242K 6d18h
170550K .......... .......... .......... .......... ..........  0%  191K 6d18h
170600K .......... .......... .......... .......... ..........  0%  190K 6d18h
170650K .......... .......... .......... .......... ..........  0%  202K 6d18h
170700K .......... .......... .......... .......... ..........  0%  230K 6d18h
170750K .......... .......... .......... .......... ..........  0%  503K 6d18h
170800K .......... .......... .......... .......... ..........  0%  189K 6d18h
170850K .......... .......... .......... .......... ..........  0%  188K 6d18h
170900K .......... .......... .......... .......... ..........  0%  206K 6d18h
170950K .......... .......... .......... .......... ..........  0%  186K 6d18h
171000K .......... .......... .......... .......... ..........  0%  468K 6d18h
171050K .......... .......... .......... .......... ..........  0%  243K 6d18h
171100K .......... .......... .......... .......... ..........  0%  185K 6d18h
171150K .......... .......... .......... .......... ..........  0%  194K 6d18h
171200K .......... .......... .......... .......... ..........  0%  199K 6d18h
171250K .......... .......... .......... .......... ..........  0%  241K 6d18h
171300K .......... .......... .......... .......... ..........  0%  470K 6d18h
171350K .......... .......... .......... .......... ..........  0%  186K 6d18h
171400K .......... .......... .......... .......... ..........  0%  191K 6d18h
171450K .......... .......... .......... .......... ..........  0%  189K 6d18h
171500K .......... .......... .......... .......... ..........  0%  202K 6d18h
171550K .......... .......... .......... .......... ..........  0%  623K 6d18h
171600K .......... .......... .......... .......... ..........  0%  210K 6d18h
171650K .......... .......... .......... .......... ..........  0%  190K 6d18h
171700K .......... .......... .......... .......... ..........  0%  188K 6d18h
171750K .......... .......... .......... .......... ..........  0%  206K 6d18h
171800K .......... .......... .......... .......... ..........  0%  233K 6d18h
171850K .......... .......... .......... .......... ..........  0%  309K 6d18h
171900K .......... .......... .......... .......... ..........  0%  242K 6d18h
171950K .......... .......... .......... .......... ..........  0%  187K 6d18h
172000K .......... .......... .......... .......... ..........  0%  193K 6d18h
172050K .......... .......... .......... .......... ..........  0%  203K 6d18h
172100K .......... .......... .......... .......... ..........  0%  230K 6d18h
172150K .......... .......... .......... .......... ..........  0%  501K 6d18h
172200K .......... .......... .......... .......... ..........  0%  187K 6d18h
172250K .......... .......... .......... .......... ..........  0%  190K 6d18h
172300K .......... .......... .......... .......... ..........  0%  201K 6d18h
172350K .......... .......... .......... .......... ..........  0%  190K 6d18h
172400K .......... .......... .......... .......... ..........  0%  468K 6d18h
172450K .......... .......... .......... .......... ..........  0%  217K 6d18h
172500K .......... .......... .......... .......... ..........  0%  204K 6d18h
172550K .......... .......... .......... .......... ..........  0%  191K 6d18h
172600K .......... .......... .......... .......... ..........  0%  196K 6d18h
172650K .......... .......... .......... .......... ..........  0%  242K 6d18h
172700K .......... .......... .......... .......... ..........  0%  297K 6d18h
172750K .......... .......... .......... .......... ..........  0%  247K 6d18h
172800K .......... .......... .......... .......... ..........  0%  191K 6d18h
172850K .......... .......... .......... .......... ..........  0%  189K 6d18h
172900K .......... .......... .......... .......... ..........  0%  203K 6d18h
172950K .......... .......... .......... .......... ..........  0%  232K 6d18h
173000K .......... .......... .......... .......... ..........  0%  398K 6d18h
173050K .......... .......... .......... .......... ..........  0%  206K 6d18h
173100K .......... .......... .......... .......... ..........  0%  185K 6d18h
173150K .......... .......... .......... .......... ..........  0%  206K 6d18h
173200K .......... .......... .......... .......... ..........  0%  188K 6d18h
173250K .......... .......... .......... .......... ..........  0%  454K 6d18h
173300K .......... .......... .......... .......... ..........  0%  246K 6d18h
173350K .......... .......... .......... .......... ..........  0%  187K 6d18h
173400K .......... .......... .......... .......... ..........  0%  193K 6d18h
173450K .......... .......... .......... .......... ..........  0%  196K 6d18h
173500K .......... .......... .......... .......... ..........  0%  243K 6d18h
173550K .......... .......... .......... .......... ..........  0%  400K 6d18h
173600K .......... .......... .......... .......... ..........  0%  202K 6d18h
173650K .......... .......... .......... .......... ..........  0%  192K 6d18h
173700K .......... .......... .......... .......... ..........  0%  186K 6d18h
173750K .......... .......... .......... .......... ..........  0%  204K 6d18h
173800K .......... .......... .......... .......... ..........  0%  457K 6d18h
173850K .......... .......... .......... .......... ..........  0%  220K 6d18h
173900K .......... .......... .......... .......... ..........  0%  206K 6d18h
173950K .......... .......... .......... .......... ..........  0%  185K 6d18h
174000K .......... .......... .......... .......... ..........  0%  206K 6d18h
174050K .......... .......... .......... .......... ..........  0%  243K 6d18h
174100K .......... .......... .......... .......... ..........  0%  294K 6d18h
174150K .......... .......... .......... .......... ..........  0%  246K 6d18h
174200K .......... .......... .......... .......... ..........  0%  187K 6d18h
174250K .......... .......... .......... .......... ..........  0%  193K 6d18h
174300K .......... .......... .......... .......... ..........  0%  204K 6d18h
174350K .......... .......... .......... .......... ..........  0%  203K 6d18h
174400K .......... .......... .......... .......... ..........  0%  533K 6d18h
174450K .......... .......... .......... .......... ..........  0%  200K 6d18h
174500K .......... .......... .......... .......... ..........  0%  190K 6d18h
174550K .......... .......... .......... .......... ..........  0%  205K 6d18h
174600K .......... .......... .......... .......... ..........  0%  189K 6d18h
174650K .......... .......... .......... .......... ..........  0%  457K 6d18h
174700K .......... .......... .......... .......... ..........  0%  219K 6d18h
174750K .......... .......... .......... .......... ..........  0%  206K 6d18h
174800K .......... .......... .......... .......... ..........  0%  193K 6d18h
174850K .......... .......... .......... .......... ..........  0%  197K 6d18h
174900K .......... .......... .......... .......... ..........  0%  244K 6d18h
174950K .......... .......... .......... .......... ..........  0%  243K 6d18h
175000K .......... .......... .......... .......... ..........  0%  295K 6d18h
175050K .......... .......... .......... .......... ..........  0%  190K 6d18h
175100K .......... .......... .......... .......... ..........  0%  188K 6d18h
175150K .......... .......... .......... .......... ..........  0%  205K 6d18h
175200K .......... .......... .......... .......... ..........  0%  188K 6d18h
175250K .......... .......... .......... .......... ..........  0%  705K 6d18h
175300K .......... .......... .......... .......... ..........  0%  205K 6d18h
175350K .......... .......... .......... .......... ..........  0%  185K 6d18h
175400K .......... .......... .......... .......... ..........  0%  206K 6d18h
175450K .......... .......... .......... .......... ..........  0%  189K 6d18h
175500K .......... .......... .......... .......... ..........  0%  453K 6d18h
175550K .......... .......... .......... .......... ..........  0%  245K 6d18h
175600K .......... .......... .......... .......... ..........  0%  185K 6d18h
175650K .......... .......... .......... .......... ..........  0%  194K 6d18h
175700K .......... .......... .......... .......... ..........  0%  199K 6d18h
175750K .......... .......... .......... .......... ..........  0%  193K 6d18h
175800K .......... .......... .......... .......... ..........  0%  706K 6d18h
175850K .......... .......... .......... .......... ..........  0%  200K 6d18h
175900K .......... .......... .......... .......... ..........  0%  189K 6d18h
175950K .......... .......... .......... .......... ..........  0%  189K 6d18h
176000K .......... .......... .......... .......... ..........  0%  205K 6d18h
176050K .......... .......... .......... .......... ..........  0%  351K 6d18h
176100K .......... .......... .......... .......... ..........  0%  258K 6d18h
176150K .......... .......... .......... .......... ..........  0%  204K 6d18h
176200K .......... .......... .......... .......... ..........  0%  186K 6d18h
176250K .......... .......... .......... .......... ..........  0%  205K 6d18h
176300K .......... .......... .......... .......... ..........  0%  193K 6d18h
176350K .......... .......... .......... .......... ..........  0%  279K 6d18h
176400K .......... .......... .......... .......... ..........  0%  355K 6d18h
176450K .......... .......... .......... .......... ..........  0%  185K 6d18h
176500K .......... .......... .......... .......... ..........  0%  193K 6d18h
176550K .......... .......... .......... .......... ..........  0%  206K 6d18h
176600K .......... .......... .......... .......... ..........  0%  188K 6d18h
176650K .......... .......... .......... .......... ..........  0%  708K 6d18h
176700K .......... .......... .......... .......... ..........  0%  200K 6d18h
176750K .......... .......... .......... .......... ..........  0%  189K 6d18h
176800K .......... .......... .......... .......... ..........  0%  206K 6d18h
176850K .......... .......... .......... .......... ..........  0%  189K 6d18h
176900K .......... .......... .......... .......... ..........  0%  288K 6d18h
176950K .......... .......... .......... .......... ..........  0%  307K 6d18h
177000K .......... .......... .......... .......... ..........  0%  200K 6d18h
177050K .......... .......... .......... .......... ..........  0%  194K 6d18h
177100K .......... .......... .......... .......... ..........  0%  199K 6d18h
177150K .......... .......... .......... .......... ..........  0%  194K 6d18h
177200K .......... .......... .......... .......... ..........  0%  278K 6d18h
177250K .......... .......... .......... .......... ..........  0%  351K 6d18h
177300K .......... .......... .......... .......... ..........  0%  189K 6d18h
177350K .......... .......... .......... .......... ..........  0%  190K 6d18h
177400K .......... .......... .......... .......... ..........  0%  199K 6d18h
177450K .......... .......... .......... .......... ..........  0%  194K 6d18h
177500K .......... .......... .......... .......... ..........  0%  560K 6d18h
177550K .......... .......... .......... .......... ..........  0%  216K 6d18h
177600K .......... .......... .......... .......... ..........  0%  188K 6d18h
177650K .......... .......... .......... .......... ..........  0%  203K 6d18h
177700K .......... .......... .......... .......... ..........  0%  185K 6d18h
177750K .......... .......... .......... .......... ..........  0%  304K 6d18h
177800K .......... .......... .......... .......... ..........  0%  349K 6d18h
177850K .......... .......... .......... .......... ..........  0%  185K 6d18h
177900K .......... .......... .......... .......... ..........  0%  189K 6d18h
177950K .......... .......... .......... .......... ..........  0%  200K 6d18h
178000K .......... .......... .......... .......... ..........  0%  196K 6d18h
178050K .......... .......... .......... .......... ..........  0%  547K 6d18h
178100K .......... .......... .......... .......... ..........  0%  212K 6d18h
178150K .......... .......... .......... .......... ..........  0%  189K 6d18h
178200K .......... .......... .......... .......... ..........  0%  190K 6d18h
178250K .......... .......... .......... .......... ..........  0%  207K 6d18h
178300K .......... .......... .......... .......... ..........  0%  297K 6d18h
178350K .......... .......... .......... .......... ..........  0%  266K 6d18h
178400K .......... .......... .......... .......... ..........  0%  216K 6d18h
178450K .......... .......... .......... .......... ..........  0%  187K 6d18h
178500K .......... .......... .......... .......... ..........  0%  208K 6d18h
178550K .......... .......... .......... .......... ..........  0%  196K 6d18h
178600K .......... .......... .......... .......... ..........  0%  285K 6d18h
178650K .......... .......... .......... .......... ..........  0%  326K 6d18h
178700K .......... .......... .......... .......... ..........  0%  187K 6d18h
178750K .......... .......... .......... .......... ..........  0%  193K 6d18h
178800K .......... .......... .......... .......... ..........  0%  202K 6d18h
178850K .......... .......... .......... .......... ..........  0%  191K 6d18h
178900K .......... .......... .......... .......... ..........  0%  563K 6d18h
178950K .......... .......... .......... .......... ..........  0%  212K 6d18h
179000K .......... .......... .......... .......... ..........  0%  191K 6d18h
179050K .......... .......... .......... .......... ..........  0%  207K 6d18h
179100K .......... .......... .......... .......... ..........  0%  185K 6d18h
179150K .......... .......... .......... .......... ..........  0%  311K 6d18h
179200K .......... .......... .......... .......... ..........  0%  265K 6d18h
179250K .......... .......... .......... .......... ..........  0%  216K 6d18h
179300K .......... .......... .......... .......... ..........  0%  192K 6d18h
179350K .......... .......... .......... .......... ..........  0%  202K 6d18h
179400K .......... .......... .......... .......... ..........  0%  195K 6d18h
179450K .......... .......... .......... .......... ..........  0%  200K 6d18h
179500K .......... .......... .......... .......... ..........  0%  639K 6d18h
179550K .......... .......... .......... .......... ..........  0%  191K 6d18h
179600K .......... .......... .......... .......... ..........  0%  188K 6d18h
179650K .......... .......... .......... .......... ..........  0%  204K 6d18h
179700K .......... .......... .......... .......... ..........  0%  192K 6d18h
179750K .......... .......... .......... .......... ..........  0%  563K 6d18h
179800K .......... .......... .......... .......... ..........  0%  216K 6d18h
179850K .......... .......... .......... .......... ..........  0%  187K 6d18h
179900K .......... .......... .......... .......... ..........  0%  195K 6d18h
179950K .......... .......... .......... .......... ..........  0%  197K 6d18h
180000K .......... .......... .......... .......... ..........  0%  259K 6d18h
180050K .......... .......... .......... .......... ..........  0%  413K 6d18h
180100K .......... .......... .......... .......... ..........  0%  186K 6d18h
180150K .......... .......... .......... .......... ..........  0%  193K 6d18h
180200K .......... .......... .......... .......... ..........  0%  190K 6d18h
180250K .......... .......... .......... .......... ..........  0%  207K 6d18h
180300K .......... .......... .......... .......... ..........  0%  560K 6d18h
180350K .......... .......... .......... .......... ..........  0%  211K 6d18h
180400K .......... .......... .......... .......... ..........  0%  190K 6d18h
180450K .......... .......... .......... .......... ..........  0%  188K 6d18h
180500K .......... .......... .......... .......... ..........  0%  203K 6d18h
180550K .......... .......... .......... .......... ..........  0%  213K 6d18h
180600K .......... .......... .......... .......... ..........  0%  360K 6d18h
180650K .......... .......... .......... .......... ..........  0%  240K 6d18h
180700K .......... .......... .......... .......... ..........  0%  187K 6d18h
180750K .......... .......... .......... .......... ..........  0%  195K 6d18h
180800K .......... .......... .......... .......... ..........  0%  207K 6d18h
180850K .......... .......... .......... .......... ..........  0%  201K 6d18h
180900K .......... .......... .......... .......... ..........  0%  637K 6d18h
180950K .......... .......... .......... .......... ..........  0%  186K 6d18h
181000K .......... .......... .......... .......... ..........  0%  190K 6d18h
181050K .......... .......... .......... .......... ..........  0%  208K 6d18h
181100K .......... .......... .......... .......... ..........  0%  192K 6d18h
181150K .......... .......... .......... .......... ..........  0%  437K 6d18h
181200K .......... .......... .......... .......... ..........  0%  221K 6d18h
181250K .......... .......... .......... .......... ..........  0%  201K 6d18h
181300K .......... .......... .......... .......... ..........  0%  196K 6d18h
181350K .......... .......... .......... .......... ..........  0%  195K 6d18h
181400K .......... .......... .......... .......... ..........  0%  214K 6d18h
181450K .......... .......... .......... .......... ..........  0%  362K 6d18h
181500K .......... .......... .......... .......... ..........  0%  238K 6d18h
181550K .......... .......... .......... .......... ..........  0%  193K 6d18h
181600K .......... .......... .......... .......... ..........  0%  190K 6d18h
181650K .......... .......... .......... .......... ..........  0%  205K 6d18h
181700K .......... .......... .......... .......... ..........  0%  204K 6d18h
181750K .......... .......... .......... .......... ..........  0%  540K 6d18h
181800K .......... .......... .......... .......... ..........  0%  200K 6d18h
181850K .......... .......... .......... .......... ..........  0%  187K 6d18h
181900K .......... .......... .......... .......... ..........  0%  206K 6d18h
181950K .......... .......... .......... .......... ..........  0%  190K 6d18h
182000K .......... .......... .......... .......... ..........  0%  456K 6d18h
182050K .......... .......... .......... .......... ..........  0%  236K 6d18h
182100K .......... .......... .......... .......... ..........  0%  189K 6d18h
182150K .......... .......... .......... .......... ..........  0%  194K 6d18h
182200K .......... .......... .......... .......... ..........  0%  186K 6d18h
182250K .......... .......... .......... .......... ..........  0%  208K 6d18h
182300K .......... .......... .......... .......... ..........  0%  720K 6d18h
182350K .......... .......... .......... .......... ..........  0%  194K 6d18h
182400K .......... .......... .......... .......... ..........  0%  192K 6d18h
182450K .......... .......... .......... .......... ..........  0%  186K 6d18h
182500K .......... .......... .......... .......... ..........  0%  211K 6d18h
182550K .......... .......... .......... .......... ..........  0%  458K 6d18h
182600K .......... .......... .......... .......... ..........  0%  202K 6d18h
182650K .......... .......... .......... .......... ..........  0%  216K 6d18h
182700K .......... .......... .......... .......... ..........  0%  189K 6d18h
182750K .......... .......... .......... .......... ..........  0%  192K 6d18h
182800K .......... .......... .......... .......... ..........  0%  209K 6d18h
182850K .......... .......... .......... .......... ..........  0%  284K 6d18h
182900K .......... .......... .......... .......... ..........  0%  331K 6d18h
182950K .......... .......... .......... .......... ..........  0%  187K 6d18h
183000K .......... .......... .......... .......... ..........  0%  191K 6d18h
183050K .......... .......... .......... .......... ..........  0%  211K 6d18h
183100K .......... .......... .......... .......... ..........  0%  184K 6d18h
183150K .......... .......... .......... .......... ..........  0%  584K 6d18h
183200K .......... .......... .......... .......... ..........  0%  210K 6d18h
183250K .......... .......... .......... .......... ..........  0%  190K 6d18h
183300K .......... .......... .......... .......... ..........  0%  196K 6d18h
183350K .......... .......... .......... .......... ..........  0%  198K 6d18h
183400K .......... .......... .......... .......... ..........  0%  311K 6d18h
183450K .......... .......... .......... .......... ..........  0%  265K 6d18h
183500K .......... .......... .......... .......... ..........  0%  216K 6d18h
183550K .......... .......... .......... .......... ..........  0%  190K 6d18h
183600K .......... .......... .......... .......... ..........  0%  190K 6d18h
183650K .......... .......... .......... .......... ..........  0%  209K 6d18h
183700K .......... .......... .......... .......... ..........  0%  205K 6d18h
183750K .......... .......... .......... .......... ..........  0%  598K 6d18h
183800K .......... .......... .......... .......... ..........  0%  189K 6d18h
183850K .......... .......... .......... .......... ..........  0%  189K 6d18h
183900K .......... .......... .......... .......... ..........  0%  205K 6d18h
183950K .......... .......... .......... .......... ..........  0%  193K 6d18h
184000K .......... .......... .......... .......... ..........  0%  549K 6d18h
184050K .......... .......... .......... .......... ..........  0%  217K 6d18h
184100K .......... .......... .......... .......... ..........  0%  185K 6d18h
184150K .......... .......... .......... .......... ..........  0%  193K 6d18h
184200K .......... .......... .......... .......... ..........  0%  198K 6d18h
184250K .......... .......... .......... .......... ..........  0%  314K 6d18h
184300K .......... .......... .......... .......... ..........  0%  336K 6d18h
184350K .......... .......... .......... .......... ..........  0%  185K 6d18h
184400K .......... .......... .......... .......... ..........  0%  192K 6d18h
184450K .......... .......... .......... .......... ..........  0%  187K 6d18h
184500K .......... .......... .......... .......... ..........  0%  209K 6d18h
184550K .......... .......... .......... .......... ..........  0%  549K 6d18h
184600K .......... .......... .......... .......... ..........  0%  215K 6d18h
184650K .......... .......... .......... .......... ..........  0%  188K 6d18h
184700K .......... .......... .......... .......... ..........  0%  189K 6d18h
184750K .......... .......... .......... .......... ..........  0%  203K 6d18h
184800K .......... .......... .......... .......... ..........  0%  260K 6d18h
184850K .......... .......... .......... .......... ..........  0%  311K 6d18h
184900K .......... .......... .......... .......... ..........  0%  218K 6d18h
184950K .......... .......... .......... .......... ..........  0%  185K 6d18h
185000K .......... .......... .......... .......... ..........  0%  193K 6d18h
185050K .......... .......... .......... .......... ..........  0%  212K 6d18h
185100K .......... .......... .......... .......... ..........  0%  207K 6d18h
185150K .......... .......... .......... .......... ..........  0%  611K 6d18h
185200K .......... .......... .......... .......... ..........  0%  185K 6d18h
185250K .......... .......... .......... .......... ..........  0%  193K 6d18h
185300K .......... .......... .......... .......... ..........  0%  201K 6d18h
185350K .......... .......... .......... .......... ..........  0%  192K 6d18h
185400K .......... .......... .......... .......... ..........  0%  456K 6d18h
185450K .......... .......... .......... .......... ..........  0%  235K 6d18h
185500K .......... .......... .......... .......... ..........  0%  187K 6d18h
185550K .......... .......... .......... .......... ..........  0%  192K 6d18h
185600K .......... .......... .......... .......... ..........  0%  189K 6d18h
185650K .......... .......... .......... .......... ..........  0%  235K 6d18h
185700K .......... .......... .......... .......... ..........  0%  352K 6d18h
185750K .......... .......... .......... .......... ..........  0%  237K 6d18h
185800K .......... .......... .......... .......... ..........  0%  194K 6d18h
185850K .......... .......... .......... .......... ..........  0%  185K 6d18h
185900K .......... .......... .......... .......... ..........  0%  210K 6d18h
185950K .......... .......... .......... .......... ..........  0%  209K 6d18h
186000K .......... .......... .......... .......... ..........  0%  512K 6d18h
186050K .......... .......... .......... .......... ..........  0%  198K 6d18h
186100K .......... .......... .......... .......... ..........  0%  191K 6d18h
186150K .......... .......... .......... .......... ..........  0%  190K 6d18h
186200K .......... .......... .......... .......... ..........  0%  203K 6d18h
186250K .......... .......... .......... .......... ..........  0%  453K 6d18h
186300K .......... .......... .......... .......... ..........  0%  239K 6d18h
186350K .......... .......... .......... .......... ..........  0%  185K 6d18h
186400K .......... .......... .......... .......... ..........  0%  194K 6d18h
186450K .......... .......... .......... .......... ..........  0%  189K 6d18h
186500K .......... .......... .......... .......... ..........  0%  205K 6d18h
186550K .......... .......... .......... .......... ..........  0%  741K 6d18h
186600K .......... .......... .......... .......... ..........  0%  196K 6d18h
186650K .......... .......... .......... .......... ..........  0%  193K 6d18h
186700K .......... .......... .......... .......... ..........  0%  185K 6d18h
186750K .......... .......... .......... .......... ..........  0%  200K 6d18h
186800K .......... .......... .......... .......... ..........  0%  507K 6d18h
186850K .......... .......... .......... .......... ..........  0%  221K 6d18h
186900K .......... .......... .......... .......... ..........  0%  197K 6d18h
186950K .......... .......... .......... .......... ..........  0%  191K 6d18h
187000K .......... .......... .......... .......... ..........  0%  191K 6d18h
187050K .......... .......... .......... .......... ..........  0%  234K 6d18h
187100K .......... .......... .......... .......... ..........  0%  244K 6d18h
187150K .......... .......... .......... .......... ..........  0%  337K 6d18h
187200K .......... .......... .......... .......... ..........  0%  185K 6d18h
187250K .......... .......... .......... .......... ..........  0%  195K 6d18h
187300K .......... .......... .......... .......... ..........  0%  197K 6d18h
187350K .......... .......... .......... .......... ..........  0%  191K 6d18h
187400K .......... .......... .......... .......... ..........  0%  784K 6d18h
187450K .......... .......... .......... .......... ..........  0%  198K 6d18h
187500K .......... .......... .......... .......... ..........  0%  192K 6d18h
187550K .......... .......... .......... .......... ..........  0%  189K 6d18h
187600K .......... .......... .......... .......... ..........  0%  191K 6d18h
187650K .......... .......... .......... .......... ..........  0%  536K 6d18h
187700K .......... .......... .......... .......... ..........  0%  197K 6d18h
187750K .......... .......... .......... .......... ..........  0%  222K 6d18h
187800K .......... .......... .......... .......... ..........  0%  194K 6d18h
187850K .......... .......... .......... .......... ..........  0%  185K 6d18h
187900K .......... .......... .......... .......... ..........  0%  206K 6d18h
187950K .......... .......... .......... .......... ..........  0%  292K 6d18h
188000K .......... .......... .......... .......... ..........  0%  343K 6d18h
188050K .......... .......... .......... .......... ..........  0%  185K 6d18h
188100K .......... .......... .......... .......... ..........  0%  194K 6d18h
188150K .......... .......... .......... .......... ..........  0%  195K 6d18h
188200K .......... .......... .......... .......... ..........  0%  195K 6d18h
188250K .......... .......... .......... .......... ..........  0%  554K 6d18h
188300K .......... .......... .......... .......... ..........  0%  220K 6d18h
188350K .......... .......... .......... .......... ..........  0%  185K 6d18h
188400K .......... .......... .......... .......... ..........  0%  194K 6d18h
188450K .......... .......... .......... .......... ..........  0%  188K 6d18h
188500K .......... .......... .......... .......... ..........  0%  342K 6d18h
188550K .......... .......... .......... .......... ..........  0%  339K 6d18h
188600K .......... .......... .......... .......... ..........  0%  184K 6d18h
188650K .......... .......... .......... .......... ..........  0%  195K 6d18h
188700K .......... .......... .......... .......... ..........  0%  185K 6d18h
188750K .......... .......... .......... .......... ..........  0%  207K 6d18h
188800K .......... .......... .......... .......... ..........  0%  550K 6d18h
188850K .......... .......... .......... .......... ..........  0%  203K 6d18h
188900K .......... .......... .......... .......... ..........  0%  208K 6d18h
188950K .......... .......... .......... .......... ..........  0%  185K 6d18h
189000K .......... .......... .......... .......... ..........  0%  189K 6d18h
189050K .......... .......... .......... .......... ..........  0%  341K 6d18h
189100K .......... .......... .......... .......... ..........  0%  260K 6d18h
189150K .......... .......... .......... .......... ..........  0%  221K 6d18h
189200K .......... .......... .......... .......... ..........  0%  185K 6d18h
189250K .......... .......... .......... .......... ..........  0%  193K 6d18h
189300K .......... .......... .......... .......... ..........  0%  207K 6d18h
189350K .......... .......... .......... .......... ..........  0%  293K 6d18h
189400K .......... .......... .......... .......... ..........  0%  298K 6d18h
189450K .......... .......... .......... .......... ..........  0%  198K 6d18h
189500K .......... .......... .......... .......... ..........  0%  195K 6d18h
189550K .......... .......... .......... .......... ..........  0%  191K 6d18h
189600K .......... .......... .......... .......... ..........  0%  200K 6d18h
189650K .......... .......... .......... .......... ..........  0%  553K 6d18h
189700K .......... .......... .......... .......... ..........  0%  203K 6d18h
189750K .......... .......... .......... .......... ..........  0%  200K 6d18h
189800K .......... .......... .......... .......... ..........  0%  194K 6d18h
189850K .......... .......... .......... .......... ..........  0%  189K 6d18h
189900K .......... .......... .......... .......... ..........  0%  339K 6d18h
189950K .......... .......... .......... .......... ..........  0%  259K 6d18h
190000K .......... .......... .......... .......... ..........  0%  220K 6d18h
190050K .......... .......... .......... .......... ..........  0%  194K 6d18h
190100K .......... .......... .......... .......... ..........  0%  185K 6d18h
190150K .......... .......... .......... .......... ..........  0%  208K 6d18h
190200K .......... .......... .......... .......... ..........  0%  207K 6d18h
190250K .......... .......... .......... .......... ..........  0%  528K 6d18h
190300K .......... .......... .......... .......... ..........  0%  198K 6d18h
190350K .......... .......... .......... .......... ..........  0%  193K 6d18h
190400K .......... .......... .......... .......... ..........  0%  191K 6d18h
190450K .......... .......... .......... .......... ..........  0%  201K 6d18h
190500K .......... .......... .......... .......... ..........  0%  463K 6d18h
190550K .......... .......... .......... .......... ..........  0%  235K 6d18h
190600K .......... .......... .......... .......... ..........  0%  186K 6d18h
190650K .......... .......... .......... .......... ..........  0%  193K 6d18h
190700K .......... .......... .......... .......... ..........  0%  190K 6d18h
190750K .......... .......... .......... .......... ..........  0%  228K 6d18h
190800K .......... .......... .......... .......... ..........  0%  525K 6d18h
190850K .......... .......... .......... .......... ..........  0%  196K 6d18h
190900K .......... .......... .......... .......... ..........  0%  196K 6d18h
190950K .......... .......... .......... .......... ..........  0%  185K 6d18h
191000K .......... .......... .......... .......... ..........  0%  196K 6d18h
191050K .......... .......... .......... .......... ..........  0%  658K 6d18h
191100K .......... .......... .......... .......... ..........  0%  184K 6d18h
191150K .......... .......... .......... .......... ..........  0%  219K 6d18h
191200K .......... .......... .......... .......... ..........  0%  194K 6d18h
191250K .......... .......... .......... .......... ..........  0%  190K 6d18h
191300K .......... .......... .......... .......... ..........  0%  230K 6d18h
191350K .......... .......... .......... .......... ..........  0%  363K 6d18h
191400K .......... .......... .......... .......... ..........  0%  233K 6d18h
191450K .......... .......... .......... .......... ..........  0%  185K 6d18h
191500K .......... .......... .......... .......... ..........  0%  196K 6d18h
191550K .......... .......... .......... .......... ..........  0%  196K 6d18h
191600K .......... .......... .......... .......... ..........  0%  219K 6d18h
191650K .......... .......... .......... .......... ..........  0%  420K 6d18h
191700K .......... .......... .......... .......... ..........  0%  215K 6d18h
191750K .......... .......... .......... .......... ..........  0%  192K 6d18h
191800K .......... .......... .......... .......... ..........  0%  190K 6d18h
191850K .......... .......... .......... .......... ..........  0%  196K 6d18h
191900K .......... .......... .......... .......... ..........  0%  540K 6d18h
191950K .......... .......... .......... .......... ..........  0%  194K 6d18h
192000K .......... .......... .......... .......... ..........  0%  220K 6d18h
192050K .......... .......... .......... .......... ..........  0%  194K 6d18h
192100K .......... .......... .......... .......... ..........  0%  186K 6d18h
192150K .......... .......... .......... .......... ..........  0%  235K 6d18h
192200K .......... .......... .......... .......... ..........  0%  299K 6d18h
192250K .......... .......... .......... .......... ..........  0%  250K 6d18h
192300K .......... .......... .......... .......... ..........  0%  204K 6d18h
192350K .......... .......... .......... .......... ..........  0%  188K 6d18h
192400K .......... .......... .......... .......... ..........  0%  192K 6d18h
192450K .......... .......... .......... .......... ..........  0%  226K 6d18h
192500K .......... .......... .......... .......... ..........  0%  420K 6d18h
192550K .......... .......... .......... .......... ..........  0%  217K 6d18h
192600K .......... .......... .......... .......... ..........  0%  191K 6d18h
192650K .......... .......... .......... .......... ..........  0%  189K 6d18h
192700K .......... .......... .......... .......... ..........  0%  191K 6d18h
192750K .......... .......... .......... .......... ..........  0%  593K 6d18h
192800K .......... .......... .......... .......... ..........  0%  216K 6d18h
192850K .......... .......... .......... .......... ..........  0%  194K 6d18h
192900K .......... .......... .......... .......... ..........  0%  195K 6d18h
192950K .......... .......... .......... .......... ..........  0%  187K 6d18h
193000K .......... .......... .......... .......... ..........  0%  208K 6d18h
193050K .......... .......... .......... .......... ..........  0%  552K 6d18h
193100K .......... .......... .......... .......... ..........  0%  203K 6d18h
193150K .......... .......... .......... .......... ..........  0%  204K 6d18h
193200K .......... .......... .......... .......... ..........  0%  186K 6d18h
193250K .......... .......... .......... .......... ..........  0%  194K 6d18h
193300K .......... .......... .......... .......... ..........  0%  326K 6d18h
193350K .......... .......... .......... .......... ..........  0%  265K 6d18h
193400K .......... .......... .......... .......... ..........  0%  217K 6d18h
193450K .......... .......... .......... .......... ..........  0%  185K 6d18h
193500K .......... .......... .......... .......... ..........  0%  196K 6d18h
193550K .......... .......... .......... .......... ..........  0%  208K 6d18h
193600K .......... .......... .......... .......... ..........  0%  285K 6d18h
193650K .......... .......... .......... .......... ..........  0%  311K 6d18h
193700K .......... .......... .......... .......... ..........  0%  193K 6d18h
193750K .......... .......... .......... .......... ..........  0%  193K 6d18h
193800K .......... .......... .......... .......... ..........  0%  190K 6d18h
193850K .......... .......... .......... .......... ..........  0%  196K 6d18h
193900K .......... .......... .......... .......... ..........  0%  627K 6d18h
193950K .......... .......... .......... .......... ..........  0%  186K 6d18h
194000K .......... .......... .......... .......... ..........  0%  217K 6d18h
194050K .......... .......... .......... .......... ..........  0%  197K 6d18h
194100K .......... .......... .......... .......... ..........  0%  185K 6d18h
194150K .......... .......... .......... .......... ..........  0%  280K 6d18h
194200K .......... .......... .......... .......... ..........  0%  297K 6d18h
194250K .......... .......... .......... .......... ..........  0%  229K 6d18h
194300K .......... .......... .......... .......... ..........  0%  194K 6d18h
194350K .......... .......... .......... .......... ..........  0%  187K 6d18h
194400K .......... .......... .......... .......... ..........  0%  198K 6d18h
194450K .......... .......... .......... .......... ..........  0%  218K 6d18h
194500K .......... .......... .......... .......... ..........  0%  419K 6d18h
194550K .......... .......... .......... .......... ..........  0%  217K 6d18h
194600K .......... .......... .......... .......... ..........  0%  193K 6d18h
194650K .......... .......... .......... .......... ..........  0%  190K 6d18h
194700K .......... .......... .......... .......... ..........  0%  195K 6d18h
194750K .......... .......... .......... .......... ..........  0%  543K 6d18h
194800K .......... .......... .......... .......... ..........  0%  230K 6d18h
194850K .......... .......... .......... .......... ..........  0%  184K 6d18h
194900K .......... .......... .......... .......... ..........  0%  196K 6d18h
194950K .......... .......... .......... .......... ..........  0%  185K 6d18h
195000K .......... .......... .......... .......... ..........  0%  237K 6d18h
195050K .......... .......... .......... .......... ..........  0%  412K 6d18h
195100K .......... .......... .......... .......... ..........  0%  217K 6d18h
195150K .......... .......... .......... .......... ..........  0%  193K 6d18h
195200K .......... .......... .......... .......... ..........  0%  186K 6d18h
195250K .......... .......... .......... .......... ..........  0%  196K 6d18h
195300K .......... .......... .......... .......... ..........  0%  575K 6d18h
195350K .......... .......... .......... .......... ..........  0%  194K 6d18h
195400K .......... .......... .......... .......... ..........  0%  218K 6d18h
195450K .......... .......... .......... .......... ..........  0%  192K 6d18h
195500K .......... .......... .......... .......... ..........  0%  188K 6d18h
195550K .......... .......... .......... .......... ..........  0%  237K 6d18h
195600K .......... .......... .......... .......... ..........  0%  246K 6d18h
195650K .......... .......... .......... .......... ..........  0%  312K 6d18h
195700K .......... .......... .......... .......... ..........  0%  192K 6d18h
195750K .......... .......... .......... .......... ..........  0%  196K 6d18h
195800K .......... .......... .......... .......... ..........  0%  195K 6d18h
195850K .......... .......... .......... .......... ..........  0%  197K 6d18h
195900K .......... .......... .......... .......... ..........  0%  487K 6d18h
195950K .......... .......... .......... .......... ..........  0%  216K 6d18h
196000K .......... .......... .......... .......... ..........  0%  202K 6d18h
196050K .......... .......... .......... .......... ..........  0%  188K 6d18h
196100K .......... .......... .......... .......... ..........  0%  194K 6d18h
196150K .......... .......... .......... .......... ..........  0%  322K 6d18h
196200K .......... .......... .......... .......... ..........  0%  249K 6d18h
196250K .......... .......... .......... .......... ..........  0%  228K 6d18h
196300K .......... .......... .......... .......... ..........  0%  195K 6d18h
196350K .......... .......... .......... .......... ..........  0%  186K 6d18h
196400K .......... .......... .......... .......... ..........  0%  210K 6d18h
196450K .......... .......... .......... .......... ..........  0%  287K 6d18h
196500K .......... .......... .......... .......... ..........  0%  265K 6d18h
196550K .......... .......... .......... .......... ..........  0%  217K 6d18h
196600K .......... .......... .......... .......... ..........  0%  192K 6d18h
196650K .......... .......... .......... .......... ..........  0%  191K 6d18h
196700K .......... .......... .......... .......... ..........  0%  196K 6d18h
196750K .......... .......... .......... .......... ..........  0%  544K 6d18h
196800K .......... .......... .......... .......... ..........  0%  227K 6d18h
196850K .......... .......... .......... .......... ..........  0%  186K 6d18h
196900K .......... .......... .......... .......... ..........  0%  195K 6d18h
196950K .......... .......... .......... .......... ..........  0%  188K 6d18h
197000K .......... .......... .......... .......... ..........  0%  342K 6d18h
197050K .......... .......... .......... .......... ..........  0%  264K 6d18h
197100K .......... .......... .......... .......... ..........  0%  205K 6d18h
197150K .......... .......... .......... .......... ..........  0%  203K 6d18h
197200K .......... .......... .......... .......... ..........  0%  186K 6d18h
197250K .......... .......... .......... .......... ..........  0%  202K 6d18h
197300K .......... .......... .......... .......... ..........  0%  524K 6d18h
197350K .......... .......... .......... .......... ..........  0%  194K 6d18h
197400K .......... .......... .......... .......... ..........  0%  216K 6d18h
197450K .......... .......... .......... .......... ..........  0%  195K 6d18h
197500K .......... .......... .......... .......... ..........  0%  189K 6d18h
197550K .......... .......... .......... .......... ..........  0%  235K 6d18h
197600K .......... .......... .......... .......... ..........  0%  366K 6d18h
197650K .......... .......... .......... .......... ..........  0%  195K 6d18h
197700K .......... .......... .......... .......... ..........  0%  214K 6d18h
197750K .......... .......... .......... .......... ..........  0%  197K 6d18h
197800K .......... .......... .......... .......... ..........  0%  196K 6d18h
197850K .......... .......... .......... .......... ..........  0%  198K 6d18h
197900K .......... .......... .......... .......... ..........  0%  467K 6d18h
197950K .......... .......... .......... .......... ..........  0%  194K 6d18h
198000K .......... .......... .......... .......... ..........  0%  213K 6d18h
198050K .......... .......... .......... .......... ..........  0%  201K 6d18h
198100K .......... .......... .......... .......... ..........  0%  188K 6d18h
198150K .......... .......... .......... .......... ..........  0%  337K 6d18h
198200K .......... .......... .......... .......... ..........  0%  246K 6d18h
198250K .......... .......... .......... .......... ..........  0%  218K 6d18h
198300K .......... .......... .......... .......... ..........  0%  205K 6d18h
198350K .......... .......... .......... .......... ..........  0%  186K 6d18h
198400K .......... .......... .......... .......... ..........  0%  199K 6d18h
198450K .......... .......... .......... .......... ..........  0%  218K 6d18h
198500K .......... .......... .......... .......... ..........  0%  409K 6d18h
198550K .......... .......... .......... .......... ..........  0%  213K 6d18h
198600K .......... .......... .......... .......... ..........  0%  198K 6d18h
198650K .......... .......... .......... .......... ..........  0%  189K 6d18h
198700K .......... .......... .......... .......... ..........  0%  196K 6d18h
198750K .......... .......... .......... .......... ..........  0%  400K 6d18h
198800K .......... .......... .......... .......... ..........  0%  221K 6d18h
198850K .......... .......... .......... .......... ..........  0%  212K 6d18h
198900K .......... .......... .......... .......... ..........  0%  201K 6d18h
198950K .......... .......... .......... .......... ..........  0%  186K 6d18h
199000K .......... .......... .......... .......... ..........  0%  236K 6d18h
199050K .......... .......... .......... .......... ..........  0%  368K 6d18h
199100K .......... .......... .......... .......... ..........  0%  194K 6d18h
199150K .......... .......... .......... .......... ..........  0%  231K 6d18h
199200K .......... .......... .......... .......... ..........  0%  185K 6d18h
199250K .......... .......... .......... .......... ..........  0%  196K 6d18h
199300K .......... .......... .......... .......... ..........  0%  417K 6d18h
199350K .......... .......... .......... .......... ..........  0%  208K 6d18h
199400K .......... .......... .......... .......... ..........  0%  224K 6d18h
199450K .......... .......... .......... .......... ..........  0%  199K 6d18h
199500K .......... .......... .......... .......... ..........  0%  188K 6d18h
199550K .......... .......... .......... .......... ..........  0%  209K 6d18h
199600K .......... .......... .......... .......... ..........  0%  284K 6d18h
199650K .......... .......... .......... .......... ..........  0%  263K 6d18h
199700K .......... .......... .......... .......... ..........  0%  205K 6d18h
199750K .......... .......... .......... .......... ..........  0% 97.0K 6d18h
199800K .......... .......... .......... .......... ..........  0% 20.1M 6d18h
199850K .......... .......... .......... .......... ..........  0% 92.4K 6d18h
199900K .......... .......... .......... .......... ..........  0%  184K 6d18h
199950K .......... .......... .......... .......... ..........  0%  184K 6d18h
200000K .......... .......... .......... .......... ..........  0%  184K 6d18h
200050K .......... .......... .......... .......... ..........  0%  184K 6d18h
200100K .......... .......... .......... .......... ..........  0%  184K 6d18h
200150K .......... .......... .......... .......... ..........  0%  184K 6d18h
200200K .......... .......... .......... .......... ..........  0%  184K 6d18h
200250K .......... .......... .......... .......... ..........  0%  214K 6d18h
200300K .......... .......... .......... .......... ..........  0%  332K 6d18h
200350K .......... .......... .......... .......... ..........  0%  162K 6d18h
200400K .......... .......... .......... .......... ..........  0%  262K 6d18h
200450K .......... .......... .......... .......... ..........  0%  158K 6d18h
200500K .......... .......... .......... .......... ..........  0%  257K 6d18h
200550K .......... .......... .......... .......... ..........  0%  209K 6d18h
200600K .......... .......... .......... .......... ..........  0%  165K 6d18h
200650K .......... .......... .......... .......... ..........  0%  209K 6d18h
200700K .......... .......... .......... .......... ..........  0%  184K 6d18h
200750K .......... .......... .......... .......... ..........  0%  185K 6d18h
200800K .......... .......... .......... .......... ..........  0%  185K 6d18h
200850K .......... .......... .......... .......... ..........  0%  184K 6d18h
200900K .......... .......... .......... .......... ..........  0%  440K 6d18h
200950K .......... .......... .......... .......... ..........  0%  258K 6d18h
201000K .......... .......... .......... .......... ..........  0%  209K 6d18h
201050K .......... .......... .......... .......... ..........  0%  185K 6d18h
201100K .......... .......... .......... .......... ..........  0%  184K 6d18h
201150K .......... .......... .......... .......... ..........  0%  338K 6d18h
201200K .......... .......... .......... .......... ..........  0%  212K 6d18h
201250K .......... .......... .......... .......... ..........  0%  307K 6d18h
201300K .......... .......... .......... .......... ..........  0%  185K 6d18h
201350K .......... .......... .......... .......... ..........  0%  184K 6d18h
201400K .......... .......... .......... .......... ..........  0%  186K 6d18h
201450K .......... .......... .......... .......... ..........  0%  335K 6d18h
201500K .......... .......... .......... .......... ..........  0%  315K 6d18h
201550K .......... .......... .......... .......... ..........  0%  208K 6d18h
201600K .......... .......... .......... .......... ..........  0%  185K 6d18h
201650K .......... .......... .......... .......... ..........  0%  186K 6d18h
201700K .......... .......... .......... .......... ..........  0%  184K 6d18h
201750K .......... .......... .......... .......... ..........  0%  441K 6d18h
201800K .......... .......... .......... .......... ..........  0%  258K 6d18h
201850K .......... .......... .......... .......... ..........  0%  207K 6d18h
201900K .......... .......... .......... .......... ..........  0%  185K 6d18h
201950K .......... .......... .......... .......... ..........  0%  186K 6d18h
202000K .......... .......... .......... .......... ..........  0%  336K 6d18h
202050K .......... .......... .......... .......... ..........  0%  266K 6d18h
202100K .......... .......... .......... .......... ..........  0%  207K 6d18h
202150K .......... .......... .......... .......... ..........  0%  208K 6d18h
202200K .......... .......... .......... .......... ..........  0%  185K 6d18h
202250K .......... .......... .......... .......... ..........  0%  187K 6d18h
202300K .......... .......... .......... .......... ..........  0%  440K 6d18h
202350K .......... .......... .......... .......... ..........  0%  222K 6d18h
202400K .......... .......... .......... .......... ..........  0%  207K 6d18h
202450K .......... .......... .......... .......... ..........  0%  208K 6d18h
202500K .......... .......... .......... .......... ..........  0%  187K 6d18h
202550K .......... .......... .......... .......... ..........  0%  331K 6d18h
202600K .......... .......... .......... .......... ..........  0%  215K 6d18h
202650K .......... .......... .......... .......... ..........  0%  255K 6d18h
202700K .......... .......... .......... .......... ..........  0%  184K 6d18h
202750K .......... .......... .......... .......... ..........  0%  209K 6d18h
202800K .......... .......... .......... .......... ..........  0%  187K 6d18h
202850K .......... .......... .......... .......... ..........  0%  329K 6d18h
202900K .......... .......... .......... .......... ..........  0%  316K 6d18h
202950K .......... .......... .......... .......... ..........  0%  184K 6d18h
203000K .......... .......... .......... .......... ..........  0%  209K 6d18h
203050K .......... .......... .......... .......... ..........  0%  186K 6d18h
203100K .......... .......... .......... .......... ..........  0%  184K 6d18h
203150K .......... .......... .......... .......... ..........  0%  734K 6d18h
203200K .......... .......... .......... .......... ..........  0%  207K 6d18h
203250K .......... .......... .......... .......... ..........  0%  185K 6d18h
203300K .......... .......... .......... .......... ..........  0%  209K 6d18h
203350K .......... .......... .......... .......... ..........  0%  185K 6d18h
203400K .......... .......... .......... .......... ..........  0%  342K 6d18h
203450K .......... .......... .......... .......... ..........  0%  262K 6d18h
203500K .......... .......... .......... .......... ..........  0%  207K 6d18h
203550K .......... .......... .......... .......... ..........  0%  208K 6d18h
203600K .......... .......... .......... .......... ..........  0%  185K 6d18h
203650K .......... .......... .......... .......... ..........  0%  268K 6d18h
203700K .......... .......... .......... .......... ..........  0%  216K 6d18h
203750K .......... .......... .......... .......... ..........  0%  313K 6d18h
203800K .......... .......... .......... .......... ..........  0%  186K 6d18h
203850K .......... .......... .......... .......... ..........  0%  207K 6d18h
203900K .......... .......... .......... .......... ..........  0%  186K 6d18h
203950K .......... .......... .......... .......... ..........  0%  264K 6d18h
204000K .......... .......... .......... .......... ..........  0%  337K 6d18h
204050K .......... .......... .......... .......... ..........  0%  208K 6d18h
204100K .......... .......... .......... .......... ..........  0%  185K 6d18h
204150K .......... .......... .......... .......... ..........  0%  208K 6d18h
204200K .......... .......... .......... .......... ..........  0%  185K 6d18h
204250K .......... .......... .......... .......... ..........  0%  344K 6d18h
204300K .......... .......... .......... .......... ..........  0%  307K 6d18h
204350K .......... .......... .......... .......... ..........  0%  185K 6d18h
204400K .......... .......... .......... .......... ..........  0%  209K 6d18h
204450K .......... .......... .......... .......... ..........  0%  185K 6d18h
204500K .......... .......... .......... .......... ..........  0%  267K 6d18h
204550K .......... .......... .......... .......... ..........  0%  337K 6d18h
204600K .......... .......... .......... .......... ..........  0%  206K 6d18h
204650K .......... .......... .......... .......... ..........  0%  186K 6d18h
204700K .......... .......... .......... .......... ..........  0%  206K 6d18h
204750K .......... .......... .......... .......... ..........  0%  187K 6d18h
204800K .......... .......... .......... .......... ..........  0%  342K 6d18h
204850K .......... .......... .......... .......... ..........  0%  261K 6d18h
204900K .......... .......... .......... .......... ..........  0%  207K 6d18h
204950K .......... .......... .......... .......... ..........  0%  184K 6d18h
205000K .......... .......... .......... .......... ..........  0%  208K 6d18h
205050K .......... .......... .......... .......... ..........  0%  267K 6d18h
205100K .......... .......... .......... .......... ..........  0%  217K 6d18h
205150K .......... .......... .......... .......... ..........  0%  311K 6d18h
205200K .......... .......... .......... .......... ..........  0%  185K 6d18h
205250K .......... .......... .......... .......... ..........  0%  208K 6d18h
205300K .......... .......... .......... .......... ..........  0%  188K 6d18h
205350K .......... .......... .......... .......... ..........  0%  263K 6d18h
205400K .......... .......... .......... .......... ..........  0%  336K 6d18h
205450K .......... .......... .......... .......... ..........  0%  206K 6d18h
205500K .......... .......... .......... .......... ..........  0%  186K 6d18h
205550K .......... .......... .......... .......... ..........  0%  208K 6d18h
205600K .......... .......... .......... .......... ..........  0%  186K 6d18h
205650K .......... .......... .......... .......... ..........  0%  338K 6d18h
205700K .......... .......... .......... .......... ..........  0%  263K 6d18h
205750K .......... .......... .......... .......... ..........  0%  208K 6d18h
205800K .......... .......... .......... .......... ..........  0%  208K 6d18h
205850K .......... .......... .......... .......... ..........  0%  185K 6d18h
205900K .......... .......... .......... .......... ..........  0%  269K 6d18h
205950K .......... .......... .......... .......... ..........  0%  219K 6d18h
206000K .......... .......... .......... .......... ..........  0%  302K 6d18h
206050K .......... .......... .......... .......... ..........  0%  187K 6d18h
206100K .......... .......... .......... .......... ..........  0%  208K 6d18h
206150K .......... .......... .......... .......... ..........  0%  187K 6d18h
206200K .......... .......... .......... .......... ..........  0%  264K 6d18h
206250K .......... .......... .......... .......... ..........  0%  259K 6d18h
206300K .......... .......... .......... .......... ..........  0%  252K 6d18h
206350K .......... .......... .......... .......... ..........  0%  185K 6d18h
206400K .......... .......... .......... .......... ..........  0%  206K 6d18h
206450K .......... .......... .......... .......... ..........  0%  188K 6d18h
206500K .......... .......... .......... .......... ..........  0%  338K 6d18h
206550K .......... .......... .......... .......... ..........  0%  309K 6d18h
206600K .......... .......... .......... .......... ..........  0%  186K 6d18h
206650K .......... .......... .......... .......... ..........  0%  206K 6d18h
206700K .......... .......... .......... .......... ..........  0%  184K 6d18h
206750K .......... .......... .......... .......... ..........  0%  289K 6d18h
206800K .......... .......... .......... .......... ..........  0%  313K 6d18h
206850K .......... .......... .......... .......... ..........  0%  186K 6d18h
206900K .......... .......... .......... .......... ..........  0%  206K 6d18h
206950K .......... .......... .......... .......... ..........  0%  205K 6d18h
207000K .......... .......... .......... .......... ..........  0%  189K 6d18h
207050K .......... .......... .......... .......... ..........  0%  336K 6d18h
207100K .......... .......... .......... .......... ..........  0%  214K 6d18h
207150K .......... .......... .......... .......... ..........  0%  251K 6d18h
207200K .......... .......... .......... .......... ..........  0%  186K 6d18h
207250K .......... .......... .......... .......... ..........  0%  205K 6d18h
207300K .......... .......... .......... .......... ..........  0%  289K 6d18h
207350K .......... .......... .......... .......... ..........  0%  208K 6d18h
207400K .......... .......... .......... .......... ..........  0%  267K 6d18h
207450K .......... .......... .......... .......... ..........  0%  203K 6d18h
207500K .......... .......... .......... .......... ..........  0%  188K 6d18h
207550K .......... .......... .......... .......... ..........  0%  211K 6d18h
207600K .......... .......... .......... .......... ..........  0%  278K 6d18h
207650K .......... .......... .......... .......... ..........  0%  314K 6d18h
207700K .......... .......... .......... .......... ..........  0%  185K 6d18h
207750K .......... .......... .......... .......... ..........  0%  205K 6d18h
207800K .......... .......... .......... .......... ..........  0%  206K 6d18h
207850K .......... .......... .......... .......... ..........  0%  190K 6d18h
207900K .......... .......... .......... .......... ..........  0%  339K 6d18h
207950K .......... .......... .......... .......... ..........  0%  211K 6d18h
208000K .......... .......... .......... .......... ..........  0%  250K 6d18h
208050K .......... .......... .......... .......... ..........  0%  188K 6d18h
208100K .......... .......... .......... .......... ..........  0%  203K 6d18h
208150K .......... .......... .......... .......... ..........  0%  291K 6d18h
208200K .......... .......... .......... .......... ..........  0%  209K 6d18h
208250K .......... .......... .......... .......... ..........  0%  263K 6d18h
208300K .......... .......... .......... .......... ..........  0%  206K 6d18h
208350K .......... .......... .......... .......... ..........  0%  186K 6d18h
208400K .......... .......... .......... .......... ..........  0%  210K 6d18h
208450K .......... .......... .......... .......... ..........  0%  278K 6d18h
208500K .......... .......... .......... .......... ..........  0%  314K 6d18h
208550K .......... .......... .......... .......... ..........  0%  205K 6d18h
208600K .......... .......... .......... .......... ..........  0%  185K 6d18h
208650K .......... .......... .......... .......... ..........  0%  208K 6d18h
208700K .......... .......... .......... .......... ..........  0%  188K 6d18h
208750K .......... .......... .......... .......... ..........  0%  341K 6d18h
208800K .......... .......... .......... .......... ..........  0%  263K 6d18h
208850K .......... .......... .......... .......... ..........  0%  204K 6d18h
208900K .......... .......... .......... .......... ..........  0%  206K 6d18h
208950K .......... .......... .......... .......... ..........  0%  186K 6d18h
209000K .......... .......... .......... .......... ..........  0%  288K 6d18h
209050K .......... .......... .......... .......... ..........  0%  312K 6d18h
209100K .......... .......... .......... .......... ..........  0%  185K 6d18h
209150K .......... .......... .......... .......... ..........  0%  205K 6d18h
209200K .......... .......... .......... .......... ..........  0%  188K 6d18h
209250K .......... .......... .......... .......... ..........  0%  207K 6d18h
209300K .......... .......... .......... .......... ..........  0%  286K 6d18h
209350K .......... .......... .......... .......... ..........  0%  209K 6d18h
209400K .......... .......... .......... .......... ..........  0%  298K 6d18h
209450K .......... .......... .......... .......... ..........  0%  186K 6d18h
209500K .......... .......... .......... .......... ..........  0%  207K 6d18h
209550K .......... .......... .......... .......... ..........  0%  277K 6d18h
209600K .......... .......... .......... .......... ..........  0%  192K 6d18h
209650K .......... .......... .......... .......... ..........  0%  309K 6d18h
209700K .......... .......... .......... .......... ..........  0%  204K 6d18h
209750K .......... .......... .......... .......... ..........  0%  188K 6d18h
209800K .......... .......... .......... .......... ..........  0%  209K 6d18h
209850K .......... .......... .......... .......... ..........  0%  191K 6d18h
209900K .......... .......... .......... .......... ..........  0%  326K 6d18h
209950K .......... .......... .......... .......... ..........  0%  222K 6d18h
210000K .......... .......... .......... .......... ..........  0%  237K 6d18h
210050K .......... .......... .......... .......... ..........  0%  206K 6d18h
210100K .......... .......... .......... .......... ..........  0%  186K 6d18h
210150K .......... .......... .......... .......... ..........  0%  290K 6d18h
210200K .......... .......... .......... .......... ..........  0%  208K 6d18h
210250K .......... .......... .......... .......... ..........  0%  302K 6d18h
210300K .......... .......... .......... .......... ..........  0%  188K 6d18h
210350K .......... .......... .......... .......... ..........  0%  204K 6d18h
210400K .......... .......... .......... .......... ..........  0%  277K 6d18h
210450K .......... .......... .......... .......... ..........  0%  192K 6d18h
210500K .......... .......... .......... .......... ..........  0%  260K 6d18h
210550K .......... .......... .......... .......... ..........  0%  235K 6d18h
210600K .......... .......... .......... .......... ..........  0%  187K 6d18h
210650K .......... .......... .......... .......... ..........  0%  207K 6d18h
210700K .......... .......... .......... .......... ..........  0%  186K 6d18h
210750K .......... .......... .......... .......... ..........  0%  348K 6d18h
210800K .......... .......... .......... .......... ..........  0%  300K 6d18h
210850K .......... .......... .......... .......... ..........  0%  185K 6d18h
210900K .......... .......... .......... .......... ..........  0%  208K 6d18h
210950K .......... .......... .......... .......... ..........  0%  185K 6d18h
211000K .......... .......... .......... .......... ..........  0%  291K 6d18h
211050K .......... .......... .......... .......... ..........  0%  314K 6d18h
211100K .......... .......slurmstepd-workernode3: error: *** JOB 11850 ON workernode3 CANCELLED AT 2026-08-10T19:24:25 ***
