============================================
TaxVAMB marine multi-sample binning started
Assembly       : 6
FASTA          : /mnt/ME5024_PA2/shared/groups/ZHANGLU/Data-CAMI2-Marine-multi-samples/marine-sample-6.contigs.fasta
Taxonomy       : /mnt/ME5024_PA1/home/csbhzou/CompleteBin-v1.2.2.0-Revision-Version-245NCMAGs-more9010MAGs/scripts/taxvamb_marine_multisample/taxonomy_converted/marine-sample-6.taxvamb.tsv
BAM files      : 10 cross-sample mappings
Output         : /mnt/ME5024_PA2/shared/groups/ZHANGLU/TaxVAMB-CAMI2-Marine-Multi-Sample/marine-sample-6
Node           : workernode4
Started        : Thu Aug 13 11:13:03 HKT 2026
============================================
2026-08-13 11:13:07.620 | INFO    | Starting Vamb version 5.0.4
2026-08-13 11:13:07.620 | INFO    | Random seed is 20260812
2026-08-13 11:13:07.620 | INFO    | Invoked with CLI args: '/mnt/ME5024_PA1/home/csbhzou/miniconda3/envs/taxvamb/bin/vamb bin taxvamb --outdir /mnt/ME5024_PA2/shared/groups/ZHANGLU/TaxVAMB-CAMI2-Marine-Multi-Sample/marine-sample-6 --fasta /mnt/ME5024_PA2/shared/groups/ZHANGLU/Data-CAMI2-Marine-multi-samples/marine-sample-6.contigs.fasta --bamdir /mnt/ME5024_PA2/shared/groups/ZHANGLU/TaxVAMB-CAMI2-Marine-Multi-Sample/marine-sample-6.bamdir --taxonomy /mnt/ME5024_PA1/home/csbhzou/CompleteBin-v1.2.2.0-Revision-Version-245NCMAGs-more9010MAGs/scripts/taxvamb_marine_multisample/taxonomy_converted/marine-sample-6.taxvamb.tsv --minfasta 200000 -m 2000 -p 32 --seed 20260812'
2026-08-13 11:13:07.620 | INFO    | Loading TNF
2026-08-13 11:13:07.620 | INFO    | 	Minimum sequence length: 2000
2026-08-13 11:13:07.620 | INFO    | 	Loading data from FASTA file /mnt/ME5024_PA2/shared/groups/ZHANGLU/Data-CAMI2-Marine-multi-samples/marine-sample-6.contigs.fasta

2026-08-13 11:13:12.368 | WARNING | Binsplit separator (option `-o`) implicitly passed as "C", but sequence identifier "k141_35280" does not contain this separator, or contains it at the very start or end.
A binsplit separator X implies that every sequence identifier is formatted as
[sample identifier][X][sequence identifier], e.g. a binsplit separator of 'C' means that 'S1C19' and '7C11' are valid identifiers.

Skipping binsplitting.

2026-08-13 11:13:12.368 | WARNING | The minimum sequence length has been set to 2000, but 431847 sequences fell below this threshold and was filtered away.
Better results are obtained if the sequence file is filtered to the minimum sequence length before mapping.

2026-08-13 11:13:12.368 | INFO    | 	Kept 157110881 bases in 26095 sequences
2026-08-13 11:13:12.368 | INFO    | 	Processed TNF in 4.75 seconds.

2026-08-13 11:13:12.368 | INFO    | Loading depths
2026-08-13 11:13:12.368 | INFO    | 	Reference hash: b974226c81988ca0496d06c0b4d17081
2026-08-13 11:13:12.368 | INFO    | 	Parsing 10 BAM files with 32 threads
2026-08-13 11:13:12.368 | INFO    | 	Min identity: 0.0
2026-08-13 11:14:41.572 | INFO    | 	Order of columns is:
2026-08-13 11:14:41.573 | INFO    | 	     0: /mnt/ME5024_PA2/shared/groups/ZHANGLU/TaxVAMB-CAMI2-Marine-Multi-Sample/marine-sample-6.bamdir/marine-sample-c6-r0.sorted.bam
2026-08-13 11:14:41.573 | INFO    | 	     1: /mnt/ME5024_PA2/shared/groups/ZHANGLU/TaxVAMB-CAMI2-Marine-Multi-Sample/marine-sample-6.bamdir/marine-sample-c6-r1.sorted.bam
2026-08-13 11:14:41.573 | INFO    | 	     2: /mnt/ME5024_PA2/shared/groups/ZHANGLU/TaxVAMB-CAMI2-Marine-Multi-Sample/marine-sample-6.bamdir/marine-sample-c6-r2.sorted.bam
2026-08-13 11:14:41.573 | INFO    | 	     3: /mnt/ME5024_PA2/shared/groups/ZHANGLU/TaxVAMB-CAMI2-Marine-Multi-Sample/marine-sample-6.bamdir/marine-sample-c6-r3.sorted.bam
2026-08-13 11:14:41.573 | INFO    | 	     4: /mnt/ME5024_PA2/shared/groups/ZHANGLU/TaxVAMB-CAMI2-Marine-Multi-Sample/marine-sample-6.bamdir/marine-sample-c6-r4.sorted.bam
2026-08-13 11:14:41.573 | INFO    | 	     5: /mnt/ME5024_PA2/shared/groups/ZHANGLU/TaxVAMB-CAMI2-Marine-Multi-Sample/marine-sample-6.bamdir/marine-sample-c6-r5.sorted.bam
2026-08-13 11:14:41.573 | INFO    | 	     6: /mnt/ME5024_PA2/shared/groups/ZHANGLU/TaxVAMB-CAMI2-Marine-Multi-Sample/marine-sample-6.bamdir/marine-sample-c6-r6.sorted.bam
2026-08-13 11:14:41.573 | INFO    | 	     7: /mnt/ME5024_PA2/shared/groups/ZHANGLU/TaxVAMB-CAMI2-Marine-Multi-Sample/marine-sample-6.bamdir/marine-sample-c6-r7.sorted.bam
2026-08-13 11:14:41.573 | INFO    | 	     8: /mnt/ME5024_PA2/shared/groups/ZHANGLU/TaxVAMB-CAMI2-Marine-Multi-Sample/marine-sample-6.bamdir/marine-sample-c6-r8.sorted.bam
2026-08-13 11:14:41.573 | INFO    | 	     9: /mnt/ME5024_PA2/shared/groups/ZHANGLU/TaxVAMB-CAMI2-Marine-Multi-Sample/marine-sample-6.bamdir/marine-sample-c6-r9.sorted.bam
2026-08-13 11:14:41.573 | INFO    | 	Processed abundance in 89.2 seconds.

2026-08-13 11:14:41.573 | INFO    | Predicting taxonomy with Taxometer
2026-08-13 11:14:41.705 | INFO    | 	929 nodes in the graph
2026-08-13 11:14:41.751 | INFO    | 	Created dataloader
2026-08-13 11:14:41.751 | INFO    | Starting training the taxonomy predictor
2026-08-13 11:14:41.751 | INFO    | Using threshold 0.5
2026-08-13 11:14:42.596 | INFO    | 	Network properties:
2026-08-13 11:14:42.596 | INFO    | 	    CUDA: False
2026-08-13 11:14:42.596 | INFO    | 	    Hierarchical loss: flat_softmax
2026-08-13 11:14:42.596 | INFO    | 	    Alpha: 0.15
2026-08-13 11:14:42.596 | INFO    | 	    Beta: 200.0
2026-08-13 11:14:42.597 | INFO    | 	    Dropout: 0.2
2026-08-13 11:14:42.597 | INFO    | 	    N hidden: 512, 512, 512, 512
2026-08-13 11:14:42.597 | INFO    | 	Training properties:
2026-08-13 11:14:42.597 | INFO    | 	    N epochs: 100
2026-08-13 11:14:42.597 | INFO    | 	    Starting batch size: 1024
2026-08-13 11:14:42.597 | INFO    | 	    Batchsteps: None
2026-08-13 11:14:42.597 | INFO    | 	    Learning rate: 0.001
2026-08-13 11:14:42.597 | INFO    | 	    N labels: torch.Size([26095, 10])
Using decoupled weight decay
2026-08-13 11:14:46.625 | INFO    | 	Epoch: 1	CE: 3.0047132	Batchsize: 1024
2026-08-13 11:14:47.840 | INFO    | 	Epoch: 2	CE: 0.7705271	Batchsize: 1024
2026-08-13 11:14:49.347 | INFO    | 	Epoch: 3	CE: 0.5107216	Batchsize: 1024
2026-08-13 11:14:50.319 | INFO    | 	Epoch: 4	CE: 0.4147813	Batchsize: 1024
2026-08-13 11:14:51.301 | INFO    | 	Epoch: 5	CE: 0.3586146	Batchsize: 1024
2026-08-13 11:14:52.300 | INFO    | 	Epoch: 6	CE: 0.3041226	Batchsize: 1024
2026-08-13 11:14:53.391 | INFO    | 	Epoch: 7	CE: 0.2810168	Batchsize: 1024
2026-08-13 11:14:54.338 | INFO    | 	Epoch: 8	CE: 0.2508435	Batchsize: 1024
2026-08-13 11:14:55.324 | INFO    | 	Epoch: 9	CE: 0.2281855	Batchsize: 1024
2026-08-13 11:14:56.382 | INFO    | 	Epoch: 10	CE: 0.2059611	Batchsize: 1024
2026-08-13 11:14:57.361 | INFO    | 	Epoch: 11	CE: 0.1949284	Batchsize: 1024
2026-08-13 11:14:58.462 | INFO    | 	Epoch: 12	CE: 0.1802197	Batchsize: 1024
2026-08-13 11:14:59.438 | INFO    | 	Epoch: 13	CE: 0.1678920	Batchsize: 1024
2026-08-13 11:15:00.507 | INFO    | 	Epoch: 14	CE: 0.1532155	Batchsize: 1024
2026-08-13 11:15:01.561 | INFO    | 	Epoch: 15	CE: 0.1388291	Batchsize: 1024
2026-08-13 11:15:02.558 | INFO    | 	Epoch: 16	CE: 0.1332316	Batchsize: 1024
2026-08-13 11:15:03.605 | INFO    | 	Epoch: 17	CE: 0.1229718	Batchsize: 1024
2026-08-13 11:15:04.579 | INFO    | 	Epoch: 18	CE: 0.1091737	Batchsize: 1024
2026-08-13 11:15:05.556 | INFO    | 	Epoch: 19	CE: 0.1071320	Batchsize: 1024
2026-08-13 11:15:06.560 | INFO    | 	Epoch: 20	CE: 0.1051510	Batchsize: 1024
2026-08-13 11:15:07.600 | INFO    | 	Epoch: 21	CE: 0.0989773	Batchsize: 1024
2026-08-13 11:15:08.686 | INFO    | 	Epoch: 22	CE: 0.0975683	Batchsize: 1024
2026-08-13 11:15:09.749 | INFO    | 	Epoch: 23	CE: 0.0910890	Batchsize: 1024
2026-08-13 11:15:10.803 | INFO    | 	Epoch: 24	CE: 0.0848841	Batchsize: 1024
2026-08-13 11:15:11.794 | INFO    | 	Epoch: 25	CE: 0.0864452	Batchsize: 1024
2026-08-13 11:15:12.758 | INFO    | 	Epoch: 26	CE: 0.0809435	Batchsize: 1024
2026-08-13 11:15:13.723 | INFO    | 	Epoch: 27	CE: 0.0691604	Batchsize: 1024
2026-08-13 11:15:14.717 | INFO    | 	Epoch: 28	CE: 0.0650648	Batchsize: 1024
2026-08-13 11:15:15.772 | INFO    | 	Epoch: 29	CE: 0.0641175	Batchsize: 1024
2026-08-13 11:15:16.753 | INFO    | 	Epoch: 30	CE: 0.0609594	Batchsize: 1024
2026-08-13 11:15:20.757 | INFO    | 	Epoch: 31	CE: 0.0602778	Batchsize: 1024
2026-08-13 11:15:21.810 | INFO    | 	Epoch: 32	CE: 0.0614088	Batchsize: 1024
2026-08-13 11:15:22.789 | INFO    | 	Epoch: 33	CE: 0.0601103	Batchsize: 1024
2026-08-13 11:15:23.830 | INFO    | 	Epoch: 34	CE: 0.0589042	Batchsize: 1024
2026-08-13 11:15:24.921 | INFO    | 	Epoch: 35	CE: 0.0571643	Batchsize: 1024
2026-08-13 11:15:25.945 | INFO    | 	Epoch: 36	CE: 0.0570911	Batchsize: 1024
2026-08-13 11:15:26.904 | INFO    | 	Epoch: 37	CE: 0.0556080	Batchsize: 1024
2026-08-13 11:15:27.881 | INFO    | 	Epoch: 38	CE: 0.0507169	Batchsize: 1024
2026-08-13 11:15:28.846 | INFO    | 	Epoch: 39	CE: 0.0502011	Batchsize: 1024
2026-08-13 11:15:29.817 | INFO    | 	Epoch: 40	CE: 0.0487435	Batchsize: 1024
2026-08-13 11:15:30.792 | INFO    | 	Epoch: 41	CE: 0.0453688	Batchsize: 1024
2026-08-13 11:15:31.775 | INFO    | 	Epoch: 42	CE: 0.0537232	Batchsize: 1024
2026-08-13 11:15:32.834 | INFO    | 	Epoch: 43	CE: 0.0460043	Batchsize: 1024
2026-08-13 11:15:33.882 | INFO    | 	Epoch: 44	CE: 0.0455087	Batchsize: 1024
2026-08-13 11:15:34.843 | INFO    | 	Epoch: 45	CE: 0.0510940	Batchsize: 1024
2026-08-13 11:15:35.900 | INFO    | 	Epoch: 46	CE: 0.0456167	Batchsize: 1024
2026-08-13 11:15:36.965 | INFO    | 	Epoch: 47	CE: 0.0417279	Batchsize: 1024
2026-08-13 11:15:37.948 | INFO    | 	Epoch: 48	CE: 0.0400577	Batchsize: 1024
2026-08-13 11:15:38.929 | INFO    | 	Epoch: 49	CE: 0.0402859	Batchsize: 1024
2026-08-13 11:15:40.005 | INFO    | 	Epoch: 50	CE: 0.0414796	Batchsize: 1024
2026-08-13 11:15:40.979 | INFO    | 	Epoch: 51	CE: 0.0372501	Batchsize: 1024
2026-08-13 11:15:42.063 | INFO    | 	Epoch: 52	CE: 0.0364229	Batchsize: 1024
2026-08-13 11:15:43.063 | INFO    | 	Epoch: 53	CE: 0.0326823	Batchsize: 1024
2026-08-13 11:15:44.075 | INFO    | 	Epoch: 54	CE: 0.0361286	Batchsize: 1024
2026-08-13 11:15:45.050 | INFO    | 	Epoch: 55	CE: 0.0361235	Batchsize: 1024
2026-08-13 11:15:46.108 | INFO    | 	Epoch: 56	CE: 0.0335866	Batchsize: 1024
2026-08-13 11:15:47.221 | INFO    | 	Epoch: 57	CE: 0.0310030	Batchsize: 1024
2026-08-13 11:15:48.227 | INFO    | 	Epoch: 58	CE: 0.0315692	Batchsize: 1024
2026-08-13 11:15:49.187 | INFO    | 	Epoch: 59	CE: 0.0312540	Batchsize: 1024
2026-08-13 11:15:50.140 | INFO    | 	Epoch: 60	CE: 0.0288143	Batchsize: 1024
2026-08-13 11:15:51.114 | INFO    | 	Epoch: 61	CE: 0.0322092	Batchsize: 1024
2026-08-13 11:15:52.125 | INFO    | 	Epoch: 62	CE: 0.0300285	Batchsize: 1024
2026-08-13 11:15:53.193 | INFO    | 	Epoch: 63	CE: 0.0312192	Batchsize: 1024
2026-08-13 11:15:54.244 | INFO    | 	Epoch: 64	CE: 0.0309217	Batchsize: 1024
2026-08-13 11:15:55.226 | INFO    | 	Epoch: 65	CE: 0.0289663	Batchsize: 1024
2026-08-13 11:15:56.289 | INFO    | 	Epoch: 66	CE: 0.0277916	Batchsize: 1024
2026-08-13 11:15:57.357 | INFO    | 	Epoch: 67	CE: 0.0266353	Batchsize: 1024
2026-08-13 11:15:58.341 | INFO    | 	Epoch: 68	CE: 0.0289091	Batchsize: 1024
2026-08-13 11:15:59.318 | INFO    | 	Epoch: 69	CE: 0.0283740	Batchsize: 1024
2026-08-13 11:16:00.283 | INFO    | 	Epoch: 70	CE: 0.0282346	Batchsize: 1024
2026-08-13 11:16:01.290 | INFO    | 	Epoch: 71	CE: 0.0274812	Batchsize: 1024
2026-08-13 11:16:02.339 | INFO    | 	Epoch: 72	CE: 0.0226725	Batchsize: 1024
2026-08-13 11:16:03.328 | INFO    | 	Epoch: 73	CE: 0.0271584	Batchsize: 1024
2026-08-13 11:16:04.311 | INFO    | 	Epoch: 74	CE: 0.0264582	Batchsize: 1024
2026-08-13 11:16:05.277 | INFO    | 	Epoch: 75	CE: 0.0317709	Batchsize: 1024
2026-08-13 11:16:06.329 | INFO    | 	Epoch: 76	CE: 0.0311863	Batchsize: 1024
2026-08-13 11:16:07.330 | INFO    | 	Epoch: 77	CE: 0.0303920	Batchsize: 1024
2026-08-13 11:16:08.333 | INFO    | 	Epoch: 78	CE: 0.0255162	Batchsize: 1024
2026-08-13 11:16:09.300 | INFO    | 	Epoch: 79	CE: 0.0261842	Batchsize: 1024
2026-08-13 11:16:10.361 | INFO    | 	Epoch: 80	CE: 0.0260141	Batchsize: 1024
2026-08-13 11:16:11.337 | INFO    | 	Epoch: 81	CE: 0.0265592	Batchsize: 1024
2026-08-13 11:16:12.400 | INFO    | 	Epoch: 82	CE: 0.0287288	Batchsize: 1024
2026-08-13 11:16:13.369 | INFO    | 	Epoch: 83	CE: 0.0289737	Batchsize: 1024
2026-08-13 11:16:14.341 | INFO    | 	Epoch: 84	CE: 0.0296922	Batchsize: 1024
2026-08-13 11:16:15.404 | INFO    | 	Epoch: 85	CE: 0.0301808	Batchsize: 1024
2026-08-13 11:16:16.377 | INFO    | 	Epoch: 86	CE: 0.0273032	Batchsize: 1024
2026-08-13 11:16:17.613 | INFO    | 	Epoch: 87	CE: 0.0242530	Batchsize: 1024
2026-08-13 11:16:18.725 | INFO    | 	Epoch: 88	CE: 0.0228144	Batchsize: 1024
2026-08-13 11:16:19.703 | INFO    | 	Epoch: 89	CE: 0.0225700	Batchsize: 1024
2026-08-13 11:16:20.686 | INFO    | 	Epoch: 90	CE: 0.0227336	Batchsize: 1024
2026-08-13 11:16:21.675 | INFO    | 	Epoch: 91	CE: 0.0189736	Batchsize: 1024
2026-08-13 11:16:22.679 | INFO    | 	Epoch: 92	CE: 0.0227037	Batchsize: 1024
2026-08-13 11:16:23.661 | INFO    | 	Epoch: 93	CE: 0.0228989	Batchsize: 1024
2026-08-13 11:16:24.746 | INFO    | 	Epoch: 94	CE: 0.0217047	Batchsize: 1024
2026-08-13 11:16:25.784 | INFO    | 	Epoch: 95	CE: 0.0226910	Batchsize: 1024
2026-08-13 11:16:26.751 | INFO    | 	Epoch: 96	CE: 0.0279842	Batchsize: 1024
2026-08-13 11:16:27.715 | INFO    | 	Epoch: 97	CE: 0.0258704	Batchsize: 1024
2026-08-13 11:16:28.680 | INFO    | 	Epoch: 98	CE: 0.0231886	Batchsize: 1024
2026-08-13 11:16:29.654 | INFO    | 	Epoch: 99	CE: 0.0186846	Batchsize: 1024
2026-08-13 11:16:30.660 | INFO    | 	Epoch: 100	CE: 0.0191951	Batchsize: 1024
2026-08-13 11:16:30.672 | INFO    | Finished training the taxonomy predictor in 108.92 seconds.
2026-08-13 11:16:30.672 | INFO    | Writing the taxonomy predictions
2026-08-13 11:16:30.673 | INFO    | Using threshold 0.5
2026-08-13 11:16:33.565 | INFO    | Completed taxonomy predictions in 111.99 seconds.
2026-08-13 11:16:33.792 | INFO    | 	Network properties:
2026-08-13 11:16:33.792 | INFO    | 	    CUDA: False
2026-08-13 11:16:33.792 | INFO    | 	    Alpha: 0.15
2026-08-13 11:16:33.792 | INFO    | 	    Beta: 200.0
2026-08-13 11:16:33.792 | INFO    | 	    Dropout: 0.2
2026-08-13 11:16:33.792 | INFO    | 	    N hidden: 512, 512
2026-08-13 11:16:33.792 | INFO    | 	    N latent: 32
2026-08-13 11:16:33.792 | INFO    | 	Training properties:
2026-08-13 11:16:33.792 | INFO    | 	    N epochs: 300
2026-08-13 11:16:33.792 | INFO    | 	    Starting batch size: 256
2026-08-13 11:16:33.792 | INFO    | 	    Batchsteps: 25, 75, 150, 225
2026-08-13 11:16:33.792 | INFO    | 	    Learning rate: 0.001
2026-08-13 11:16:33.792 | INFO    | 	    N sequences: 26095
2026-08-13 11:16:33.792 | INFO    | 	    N samples: 10
2026-08-13 11:16:38.671 | INFO    | 		Epoch: 0  loss_vamb: 8.50381e-01  ab_vamb: 2.07601e-02  ce_vamb: 7.46797e-01  sse_vamb: 7.43957e-02  kld_vamb: 8.32248e-03  loss_labels: 1.12370e+00  ce_labels_labels: 1.11286e+00  kld_labels: 6.94252e+01  correct_labels_labels: 0.00000e+00  loss_joint: 2.51709e+00  ce_joint: 2.23382e+00  sse_joint: 5.39706e+01  ce_labels_joint: 1.66727e+00  kld_vamb_joint: 2.08359e+00  kld_labels_joint: 1.57004e+00  correct_labels_joint: 0.00000e+00  loss: 4.49118e+00
2026-08-13 11:16:43.590 | INFO    | 		Epoch: 1  loss_vamb: 7.93191e-01  ab_vamb: 7.07588e-03  ce_vamb: 7.27499e-01  sse_vamb: 4.89847e-02  kld_vamb: 9.56905e-03  loss_labels: 2.11128e-01  ce_labels_labels: 1.96051e-01  kld_labels: 9.64922e+01  correct_labels_labels: 0.00000e+00  loss_joint: 1.13252e+00  ce_joint: 2.16796e+00  sse_joint: 3.75714e+01  ce_labels_joint: 3.48475e-01  kld_vamb_joint: 2.53577e+00  kld_labels_joint: 1.91707e+00  correct_labels_joint: 0.00000e+00  loss: 2.13684e+00
2026-08-13 11:16:48.796 | INFO    | 		Epoch: 2  loss_vamb: 7.83762e-01  ab_vamb: 6.01570e-03  ce_vamb: 7.22914e-01  sse_vamb: 4.48893e-02  kld_vamb: 9.87937e-03  loss_labels: 1.21405e-01  ce_labels_labels: 1.05777e-01  kld_labels: 1.00017e+02  correct_labels_labels: 0.00000e+00  loss_joint: 9.74678e-01  ce_joint: 2.15511e+00  sse_joint: 3.48733e+01  ce_labels_joint: 2.00261e-01  kld_vamb_joint: 3.05730e+00  kld_labels_joint: 2.31479e+00  correct_labels_joint: 0.00000e+00  loss: 1.87984e+00
2026-08-13 11:16:53.831 | INFO    | 		Epoch: 3  loss_vamb: 7.78438e-01  ab_vamb: 5.43091e-03  ce_vamb: 7.19675e-01  sse_vamb: 4.31659e-02  kld_vamb: 1.01037e-02  loss_labels: 8.39644e-02  ce_labels_labels: 6.87287e-02  kld_labels: 9.75084e+01  correct_labels_labels: 0.00000e+00  loss_joint: 9.06668e-01  ce_joint: 2.14793e+00  sse_joint: 3.35631e+01  ce_labels_joint: 1.37090e-01  kld_vamb_joint: 3.61168e+00  kld_labels_joint: 2.81538e+00  correct_labels_joint: 0.00000e+00  loss: 1.76907e+00
2026-08-13 11:16:58.888 | INFO    | 		Epoch: 4  loss_vamb: 7.74971e-01  ab_vamb: 5.15600e-03  ce_vamb: 7.17202e-01  sse_vamb: 4.23581e-02  kld_vamb: 1.01925e-02  loss_labels: 6.24898e-02  ce_labels_labels: 4.80223e-02  kld_labels: 9.25921e+01  correct_labels_labels: 0.00000e+00  loss_joint: 8.68008e-01  ce_joint: 2.14344e+00  sse_joint: 3.28565e+01  ce_labels_joint: 1.01111e-01  kld_vamb_joint: 4.14182e+00  kld_labels_joint: 3.34802e+00  correct_labels_joint: 0.00000e+00  loss: 1.70547e+00
2026-08-13 11:17:03.909 | INFO    | 		Epoch: 5  loss_vamb: 7.72220e-01  ab_vamb: 4.89707e-03  ce_vamb: 7.15315e-01  sse_vamb: 4.17540e-02  kld_vamb: 1.01918e-02  loss_labels: 4.79526e-02  ce_labels_labels: 3.41612e-02  kld_labels: 8.82648e+01  correct_labels_labels: 0.00000e+00  loss_joint: 8.43107e-01  ce_joint: 2.14002e+00  sse_joint: 3.21587e+01  ce_labels_joint: 7.85800e-02  kld_vamb_joint: 4.67754e+00  kld_labels_joint: 3.89097e+00  correct_labels_joint: 0.00000e+00  loss: 1.66328e+00
2026-08-13 11:17:08.791 | INFO    | 		Epoch: 6  loss_vamb: 7.70136e-01  ab_vamb: 4.76225e-03  ce_vamb: 7.13815e-01  sse_vamb: 4.13473e-02  kld_vamb: 1.01486e-02  loss_labels: 3.75092e-02  ce_labels_labels: 2.42267e-02  kld_labels: 8.50083e+01  correct_labels_labels: 0.00000e+00  loss_joint: 8.23322e-01  ce_joint: 2.13747e+00  sse_joint: 3.16791e+01  ce_labels_joint: 6.03823e-02  kld_vamb_joint: 5.21315e+00  kld_labels_joint: 4.40063e+00  correct_labels_joint: 0.00000e+00  loss: 1.63097e+00
2026-08-13 11:17:13.679 | INFO    | 		Epoch: 7  loss_vamb: 7.68543e-01  ab_vamb: 4.57127e-03  ce_vamb: 7.12739e-01  sse_vamb: 4.10980e-02  kld_vamb: 1.00724e-02  loss_labels: 3.02021e-02  ce_labels_labels: 1.73530e-02  kld_labels: 8.22337e+01  correct_labels_labels: 0.00000e+00  loss_joint: 8.11855e-01  ce_joint: 2.13590e+00  sse_joint: 3.11413e+01  ce_labels_joint: 5.04446e-02  kld_vamb_joint: 5.67173e+00  kld_labels_joint: 4.90964e+00  correct_labels_joint: 0.00000e+00  loss: 1.61060e+00
2026-08-13 11:17:18.493 | INFO    | 		Epoch: 8  loss_vamb: 7.67207e-01  ab_vamb: 4.42028e-03  ce_vamb: 7.11966e-01  sse_vamb: 4.07473e-02  kld_vamb: 1.00112e-02  loss_labels: 2.48641e-02  ce_labels_labels: 1.21512e-02  kld_labels: 8.13620e+01  correct_labels_labels: 0.00000e+00  loss_joint: 8.04456e-01  ce_joint: 2.13472e+00  sse_joint: 3.07756e+01  ce_labels_joint: 4.38000e-02  kld_vamb_joint: 6.08713e+00  kld_labels_joint: 5.35661e+00  correct_labels_joint: 0.00000e+00  loss: 1.59653e+00
2026-08-13 11:17:23.343 | INFO    | 		Epoch: 9  loss_vamb: 7.65954e-01  ab_vamb: 4.27754e-03  ce_vamb: 7.11081e-01  sse_vamb: 4.05852e-02  kld_vamb: 9.94908e-03  loss_labels: 2.01498e-02  ce_labels_labels: 8.09893e-03  kld_labels: 7.71259e+01  correct_labels_labels: 0.00000e+00  loss_joint: 7.96160e-01  ce_joint: 2.13378e+00  sse_joint: 3.05748e+01  ce_labels_joint: 3.61742e-02  kld_vamb_joint: 6.45366e+00  kld_labels_joint: 5.75049e+00  correct_labels_joint: 0.00000e+00  loss: 1.58226e+00
2026-08-13 11:17:28.263 | INFO    | 		Epoch: 10  loss_vamb: 7.65028e-01  ab_vamb: 4.18327e-03  ce_vamb: 7.10510e-01  sse_vamb: 4.03579e-02  kld_vamb: 9.91351e-03  loss_labels: 1.74095e-02  ce_labels_labels: 6.00206e-03  kld_labels: 7.30074e+01  correct_labels_labels: 0.00000e+00  loss_joint: 7.89169e-01  ce_joint: 2.13262e+00  sse_joint: 3.02272e+01  ce_labels_joint: 3.02229e-02  kld_vamb_joint: 6.92046e+00  kld_labels_joint: 6.27641e+00  correct_labels_joint: 0.00000e+00  loss: 1.57161e+00
2026-08-13 11:17:33.174 | INFO    | 		Epoch: 11  loss_vamb: 7.64207e-01  ab_vamb: 4.18103e-03  ce_vamb: 7.09992e-01  sse_vamb: 4.01093e-02  kld_vamb: 9.86193e-03  loss_labels: 1.58851e-02  ce_labels_labels: 4.83205e-03  kld_labels: 7.07396e+01  correct_labels_labels: 0.00000e+00  loss_joint: 7.82171e-01  ce_joint: 2.13189e+00  sse_joint: 2.99517e+01  ce_labels_joint: 2.38139e-02  kld_vamb_joint: 7.32586e+00  kld_labels_joint: 6.69849e+00  correct_labels_joint: 0.00000e+00  loss: 1.56226e+00
2026-08-13 11:17:38.169 | INFO    | 		Epoch: 12  loss_vamb: 7.63577e-01  ab_vamb: 4.05498e-03  ce_vamb: 7.09549e-01  sse_vamb: 4.00258e-02  kld_vamb: 9.88552e-03  loss_labels: 1.64577e-02  ce_labels_labels: 5.38751e-03  kld_labels: 7.08492e+01  correct_labels_labels: 0.00000e+00  loss_joint: 7.74036e-01  ce_joint: 2.13068e+00  sse_joint: 2.95734e+01  ce_labels_joint: 1.67345e-02  kld_vamb_joint: 7.53776e+00  kld_labels_joint: 6.97367e+00  correct_labels_joint: 0.00000e+00  loss: 1.55407e+00
2026-08-13 11:17:43.113 | INFO    | 		Epoch: 13  loss_vamb: 7.62828e-01  ab_vamb: 3.93354e-03  ce_vamb: 7.09199e-01  sse_vamb: 3.98226e-02  kld_vamb: 9.81236e-03  loss_labels: 1.52688e-02  ce_labels_labels: 4.18415e-03  kld_labels: 7.09420e+01  correct_labels_labels: 0.00000e+00  loss_joint: 7.71920e-01  ce_joint: 2.13014e+00  sse_joint: 2.92148e+01  ce_labels_joint: 1.52947e-02  kld_vamb_joint: 7.75955e+00  kld_labels_joint: 7.19586e+00  correct_labels_joint: 0.00000e+00  loss: 1.55002e+00
2026-08-13 11:17:48.035 | INFO    | 		Epoch: 14  loss_vamb: 7.62428e-01  ab_vamb: 3.95746e-03  ce_vamb: 7.08872e-01  sse_vamb: 3.97464e-02  kld_vamb: 9.78901e-03  loss_labels: 1.38301e-02  ce_labels_labels: 3.47708e-03  kld_labels: 6.62596e+01  correct_labels_labels: 0.00000e+00  loss_joint: 7.73569e-01  ce_joint: 2.13005e+00  sse_joint: 2.90594e+01  ce_labels_joint: 1.72470e-02  kld_vamb_joint: 7.91836e+00  kld_labels_joint: 7.51244e+00  correct_labels_joint: 0.00000e+00  loss: 1.54983e+00
2026-08-13 11:17:52.941 | INFO    | 		Epoch: 15  loss_vamb: 7.61830e-01  ab_vamb: 3.89663e-03  ce_vamb: 7.08511e-01  sse_vamb: 3.96154e-02  kld_vamb: 9.74618e-03  loss_labels: 1.55843e-02  ce_labels_labels: 5.30124e-03  kld_labels: 6.58118e+01  correct_labels_labels: 0.00000e+00  loss_joint: 7.80570e-01  ce_joint: 2.13067e+00  sse_joint: 2.91967e+01  ce_labels_joint: 2.35238e-02  kld_vamb_joint: 8.06340e+00  kld_labels_joint: 7.73120e+00  correct_labels_joint: 0.00000e+00  loss: 1.55798e+00
2026-08-13 11:17:57.985 | INFO    | 		Epoch: 16  loss_vamb: 7.61395e-01  ab_vamb: 3.81718e-03  ce_vamb: 7.08329e-01  sse_vamb: 3.94964e-02  kld_vamb: 9.69179e-03  loss_labels: 1.60649e-02  ce_labels_labels: 5.17264e-03  kld_labels: 6.97101e+01  correct_labels_labels: 0.00000e+00  loss_joint: 7.81005e-01  ce_joint: 2.13004e+00  sse_joint: 2.92050e+01  ce_labels_joint: 2.42359e-02  kld_vamb_joint: 8.43250e+00  kld_labels_joint: 7.95473e+00  correct_labels_joint: 0.00000e+00  loss: 1.55847e+00
2026-08-13 11:18:02.960 | INFO    | 		Epoch: 17  loss_vamb: 7.60813e-01  ab_vamb: 3.76221e-03  ce_vamb: 7.08006e-01  sse_vamb: 3.93591e-02  kld_vamb: 9.62593e-03  loss_labels: 1.57002e-02  ce_labels_labels: 5.11861e-03  kld_labels: 6.77222e+01  correct_labels_labels: 0.00000e+00  loss_joint: 7.72709e-01  ce_joint: 2.12949e+00  sse_joint: 2.88086e+01  ce_labels_joint: 1.66482e-02  kld_vamb_joint: 8.83590e+00  kld_labels_joint: 8.39691e+00  correct_labels_joint: 0.00000e+00  loss: 1.54922e+00
2026-08-13 11:18:07.952 | INFO    | 		Epoch: 18  loss_vamb: 7.60668e-01  ab_vamb: 3.77216e-03  ce_vamb: 7.07943e-01  sse_vamb: 3.92061e-02  kld_vamb: 9.68267e-03  loss_labels: 1.69393e-02  ce_labels_labels: 5.64703e-03  kld_labels: 7.22704e+01  correct_labels_labels: 0.00000e+00  loss_joint: 7.69894e-01  ce_joint: 2.12886e+00  sse_joint: 2.84194e+01  ce_labels_joint: 1.46157e-02  kld_vamb_joint: 9.06684e+00  kld_labels_joint: 8.54102e+00  correct_labels_joint: 0.00000e+00  loss: 1.54750e+00
2026-08-13 11:18:12.888 | INFO    | 		Epoch: 19  loss_vamb: 7.59998e-01  ab_vamb: 3.62877e-03  ce_vamb: 7.07588e-01  sse_vamb: 3.90423e-02  kld_vamb: 9.67669e-03  loss_labels: 1.60267e-02  ce_labels_labels: 4.74740e-03  kld_labels: 7.21874e+01  correct_labels_labels: 0.00000e+00  loss_joint: 7.68444e-01  ce_joint: 2.12830e+00  sse_joint: 2.82864e+01  ce_labels_joint: 1.36809e-02  kld_vamb_joint: 9.17594e+00  kld_labels_joint: 8.69134e+00  correct_labels_joint: 0.00000e+00  loss: 1.54447e+00
2026-08-13 11:18:17.752 | INFO    | 		Epoch: 20  loss_vamb: 7.59691e-01  ab_vamb: 3.58718e-03  ce_vamb: 7.07461e-01  sse_vamb: 3.89599e-02  kld_vamb: 9.62093e-03  loss_labels: 1.62655e-02  ce_labels_labels: 5.19987e-03  kld_labels: 7.08202e+01  correct_labels_labels: 0.00000e+00  loss_joint: 7.66415e-01  ce_joint: 2.12780e+00  sse_joint: 2.80413e+01  ce_labels_joint: 1.22048e-02  kld_vamb_joint: 9.35805e+00  kld_labels_joint: 8.93254e+00  correct_labels_joint: 0.00000e+00  loss: 1.54237e+00
2026-08-13 11:18:22.583 | INFO    | 		Epoch: 21  loss_vamb: 7.59468e-01  ab_vamb: 3.64425e-03  ce_vamb: 7.07272e-01  sse_vamb: 3.88294e-02  kld_vamb: 9.66162e-03  loss_labels: 1.76540e-02  ce_labels_labels: 6.02545e-03  kld_labels: 7.44229e+01  correct_labels_labels: 0.00000e+00  loss_joint: 7.62752e-01  ce_joint: 2.12753e+00  sse_joint: 2.77138e+01  ce_labels_joint: 9.17669e-03  kld_vamb_joint: 9.33149e+00  kld_labels_joint: 8.84180e+00  correct_labels_joint: 0.00000e+00  loss: 1.53987e+00
2026-08-13 11:18:27.427 | INFO    | 		Epoch: 22  loss_vamb: 7.59006e-01  ab_vamb: 3.52908e-03  ce_vamb: 7.07148e-01  sse_vamb: 3.86249e-02  kld_vamb: 9.64352e-03  loss_labels: 1.55463e-02  ce_labels_labels: 4.06974e-03  kld_labels: 7.34503e+01  correct_labels_labels: 0.00000e+00  loss_joint: 7.64189e-01  ce_joint: 2.12767e+00  sse_joint: 2.75999e+01  ce_labels_joint: 1.06451e-02  kld_vamb_joint: 9.41733e+00  kld_labels_joint: 8.96168e+00  correct_labels_joint: 0.00000e+00  loss: 1.53874e+00
2026-08-13 11:18:32.246 | INFO    | 		Epoch: 23  loss_vamb: 7.58944e-01  ab_vamb: 3.55438e-03  ce_vamb: 7.07035e-01  sse_vamb: 3.86577e-02  kld_vamb: 9.63520e-03  loss_labels: 1.59180e-02  ce_labels_labels: 4.79135e-03  kld_labels: 7.12104e+01  correct_labels_labels: 0.00000e+00  loss_joint: 7.65695e-01  ce_joint: 2.12750e+00  sse_joint: 2.75064e+01  ce_labels_joint: 1.23066e-02  kld_vamb_joint: 9.50225e+00  kld_labels_joint: 9.15701e+00  correct_labels_joint: 0.00000e+00  loss: 1.54056e+00
2026-08-13 11:18:37.182 | INFO    | 		Epoch: 24  loss_vamb: 7.58834e-01  ab_vamb: 3.50712e-03  ce_vamb: 7.06961e-01  sse_vamb: 3.87268e-02  kld_vamb: 9.57648e-03  loss_labels: 1.50543e-02  ce_labels_labels: 3.72844e-03  kld_labels: 7.24857e+01  correct_labels_labels: 0.00000e+00  loss_joint: 7.72255e-01  ce_joint: 2.12799e+00  sse_joint: 2.77552e+01  ce_labels_joint: 1.81990e-02  kld_vamb_joint: 9.69884e+00  kld_labels_joint: 9.31993e+00  correct_labels_joint: 0.00000e+00  loss: 1.54614e+00
2026-08-13 11:18:41.027 | INFO    | 		Epoch: 25  loss_vamb: 7.56996e-01  ab_vamb: 3.15057e-03  ce_vamb: 7.06411e-01  sse_vamb: 3.79373e-02  kld_vamb: 9.57581e-03  loss_labels: 1.47024e-02  ce_labels_labels: 3.92241e-03  kld_labels: 6.89916e+01  correct_labels_labels: 0.00000e+00  loss_joint: 7.64310e-01  ce_joint: 2.12628e+00  sse_joint: 2.72824e+01  ce_labels_joint: 1.20880e-02  kld_vamb_joint: 9.95805e+00  kld_labels_joint: 9.58190e+00  correct_labels_joint: 0.00000e+00  loss: 1.53601e+00
2026-08-13 11:18:44.881 | INFO    | 		Epoch: 26  loss_vamb: 7.56353e-01  ab_vamb: 3.05225e-03  ce_vamb: 7.06096e-01  sse_vamb: 3.76035e-02  kld_vamb: 9.44689e-03  loss_labels: 1.26359e-02  ce_labels_labels: 2.61774e-03  kld_labels: 6.41164e+01  correct_labels_labels: 0.00000e+00  loss_joint: 7.56189e-01  ce_joint: 2.12483e+00  sse_joint: 2.67726e+01  ce_labels_joint: 4.99373e-03  kld_vamb_joint: 1.00060e+01  kld_labels_joint: 9.69135e+00  correct_labels_joint: 0.00000e+00  loss: 1.52518e+00
2026-08-13 11:18:48.627 | INFO    | 		Epoch: 27  loss_vamb: 7.55852e-01  ab_vamb: 2.89275e-03  ce_vamb: 7.06071e-01  sse_vamb: 3.74933e-02  kld_vamb: 9.38913e-03  loss_labels: 1.16952e-02  ce_labels_labels: 2.36885e-03  kld_labels: 5.96888e+01  correct_labels_labels: 0.00000e+00  loss_joint: 7.54391e-01  ce_joint: 2.12452e+00  sse_joint: 2.63905e+01  ce_labels_joint: 4.22645e-03  kld_vamb_joint: 9.96989e+00  kld_labels_joint: 9.83330e+00  correct_labels_joint: 0.00000e+00  loss: 1.52194e+00
2026-08-13 11:18:52.607 | INFO    | 		Epoch: 28  loss_vamb: 7.55848e-01  ab_vamb: 3.05162e-03  ce_vamb: 7.05967e-01  sse_vamb: 3.74754e-02  kld_vamb: 9.47408e-03  loss_labels: 1.11139e-02  ce_labels_labels: 2.09228e-03  kld_labels: 5.77386e+01  correct_labels_labels: 0.00000e+00  loss_joint: 7.52003e-01  ce_joint: 2.12414e+00  sse_joint: 2.61173e+01  ce_labels_joint: 2.53317e-03  kld_vamb_joint: 9.83917e+00  kld_labels_joint: 9.80356e+00  correct_labels_joint: 0.00000e+00  loss: 1.51896e+00
2026-08-13 11:18:56.446 | INFO    | 		Epoch: 29  loss_vamb: 7.55425e-01  ab_vamb: 2.96482e-03  ce_vamb: 7.05824e-01  sse_vamb: 3.73832e-02  kld_vamb: 9.48249e-03  loss_labels: 1.04318e-02  ce_labels_labels: 1.70029e-03  kld_labels: 5.58819e+01  correct_labels_labels: 0.00000e+00  loss_joint: 7.51132e-01  ce_joint: 2.12376e+00  sse_joint: 2.59040e+01  ce_labels_joint: 2.34177e-03  kld_vamb_joint: 9.69598e+00  kld_labels_joint: 9.79874e+00  correct_labels_joint: 0.00000e+00  loss: 1.51699e+00
2026-08-13 11:19:00.796 | INFO    | 		Epoch: 30  loss_vamb: 7.55476e-01  ab_vamb: 2.89151e-03  ce_vamb: 7.05887e-01  sse_vamb: 3.72132e-02  kld_vamb: 9.47372e-03  loss_labels: 1.05511e-02  ce_labels_labels: 1.79129e-03  kld_labels: 5.60627e+01  correct_labels_labels: 0.00000e+00  loss_joint: 7.51174e-01  ce_joint: 2.12393e+00  sse_joint: 2.56131e+01  ce_labels_joint: 2.61241e-03  kld_vamb_joint: 9.55274e+00  kld_labels_joint: 9.71204e+00  correct_labels_joint: 0.00000e+00  loss: 1.51720e+00
2026-08-13 11:19:04.548 | INFO    | 		Epoch: 31  loss_vamb: 7.55142e-01  ab_vamb: 2.83703e-03  ce_vamb: 7.05819e-01  sse_vamb: 3.71984e-02  kld_vamb: 9.43464e-03  loss_labels: 1.07754e-02  ce_labels_labels: 2.03383e-03  kld_labels: 5.59462e+01  correct_labels_labels: 0.00000e+00  loss_joint: 7.51093e-01  ce_joint: 2.12392e+00  sse_joint: 2.55759e+01  ce_labels_joint: 2.78900e-03  kld_vamb_joint: 9.45265e+00  kld_labels_joint: 9.63150e+00  correct_labels_joint: 0.00000e+00  loss: 1.51701e+00
2026-08-13 11:19:08.565 | INFO    | 		Epoch: 32  loss_vamb: 7.55191e-01  ab_vamb: 2.87563e-03  ce_vamb: 7.05757e-01  sse_vamb: 3.71297e-02  kld_vamb: 9.47868e-03  loss_labels: 1.03891e-02  ce_labels_labels: 1.56849e-03  kld_labels: 5.64520e+01  correct_labels_labels: 0.00000e+00  loss_joint: 7.50102e-01  ce_joint: 2.12392e+00  sse_joint: 2.54076e+01  ce_labels_joint: 2.04682e-03  kld_vamb_joint: 9.37267e+00  kld_labels_joint: 9.56281e+00  correct_labels_joint: 0.00000e+00  loss: 1.51568e+00
2026-08-13 11:19:12.299 | INFO    | 		Epoch: 33  loss_vamb: 7.54982e-01  ab_vamb: 2.92481e-03  ce_vamb: 7.05631e-01  sse_vamb: 3.70627e-02  kld_vamb: 9.46518e-03  loss_labels: 1.01684e-02  ce_labels_labels: 1.58704e-03  kld_labels: 5.49207e+01  correct_labels_labels: 0.00000e+00  loss_joint: 7.49597e-01  ce_joint: 2.12341e+00  sse_joint: 2.52365e+01  ce_labels_joint: 1.95693e-03  kld_vamb_joint: 9.24326e+00  kld_labels_joint: 9.51547e+00  correct_labels_joint: 0.00000e+00  loss: 1.51475e+00
2026-08-13 11:19:16.253 | INFO    | 		Epoch: 34  loss_vamb: 7.55352e-01  ab_vamb: 2.94456e-03  ce_vamb: 7.05753e-01  sse_vamb: 3.70857e-02  kld_vamb: 9.45716e-03  loss_labels: 1.05755e-02  ce_labels_labels: 1.93943e-03  kld_labels: 5.52706e+01  correct_labels_labels: 0.00000e+00  loss_joint: 7.49162e-01  ce_joint: 2.12361e+00  sse_joint: 2.51955e+01  ce_labels_joint: 1.39313e-03  kld_vamb_joint: 9.12990e+00  kld_labels_joint: 9.43681e+00  correct_labels_joint: 0.00000e+00  loss: 1.51509e+00
2026-08-13 11:19:20.339 | INFO    | 		Epoch: 35  loss_vamb: 7.55136e-01  ab_vamb: 2.89637e-03  ce_vamb: 7.05683e-01  sse_vamb: 3.70574e-02  kld_vamb: 9.47475e-03  loss_labels: 1.02099e-02  ce_labels_labels: 1.50886e-03  kld_labels: 5.56864e+01  correct_labels_labels: 0.00000e+00  loss_joint: 7.48232e-01  ce_joint: 2.12332e+00  sse_joint: 2.50639e+01  ce_labels_joint: 8.59138e-04  kld_vamb_joint: 8.98381e+00  kld_labels_joint: 9.25724e+00  correct_labels_joint: 0.00000e+00  loss: 1.51358e+00
2026-08-13 11:19:24.507 | INFO    | 		Epoch: 36  loss_vamb: 7.55208e-01  ab_vamb: 2.86421e-03  ce_vamb: 7.05603e-01  sse_vamb: 3.69461e-02  kld_vamb: 9.48748e-03  loss_labels: 1.03826e-02  ce_labels_labels: 1.80257e-03  kld_labels: 5.49123e+01  correct_labels_labels: 0.00000e+00  loss_joint: 7.48237e-01  ce_joint: 2.12347e+00  sse_joint: 2.48398e+01  ce_labels_joint: 9.54804e-04  kld_vamb_joint: 8.80394e+00  kld_labels_joint: 9.16822e+00  correct_labels_joint: 0.00000e+00  loss: 1.51383e+00
2026-08-13 11:19:28.847 | INFO    | 		Epoch: 37  loss_vamb: 7.55079e-01  ab_vamb: 2.92006e-03  ce_vamb: 7.05630e-01  sse_vamb: 3.68555e-02  kld_vamb: 9.50338e-03  loss_labels: 9.69800e-03  ce_labels_labels: 1.43944e-03  kld_labels: 5.28548e+01  correct_labels_labels: 0.00000e+00  loss_joint: 7.49254e-01  ce_joint: 2.12334e+00  sse_joint: 2.47365e+01  ce_labels_joint: 2.36099e-03  kld_vamb_joint: 8.68422e+00  kld_labels_joint: 9.14043e+00  correct_labels_joint: 0.00000e+00  loss: 1.51403e+00
2026-08-13 11:19:32.835 | INFO    | 		Epoch: 38  loss_vamb: 7.54617e-01  ab_vamb: 2.86962e-03  ce_vamb: 7.05495e-01  sse_vamb: 3.68099e-02  kld_vamb: 9.50541e-03  loss_labels: 1.04053e-02  ce_labels_labels: 2.08252e-03  kld_labels: 5.32659e+01  correct_labels_labels: 0.00000e+00  loss_joint: 7.47983e-01  ce_joint: 2.12305e+00  sse_joint: 2.47103e+01  ce_labels_joint: 1.50628e-03  kld_vamb_joint: 8.55293e+00  kld_labels_joint: 9.04605e+00  correct_labels_joint: 0.00000e+00  loss: 1.51301e+00
2026-08-13 11:19:37.021 | INFO    | 		Epoch: 39  loss_vamb: 7.54737e-01  ab_vamb: 2.78640e-03  ce_vamb: 7.05536e-01  sse_vamb: 3.69040e-02  kld_vamb: 9.46158e-03  loss_labels: 9.92320e-03  ce_labels_labels: 1.37160e-03  kld_labels: 5.47302e+01  correct_labels_labels: 0.00000e+00  loss_joint: 7.48157e-01  ce_joint: 2.12306e+00  sse_joint: 2.47571e+01  ce_labels_joint: 1.59834e-03  kld_vamb_joint: 8.48096e+00  kld_labels_joint: 8.93002e+00  correct_labels_joint: 0.00000e+00  loss: 1.51282e+00
2026-08-13 11:19:40.928 | INFO    | 		Epoch: 40  loss_vamb: 7.54826e-01  ab_vamb: 2.89488e-03  ce_vamb: 7.05449e-01  sse_vamb: 3.68210e-02  kld_vamb: 9.50310e-03  loss_labels: 9.70457e-03  ce_labels_labels: 1.55962e-03  kld_labels: 5.21277e+01  correct_labels_labels: 0.00000e+00  loss_joint: 7.47378e-01  ce_joint: 2.12289e+00  sse_joint: 2.45786e+01  ce_labels_joint: 1.01755e-03  kld_vamb_joint: 8.33901e+00  kld_labels_joint: 8.90731e+00  correct_labels_joint: 0.00000e+00  loss: 1.51191e+00
2026-08-13 11:19:44.955 | INFO    | 		Epoch: 41  loss_vamb: 7.54350e-01  ab_vamb: 2.80107e-03  ce_vamb: 7.05442e-01  sse_vamb: 3.68159e-02  kld_vamb: 9.47955e-03  loss_labels: 9.40926e-03  ce_labels_labels: 1.31612e-03  kld_labels: 5.17961e+01  correct_labels_labels: 0.00000e+00  loss_joint: 7.47037e-01  ce_joint: 2.12285e+00  sse_joint: 2.45202e+01  ce_labels_joint: 1.21640e-03  kld_vamb_joint: 8.22886e+00  kld_labels_joint: 8.82257e+00  correct_labels_joint: 0.00000e+00  loss: 1.51080e+00
2026-08-13 11:19:49.033 | INFO    | 		Epoch: 42  loss_vamb: 7.54416e-01  ab_vamb: 2.84070e-03  ce_vamb: 7.05359e-01  sse_vamb: 3.66034e-02  kld_vamb: 9.46835e-03  loss_labels: 1.08686e-02  ce_labels_labels: 2.62733e-03  kld_labels: 5.27440e+01  correct_labels_labels: 0.00000e+00  loss_joint: 7.47812e-01  ce_joint: 2.12260e+00  sse_joint: 2.44174e+01  ce_labels_joint: 1.86728e-03  kld_vamb_joint: 8.11986e+00  kld_labels_joint: 8.71691e+00  correct_labels_joint: 0.00000e+00  loss: 1.51310e+00
2026-08-13 11:19:53.581 | INFO    | 		Epoch: 43  loss_vamb: 7.54462e-01  ab_vamb: 2.90095e-03  ce_vamb: 7.05450e-01  sse_vamb: 3.66660e-02  kld_vamb: 9.47627e-03  loss_labels: 1.04108e-02  ce_labels_labels: 2.12817e-03  kld_labels: 5.30085e+01  correct_labels_labels: 0.00000e+00  loss_joint: 7.47766e-01  ce_joint: 2.12288e+00  sse_joint: 2.44255e+01  ce_labels_joint: 1.81674e-03  kld_vamb_joint: 8.04606e+00  kld_labels_joint: 8.63403e+00  correct_labels_joint: 0.00000e+00  loss: 1.51264e+00
2026-08-13 11:19:57.741 | INFO    | 		Epoch: 44  loss_vamb: 7.54102e-01  ab_vamb: 2.78036e-03  ce_vamb: 7.05386e-01  sse_vamb: 3.66928e-02  kld_vamb: 9.48147e-03  loss_labels: 1.17638e-02  ce_labels_labels: 2.96003e-03  kld_labels: 5.63440e+01  correct_labels_labels: 0.00000e+00  loss_joint: 7.47794e-01  ce_joint: 2.12284e+00  sse_joint: 2.45237e+01  ce_labels_joint: 2.07680e-03  kld_vamb_joint: 8.04644e+00  kld_labels_joint: 8.51164e+00  correct_labels_joint: 0.00000e+00  loss: 1.51366e+00
2026-08-13 11:20:01.671 | INFO    | 		Epoch: 45  loss_vamb: 7.54126e-01  ab_vamb: 2.79082e-03  ce_vamb: 7.05288e-01  sse_vamb: 3.66088e-02  kld_vamb: 9.48546e-03  loss_labels: 1.18652e-02  ce_labels_labels: 2.33070e-03  kld_labels: 6.10207e+01  correct_labels_labels: 0.00000e+00  loss_joint: 7.47316e-01  ce_joint: 2.12271e+00  sse_joint: 2.44392e+01  ce_labels_joint: 1.66717e-03  kld_vamb_joint: 7.94882e+00  kld_labels_joint: 8.29234e+00  correct_labels_joint: 0.00000e+00  loss: 1.51331e+00
2026-08-13 11:20:05.782 | INFO    | 		Epoch: 46  loss_vamb: 7.53929e-01  ab_vamb: 2.77458e-03  ce_vamb: 7.05167e-01  sse_vamb: 3.65522e-02  kld_vamb: 9.45110e-03  loss_labels: 1.11163e-02  ce_labels_labels: 2.05097e-03  kld_labels: 5.80181e+01  correct_labels_labels: 0.00000e+00  loss_joint: 7.46269e-01  ce_joint: 2.12221e+00  sse_joint: 2.42634e+01  ce_labels_joint: 1.07390e-03  kld_vamb_joint: 7.83815e+00  kld_labels_joint: 8.29063e+00  correct_labels_joint: 0.00000e+00  loss: 1.51132e+00
2026-08-13 11:20:10.226 | INFO    | 		Epoch: 47  loss_vamb: 7.54054e-01  ab_vamb: 2.83813e-03  ce_vamb: 7.05327e-01  sse_vamb: 3.65065e-02  kld_vamb: 9.47047e-03  loss_labels: 1.06865e-02  ce_labels_labels: 1.77066e-03  kld_labels: 5.70612e+01  correct_labels_labels: 0.00000e+00  loss_joint: 7.46760e-01  ce_joint: 2.12253e+00  sse_joint: 2.42114e+01  ce_labels_joint: 1.60873e-03  kld_vamb_joint: 7.72644e+00  kld_labels_joint: 8.22900e+00  correct_labels_joint: 0.00000e+00  loss: 1.51150e+00
2026-08-13 11:20:14.482 | INFO    | 		Epoch: 48  loss_vamb: 7.54474e-01  ab_vamb: 2.85088e-03  ce_vamb: 7.05349e-01  sse_vamb: 3.66076e-02  kld_vamb: 9.54065e-03  loss_labels: 1.03015e-02  ce_labels_labels: 1.73789e-03  kld_labels: 5.48069e+01  correct_labels_labels: 0.00000e+00  loss_joint: 7.48703e-01  ce_joint: 2.12273e+00  sse_joint: 2.43427e+01  ce_labels_joint: 2.99816e-03  kld_vamb_joint: 7.71000e+00  kld_labels_joint: 8.24759e+00  correct_labels_joint: 0.00000e+00  loss: 1.51348e+00
2026-08-13 11:20:19.055 | INFO    | 		Epoch: 49  loss_vamb: 7.54013e-01  ab_vamb: 2.75634e-03  ce_vamb: 7.05282e-01  sse_vamb: 3.65460e-02  kld_vamb: 9.50912e-03  loss_labels: 1.04453e-02  ce_labels_labels: 1.97314e-03  kld_labels: 5.42219e+01  correct_labels_labels: 0.00000e+00  loss_joint: 7.48501e-01  ce_joint: 2.12282e+00  sse_joint: 2.44866e+01  ce_labels_joint: 2.76010e-03  kld_vamb_joint: 7.65720e+00  kld_labels_joint: 8.20014e+00  correct_labels_joint: 0.00000e+00  loss: 1.51296e+00
2026-08-13 11:20:24.061 | INFO    | 		Epoch: 50  loss_vamb: 7.53838e-01  ab_vamb: 2.76551e-03  ce_vamb: 7.05257e-01  sse_vamb: 3.64952e-02  kld_vamb: 9.49991e-03  loss_labels: 1.16281e-02  ce_labels_labels: 2.82253e-03  kld_labels: 5.63558e+01  correct_labels_labels: 0.00000e+00  loss_joint: 7.49030e-01  ce_joint: 2.12291e+00  sse_joint: 2.44681e+01  ce_labels_joint: 3.46624e-03  kld_vamb_joint: 7.60996e+00  kld_labels_joint: 8.13512e+00  correct_labels_joint: 0.00000e+00  loss: 1.51450e+00
2026-08-13 11:20:27.849 | INFO    | 		Epoch: 51  loss_vamb: 7.54009e-01  ab_vamb: 2.86890e-03  ce_vamb: 7.05169e-01  sse_vamb: 3.65288e-02  kld_vamb: 9.47121e-03  loss_labels: 1.11963e-02  ce_labels_labels: 2.02310e-03  kld_labels: 5.87084e+01  correct_labels_labels: 0.00000e+00  loss_joint: 7.51594e-01  ce_joint: 2.12287e+00  sse_joint: 2.47452e+01  ce_labels_joint: 5.25394e-03  kld_vamb_joint: 7.71999e+00  kld_labels_joint: 8.05089e+00  correct_labels_joint: 0.00000e+00  loss: 1.51680e+00
2026-08-13 11:20:31.886 | INFO    | 		Epoch: 52  loss_vamb: 7.54159e-01  ab_vamb: 2.92209e-03  ce_vamb: 7.05151e-01  sse_vamb: 3.65086e-02  kld_vamb: 9.51693e-03  loss_labels: 1.14446e-02  ce_labels_labels: 2.48861e-03  kld_labels: 5.73186e+01  correct_labels_labels: 0.00000e+00  loss_joint: 7.52015e-01  ce_joint: 2.12292e+00  sse_joint: 2.49301e+01  ce_labels_joint: 5.26367e-03  kld_vamb_joint: 7.86017e+00  kld_labels_joint: 8.21929e+00  correct_labels_joint: 0.00000e+00  loss: 1.51762e+00
2026-08-13 11:20:36.075 | INFO    | 		Epoch: 53  loss_vamb: 7.54009e-01  ab_vamb: 2.72805e-03  ce_vamb: 7.05106e-01  sse_vamb: 3.64995e-02  kld_vamb: 9.49169e-03  loss_labels: 1.30157e-02  ce_labels_labels: 3.91654e-03  kld_labels: 5.82349e+01  correct_labels_labels: 0.00000e+00  loss_joint: 7.50428e-01  ce_joint: 2.12261e+00  sse_joint: 2.49629e+01  ce_labels_joint: 3.76546e-03  kld_vamb_joint: 7.91704e+00  kld_labels_joint: 8.24569e+00  correct_labels_joint: 0.00000e+00  loss: 1.51745e+00
2026-08-13 11:20:40.484 | INFO    | 		Epoch: 54  loss_vamb: 7.53801e-01  ab_vamb: 2.71241e-03  ce_vamb: 7.05165e-01  sse_vamb: 3.64053e-02  kld_vamb: 9.43708e-03  loss_labels: 1.21483e-02  ce_labels_labels: 2.52564e-03  kld_labels: 6.15853e+01  correct_labels_labels: 0.00000e+00  loss_joint: 7.50613e-01  ce_joint: 2.12305e+00  sse_joint: 2.48636e+01  ce_labels_joint: 3.98657e-03  kld_vamb_joint: 7.99893e+00  kld_labels_joint: 8.20333e+00  correct_labels_joint: 0.00000e+00  loss: 1.51656e+00
2026-08-13 11:20:44.536 | INFO    | 		Epoch: 55  loss_vamb: 7.53763e-01  ab_vamb: 2.71424e-03  ce_vamb: 7.05135e-01  sse_vamb: 3.63278e-02  kld_vamb: 9.46940e-03  loss_labels: 1.13913e-02  ce_labels_labels: 2.03977e-03  kld_labels: 5.98496e+01  correct_labels_labels: 0.00000e+00  loss_joint: 7.49731e-01  ce_joint: 2.12284e+00  sse_joint: 2.47956e+01  ce_labels_joint: 3.22674e-03  kld_vamb_joint: 7.96639e+00  kld_labels_joint: 8.20638e+00  correct_labels_joint: 0.00000e+00  loss: 1.51489e+00
2026-08-13 11:20:49.067 | INFO    | 		Epoch: 56  loss_vamb: 7.53566e-01  ab_vamb: 2.74847e-03  ce_vamb: 7.05062e-01  sse_vamb: 3.62760e-02  kld_vamb: 9.43299e-03  loss_labels: 1.15370e-02  ce_labels_labels: 2.60889e-03  kld_labels: 5.71398e+01  correct_labels_labels: 0.00000e+00  loss_joint: 7.50539e-01  ce_joint: 2.12270e+00  sse_joint: 2.48030e+01  ce_labels_joint: 4.02111e-03  kld_vamb_joint: 8.02600e+00  kld_labels_joint: 8.41325e+00  correct_labels_joint: 0.00000e+00  loss: 1.51564e+00
2026-08-13 11:20:53.111 | INFO    | 		Epoch: 57  loss_vamb: 7.54011e-01  ab_vamb: 2.90440e-03  ce_vamb: 7.05101e-01  sse_vamb: 3.64326e-02  kld_vamb: 9.45854e-03  loss_labels: 1.11129e-02  ce_labels_labels: 2.08788e-03  kld_labels: 5.77601e+01  correct_labels_labels: 0.00000e+00  loss_joint: 7.53613e-01  ce_joint: 2.12306e+00  sse_joint: 2.49194e+01  ce_labels_joint: 6.54769e-03  kld_vamb_joint: 8.00995e+00  kld_labels_joint: 8.39213e+00  correct_labels_joint: 0.00000e+00  loss: 1.51874e+00
2026-08-13 11:20:57.074 | INFO    | 		Epoch: 58  loss_vamb: 7.53696e-01  ab_vamb: 2.79700e-03  ce_vamb: 7.05057e-01  sse_vamb: 3.63339e-02  kld_vamb: 9.44960e-03  loss_labels: 1.07703e-02  ce_labels_labels: 1.92470e-03  kld_labels: 5.66117e+01  correct_labels_labels: 0.00000e+00  loss_joint: 7.54529e-01  ce_joint: 2.12332e+00  sse_joint: 2.49425e+01  ce_labels_joint: 7.42064e-03  kld_vamb_joint: 8.13637e+00  kld_labels_joint: 8.53870e+00  correct_labels_joint: 0.00000e+00  loss: 1.51900e+00
2026-08-13 11:21:01.415 | INFO    | 		Epoch: 59  loss_vamb: 7.53798e-01  ab_vamb: 2.83244e-03  ce_vamb: 7.05049e-01  sse_vamb: 3.64176e-02  kld_vamb: 9.41587e-03  loss_labels: 1.14025e-02  ce_labels_labels: 2.41900e-03  kld_labels: 5.74944e+01  correct_labels_labels: 0.00000e+00  loss_joint: 7.52841e-01  ce_joint: 2.12308e+00  sse_joint: 2.50200e+01  ce_labels_joint: 5.62372e-03  kld_vamb_joint: 8.34441e+00  kld_labels_joint: 8.67554e+00  correct_labels_joint: 0.00000e+00  loss: 1.51804e+00
2026-08-13 11:21:05.321 | INFO    | 		Epoch: 60  loss_vamb: 7.53503e-01  ab_vamb: 2.86643e-03  ce_vamb: 7.05021e-01  sse_vamb: 3.62063e-02  kld_vamb: 9.40240e-03  loss_labels: 1.16096e-02  ce_labels_labels: 2.45357e-03  kld_labels: 5.85986e+01  correct_labels_labels: 0.00000e+00  loss_joint: 7.52469e-01  ce_joint: 2.12306e+00  sse_joint: 2.49414e+01  ce_labels_joint: 5.39453e-03  kld_vamb_joint: 8.37947e+00  kld_labels_joint: 8.69561e+00  correct_labels_joint: 0.00000e+00  loss: 1.51758e+00
2026-08-13 11:21:09.285 | INFO    | 		Epoch: 61  loss_vamb: 7.53739e-01  ab_vamb: 2.82788e-03  ce_vamb: 7.05040e-01  sse_vamb: 3.63534e-02  kld_vamb: 9.43916e-03  loss_labels: 1.24296e-02  ce_labels_labels: 3.12409e-03  kld_labels: 5.95551e+01  correct_labels_labels: 0.00000e+00  loss_joint: 7.57186e-01  ce_joint: 2.12325e+00  sse_joint: 2.52298e+01  ce_labels_joint: 9.56690e-03  kld_vamb_joint: 8.48263e+00  kld_labels_joint: 8.71580e+00  correct_labels_joint: 0.00000e+00  loss: 1.52335e+00
2026-08-13 11:21:13.183 | INFO    | 		Epoch: 62  loss_vamb: 7.53755e-01  ab_vamb: 2.79964e-03  ce_vamb: 7.05113e-01  sse_vamb: 3.64265e-02  kld_vamb: 9.40540e-03  loss_labels: 1.19464e-02  ce_labels_labels: 2.60559e-03  kld_labels: 5.97811e+01  correct_labels_labels: 0.00000e+00  loss_joint: 7.59986e-01  ce_joint: 2.12406e+00  sse_joint: 2.55047e+01  ce_labels_joint: 1.14771e-02  kld_vamb_joint: 8.65329e+00  kld_labels_joint: 8.81286e+00  correct_labels_joint: 0.00000e+00  loss: 1.52569e+00
2026-08-13 11:21:17.339 | INFO    | 		Epoch: 63  loss_vamb: 7.54075e-01  ab_vamb: 2.77405e-03  ce_vamb: 7.05137e-01  sse_vamb: 3.64189e-02  kld_vamb: 9.45337e-03  loss_labels: 1.14616e-02  ce_labels_labels: 2.24450e-03  kld_labels: 5.89894e+01  correct_labels_labels: 0.00000e+00  loss_joint: 7.58120e-01  ce_joint: 2.12401e+00  sse_joint: 2.54229e+01  ce_labels_joint: 9.61686e-03  kld_vamb_joint: 8.84684e+00  kld_labels_joint: 9.03389e+00  correct_labels_joint: 0.00000e+00  loss: 1.52366e+00
2026-08-13 11:21:21.057 | INFO    | 		Epoch: 64  loss_vamb: 7.53485e-01  ab_vamb: 2.73036e-03  ce_vamb: 7.05003e-01  sse_vamb: 3.62527e-02  kld_vamb: 9.46123e-03  loss_labels: 1.20678e-02  ce_labels_labels: 2.99349e-03  kld_labels: 5.80755e+01  correct_labels_labels: 0.00000e+00  loss_joint: 7.54834e-01  ce_joint: 2.12324e+00  sse_joint: 2.52314e+01  ce_labels_joint: 7.12947e-03  kld_vamb_joint: 9.11834e+00  kld_labels_joint: 9.35584e+00  correct_labels_joint: 0.00000e+00  loss: 1.52039e+00
2026-08-13 11:21:24.920 | INFO    | 		Epoch: 65  loss_vamb: 7.53952e-01  ab_vamb: 2.73756e-03  ce_vamb: 7.05030e-01  sse_vamb: 3.63211e-02  kld_vamb: 9.44889e-03  loss_labels: 1.15400e-02  ce_labels_labels: 2.09889e-03  kld_labels: 6.04234e+01  correct_labels_labels: 0.00000e+00  loss_joint: 7.57047e-01  ce_joint: 2.12364e+00  sse_joint: 2.52122e+01  ce_labels_joint: 8.72440e-03  kld_vamb_joint: 9.40351e+00  kld_labels_joint: 9.60768e+00  correct_labels_joint: 0.00000e+00  loss: 1.52254e+00
2026-08-13 11:21:28.950 | INFO    | 		Epoch: 66  loss_vamb: 7.53520e-01  ab_vamb: 2.84294e-03  ce_vamb: 7.05034e-01  sse_vamb: 3.62540e-02  kld_vamb: 9.48463e-03  loss_labels: 1.26652e-02  ce_labels_labels: 3.11764e-03  kld_labels: 6.11043e+01  correct_labels_labels: 0.00000e+00  loss_joint: 7.58058e-01  ce_joint: 2.12333e+00  sse_joint: 2.53013e+01  ce_labels_joint: 1.01715e-02  kld_vamb_joint: 9.52601e+00  kld_labels_joint: 9.68307e+00  correct_labels_joint: 0.00000e+00  loss: 1.52424e+00
2026-08-13 11:21:32.902 | INFO    | 		Epoch: 67  loss_vamb: 7.53455e-01  ab_vamb: 2.65911e-03  ce_vamb: 7.04947e-01  sse_vamb: 3.61879e-02  kld_vamb: 9.43886e-03  loss_labels: 1.35172e-02  ce_labels_labels: 3.79763e-03  kld_labels: 6.22049e+01  correct_labels_labels: 0.00000e+00  loss_joint: 7.55880e-01  ce_joint: 2.12298e+00  sse_joint: 2.52447e+01  ce_labels_joint: 7.87453e-03  kld_vamb_joint: 9.56386e+00  kld_labels_joint: 9.66663e+00  correct_labels_joint: 0.00000e+00  loss: 1.52285e+00
2026-08-13 11:21:36.862 | INFO    | 		Epoch: 68  loss_vamb: 7.53278e-01  ab_vamb: 2.81444e-03  ce_vamb: 7.04929e-01  sse_vamb: 3.63262e-02  kld_vamb: 9.45536e-03  loss_labels: 1.18243e-02  ce_labels_labels: 1.85328e-03  kld_labels: 6.38146e+01  correct_labels_labels: 0.00000e+00  loss_joint: 7.53838e-01  ce_joint: 2.12286e+00  sse_joint: 2.53201e+01  ce_labels_joint: 6.19759e-03  kld_vamb_joint: 9.62779e+00  kld_labels_joint: 9.69380e+00  correct_labels_joint: 0.00000e+00  loss: 1.51894e+00
2026-08-13 11:21:40.602 | INFO    | 		Epoch: 69  loss_vamb: 7.53503e-01  ab_vamb: 2.73398e-03  ce_vamb: 7.04884e-01  sse_vamb: 3.61829e-02  kld_vamb: 9.47051e-03  loss_labels: 1.16442e-02  ce_labels_labels: 2.23911e-03  kld_labels: 6.01924e+01  correct_labels_labels: 0.00000e+00  loss_joint: 7.52315e-01  ce_joint: 2.12248e+00  sse_joint: 2.50768e+01  ce_labels_joint: 4.72896e-03  kld_vamb_joint: 9.68605e+00  kld_labels_joint: 9.82479e+00  correct_labels_joint: 0.00000e+00  loss: 1.51746e+00
2026-08-13 11:21:44.387 | INFO    | 		Epoch: 70  loss_vamb: 7.53287e-01  ab_vamb: 2.79441e-03  ce_vamb: 7.04884e-01  sse_vamb: 3.61526e-02  kld_vamb: 9.45579e-03  loss_labels: 1.24880e-02  ce_labels_labels: 3.01476e-03  kld_labels: 6.06290e+01  correct_labels_labels: 0.00000e+00  loss_joint: 7.57169e-01  ce_joint: 2.12289e+00  sse_joint: 2.50624e+01  ce_labels_joint: 9.55083e-03  kld_vamb_joint: 9.81797e+00  kld_labels_joint: 1.00149e+01  correct_labels_joint: 0.00000e+00  loss: 1.52294e+00
2026-08-13 11:21:48.787 | INFO    | 		Epoch: 71  loss_vamb: 7.53153e-01  ab_vamb: 2.70645e-03  ce_vamb: 7.04993e-01  sse_vamb: 3.60524e-02  kld_vamb: 9.42143e-03  loss_labels: 1.24894e-02  ce_labels_labels: 2.53766e-03  kld_labels: 6.36910e+01  correct_labels_labels: 0.00000e+00  loss_joint: 7.55105e-01  ce_joint: 2.12317e+00  sse_joint: 2.51104e+01  ce_labels_joint: 7.32586e-03  kld_vamb_joint: 9.93575e+00  kld_labels_joint: 1.00176e+01  correct_labels_joint: 0.00000e+00  loss: 1.52075e+00
2026-08-13 11:21:52.790 | INFO    | 		Epoch: 72  loss_vamb: 7.53079e-01  ab_vamb: 2.75753e-03  ce_vamb: 7.04880e-01  sse_vamb: 3.60909e-02  kld_vamb: 9.41113e-03  loss_labels: 1.22276e-02  ce_labels_labels: 2.19999e-03  kld_labels: 6.41766e+01  correct_labels_labels: 0.00000e+00  loss_joint: 7.49954e-01  ce_joint: 2.12262e+00  sse_joint: 2.48597e+01  ce_labels_joint: 2.91296e-03  kld_vamb_joint: 9.81337e+00  kld_labels_joint: 9.93360e+00  correct_labels_joint: 0.00000e+00  loss: 1.51526e+00
2026-08-13 11:21:57.119 | INFO    | 		Epoch: 73  loss_vamb: 7.53100e-01  ab_vamb: 2.82720e-03  ce_vamb: 7.04871e-01  sse_vamb: 3.60214e-02  kld_vamb: 9.46352e-03  loss_labels: 1.12096e-02  ce_labels_labels: 1.67578e-03  kld_labels: 6.10163e+01  correct_labels_labels: 0.00000e+00  loss_joint: 7.48301e-01  ce_joint: 2.12219e+00  sse_joint: 2.45251e+01  ce_labels_joint: 1.96334e-03  kld_vamb_joint: 9.67854e+00  kld_labels_joint: 9.97481e+00  correct_labels_joint: 0.00000e+00  loss: 1.51261e+00
2026-08-13 11:22:01.612 | INFO    | 		Epoch: 74  loss_vamb: 7.52680e-01  ab_vamb: 2.59614e-03  ce_vamb: 7.04666e-01  sse_vamb: 3.59357e-02  kld_vamb: 9.51863e-03  loss_labels: 1.13857e-02  ce_labels_labels: 2.22731e-03  kld_labels: 5.86139e+01  correct_labels_labels: 0.00000e+00  loss_joint: 7.47157e-01  ce_joint: 2.12133e+00  sse_joint: 2.43324e+01  ce_labels_joint: 1.61812e-03  kld_vamb_joint: 9.54442e+00  kld_labels_joint: 9.93598e+00  correct_labels_joint: 0.00000e+00  loss: 1.51122e+00
2026-08-13 11:22:04.945 | INFO    | 		Epoch: 75  loss_vamb: 7.52167e-01  ab_vamb: 2.48942e-03  ce_vamb: 7.04588e-01  sse_vamb: 3.55622e-02  kld_vamb: 9.50249e-03  loss_labels: 1.17958e-02  ce_labels_labels: 2.37466e-03  kld_labels: 6.02951e+01  correct_labels_labels: 0.00000e+00  loss_joint: 7.46503e-01  ce_joint: 2.12117e+00  sse_joint: 2.39851e+01  ce_labels_joint: 1.60677e-03  kld_vamb_joint: 9.47578e+00  kld_labels_joint: 9.85715e+00  correct_labels_joint: 0.00000e+00  loss: 1.51047e+00
2026-08-13 11:22:08.564 | INFO    | 		Epoch: 76  loss_vamb: 7.51339e-01  ab_vamb: 2.46124e-03  ce_vamb: 7.04414e-01  sse_vamb: 3.53384e-02  kld_vamb: 9.42804e-03  loss_labels: 1.02854e-02  ce_labels_labels: 1.16550e-03  kld_labels: 5.83673e+01  correct_labels_labels: 0.00000e+00  loss_joint: 7.45162e-01  ce_joint: 2.12086e+00  sse_joint: 2.38121e+01  ce_labels_joint: 9.95763e-04  kld_vamb_joint: 9.35910e+00  kld_labels_joint: 9.77544e+00  correct_labels_joint: 0.00000e+00  loss: 1.50679e+00
2026-08-13 11:22:11.923 | INFO    | 		Epoch: 77  loss_vamb: 7.51430e-01  ab_vamb: 2.40097e-03  ce_vamb: 7.04391e-01  sse_vamb: 3.53116e-02  kld_vamb: 9.38256e-03  loss_labels: 9.90995e-03  ce_labels_labels: 1.32534e-03  kld_labels: 5.49415e+01  correct_labels_labels: 0.00000e+00  loss_joint: 7.44900e-01  ce_joint: 2.12072e+00  sse_joint: 2.36220e+01  ce_labels_joint: 8.86521e-04  kld_vamb_joint: 9.23428e+00  kld_labels_joint: 9.80695e+00  correct_labels_joint: 0.00000e+00  loss: 1.50624e+00
2026-08-13 11:22:15.466 | INFO    | 		Epoch: 78  loss_vamb: 7.51641e-01  ab_vamb: 2.40351e-03  ce_vamb: 7.04462e-01  sse_vamb: 3.51454e-02  kld_vamb: 9.39297e-03  loss_labels: 9.77597e-03  ce_labels_labels: 1.46490e-03  kld_labels: 5.31908e+01  correct_labels_labels: 0.00000e+00  loss_joint: 7.44970e-01  ce_joint: 2.12086e+00  sse_joint: 2.34598e+01  ce_labels_joint: 9.00467e-04  kld_vamb_joint: 9.11308e+00  kld_labels_joint: 9.80771e+00  correct_labels_joint: 0.00000e+00  loss: 1.50639e+00
2026-08-13 11:22:19.237 | INFO    | 		Epoch: 79  loss_vamb: 7.51386e-01  ab_vamb: 2.35476e-03  ce_vamb: 7.04305e-01  sse_vamb: 3.53131e-02  kld_vamb: 9.36563e-03  loss_labels: 9.04529e-03  ce_labels_labels: 9.16026e-04  kld_labels: 5.20273e+01  correct_labels_labels: 0.00000e+00  loss_joint: 7.44677e-01  ce_joint: 2.12040e+00  sse_joint: 2.35128e+01  ce_labels_joint: 8.57683e-04  kld_vamb_joint: 9.01295e+00  kld_labels_joint: 9.72714e+00  correct_labels_joint: 0.00000e+00  loss: 1.50511e+00
2026-08-13 11:22:22.496 | INFO    | 		Epoch: 80  loss_vamb: 7.51544e-01  ab_vamb: 2.39126e-03  ce_vamb: 7.04441e-01  sse_vamb: 3.52348e-02  kld_vamb: 9.43318e-03  loss_labels: 9.51355e-03  ce_labels_labels: 1.61692e-03  kld_labels: 5.05384e+01  correct_labels_labels: 0.00000e+00  loss_joint: 7.44419e-01  ce_joint: 2.12062e+00  sse_joint: 2.33994e+01  ce_labels_joint: 8.16343e-04  kld_vamb_joint: 8.88149e+00  kld_labels_joint: 9.66326e+00  correct_labels_joint: 0.00000e+00  loss: 1.50548e+00
2026-08-13 11:22:26.180 | INFO    | 		Epoch: 81  loss_vamb: 7.51375e-01  ab_vamb: 2.40939e-03  ce_vamb: 7.04339e-01  sse_vamb: 3.51479e-02  kld_vamb: 9.43108e-03  loss_labels: 9.63195e-03  ce_labels_labels: 1.74601e-03  kld_labels: 5.04700e+01  correct_labels_labels: 0.00000e+00  loss_joint: 7.44008e-01  ce_joint: 2.12035e+00  sse_joint: 2.33118e+01  ce_labels_joint: 5.90464e-04  kld_vamb_joint: 8.79087e+00  kld_labels_joint: 9.58247e+00  correct_labels_joint: 0.00000e+00  loss: 1.50502e+00
2026-08-13 11:22:29.997 | INFO    | 		Epoch: 82  loss_vamb: 7.51083e-01  ab_vamb: 2.35368e-03  ce_vamb: 7.04296e-01  sse_vamb: 3.51521e-02  kld_vamb: 9.38597e-03  loss_labels: 9.41862e-03  ce_labels_labels: 1.42803e-03  kld_labels: 5.11398e+01  correct_labels_labels: 0.00000e+00  loss_joint: 7.43993e-01  ce_joint: 2.12021e+00  sse_joint: 2.32531e+01  ce_labels_joint: 9.53666e-04  kld_vamb_joint: 8.71082e+00  kld_labels_joint: 9.50930e+00  correct_labels_joint: 0.00000e+00  loss: 1.50449e+00
2026-08-13 11:22:33.698 | INFO    | 		Epoch: 83  loss_vamb: 7.51134e-01  ab_vamb: 2.37798e-03  ce_vamb: 7.04361e-01  sse_vamb: 3.51835e-02  kld_vamb: 9.42421e-03  loss_labels: 9.47961e-03  ce_labels_labels: 1.55711e-03  kld_labels: 5.07040e+01  correct_labels_labels: 0.00000e+00  loss_joint: 7.43895e-01  ce_joint: 2.12053e+00  sse_joint: 2.32156e+01  ce_labels_joint: 9.40317e-04  kld_vamb_joint: 8.59310e+00  kld_labels_joint: 9.38935e+00  correct_labels_joint: 0.00000e+00  loss: 1.50451e+00
2026-08-13 11:22:37.046 | INFO    | 		Epoch: 84  loss_vamb: 7.51305e-01  ab_vamb: 2.37367e-03  ce_vamb: 7.04351e-01  sse_vamb: 3.51740e-02  kld_vamb: 9.42706e-03  loss_labels: 9.02491e-03  ce_labels_labels: 1.15242e-03  kld_labels: 5.03839e+01  correct_labels_labels: 0.00000e+00  loss_joint: 7.43423e-01  ce_joint: 2.12059e+00  sse_joint: 2.31565e+01  ce_labels_joint: 3.63622e-04  kld_vamb_joint: 8.50116e+00  kld_labels_joint: 9.29133e+00  correct_labels_joint: 0.00000e+00  loss: 1.50375e+00
2026-08-13 11:22:40.261 | INFO    | 		Epoch: 85  loss_vamb: 7.51146e-01  ab_vamb: 2.43336e-03  ce_vamb: 7.04339e-01  sse_vamb: 3.50573e-02  kld_vamb: 9.44490e-03  loss_labels: 8.91464e-03  ce_labels_labels: 1.22064e-03  kld_labels: 4.92416e+01  correct_labels_labels: 0.00000e+00  loss_joint: 7.43285e-01  ce_joint: 2.12025e+00  sse_joint: 2.31068e+01  ce_labels_joint: 5.38569e-04  kld_vamb_joint: 8.35556e+00  kld_labels_joint: 9.22205e+00  correct_labels_joint: 0.00000e+00  loss: 1.50335e+00
2026-08-13 11:22:43.731 | INFO    | 		Epoch: 86  loss_vamb: 7.51136e-01  ab_vamb: 2.36022e-03  ce_vamb: 7.04301e-01  sse_vamb: 3.50856e-02  kld_vamb: 9.42092e-03  loss_labels: 8.98492e-03  ce_labels_labels: 1.36665e-03  kld_labels: 4.87570e+01  correct_labels_labels: 0.00000e+00  loss_joint: 7.43114e-01  ce_joint: 2.12014e+00  sse_joint: 2.29894e+01  ce_labels_joint: 5.33191e-04  kld_vamb_joint: 8.25462e+00  kld_labels_joint: 9.16086e+00  correct_labels_joint: 0.00000e+00  loss: 1.50323e+00
2026-08-13 11:22:47.400 | INFO    | 		Epoch: 87  loss_vamb: 7.51421e-01  ab_vamb: 2.32052e-03  ce_vamb: 7.04417e-01  sse_vamb: 3.51413e-02  kld_vamb: 9.43141e-03  loss_labels: 8.99035e-03  ce_labels_labels: 1.34662e-03  kld_labels: 4.89198e+01  correct_labels_labels: 0.00000e+00  loss_joint: 7.43070e-01  ce_joint: 2.12044e+00  sse_joint: 2.29826e+01  ce_labels_joint: 3.31108e-04  kld_vamb_joint: 8.14943e+00  kld_labels_joint: 9.06216e+00  correct_labels_joint: 0.00000e+00  loss: 1.50348e+00
2026-08-13 11:22:51.222 | INFO    | 		Epoch: 88  loss_vamb: 7.51216e-01  ab_vamb: 2.44035e-03  ce_vamb: 7.04207e-01  sse_vamb: 3.50176e-02  kld_vamb: 9.46548e-03  loss_labels: 9.03085e-03  ce_labels_labels: 1.40774e-03  kld_labels: 4.87879e+01  correct_labels_labels: 0.00000e+00  loss_joint: 7.43023e-01  ce_joint: 2.12015e+00  sse_joint: 2.28864e+01  ce_labels_joint: 5.64799e-04  kld_vamb_joint: 8.02026e+00  kld_labels_joint: 8.98505e+00  correct_labels_joint: 0.00000e+00  loss: 1.50327e+00
2026-08-13 11:22:54.896 | INFO    | 		Epoch: 89  loss_vamb: 7.50941e-01  ab_vamb: 2.32265e-03  ce_vamb: 7.04212e-01  sse_vamb: 3.50238e-02  kld_vamb: 9.40975e-03  loss_labels: 9.34251e-03  ce_labels_labels: 1.63118e-03  kld_labels: 4.93525e+01  correct_labels_labels: 0.00000e+00  loss_joint: 7.42509e-01  ce_joint: 2.11987e+00  sse_joint: 2.28943e+01  ce_labels_joint: 3.54006e-04  kld_vamb_joint: 7.95223e+00  kld_labels_joint: 8.89085e+00  correct_labels_joint: 0.00000e+00  loss: 1.50279e+00
2026-08-13 11:22:58.615 | INFO    | 		Epoch: 90  loss_vamb: 7.51228e-01  ab_vamb: 2.39551e-03  ce_vamb: 7.04224e-01  sse_vamb: 3.50003e-02  kld_vamb: 9.49095e-03  loss_labels: 8.51897e-03  ce_labels_labels: 8.58207e-04  kld_labels: 4.90289e+01  correct_labels_labels: 0.00000e+00  loss_joint: 7.42593e-01  ce_joint: 2.12007e+00  sse_joint: 2.28110e+01  ce_labels_joint: 3.15959e-04  kld_vamb_joint: 7.83543e+00  kld_labels_joint: 8.82603e+00  correct_labels_joint: 0.00000e+00  loss: 1.50234e+00
2026-08-13 11:23:02.273 | INFO    | 		Epoch: 91  loss_vamb: 7.51003e-01  ab_vamb: 2.36640e-03  ce_vamb: 7.04212e-01  sse_vamb: 3.49689e-02  kld_vamb: 9.44655e-03  loss_labels: 8.31098e-03  ce_labels_labels: 8.90402e-04  kld_labels: 4.74917e+01  correct_labels_labels: 0.00000e+00  loss_joint: 7.42894e-01  ce_joint: 2.12029e+00  sse_joint: 2.27008e+01  ce_labels_joint: 8.07352e-04  kld_vamb_joint: 7.75423e+00  kld_labels_joint: 8.83629e+00  correct_labels_joint: 0.00000e+00  loss: 1.50221e+00
2026-08-13 11:23:05.610 | INFO    | 		Epoch: 92  loss_vamb: 7.51063e-01  ab_vamb: 2.32070e-03  ce_vamb: 7.04318e-01  sse_vamb: 3.50063e-02  kld_vamb: 9.45022e-03  loss_labels: 8.43295e-03  ce_labels_labels: 1.15585e-03  kld_labels: 4.65734e+01  correct_labels_labels: 0.00000e+00  loss_joint: 7.42720e-01  ce_joint: 2.12018e+00  sse_joint: 2.27638e+01  ce_labels_joint: 7.13245e-04  kld_vamb_joint: 7.69736e+00  kld_labels_joint: 8.79515e+00  correct_labels_joint: 0.00000e+00  loss: 1.50222e+00
2026-08-13 11:23:08.878 | INFO    | 		Epoch: 93  loss_vamb: 7.50907e-01  ab_vamb: 2.37179e-03  ce_vamb: 7.04247e-01  sse_vamb: 3.49324e-02  kld_vamb: 9.45728e-03  loss_labels: 8.40010e-03  ce_labels_labels: 1.22026e-03  kld_labels: 4.59510e+01  correct_labels_labels: 0.00000e+00  loss_joint: 7.42788e-01  ce_joint: 2.12014e+00  sse_joint: 2.27421e+01  ce_labels_joint: 8.63018e-04  kld_vamb_joint: 7.62557e+00  kld_labels_joint: 8.75507e+00  correct_labels_joint: 0.00000e+00  loss: 1.50209e+00
2026-08-13 11:23:12.308 | INFO    | 		Epoch: 94  loss_vamb: 7.51235e-01  ab_vamb: 2.36083e-03  ce_vamb: 7.04292e-01  sse_vamb: 3.49522e-02  kld_vamb: 9.46608e-03  loss_labels: 8.67915e-03  ce_labels_labels: 1.47586e-03  kld_labels: 4.61011e+01  correct_labels_labels: 0.00000e+00  loss_joint: 7.42755e-01  ce_joint: 2.12006e+00  sse_joint: 2.27649e+01  ce_labels_joint: 5.94729e-04  kld_vamb_joint: 7.58921e+00  kld_labels_joint: 8.67666e+00  correct_labels_joint: 0.00000e+00  loss: 1.50267e+00
2026-08-13 11:23:15.985 | INFO    | 		Epoch: 95  loss_vamb: 7.51095e-01  ab_vamb: 2.31977e-03  ce_vamb: 7.04266e-01  sse_vamb: 3.49870e-02  kld_vamb: 9.45724e-03  loss_labels: 8.66850e-03  ce_labels_labels: 1.28503e-03  kld_labels: 4.72542e+01  correct_labels_labels: 0.00000e+00  loss_joint: 7.42439e-01  ce_joint: 2.11996e+00  sse_joint: 2.26986e+01  ce_labels_joint: 5.50840e-04  kld_vamb_joint: 7.49717e+00  kld_labels_joint: 8.58491e+00  correct_labels_joint: 0.00000e+00  loss: 1.50220e+00
2026-08-13 11:23:19.578 | INFO    | 		Epoch: 96  loss_vamb: 7.50922e-01  ab_vamb: 2.33960e-03  ce_vamb: 7.04253e-01  sse_vamb: 3.48976e-02  kld_vamb: 9.43407e-03  loss_labels: 9.35652e-03  ce_labels_labels: 1.78256e-03  kld_labels: 4.84733e+01  correct_labels_labels: 0.00000e+00  loss_joint: 7.42560e-01  ce_joint: 2.12015e+00  sse_joint: 2.26646e+01  ce_labels_joint: 7.52396e-04  kld_vamb_joint: 7.42411e+00  kld_labels_joint: 8.47617e+00  correct_labels_joint: 0.00000e+00  loss: 1.50284e+00
2026-08-13 11:23:23.065 | INFO    | 		Epoch: 97  loss_vamb: 7.50776e-01  ab_vamb: 2.33201e-03  ce_vamb: 7.04121e-01  sse_vamb: 3.49187e-02  kld_vamb: 9.45067e-03  loss_labels: 9.53454e-03  ce_labels_labels: 1.68518e-03  kld_labels: 5.02359e+01  correct_labels_labels: 0.00000e+00  loss_joint: 7.42126e-01  ce_joint: 2.11964e+00  sse_joint: 2.26367e+01  ce_labels_joint: 5.62470e-04  kld_vamb_joint: 7.36964e+00  kld_labels_joint: 8.36146e+00  correct_labels_joint: 0.00000e+00  loss: 1.50244e+00
2026-08-13 11:23:26.659 | INFO    | 		Epoch: 98  loss_vamb: 7.50919e-01  ab_vamb: 2.28360e-03  ce_vamb: 7.04193e-01  sse_vamb: 3.49585e-02  kld_vamb: 9.50060e-03  loss_labels: 9.19169e-03  ce_labels_labels: 1.31958e-03  kld_labels: 5.03815e+01  correct_labels_labels: 0.00000e+00  loss_joint: 7.42050e-01  ce_joint: 2.11984e+00  sse_joint: 2.26250e+01  ce_labels_joint: 4.95266e-04  kld_vamb_joint: 7.28359e+00  kld_labels_joint: 8.30015e+00  correct_labels_joint: 0.00000e+00  loss: 1.50216e+00
2026-08-13 11:23:30.084 | INFO    | 		Epoch: 99  loss_vamb: 7.50764e-01  ab_vamb: 2.34913e-03  ce_vamb: 7.04199e-01  sse_vamb: 3.49443e-02  kld_vamb: 9.47631e-03  loss_labels: 8.71793e-03  ce_labels_labels: 1.05396e-03  kld_labels: 4.90494e+01  correct_labels_labels: 0.00000e+00  loss_joint: 7.41844e-01  ce_joint: 2.11987e+00  sse_joint: 2.26027e+01  ce_labels_joint: 5.23254e-04  kld_vamb_joint: 7.21021e+00  kld_labels_joint: 8.28672e+00  correct_labels_joint: 0.00000e+00  loss: 1.50133e+00
2026-08-13 11:23:33.751 | INFO    | 		Epoch: 100  loss_vamb: 7.50723e-01  ab_vamb: 2.35240e-03  ce_vamb: 7.04192e-01  sse_vamb: 3.48374e-02  kld_vamb: 9.47793e-03  loss_labels: 8.30091e-03  ce_labels_labels: 7.61694e-04  kld_labels: 4.82510e+01  correct_labels_labels: 0.00000e+00  loss_joint: 7.41756e-01  ce_joint: 2.11969e+00  sse_joint: 2.25021e+01  ce_labels_joint: 5.40191e-04  kld_vamb_joint: 7.10837e+00  kld_labels_joint: 8.23441e+00  correct_labels_joint: 0.00000e+00  loss: 1.50078e+00
2026-08-13 11:23:37.191 | INFO    | 		Epoch: 101  loss_vamb: 7.51037e-01  ab_vamb: 2.36738e-03  ce_vamb: 7.04230e-01  sse_vamb: 3.48381e-02  kld_vamb: 9.48664e-03  loss_labels: 8.52196e-03  ce_labels_labels: 1.15479e-03  kld_labels: 4.71499e+01  correct_labels_labels: 0.00000e+00  loss_joint: 7.42203e-01  ce_joint: 2.11977e+00  sse_joint: 2.25578e+01  ce_labels_joint: 6.58251e-04  kld_vamb_joint: 7.06341e+00  kld_labels_joint: 8.23678e+00  correct_labels_joint: 0.00000e+00  loss: 1.50176e+00
2026-08-13 11:23:40.917 | INFO    | 		Epoch: 102  loss_vamb: 7.50655e-01  ab_vamb: 2.34867e-03  ce_vamb: 7.04135e-01  sse_vamb: 3.48218e-02  kld_vamb: 9.42278e-03  loss_labels: 8.36830e-03  ce_labels_labels: 1.12187e-03  kld_labels: 4.63771e+01  correct_labels_labels: 0.00000e+00  loss_joint: 7.41957e-01  ce_joint: 2.11956e+00  sse_joint: 2.24692e+01  ce_labels_joint: 8.05272e-04  kld_vamb_joint: 7.03901e+00  kld_labels_joint: 8.22128e+00  correct_labels_joint: 0.00000e+00  loss: 1.50098e+00
2026-08-13 11:23:44.551 | INFO    | 		Epoch: 103  loss_vamb: 7.50884e-01  ab_vamb: 2.33288e-03  ce_vamb: 7.04112e-01  sse_vamb: 3.48162e-02  kld_vamb: 9.49117e-03  loss_labels: 8.13695e-03  ce_labels_labels: 8.87100e-04  kld_labels: 4.63990e+01  correct_labels_labels: 0.00000e+00  loss_joint: 7.41752e-01  ce_joint: 2.11970e+00  sse_joint: 2.24518e+01  ce_labels_joint: 4.09238e-04  kld_vamb_joint: 6.95519e+00  kld_labels_joint: 8.15602e+00  correct_labels_joint: 0.00000e+00  loss: 1.50077e+00
2026-08-13 11:23:48.159 | INFO    | 		Epoch: 104  loss_vamb: 7.50713e-01  ab_vamb: 2.35047e-03  ce_vamb: 7.04121e-01  sse_vamb: 3.48196e-02  kld_vamb: 9.53223e-03  loss_labels: 8.49324e-03  ce_labels_labels: 1.23630e-03  kld_labels: 4.64444e+01  correct_labels_labels: 0.00000e+00  loss_joint: 7.41450e-01  ce_joint: 2.11962e+00  sse_joint: 2.23864e+01  ce_labels_joint: 5.07087e-04  kld_vamb_joint: 6.84688e+00  kld_labels_joint: 8.08722e+00  correct_labels_joint: 0.00000e+00  loss: 1.50066e+00
2026-08-13 11:23:51.568 | INFO    | 		Epoch: 105  loss_vamb: 7.50840e-01  ab_vamb: 2.29547e-03  ce_vamb: 7.04178e-01  sse_vamb: 3.47650e-02  kld_vamb: 9.46052e-03  loss_labels: 8.56714e-03  ce_labels_labels: 1.18907e-03  kld_labels: 4.72196e+01  correct_labels_labels: 0.00000e+00  loss_joint: 7.41669e-01  ce_joint: 2.11959e+00  sse_joint: 2.23936e+01  ce_labels_joint: 5.13775e-04  kld_vamb_joint: 6.84498e+00  kld_labels_joint: 8.03351e+00  correct_labels_joint: 0.00000e+00  loss: 1.50108e+00
2026-08-13 11:23:54.925 | INFO    | 		Epoch: 106  loss_vamb: 7.51009e-01  ab_vamb: 2.35368e-03  ce_vamb: 7.04272e-01  sse_vamb: 3.47973e-02  kld_vamb: 9.43018e-03  loss_labels: 8.32538e-03  ce_labels_labels: 1.05375e-03  kld_labels: 4.65384e+01  correct_labels_labels: 0.00000e+00  loss_joint: 7.42107e-01  ce_joint: 2.11992e+00  sse_joint: 2.24253e+01  ce_labels_joint: 7.51620e-04  kld_vamb_joint: 6.82351e+00  kld_labels_joint: 8.00536e+00  correct_labels_joint: 0.00000e+00  loss: 1.50144e+00
2026-08-13 11:23:58.662 | INFO    | 		Epoch: 107  loss_vamb: 7.50646e-01  ab_vamb: 2.34791e-03  ce_vamb: 7.04192e-01  sse_vamb: 3.47123e-02  kld_vamb: 9.48190e-03  loss_labels: 8.59976e-03  ce_labels_labels: 1.40822e-03  kld_labels: 4.60259e+01  correct_labels_labels: 0.00000e+00  loss_joint: 7.41674e-01  ce_joint: 2.11964e+00  sse_joint: 2.23945e+01  ce_labels_joint: 7.30788e-04  kld_vamb_joint: 6.75720e+00  kld_labels_joint: 7.96476e+00  correct_labels_joint: 0.00000e+00  loss: 1.50092e+00
2026-08-13 11:24:02.180 | INFO    | 		Epoch: 108  loss_vamb: 7.50630e-01  ab_vamb: 2.34923e-03  ce_vamb: 7.04051e-01  sse_vamb: 3.48212e-02  kld_vamb: 9.48428e-03  loss_labels: 9.03575e-03  ce_labels_labels: 1.61269e-03  kld_labels: 4.75076e+01  correct_labels_labels: 0.00000e+00  loss_joint: 7.41459e-01  ce_joint: 2.11931e+00  sse_joint: 2.23655e+01  ce_labels_joint: 6.99653e-04  kld_vamb_joint: 6.70088e+00  kld_labels_joint: 7.87141e+00  correct_labels_joint: 0.00000e+00  loss: 1.50112e+00
2026-08-13 11:24:06.550 | INFO    | 		Epoch: 109  loss_vamb: 7.50651e-01  ab_vamb: 2.32959e-03  ce_vamb: 7.04191e-01  sse_vamb: 3.46867e-02  kld_vamb: 9.47230e-03  loss_labels: 8.87338e-03  ce_labels_labels: 1.34448e-03  kld_labels: 4.81850e+01  correct_labels_labels: 0.00000e+00  loss_joint: 7.41310e-01  ce_joint: 2.11978e+00  sse_joint: 2.23293e+01  ce_labels_joint: 4.22671e-04  kld_vamb_joint: 6.66599e+00  kld_labels_joint: 7.83807e+00  correct_labels_joint: 0.00000e+00  loss: 1.50083e+00
2026-08-13 11:24:10.101 | INFO    | 		Epoch: 110  loss_vamb: 7.50279e-01  ab_vamb: 2.29567e-03  ce_vamb: 7.04046e-01  sse_vamb: 3.47227e-02  kld_vamb: 9.45997e-03  loss_labels: 8.54481e-03  ce_labels_labels: 1.12123e-03  kld_labels: 4.75109e+01  correct_labels_labels: 0.00000e+00  loss_joint: 7.41091e-01  ce_joint: 2.11933e+00  sse_joint: 2.22992e+01  ce_labels_joint: 6.63962e-04  kld_vamb_joint: 6.59276e+00  kld_labels_joint: 7.79337e+00  correct_labels_joint: 0.00000e+00  loss: 1.49991e+00
2026-08-13 11:24:13.951 | INFO    | 		Epoch: 111  loss_vamb: 7.50548e-01  ab_vamb: 2.34688e-03  ce_vamb: 7.04034e-01  sse_vamb: 3.47379e-02  kld_vamb: 9.46843e-03  loss_labels: 8.57629e-03  ce_labels_labels: 1.12403e-03  kld_labels: 4.76945e+01  correct_labels_labels: 0.00000e+00  loss_joint: 7.41445e-01  ce_joint: 2.11931e+00  sse_joint: 2.23079e+01  ce_labels_joint: 7.57454e-04  kld_vamb_joint: 6.59577e+00  kld_labels_joint: 7.78218e+00  correct_labels_joint: 0.00000e+00  loss: 1.50057e+00
2026-08-13 11:24:17.605 | INFO    | 		Epoch: 112  loss_vamb: 7.50840e-01  ab_vamb: 2.31007e-03  ce_vamb: 7.04140e-01  sse_vamb: 3.47229e-02  kld_vamb: 9.51636e-03  loss_labels: 8.95195e-03  ce_labels_labels: 1.50436e-03  kld_labels: 4.76646e+01  correct_labels_labels: 0.00000e+00  loss_joint: 7.41963e-01  ce_joint: 2.11979e+00  sse_joint: 2.23550e+01  ce_labels_joint: 8.85556e-04  kld_vamb_joint: 6.57644e+00  kld_labels_joint: 7.75816e+00  correct_labels_joint: 0.00000e+00  loss: 1.50175e+00
2026-08-13 11:24:21.195 | INFO    | 		Epoch: 113  loss_vamb: 7.50700e-01  ab_vamb: 2.33959e-03  ce_vamb: 7.04152e-01  sse_vamb: 3.46405e-02  kld_vamb: 9.51820e-03  loss_labels: 8.93568e-03  ce_labels_labels: 1.44184e-03  kld_labels: 4.79606e+01  correct_labels_labels: 0.00000e+00  loss_joint: 7.41843e-01  ce_joint: 2.11990e+00  sse_joint: 2.22983e+01  ce_labels_joint: 8.90041e-04  kld_vamb_joint: 6.53208e+00  kld_labels_joint: 7.70750e+00  correct_labels_joint: 0.00000e+00  loss: 1.50148e+00
2026-08-13 11:24:24.862 | INFO    | 		Epoch: 114  loss_vamb: 7.50526e-01  ab_vamb: 2.37566e-03  ce_vamb: 7.04161e-01  sse_vamb: 3.47381e-02  kld_vamb: 9.51072e-03  loss_labels: 8.83633e-03  ce_labels_labels: 1.36554e-03  kld_labels: 4.78130e+01  correct_labels_labels: 0.00000e+00  loss_joint: 7.41616e-01  ce_joint: 2.11961e+00  sse_joint: 2.23621e+01  ce_labels_joint: 9.31886e-04  kld_vamb_joint: 6.52908e+00  kld_labels_joint: 7.69545e+00  correct_labels_joint: 0.00000e+00  loss: 1.50098e+00
2026-08-13 11:24:28.563 | INFO    | 		Epoch: 115  loss_vamb: 7.50557e-01  ab_vamb: 2.31733e-03  ce_vamb: 7.04102e-01  sse_vamb: 3.46424e-02  kld_vamb: 9.55021e-03  loss_labels: 8.48008e-03  ce_labels_labels: 1.01262e-03  kld_labels: 4.77918e+01  correct_labels_labels: 0.00000e+00  loss_joint: 7.41952e-01  ce_joint: 2.11952e+00  sse_joint: 2.23366e+01  ce_labels_joint: 1.13115e-03  kld_vamb_joint: 6.50341e+00  kld_labels_joint: 7.70134e+00  correct_labels_joint: 0.00000e+00  loss: 1.50099e+00
2026-08-13 11:24:32.434 | INFO    | 		Epoch: 116  loss_vamb: 7.50924e-01  ab_vamb: 2.45599e-03  ce_vamb: 7.04103e-01  sse_vamb: 3.46269e-02  kld_vamb: 9.50404e-03  loss_labels: 8.20478e-03  ce_labels_labels: 9.68051e-04  kld_labels: 4.63151e+01  correct_labels_labels: 0.00000e+00  loss_joint: 7.41918e-01  ce_joint: 2.11965e+00  sse_joint: 2.23266e+01  ce_labels_joint: 7.37254e-04  kld_vamb_joint: 6.53508e+00  kld_labels_joint: 7.73594e+00  correct_labels_joint: 0.00000e+00  loss: 1.50105e+00
2026-08-13 11:24:35.800 | INFO    | 		Epoch: 117  loss_vamb: 7.50701e-01  ab_vamb: 2.36991e-03  ce_vamb: 7.04176e-01  sse_vamb: 3.46667e-02  kld_vamb: 9.56838e-03  loss_labels: 8.88924e-03  ce_labels_labels: 1.71654e-03  kld_labels: 4.59052e+01  correct_labels_labels: 0.00000e+00  loss_joint: 7.41431e-01  ce_joint: 2.11960e+00  sse_joint: 2.23303e+01  ce_labels_joint: 6.38904e-04  kld_vamb_joint: 6.47498e+00  kld_labels_joint: 7.71362e+00  correct_labels_joint: 0.00000e+00  loss: 1.50102e+00
2026-08-13 11:24:39.241 | INFO    | 		Epoch: 118  loss_vamb: 7.50879e-01  ab_vamb: 2.33177e-03  ce_vamb: 7.04142e-01  sse_vamb: 3.47213e-02  kld_vamb: 9.52966e-03  loss_labels: 8.99210e-03  ce_labels_labels: 1.60385e-03  kld_labels: 4.72848e+01  correct_labels_labels: 0.00000e+00  loss_joint: 7.41692e-01  ce_joint: 2.11947e+00  sse_joint: 2.23530e+01  ce_labels_joint: 6.95961e-04  kld_vamb_joint: 6.46303e+00  kld_labels_joint: 7.66579e+00  correct_labels_joint: 0.00000e+00  loss: 1.50156e+00
2026-08-13 11:24:42.899 | INFO    | 		Epoch: 119  loss_vamb: 7.50784e-01  ab_vamb: 2.39979e-03  ce_vamb: 7.04117e-01  sse_vamb: 3.47094e-02  kld_vamb: 9.51377e-03  loss_labels: 9.06804e-03  ce_labels_labels: 1.43743e-03  kld_labels: 4.88359e+01  correct_labels_labels: 0.00000e+00  loss_joint: 7.41916e-01  ce_joint: 2.11949e+00  sse_joint: 2.23115e+01  ce_labels_joint: 1.06010e-03  kld_vamb_joint: 6.41460e+00  kld_labels_joint: 7.60768e+00  correct_labels_joint: 0.00000e+00  loss: 1.50177e+00
2026-08-13 11:24:47.089 | INFO    | 		Epoch: 120  loss_vamb: 7.50708e-01  ab_vamb: 2.31297e-03  ce_vamb: 7.04100e-01  sse_vamb: 3.46374e-02  kld_vamb: 9.55580e-03  loss_labels: 9.25506e-03  ce_labels_labels: 1.49805e-03  kld_labels: 4.96449e+01  correct_labels_labels: 0.00000e+00  loss_joint: 7.41535e-01  ce_joint: 2.11969e+00  sse_joint: 2.22927e+01  ce_labels_joint: 6.32164e-04  kld_vamb_joint: 6.37872e+00  kld_labels_joint: 7.53658e+00  correct_labels_joint: 0.00000e+00  loss: 1.50150e+00
2026-08-13 11:24:50.717 | INFO    | 		Epoch: 121  loss_vamb: 7.50748e-01  ab_vamb: 2.39157e-03  ce_vamb: 7.04115e-01  sse_vamb: 3.46563e-02  kld_vamb: 9.51077e-03  loss_labels: 9.04874e-03  ce_labels_labels: 1.20332e-03  kld_labels: 5.02107e+01  correct_labels_labels: 0.00000e+00  loss_joint: 7.42637e-01  ce_joint: 2.11951e+00  sse_joint: 2.24407e+01  ce_labels_joint: 1.60540e-03  kld_vamb_joint: 6.39412e+00  kld_labels_joint: 7.48802e+00  correct_labels_joint: 0.00000e+00  loss: 1.50243e+00
2026-08-13 11:24:54.030 | INFO    | 		Epoch: 122  loss_vamb: 7.50766e-01  ab_vamb: 2.34294e-03  ce_vamb: 7.04074e-01  sse_vamb: 3.45793e-02  kld_vamb: 9.50955e-03  loss_labels: 8.64938e-03  ce_labels_labels: 9.48333e-04  kld_labels: 4.92867e+01  correct_labels_labels: 0.00000e+00  loss_joint: 7.41742e-01  ce_joint: 2.11942e+00  sse_joint: 2.24086e+01  ce_labels_joint: 6.33485e-04  kld_vamb_joint: 6.41085e+00  kld_labels_joint: 7.49035e+00  correct_labels_joint: 0.00000e+00  loss: 1.50116e+00
2026-08-13 11:24:57.501 | INFO    | 		Epoch: 123  loss_vamb: 7.50484e-01  ab_vamb: 2.30655e-03  ce_vamb: 7.04051e-01  sse_vamb: 3.46948e-02  kld_vamb: 9.52091e-03  loss_labels: 8.63269e-03  ce_labels_labels: 1.10625e-03  kld_labels: 4.81692e+01  correct_labels_labels: 0.00000e+00  loss_joint: 7.41155e-01  ce_joint: 2.11936e+00  sse_joint: 2.23445e+01  ce_labels_joint: 5.19059e-04  kld_vamb_joint: 6.34417e+00  kld_labels_joint: 7.54251e+00  correct_labels_joint: 0.00000e+00  loss: 1.50027e+00
2026-08-13 11:25:01.387 | INFO    | 		Epoch: 124  loss_vamb: 7.50357e-01  ab_vamb: 2.33587e-03  ce_vamb: 7.04110e-01  sse_vamb: 3.45620e-02  kld_vamb: 9.51600e-03  loss_labels: 8.64264e-03  ce_labels_labels: 1.26526e-03  kld_labels: 4.72152e+01  correct_labels_labels: 0.00000e+00  loss_joint: 7.41645e-01  ce_joint: 2.11947e+00  sse_joint: 2.22664e+01  ce_labels_joint: 1.17953e-03  kld_vamb_joint: 6.29905e+00  kld_labels_joint: 7.53809e+00  correct_labels_joint: 0.00000e+00  loss: 1.50065e+00
2026-08-13 11:25:05.483 | INFO    | 		Epoch: 125  loss_vamb: 7.50465e-01  ab_vamb: 2.26370e-03  ce_vamb: 7.04026e-01  sse_vamb: 3.45212e-02  kld_vamb: 9.56924e-03  loss_labels: 9.12421e-03  ce_labels_labels: 1.66027e-03  kld_labels: 4.77693e+01  correct_labels_labels: 0.00000e+00  loss_joint: 7.41781e-01  ce_joint: 2.11949e+00  sse_joint: 2.23133e+01  ce_labels_joint: 9.84649e-04  kld_vamb_joint: 6.30555e+00  kld_labels_joint: 7.51583e+00  correct_labels_joint: 0.00000e+00  loss: 1.50137e+00
2026-08-13 11:25:08.808 | INFO    | 		Epoch: 126  loss_vamb: 7.50497e-01  ab_vamb: 2.34963e-03  ce_vamb: 7.04105e-01  sse_vamb: 3.45798e-02  kld_vamb: 9.49729e-03  loss_labels: 9.00095e-03  ce_labels_labels: 1.36937e-03  kld_labels: 4.88421e+01  correct_labels_labels: 0.00000e+00  loss_joint: 7.41974e-01  ce_joint: 2.11964e+00  sse_joint: 2.23501e+01  ce_labels_joint: 1.18692e-03  kld_vamb_joint: 6.31231e+00  kld_labels_joint: 7.46557e+00  correct_labels_joint: 0.00000e+00  loss: 1.50147e+00
2026-08-13 11:25:12.247 | INFO    | 		Epoch: 127  loss_vamb: 7.50628e-01  ab_vamb: 2.30870e-03  ce_vamb: 7.04037e-01  sse_vamb: 3.46767e-02  kld_vamb: 9.51502e-03  loss_labels: 9.06737e-03  ce_labels_labels: 1.46032e-03  kld_labels: 4.86851e+01  correct_labels_labels: 0.00000e+00  loss_joint: 7.42130e-01  ce_joint: 2.11959e+00  sse_joint: 2.23454e+01  ce_labels_joint: 1.26638e-03  kld_vamb_joint: 6.28482e+00  kld_labels_joint: 7.45709e+00  correct_labels_joint: 0.00000e+00  loss: 1.50183e+00
2026-08-13 11:25:15.884 | INFO    | 		Epoch: 128  loss_vamb: 7.50722e-01  ab_vamb: 2.33395e-03  ce_vamb: 7.04110e-01  sse_vamb: 3.46245e-02  kld_vamb: 9.48524e-03  loss_labels: 9.00115e-03  ce_labels_labels: 1.42274e-03  kld_labels: 4.85019e+01  correct_labels_labels: 0.00000e+00  loss_joint: 7.42832e-01  ce_joint: 2.11971e+00  sse_joint: 2.24090e+01  ce_labels_joint: 1.70326e-03  kld_vamb_joint: 6.35646e+00  kld_labels_joint: 7.47102e+00  correct_labels_joint: 0.00000e+00  loss: 1.50255e+00
2026-08-13 11:25:19.762 | INFO    | 		Epoch: 129  loss_vamb: 7.50395e-01  ab_vamb: 2.34386e-03  ce_vamb: 7.04061e-01  sse_vamb: 3.46492e-02  kld_vamb: 9.49875e-03  loss_labels: 9.50406e-03  ce_labels_labels: 1.95161e-03  kld_labels: 4.83357e+01  correct_labels_labels: 0.00000e+00  loss_joint: 7.42737e-01  ce_joint: 2.11955e+00  sse_joint: 2.25488e+01  ce_labels_joint: 1.74069e-03  kld_vamb_joint: 6.44196e+00  kld_labels_joint: 7.52462e+00  correct_labels_joint: 0.00000e+00  loss: 1.50264e+00
2026-08-13 11:25:23.200 | INFO    | 		Epoch: 130  loss_vamb: 7.50560e-01  ab_vamb: 2.29277e-03  ce_vamb: 7.04086e-01  sse_vamb: 3.46894e-02  kld_vamb: 9.45084e-03  loss_labels: 8.96382e-03  ce_labels_labels: 1.27493e-03  kld_labels: 4.92089e+01  correct_labels_labels: 0.00000e+00  loss_joint: 7.42183e-01  ce_joint: 2.11960e+00  sse_joint: 2.24226e+01  ce_labels_joint: 1.20778e-03  kld_vamb_joint: 6.43608e+00  kld_labels_joint: 7.48837e+00  correct_labels_joint: 0.00000e+00  loss: 1.50171e+00
2026-08-13 11:25:26.853 | INFO    | 		Epoch: 131  loss_vamb: 7.50553e-01  ab_vamb: 2.36062e-03  ce_vamb: 7.04157e-01  sse_vamb: 3.45178e-02  kld_vamb: 9.49999e-03  loss_labels: 9.14608e-03  ce_labels_labels: 1.42209e-03  kld_labels: 4.94336e+01  correct_labels_labels: 0.00000e+00  loss_joint: 7.41815e-01  ce_joint: 2.11969e+00  sse_joint: 2.24276e+01  ce_labels_joint: 7.88260e-04  kld_vamb_joint: 6.44529e+00  kld_labels_joint: 7.50250e+00  correct_labels_joint: 0.00000e+00  loss: 1.50151e+00
2026-08-13 11:25:30.254 | INFO    | 		Epoch: 132  loss_vamb: 7.50497e-01  ab_vamb: 2.35763e-03  ce_vamb: 7.04010e-01  sse_vamb: 3.46035e-02  kld_vamb: 9.52935e-03  loss_labels: 8.62981e-03  ce_labels_labels: 9.62524e-04  kld_labels: 4.90707e+01  correct_labels_labels: 0.00000e+00  loss_joint: 7.42359e-01  ce_joint: 2.11955e+00  sse_joint: 2.23804e+01  ce_labels_joint: 1.43585e-03  kld_vamb_joint: 6.40786e+00  kld_labels_joint: 7.48956e+00  correct_labels_joint: 0.00000e+00  loss: 1.50149e+00
2026-08-13 11:25:33.668 | INFO    | 		Epoch: 133  loss_vamb: 7.50494e-01  ab_vamb: 2.38031e-03  ce_vamb: 7.04062e-01  sse_vamb: 3.45762e-02  kld_vamb: 9.45597e-03  loss_labels: 8.47934e-03  ce_labels_labels: 1.12337e-03  kld_labels: 4.70782e+01  correct_labels_labels: 0.00000e+00  loss_joint: 7.42099e-01  ce_joint: 2.11923e+00  sse_joint: 2.23905e+01  ce_labels_joint: 1.28213e-03  kld_vamb_joint: 6.41147e+00  kld_labels_joint: 7.50884e+00  correct_labels_joint: 0.00000e+00  loss: 1.50107e+00
2026-08-13 11:25:37.193 | INFO    | 		Epoch: 134  loss_vamb: 7.50473e-01  ab_vamb: 2.32678e-03  ce_vamb: 7.03973e-01  sse_vamb: 3.45397e-02  kld_vamb: 9.52934e-03  loss_labels: 8.77458e-03  ce_labels_labels: 1.48714e-03  kld_labels: 4.66396e+01  correct_labels_labels: 0.00000e+00  loss_joint: 7.42348e-01  ce_joint: 2.11911e+00  sse_joint: 2.23277e+01  ce_labels_joint: 1.60021e-03  kld_vamb_joint: 6.34947e+00  kld_labels_joint: 7.50642e+00  correct_labels_joint: 0.00000e+00  loss: 1.50160e+00
2026-08-13 11:25:40.616 | INFO    | 		Epoch: 135  loss_vamb: 7.50282e-01  ab_vamb: 2.28521e-03  ce_vamb: 7.03991e-01  sse_vamb: 3.44780e-02  kld_vamb: 9.50171e-03  loss_labels: 9.54018e-03  ce_labels_labels: 1.92121e-03  kld_labels: 4.87614e+01  correct_labels_labels: 0.00000e+00  loss_joint: 7.42016e-01  ce_joint: 2.11946e+00  sse_joint: 2.22906e+01  ce_labels_joint: 1.29795e-03  kld_vamb_joint: 6.35960e+00  kld_labels_joint: 7.49996e+00  correct_labels_joint: 0.00000e+00  loss: 1.50184e+00
2026-08-13 11:25:44.065 | INFO    | 		Epoch: 136  loss_vamb: 7.50009e-01  ab_vamb: 2.31183e-03  ce_vamb: 7.03985e-01  sse_vamb: 3.45382e-02  kld_vamb: 9.50171e-03  loss_labels: 9.15871e-03  ce_labels_labels: 1.45638e-03  kld_labels: 4.92949e+01  correct_labels_labels: 0.00000e+00  loss_joint: 7.41997e-01  ce_joint: 2.11935e+00  sse_joint: 2.23795e+01  ce_labels_joint: 1.49116e-03  kld_vamb_joint: 6.38088e+00  kld_labels_joint: 7.49608e+00  correct_labels_joint: 0.00000e+00  loss: 1.50116e+00
2026-08-13 11:25:47.776 | INFO    | 		Epoch: 137  loss_vamb: 7.50351e-01  ab_vamb: 2.33009e-03  ce_vamb: 7.04061e-01  sse_vamb: 3.44801e-02  kld_vamb: 9.51235e-03  loss_labels: 9.05197e-03  ce_labels_labels: 1.30288e-03  kld_labels: 4.95942e+01  correct_labels_labels: 0.00000e+00  loss_joint: 7.42887e-01  ce_joint: 2.11955e+00  sse_joint: 2.24103e+01  ce_labels_joint: 1.95400e-03  kld_vamb_joint: 6.42449e+00  kld_labels_joint: 7.51217e+00  correct_labels_joint: 0.00000e+00  loss: 1.50229e+00
2026-08-13 11:25:51.544 | INFO    | 		Epoch: 138  loss_vamb: 7.50618e-01  ab_vamb: 2.43353e-03  ce_vamb: 7.04023e-01  sse_vamb: 3.45649e-02  kld_vamb: 9.49213e-03  loss_labels: 9.94936e-03  ce_labels_labels: 2.08022e-03  kld_labels: 5.03625e+01  correct_labels_labels: 0.00000e+00  loss_joint: 7.45530e-01  ce_joint: 2.11978e+00  sse_joint: 2.25708e+01  ce_labels_joint: 3.99390e-03  kld_vamb_joint: 6.53540e+00  kld_labels_joint: 7.55146e+00  correct_labels_joint: 0.00000e+00  loss: 1.50610e+00
2026-08-13 11:25:55.052 | INFO    | 		Epoch: 139  loss_vamb: 7.50392e-01  ab_vamb: 2.29807e-03  ce_vamb: 7.04076e-01  sse_vamb: 3.45820e-02  kld_vamb: 9.55118e-03  loss_labels: 9.79514e-03  ce_labels_labels: 1.88662e-03  kld_labels: 5.06146e+01  correct_labels_labels: 0.00000e+00  loss_joint: 7.44238e-01  ce_joint: 2.11999e+00  sse_joint: 2.27040e+01  ce_labels_joint: 2.72368e-03  kld_vamb_joint: 6.59596e+00  kld_labels_joint: 7.59879e+00  correct_labels_joint: 0.00000e+00  loss: 1.50443e+00
2026-08-13 11:25:58.471 | INFO    | 		Epoch: 140  loss_vamb: 7.50583e-01  ab_vamb: 2.37900e-03  ce_vamb: 7.04016e-01  sse_vamb: 3.45840e-02  kld_vamb: 9.50044e-03  loss_labels: 8.91844e-03  ce_labels_labels: 1.02573e-03  kld_labels: 5.05133e+01  correct_labels_labels: 0.00000e+00  loss_joint: 7.43756e-01  ce_joint: 2.11988e+00  sse_joint: 2.26582e+01  ce_labels_joint: 2.03120e-03  kld_vamb_joint: 6.66610e+00  kld_labels_joint: 7.60581e+00  correct_labels_joint: 0.00000e+00  loss: 1.50326e+00
2026-08-13 11:26:02.016 | INFO    | 		Epoch: 141  loss_vamb: 7.50530e-01  ab_vamb: 2.33121e-03  ce_vamb: 7.04060e-01  sse_vamb: 3.45855e-02  kld_vamb: 9.52339e-03  loss_labels: 1.01816e-02  ce_labels_labels: 2.30812e-03  kld_labels: 5.03903e+01  correct_labels_labels: 0.00000e+00  loss_joint: 7.44331e-01  ce_joint: 2.11985e+00  sse_joint: 2.27051e+01  ce_labels_joint: 2.69460e-03  kld_vamb_joint: 6.76746e+00  kld_labels_joint: 7.69880e+00  correct_labels_joint: 0.00000e+00  loss: 1.50504e+00
2026-08-13 11:26:05.418 | INFO    | 		Epoch: 142  loss_vamb: 7.50276e-01  ab_vamb: 2.34177e-03  ce_vamb: 7.03992e-01  sse_vamb: 3.44810e-02  kld_vamb: 9.51067e-03  loss_labels: 1.00234e-02  ce_labels_labels: 1.98417e-03  kld_labels: 5.14513e+01  correct_labels_labels: 0.00000e+00  loss_joint: 7.42966e-01  ce_joint: 2.11978e+00  sse_joint: 2.26563e+01  ce_labels_joint: 1.49173e-03  kld_vamb_joint: 6.79875e+00  kld_labels_joint: 7.71188e+00  correct_labels_joint: 0.00000e+00  loss: 1.50327e+00
2026-08-13 11:26:09.152 | INFO    | 		Epoch: 143  loss_vamb: 7.50451e-01  ab_vamb: 2.31556e-03  ce_vamb: 7.03993e-01  sse_vamb: 3.45705e-02  kld_vamb: 9.55927e-03  loss_labels: 9.30745e-03  ce_labels_labels: 1.28819e-03  kld_labels: 5.13233e+01  correct_labels_labels: 0.00000e+00  loss_joint: 7.43337e-01  ce_joint: 2.11963e+00  sse_joint: 2.26754e+01  ce_labels_joint: 1.82104e-03  kld_vamb_joint: 6.79372e+00  kld_labels_joint: 7.75005e+00  correct_labels_joint: 0.00000e+00  loss: 1.50310e+00
2026-08-13 11:26:12.446 | INFO    | 		Epoch: 144  loss_vamb: 7.50269e-01  ab_vamb: 2.23907e-03  ce_vamb: 7.04056e-01  sse_vamb: 3.44998e-02  kld_vamb: 9.57051e-03  loss_labels: 9.25000e-03  ce_labels_labels: 1.44929e-03  kld_labels: 4.99245e+01  correct_labels_labels: 0.00000e+00  loss_joint: 7.42611e-01  ce_joint: 2.11974e+00  sse_joint: 2.26034e+01  ce_labels_joint: 1.34534e-03  kld_vamb_joint: 6.80059e+00  kld_labels_joint: 7.77835e+00  correct_labels_joint: 0.00000e+00  loss: 1.50213e+00
2026-08-13 11:26:16.089 | INFO    | 		Epoch: 145  loss_vamb: 7.50231e-01  ab_vamb: 2.27342e-03  ce_vamb: 7.03965e-01  sse_vamb: 3.45458e-02  kld_vamb: 9.50573e-03  loss_labels: 9.33862e-03  ce_labels_labels: 1.65404e-03  kld_labels: 4.91813e+01  correct_labels_labels: 0.00000e+00  loss_joint: 7.42639e-01  ce_joint: 2.11915e+00  sse_joint: 2.25359e+01  ce_labels_joint: 1.63430e-03  kld_vamb_joint: 6.76505e+00  kld_labels_joint: 7.74073e+00  correct_labels_joint: 0.00000e+00  loss: 1.50221e+00
2026-08-13 11:26:19.678 | INFO    | 		Epoch: 146  loss_vamb: 7.50280e-01  ab_vamb: 2.31799e-03  ce_vamb: 7.04029e-01  sse_vamb: 3.44528e-02  kld_vamb: 9.50610e-03  loss_labels: 8.51972e-03  ce_labels_labels: 9.90902e-04  kld_labels: 4.81844e+01  correct_labels_labels: 0.00000e+00  loss_joint: 7.43657e-01  ce_joint: 2.11975e+00  sse_joint: 2.24892e+01  ce_labels_joint: 2.44264e-03  kld_vamb_joint: 6.75579e+00  kld_labels_joint: 7.80036e+00  correct_labels_joint: 0.00000e+00  loss: 1.50246e+00
2026-08-13 11:26:23.432 | INFO    | 		Epoch: 147  loss_vamb: 7.50234e-01  ab_vamb: 2.29678e-03  ce_vamb: 7.04105e-01  sse_vamb: 3.45705e-02  kld_vamb: 9.54260e-03  loss_labels: 8.85555e-03  ce_labels_labels: 1.42961e-03  kld_labels: 4.75260e+01  correct_labels_labels: 0.00000e+00  loss_joint: 7.44120e-01  ce_joint: 2.12024e+00  sse_joint: 2.27609e+01  ce_labels_joint: 2.55508e-03  kld_vamb_joint: 6.83647e+00  kld_labels_joint: 7.90437e+00  correct_labels_joint: 0.00000e+00  loss: 1.50321e+00
2026-08-13 11:26:26.936 | INFO    | 		Epoch: 148  loss_vamb: 7.50424e-01  ab_vamb: 2.32213e-03  ce_vamb: 7.04009e-01  sse_vamb: 3.45803e-02  kld_vamb: 9.50232e-03  loss_labels: 8.93213e-03  ce_labels_labels: 1.38081e-03  kld_labels: 4.83285e+01  correct_labels_labels: 0.00000e+00  loss_joint: 7.43853e-01  ce_joint: 2.12000e+00  sse_joint: 2.27622e+01  ce_labels_joint: 2.06622e-03  kld_vamb_joint: 6.85388e+00  kld_labels_joint: 7.92559e+00  correct_labels_joint: 0.00000e+00  loss: 1.50321e+00
2026-08-13 11:26:30.733 | INFO    | 		Epoch: 149  loss_vamb: 7.50314e-01  ab_vamb: 2.23680e-03  ce_vamb: 7.04000e-01  sse_vamb: 3.46030e-02  kld_vamb: 9.52012e-03  loss_labels: 9.33172e-03  ce_labels_labels: 1.65018e-03  kld_labels: 4.91619e+01  correct_labels_labels: 0.00000e+00  loss_joint: 7.44283e-01  ce_joint: 2.11975e+00  sse_joint: 2.28533e+01  ce_labels_joint: 2.50902e-03  kld_vamb_joint: 6.91063e+00  kld_labels_joint: 7.93624e+00  correct_labels_joint: 0.00000e+00  loss: 1.50393e+00
2026-08-13 11:26:33.976 | INFO    | 		Epoch: 150  loss_vamb: 7.49995e-01  ab_vamb: 2.18501e-03  ce_vamb: 7.03902e-01  sse_vamb: 3.43320e-02  kld_vamb: 9.57721e-03  loss_labels: 9.08944e-03  ce_labels_labels: 1.26759e-03  kld_labels: 5.00598e+01  correct_labels_labels: 0.00000e+00  loss_joint: 7.44544e-01  ce_joint: 2.11988e+00  sse_joint: 2.26783e+01  ce_labels_joint: 2.90323e-03  kld_vamb_joint: 6.91991e+00  kld_labels_joint: 7.96130e+00  correct_labels_joint: 0.00000e+00  loss: 1.50363e+00
2026-08-13 11:26:37.275 | INFO    | 		Epoch: 151  loss_vamb: 7.49977e-01  ab_vamb: 2.16209e-03  ce_vamb: 7.03862e-01  sse_vamb: 3.42125e-02  kld_vamb: 9.50761e-03  loss_labels: 8.76991e-03  ce_labels_labels: 9.91712e-04  kld_labels: 4.97805e+01  correct_labels_labels: 0.00000e+00  loss_joint: 7.43024e-01  ce_joint: 2.11930e+00  sse_joint: 2.25133e+01  ce_labels_joint: 1.64062e-03  kld_vamb_joint: 6.93028e+00  kld_labels_joint: 7.94808e+00  correct_labels_joint: 0.00000e+00  loss: 1.50177e+00
2026-08-13 11:26:40.546 | INFO    | 		Epoch: 152  loss_vamb: 7.50009e-01  ab_vamb: 2.18440e-03  ce_vamb: 7.03873e-01  sse_vamb: 3.41711e-02  kld_vamb: 9.46857e-03  loss_labels: 8.42751e-03  ce_labels_labels: 7.35870e-04  kld_labels: 4.92265e+01  correct_labels_labels: 0.00000e+00  loss_joint: 7.42372e-01  ce_joint: 2.11911e+00  sse_joint: 2.24231e+01  ce_labels_joint: 1.17814e-03  kld_vamb_joint: 6.93846e+00  kld_labels_joint: 7.95170e+00  correct_labels_joint: 0.00000e+00  loss: 1.50081e+00
2026-08-13 11:26:43.754 | INFO    | 		Epoch: 153  loss_vamb: 7.49179e-01  ab_vamb: 2.10786e-03  ce_vamb: 7.03656e-01  sse_vamb: 3.41402e-02  kld_vamb: 9.45818e-03  loss_labels: 8.80466e-03  ce_labels_labels: 1.31042e-03  kld_labels: 4.79631e+01  correct_labels_labels: 0.00000e+00  loss_joint: 7.41087e-01  ce_joint: 2.11859e+00  sse_joint: 2.23146e+01  ce_labels_joint: 7.32160e-04  kld_vamb_joint: 6.91579e+00  kld_labels_joint: 7.98325e+00  correct_labels_joint: 0.00000e+00  loss: 1.49907e+00
2026-08-13 11:26:46.913 | INFO    | 		Epoch: 154  loss_vamb: 7.49342e-01  ab_vamb: 2.19601e-03  ce_vamb: 7.03697e-01  sse_vamb: 3.40994e-02  kld_vamb: 9.49765e-03  loss_labels: 8.27943e-03  ce_labels_labels: 9.57298e-04  kld_labels: 4.68616e+01  correct_labels_labels: 0.00000e+00  loss_joint: 7.40854e-01  ce_joint: 2.11863e+00  sse_joint: 2.22373e+01  ce_labels_joint: 5.98521e-04  kld_vamb_joint: 6.87608e+00  kld_labels_joint: 8.02128e+00  correct_labels_joint: 0.00000e+00  loss: 1.49848e+00
2026-08-13 11:26:50.284 | INFO    | 		Epoch: 155  loss_vamb: 7.48837e-01  ab_vamb: 2.13618e-03  ce_vamb: 7.03672e-01  sse_vamb: 3.41699e-02  kld_vamb: 9.47799e-03  loss_labels: 7.89649e-03  ce_labels_labels: 7.11407e-04  kld_labels: 4.59845e+01  correct_labels_labels: 0.00000e+00  loss_joint: 7.40189e-01  ce_joint: 2.11866e+00  sse_joint: 2.21571e+01  ce_labels_joint: 5.13422e-04  kld_vamb_joint: 6.79916e+00  kld_labels_joint: 7.98817e+00  correct_labels_joint: 0.00000e+00  loss: 1.49692e+00
2026-08-13 11:26:53.504 | INFO    | 		Epoch: 156  loss_vamb: 7.49639e-01  ab_vamb: 2.12208e-03  ce_vamb: 7.03664e-01  sse_vamb: 3.41071e-02  kld_vamb: 9.47933e-03  loss_labels: 8.57416e-03  ce_labels_labels: 1.53350e-03  kld_labels: 4.50603e+01  correct_labels_labels: 0.00000e+00  loss_joint: 7.40597e-01  ce_joint: 2.11841e+00  sse_joint: 2.20740e+01  ce_labels_joint: 2.73874e-04  kld_vamb_joint: 6.75125e+00  kld_labels_joint: 7.97705e+00  correct_labels_joint: 0.00000e+00  loss: 1.49881e+00
2026-08-13 11:26:56.710 | INFO    | 		Epoch: 157  loss_vamb: 7.49623e-01  ab_vamb: 2.10266e-03  ce_vamb: 7.03617e-01  sse_vamb: 3.40527e-02  kld_vamb: 9.46543e-03  loss_labels: 7.98595e-03  ce_labels_labels: 9.49925e-04  kld_labels: 4.50306e+01  correct_labels_labels: 0.00000e+00  loss_joint: 7.40788e-01  ce_joint: 2.11826e+00  sse_joint: 2.19779e+01  ce_labels_joint: 5.96354e-04  kld_vamb_joint: 6.70684e+00  kld_labels_joint: 7.94650e+00  correct_labels_joint: 0.00000e+00  loss: 1.49840e+00
2026-08-13 11:27:00.061 | INFO    | 		Epoch: 158  loss_vamb: 7.48794e-01  ab_vamb: 2.07537e-03  ce_vamb: 7.03533e-01  sse_vamb: 3.39315e-02  kld_vamb: 9.44683e-03  loss_labels: 7.73146e-03  ce_labels_labels: 6.97848e-04  kld_labels: 4.50151e+01  correct_labels_labels: 0.00000e+00  loss_joint: 7.39962e-01  ce_joint: 2.11820e+00  sse_joint: 2.19394e+01  ce_labels_joint: 4.84562e-04  kld_vamb_joint: 6.67940e+00  kld_labels_joint: 7.94303e+00  correct_labels_joint: 0.00000e+00  loss: 1.49649e+00
2026-08-13 11:27:03.272 | INFO    | 		Epoch: 159  loss_vamb: 7.49161e-01  ab_vamb: 2.06839e-03  ce_vamb: 7.03727e-01  sse_vamb: 3.40212e-02  kld_vamb: 9.44782e-03  loss_labels: 8.10261e-03  ce_labels_labels: 1.13647e-03  kld_labels: 4.45833e+01  correct_labels_labels: 0.00000e+00  loss_joint: 7.40002e-01  ce_joint: 2.11854e+00  sse_joint: 2.18918e+01  ce_labels_joint: 3.61160e-04  kld_vamb_joint: 6.62900e+00  kld_labels_joint: 7.92557e+00  correct_labels_joint: 0.00000e+00  loss: 1.49727e+00
2026-08-13 11:27:06.380 | INFO    | 		Epoch: 160  loss_vamb: 7.49607e-01  ab_vamb: 2.12276e-03  ce_vamb: 7.03554e-01  sse_vamb: 3.39583e-02  kld_vamb: 9.46546e-03  loss_labels: 7.49866e-03  ce_labels_labels: 6.19700e-04  kld_labels: 4.40254e+01  correct_labels_labels: 0.00000e+00  loss_joint: 7.40408e-01  ce_joint: 2.11806e+00  sse_joint: 2.18170e+01  ce_labels_joint: 4.62139e-04  kld_vamb_joint: 6.57844e+00  kld_labels_joint: 7.90799e+00  correct_labels_joint: 0.00000e+00  loss: 1.49751e+00
2026-08-13 11:27:09.539 | INFO    | 		Epoch: 161  loss_vamb: 7.49080e-01  ab_vamb: 2.07801e-03  ce_vamb: 7.03657e-01  sse_vamb: 3.39508e-02  kld_vamb: 9.44129e-03  loss_labels: 7.75177e-03  ce_labels_labels: 9.91444e-04  kld_labels: 4.32661e+01  correct_labels_labels: 0.00000e+00  loss_joint: 7.39969e-01  ce_joint: 2.11812e+00  sse_joint: 2.18128e+01  ce_labels_joint: 5.81448e-04  kld_vamb_joint: 6.55644e+00  kld_labels_joint: 7.92874e+00  correct_labels_joint: 0.00000e+00  loss: 1.49680e+00
2026-08-13 11:27:12.900 | INFO    | 		Epoch: 162  loss_vamb: 7.49290e-01  ab_vamb: 2.10161e-03  ce_vamb: 7.03640e-01  sse_vamb: 3.39759e-02  kld_vamb: 9.46704e-03  loss_labels: 7.81018e-03  ce_labels_labels: 1.08109e-03  kld_labels: 4.30662e+01  correct_labels_labels: 0.00000e+00  loss_joint: 7.40057e-01  ce_joint: 2.11839e+00  sse_joint: 2.18122e+01  ce_labels_joint: 3.88268e-04  kld_vamb_joint: 6.53050e+00  kld_labels_joint: 7.91372e+00  correct_labels_joint: 0.00000e+00  loss: 1.49716e+00
2026-08-13 11:27:16.195 | INFO    | 		Epoch: 163  loss_vamb: 7.49472e-01  ab_vamb: 2.11819e-03  ce_vamb: 7.03650e-01  sse_vamb: 3.39748e-02  kld_vamb: 9.45900e-03  loss_labels: 7.86624e-03  ce_labels_labels: 1.18576e-03  kld_labels: 4.27551e+01  correct_labels_labels: 0.00000e+00  loss_joint: 7.40077e-01  ce_joint: 2.11806e+00  sse_joint: 2.17388e+01  ce_labels_joint: 4.45600e-04  kld_vamb_joint: 6.47996e+00  kld_labels_joint: 7.88170e+00  correct_labels_joint: 0.00000e+00  loss: 1.49742e+00
2026-08-13 11:27:19.436 | INFO    | 		Epoch: 164  loss_vamb: 7.49200e-01  ab_vamb: 2.09889e-03  ce_vamb: 7.03671e-01  sse_vamb: 3.39740e-02  kld_vamb: 9.49177e-03  loss_labels: 7.53454e-03  ce_labels_labels: 8.92622e-04  kld_labels: 4.25083e+01  correct_labels_labels: 0.00000e+00  loss_joint: 7.39583e-01  ce_joint: 2.11831e+00  sse_joint: 2.16509e+01  ce_labels_joint: 3.54320e-04  kld_vamb_joint: 6.43647e+00  kld_labels_joint: 7.85940e+00  correct_labels_joint: 0.00000e+00  loss: 1.49632e+00
2026-08-13 11:27:22.789 | INFO    | 		Epoch: 165  loss_vamb: 7.48946e-01  ab_vamb: 2.09188e-03  ce_vamb: 7.03756e-01  sse_vamb: 3.39437e-02  kld_vamb: 9.46377e-03  loss_labels: 7.62614e-03  ce_labels_labels: 9.91511e-04  kld_labels: 4.24616e+01  correct_labels_labels: 0.00000e+00  loss_joint: 7.39488e-01  ce_joint: 2.11847e+00  sse_joint: 2.16764e+01  ce_labels_joint: 5.04036e-04  kld_vamb_joint: 6.40050e+00  kld_labels_joint: 7.82769e+00  correct_labels_joint: 0.00000e+00  loss: 1.49606e+00
2026-08-13 11:27:26.070 | INFO    | 		Epoch: 166  loss_vamb: 7.49027e-01  ab_vamb: 2.18775e-03  ce_vamb: 7.03695e-01  sse_vamb: 3.39633e-02  kld_vamb: 9.49219e-03  loss_labels: 7.29323e-03  ce_labels_labels: 6.79010e-04  kld_labels: 4.23310e+01  correct_labels_labels: 0.00000e+00  loss_joint: 7.39650e-01  ce_joint: 2.11830e+00  sse_joint: 2.16766e+01  ce_labels_joint: 6.38118e-04  kld_vamb_joint: 6.36728e+00  kld_labels_joint: 7.80858e+00  correct_labels_joint: 0.00000e+00  loss: 1.49597e+00
2026-08-13 11:27:29.318 | INFO    | 		Epoch: 167  loss_vamb: 7.49239e-01  ab_vamb: 2.12440e-03  ce_vamb: 7.03712e-01  sse_vamb: 3.39083e-02  kld_vamb: 9.48803e-03  loss_labels: 8.86159e-03  ce_labels_labels: 2.21813e-03  kld_labels: 4.25181e+01  correct_labels_labels: 0.00000e+00  loss_joint: 7.39625e-01  ce_joint: 2.11852e+00  sse_joint: 2.16539e+01  ce_labels_joint: 2.91956e-04  kld_vamb_joint: 6.34744e+00  kld_labels_joint: 7.77805e+00  correct_labels_joint: 0.00000e+00  loss: 1.49773e+00
2026-08-13 11:27:32.649 | INFO    | 		Epoch: 168  loss_vamb: 7.49060e-01  ab_vamb: 2.10374e-03  ce_vamb: 7.03753e-01  sse_vamb: 3.39724e-02  kld_vamb: 9.52961e-03  loss_labels: 8.08760e-03  ce_labels_labels: 1.20080e-03  kld_labels: 4.40756e+01  correct_labels_labels: 0.00000e+00  loss_joint: 7.39338e-01  ce_joint: 2.11845e+00  sse_joint: 2.16494e+01  ce_labels_joint: 3.88381e-04  kld_vamb_joint: 6.29479e+00  kld_labels_joint: 7.69255e+00  correct_labels_joint: 0.00000e+00  loss: 1.49649e+00
2026-08-13 11:27:35.892 | INFO    | 		Epoch: 169  loss_vamb: 7.49368e-01  ab_vamb: 2.16435e-03  ce_vamb: 7.03753e-01  sse_vamb: 3.38970e-02  kld_vamb: 9.48546e-03  loss_labels: 7.79674e-03  ce_labels_labels: 8.27650e-04  kld_labels: 4.46022e+01  correct_labels_labels: 0.00000e+00  loss_joint: 7.40013e-01  ce_joint: 2.11848e+00  sse_joint: 2.15683e+01  ce_labels_joint: 8.20555e-04  kld_vamb_joint: 6.25974e+00  kld_labels_joint: 7.65294e+00  correct_labels_joint: 0.00000e+00  loss: 1.49718e+00
2026-08-13 11:27:39.032 | INFO    | 		Epoch: 170  loss_vamb: 7.48823e-01  ab_vamb: 2.05291e-03  ce_vamb: 7.03416e-01  sse_vamb: 3.39177e-02  kld_vamb: 9.51154e-03  loss_labels: 7.96886e-03  ce_labels_labels: 1.05500e-03  kld_labels: 4.42487e+01  correct_labels_labels: 0.00000e+00  loss_joint: 7.39084e-01  ce_joint: 2.11752e+00  sse_joint: 2.16031e+01  ce_labels_joint: 3.15446e-04  kld_vamb_joint: 6.21950e+00  kld_labels_joint: 7.63674e+00  correct_labels_joint: 0.00000e+00  loss: 1.49588e+00
2026-08-13 11:27:42.339 | INFO    | 		Epoch: 171  loss_vamb: 7.49025e-01  ab_vamb: 2.13045e-03  ce_vamb: 7.03696e-01  sse_vamb: 3.38741e-02  kld_vamb: 9.49463e-03  loss_labels: 7.59192e-03  ce_labels_labels: 7.76312e-04  kld_labels: 4.36199e+01  correct_labels_labels: 0.00000e+00  loss_joint: 7.39007e-01  ce_joint: 2.11831e+00  sse_joint: 2.15415e+01  ce_labels_joint: 2.13642e-04  kld_vamb_joint: 6.18138e+00  kld_labels_joint: 7.63043e+00  correct_labels_joint: 0.00000e+00  loss: 1.49562e+00
2026-08-13 11:27:45.519 | INFO    | 		Epoch: 172  loss_vamb: 7.49314e-01  ab_vamb: 2.12754e-03  ce_vamb: 7.03817e-01  sse_vamb: 3.38967e-02  kld_vamb: 9.51762e-03  loss_labels: 7.57281e-03  ce_labels_labels: 8.40299e-04  kld_labels: 4.30881e+01  correct_labels_labels: 0.00000e+00  loss_joint: 7.39420e-01  ce_joint: 2.11869e+00  sse_joint: 2.14795e+01  ce_labels_joint: 4.28326e-04  kld_vamb_joint: 6.12941e+00  kld_labels_joint: 7.60978e+00  correct_labels_joint: 0.00000e+00  loss: 1.49631e+00
2026-08-13 11:27:48.701 | INFO    | 		Epoch: 173  loss_vamb: 7.49443e-01  ab_vamb: 2.13512e-03  ce_vamb: 7.03768e-01  sse_vamb: 3.38641e-02  kld_vamb: 9.52524e-03  loss_labels: 8.27859e-03  ce_labels_labels: 1.58993e-03  kld_labels: 4.28075e+01  correct_labels_labels: 0.00000e+00  loss_joint: 7.39439e-01  ce_joint: 2.11839e+00  sse_joint: 2.14714e+01  ce_labels_joint: 4.15338e-04  kld_vamb_joint: 6.09377e+00  kld_labels_joint: 7.61384e+00  correct_labels_joint: 0.00000e+00  loss: 1.49716e+00
2026-08-13 11:27:51.870 | INFO    | 		Epoch: 174  loss_vamb: 7.49293e-01  ab_vamb: 2.13815e-03  ce_vamb: 7.03627e-01  sse_vamb: 3.38577e-02  kld_vamb: 9.51785e-03  loss_labels: 7.50635e-03  ce_labels_labels: 8.19663e-04  kld_labels: 4.27948e+01  correct_labels_labels: 0.00000e+00  loss_joint: 7.39917e-01  ce_joint: 2.11805e+00  sse_joint: 2.14948e+01  ce_labels_joint: 9.34623e-04  kld_vamb_joint: 6.09410e+00  kld_labels_joint: 7.60985e+00  correct_labels_joint: 0.00000e+00  loss: 1.49672e+00
2026-08-13 11:27:55.175 | INFO    | 		Epoch: 175  loss_vamb: 7.49213e-01  ab_vamb: 2.20692e-03  ce_vamb: 7.03576e-01  sse_vamb: 3.39337e-02  kld_vamb: 9.51289e-03  loss_labels: 8.33506e-03  ce_labels_labels: 1.66721e-03  kld_labels: 4.26742e+01  correct_labels_labels: 0.00000e+00  loss_joint: 7.39366e-01  ce_joint: 2.11792e+00  sse_joint: 2.15530e+01  ce_labels_joint: 4.47912e-04  kld_vamb_joint: 6.07747e+00  kld_labels_joint: 7.58267e+00  correct_labels_joint: 0.00000e+00  loss: 1.49691e+00
2026-08-13 11:27:58.278 | INFO    | 		Epoch: 176  loss_vamb: 7.48953e-01  ab_vamb: 2.09980e-03  ce_vamb: 7.03740e-01  sse_vamb: 3.39354e-02  kld_vamb: 9.51770e-03  loss_labels: 7.98131e-03  ce_labels_labels: 1.27941e-03  kld_labels: 4.28921e+01  correct_labels_labels: 0.00000e+00  loss_joint: 7.39279e-01  ce_joint: 2.11859e+00  sse_joint: 2.15677e+01  ce_labels_joint: 5.33083e-04  kld_vamb_joint: 6.05939e+00  kld_labels_joint: 7.55185e+00  correct_labels_joint: 0.00000e+00  loss: 1.49621e+00
2026-08-13 11:28:01.508 | INFO    | 		Epoch: 177  loss_vamb: 7.49302e-01  ab_vamb: 2.07544e-03  ce_vamb: 7.03794e-01  sse_vamb: 3.38322e-02  kld_vamb: 9.49837e-03  loss_labels: 7.67409e-03  ce_labels_labels: 9.06815e-04  kld_labels: 4.33105e+01  correct_labels_labels: 0.00000e+00  loss_joint: 7.39419e-01  ce_joint: 2.11850e+00  sse_joint: 2.14628e+01  ce_labels_joint: 4.05811e-04  kld_vamb_joint: 6.03590e+00  kld_labels_joint: 7.50408e+00  correct_labels_joint: 0.00000e+00  loss: 1.49639e+00
2026-08-13 11:28:04.671 | INFO    | 		Epoch: 178  loss_vamb: 7.48990e-01  ab_vamb: 2.03815e-03  ce_vamb: 7.03633e-01  sse_vamb: 3.38199e-02  kld_vamb: 9.51671e-03  loss_labels: 8.01798e-03  ce_labels_labels: 1.25485e-03  kld_labels: 4.32841e+01  correct_labels_labels: 0.00000e+00  loss_joint: 7.38983e-01  ce_joint: 2.11797e+00  sse_joint: 2.14524e+01  ce_labels_joint: 3.34558e-04  kld_vamb_joint: 6.01301e+00  kld_labels_joint: 7.50341e+00  correct_labels_joint: 0.00000e+00  loss: 1.49599e+00
2026-08-13 11:28:08.045 | INFO    | 		Epoch: 179  loss_vamb: 7.49145e-01  ab_vamb: 2.10000e-03  ce_vamb: 7.03729e-01  sse_vamb: 3.38677e-02  kld_vamb: 9.48554e-03  loss_labels: 7.98546e-03  ce_labels_labels: 1.17720e-03  kld_labels: 4.35729e+01  correct_labels_labels: 0.00000e+00  loss_joint: 7.39438e-01  ce_joint: 2.11825e+00  sse_joint: 2.14866e+01  ce_labels_joint: 6.03643e-04  kld_vamb_joint: 5.98475e+00  kld_labels_joint: 7.47473e+00  correct_labels_joint: 0.00000e+00  loss: 1.49657e+00
2026-08-13 11:28:11.217 | INFO    | 		Epoch: 180  loss_vamb: 7.49356e-01  ab_vamb: 2.07172e-03  ce_vamb: 7.03766e-01  sse_vamb: 3.38334e-02  kld_vamb: 9.51364e-03  loss_labels: 7.36028e-03  ce_labels_labels: 5.51554e-04  kld_labels: 4.35758e+01  correct_labels_labels: 0.00000e+00  loss_joint: 7.39595e-01  ce_joint: 2.11822e+00  sse_joint: 2.14475e+01  ce_labels_joint: 7.17053e-04  kld_vamb_joint: 5.96944e+00  kld_labels_joint: 7.46761e+00  correct_labels_joint: 0.00000e+00  loss: 1.49631e+00
2026-08-13 11:28:14.590 | INFO    | 		Epoch: 181  loss_vamb: 7.48884e-01  ab_vamb: 2.06343e-03  ce_vamb: 7.03623e-01  sse_vamb: 3.37910e-02  kld_vamb: 9.50446e-03  loss_labels: 7.31523e-03  ce_labels_labels: 6.42836e-04  kld_labels: 4.27033e+01  correct_labels_labels: 0.00000e+00  loss_joint: 7.39480e-01  ce_joint: 2.11794e+00  sse_joint: 2.14776e+01  ce_labels_joint: 9.00072e-04  kld_vamb_joint: 5.97450e+00  kld_labels_joint: 7.50466e+00  correct_labels_joint: 0.00000e+00  loss: 1.49568e+00
2026-08-13 11:28:17.869 | INFO    | 		Epoch: 182  loss_vamb: 7.48646e-01  ab_vamb: 2.06095e-03  ce_vamb: 7.03527e-01  sse_vamb: 3.38208e-02  kld_vamb: 9.46869e-03  loss_labels: 7.87538e-03  ce_labels_labels: 1.32477e-03  kld_labels: 4.19239e+01  correct_labels_labels: 0.00000e+00  loss_joint: 7.38831e-01  ce_joint: 2.11792e+00  sse_joint: 2.14707e+01  ce_labels_joint: 3.57146e-04  kld_vamb_joint: 5.97591e+00  kld_labels_joint: 7.50949e+00  correct_labels_joint: 0.00000e+00  loss: 1.49535e+00
2026-08-13 11:28:21.046 | INFO    | 		Epoch: 183  loss_vamb: 7.48998e-01  ab_vamb: 2.14677e-03  ce_vamb: 7.03898e-01  sse_vamb: 3.38238e-02  kld_vamb: 9.49417e-03  loss_labels: 7.41147e-03  ce_labels_labels: 8.76660e-04  kld_labels: 4.18228e+01  correct_labels_labels: 0.00000e+00  loss_joint: 7.39070e-01  ce_joint: 2.11868e+00  sse_joint: 2.14343e+01  ce_labels_joint: 5.20372e-04  kld_vamb_joint: 5.95016e+00  kld_labels_joint: 7.48888e+00  correct_labels_joint: 0.00000e+00  loss: 1.49548e+00
2026-08-13 11:28:24.283 | INFO    | 		Epoch: 184  loss_vamb: 7.48698e-01  ab_vamb: 2.13877e-03  ce_vamb: 7.03579e-01  sse_vamb: 3.38214e-02  kld_vamb: 9.52447e-03  loss_labels: 8.04672e-03  ce_labels_labels: 1.55133e-03  kld_labels: 4.15705e+01  correct_labels_labels: 0.00000e+00  loss_joint: 7.38688e-01  ce_joint: 2.11788e+00  sse_joint: 2.14355e+01  ce_labels_joint: 4.33968e-04  kld_vamb_joint: 5.92730e+00  kld_labels_joint: 7.49146e+00  correct_labels_joint: 0.00000e+00  loss: 1.49543e+00
2026-08-13 11:28:27.593 | INFO    | 		Epoch: 185  loss_vamb: 7.49545e-01  ab_vamb: 2.14249e-03  ce_vamb: 7.03736e-01  sse_vamb: 3.37433e-02  kld_vamb: 9.53385e-03  loss_labels: 7.76618e-03  ce_labels_labels: 1.23188e-03  kld_labels: 4.18195e+01  correct_labels_labels: 0.00000e+00  loss_joint: 7.39414e-01  ce_joint: 2.11837e+00  sse_joint: 2.13480e+01  ce_labels_joint: 3.37338e-04  kld_vamb_joint: 5.89958e+00  kld_labels_joint: 7.47349e+00  correct_labels_joint: 0.00000e+00  loss: 1.49673e+00
2026-08-13 11:28:30.790 | INFO    | 		Epoch: 186  loss_vamb: 7.49184e-01  ab_vamb: 2.07326e-03  ce_vamb: 7.03637e-01  sse_vamb: 3.37486e-02  kld_vamb: 9.52355e-03  loss_labels: 7.54247e-03  ce_labels_labels: 8.77941e-04  kld_labels: 4.26530e+01  correct_labels_labels: 0.00000e+00  loss_joint: 7.38913e-01  ce_joint: 2.11820e+00  sse_joint: 2.13211e+01  ce_labels_joint: 2.19421e-04  kld_vamb_joint: 5.86909e+00  kld_labels_joint: 7.43013e+00  correct_labels_joint: 0.00000e+00  loss: 1.49564e+00
2026-08-13 11:28:33.921 | INFO    | 		Epoch: 187  loss_vamb: 7.48839e-01  ab_vamb: 2.14079e-03  ce_vamb: 7.03570e-01  sse_vamb: 3.38054e-02  kld_vamb: 9.53117e-03  loss_labels: 7.59816e-03  ce_labels_labels: 8.88916e-04  kld_labels: 4.29392e+01  correct_labels_labels: 0.00000e+00  loss_joint: 7.38879e-01  ce_joint: 2.11760e+00  sse_joint: 2.13373e+01  ce_labels_joint: 7.41695e-04  kld_vamb_joint: 5.81109e+00  kld_labels_joint: 7.39252e+00  correct_labels_joint: 0.00000e+00  loss: 1.49532e+00
2026-08-13 11:28:37.088 | INFO    | 		Epoch: 188  loss_vamb: 7.49080e-01  ab_vamb: 2.11407e-03  ce_vamb: 7.03735e-01  sse_vamb: 3.38187e-02  kld_vamb: 9.53808e-03  loss_labels: 7.70180e-03  ce_labels_labels: 1.01125e-03  kld_labels: 4.28195e+01  correct_labels_labels: 0.00000e+00  loss_joint: 7.38812e-01  ce_joint: 2.11833e+00  sse_joint: 2.13672e+01  ce_labels_joint: 2.87788e-04  kld_vamb_joint: 5.80337e+00  kld_labels_joint: 7.39695e+00  correct_labels_joint: 0.00000e+00  loss: 1.49559e+00
2026-08-13 11:28:40.561 | INFO    | 		Epoch: 189  loss_vamb: 7.49062e-01  ab_vamb: 2.01395e-03  ce_vamb: 7.03619e-01  sse_vamb: 3.37848e-02  kld_vamb: 9.55237e-03  loss_labels: 8.06811e-03  ce_labels_labels: 1.37997e-03  kld_labels: 4.28041e+01  correct_labels_labels: 0.00000e+00  loss_joint: 7.39341e-01  ce_joint: 2.11800e+00  sse_joint: 2.13363e+01  ce_labels_joint: 8.25719e-04  kld_vamb_joint: 5.78374e+00  kld_labels_joint: 7.38741e+00  correct_labels_joint: 0.00000e+00  loss: 1.49647e+00
2026-08-13 11:28:43.685 | INFO    | 		Epoch: 190  loss_vamb: 7.49184e-01  ab_vamb: 2.04072e-03  ce_vamb: 7.03494e-01  sse_vamb: 3.36920e-02  kld_vamb: 9.53987e-03  loss_labels: 8.03115e-03  ce_labels_labels: 1.29582e-03  kld_labels: 4.31061e+01  correct_labels_labels: 0.00000e+00  loss_joint: 7.39033e-01  ce_joint: 2.11765e+00  sse_joint: 2.12997e+01  ce_labels_joint: 3.74569e-04  kld_vamb_joint: 5.76783e+00  kld_labels_joint: 7.35484e+00  correct_labels_joint: 0.00000e+00  loss: 1.49625e+00
2026-08-13 11:28:46.909 | INFO    | 		Epoch: 191  loss_vamb: 7.48820e-01  ab_vamb: 2.07040e-03  ce_vamb: 7.03507e-01  sse_vamb: 3.38586e-02  kld_vamb: 9.49861e-03  loss_labels: 8.00025e-03  ce_labels_labels: 1.21275e-03  kld_labels: 4.34400e+01  correct_labels_labels: 0.00000e+00  loss_joint: 7.38537e-01  ce_joint: 2.11738e+00  sse_joint: 2.13444e+01  ce_labels_joint: 4.28185e-04  kld_vamb_joint: 5.76930e+00  kld_labels_joint: 7.32333e+00  correct_labels_joint: 0.00000e+00  loss: 1.49536e+00
2026-08-13 11:28:50.136 | INFO    | 		Epoch: 192  loss_vamb: 7.49370e-01  ab_vamb: 2.09660e-03  ce_vamb: 7.03626e-01  sse_vamb: 3.37415e-02  kld_vamb: 9.53180e-03  loss_labels: 7.36946e-03  ce_labels_labels: 5.25086e-04  kld_labels: 4.38040e+01  correct_labels_labels: 0.00000e+00  loss_joint: 7.39394e-01  ce_joint: 2.11802e+00  sse_joint: 2.13054e+01  ce_labels_joint: 6.31375e-04  kld_vamb_joint: 5.74280e+00  kld_labels_joint: 7.27939e+00  correct_labels_joint: 0.00000e+00  loss: 1.49613e+00
2026-08-13 11:28:53.244 | INFO    | 		Epoch: 193  loss_vamb: 7.49058e-01  ab_vamb: 2.07116e-03  ce_vamb: 7.03690e-01  sse_vamb: 3.38201e-02  kld_vamb: 9.54774e-03  loss_labels: 7.62300e-03  ce_labels_labels: 8.91692e-04  kld_labels: 4.30804e+01  correct_labels_labels: 0.00000e+00  loss_joint: 7.38777e-01  ce_joint: 2.11825e+00  sse_joint: 2.12906e+01  ce_labels_joint: 4.38599e-04  kld_vamb_joint: 5.72624e+00  kld_labels_joint: 7.28647e+00  correct_labels_joint: 0.00000e+00  loss: 1.49546e+00
2026-08-13 11:28:56.406 | INFO    | 		Epoch: 194  loss_vamb: 7.49117e-01  ab_vamb: 2.06956e-03  ce_vamb: 7.03557e-01  sse_vamb: 3.37122e-02  kld_vamb: 9.56945e-03  loss_labels: 7.49300e-03  ce_labels_labels: 8.99934e-04  kld_labels: 4.21956e+01  correct_labels_labels: 0.00000e+00  loss_joint: 7.38935e-01  ce_joint: 2.11789e+00  sse_joint: 2.12938e+01  ce_labels_joint: 4.34704e-04  kld_vamb_joint: 5.70413e+00  kld_labels_joint: 7.29041e+00  correct_labels_joint: 0.00000e+00  loss: 1.49554e+00
2026-08-13 11:28:59.635 | INFO    | 		Epoch: 195  loss_vamb: 7.48712e-01  ab_vamb: 2.08624e-03  ce_vamb: 7.03649e-01  sse_vamb: 3.38369e-02  kld_vamb: 9.52605e-03  loss_labels: 7.69297e-03  ce_labels_labels: 1.15733e-03  kld_labels: 4.18281e+01  correct_labels_labels: 0.00000e+00  loss_joint: 7.38504e-01  ce_joint: 2.11811e+00  sse_joint: 2.13344e+01  ce_labels_joint: 4.45753e-04  kld_vamb_joint: 5.69959e+00  kld_labels_joint: 7.28165e+00  correct_labels_joint: 0.00000e+00  loss: 1.49491e+00
2026-08-13 11:29:03.181 | INFO    | 		Epoch: 196  loss_vamb: 7.49627e-01  ab_vamb: 2.09354e-03  ce_vamb: 7.03895e-01  sse_vamb: 3.36677e-02  kld_vamb: 9.54283e-03  loss_labels: 7.45357e-03  ce_labels_labels: 9.27728e-04  kld_labels: 4.17654e+01  correct_labels_labels: 0.00000e+00  loss_joint: 7.39492e-01  ce_joint: 2.11873e+00  sse_joint: 2.12436e+01  ce_labels_joint: 5.48105e-04  kld_vamb_joint: 5.66617e+00  kld_labels_joint: 7.26925e+00  correct_labels_joint: 0.00000e+00  loss: 1.49657e+00
2026-08-13 11:29:06.372 | INFO    | 		Epoch: 197  loss_vamb: 7.49581e-01  ab_vamb: 2.12551e-03  ce_vamb: 7.03719e-01  sse_vamb: 3.37557e-02  kld_vamb: 9.51800e-03  loss_labels: 7.37335e-03  ce_labels_labels: 8.84722e-04  kld_labels: 4.15272e+01  correct_labels_labels: 0.00000e+00  loss_joint: 7.39624e-01  ce_joint: 2.11824e+00  sse_joint: 2.12803e+01  ce_labels_joint: 7.19827e-04  kld_vamb_joint: 5.67692e+00  kld_labels_joint: 7.27108e+00  correct_labels_joint: 0.00000e+00  loss: 1.49658e+00
2026-08-13 11:29:09.684 | INFO    | 		Epoch: 198  loss_vamb: 7.49148e-01  ab_vamb: 2.10881e-03  ce_vamb: 7.03601e-01  sse_vamb: 3.37999e-02  kld_vamb: 9.49241e-03  loss_labels: 7.83629e-03  ce_labels_labels: 1.33377e-03  kld_labels: 4.16161e+01  correct_labels_labels: 0.00000e+00  loss_joint: 7.39069e-01  ce_joint: 2.11778e+00  sse_joint: 2.13062e+01  ce_labels_joint: 6.53834e-04  kld_vamb_joint: 5.66268e+00  kld_labels_joint: 7.24758e+00  correct_labels_joint: 0.00000e+00  loss: 1.49605e+00
2026-08-13 11:29:13.228 | INFO    | 		Epoch: 199  loss_vamb: 7.48898e-01  ab_vamb: 2.17903e-03  ce_vamb: 7.03572e-01  sse_vamb: 3.38074e-02  kld_vamb: 9.55170e-03  loss_labels: 7.69351e-03  ce_labels_labels: 1.07242e-03  kld_labels: 4.23750e+01  correct_labels_labels: 0.00000e+00  loss_joint: 7.38604e-01  ce_joint: 2.11782e+00  sse_joint: 2.12900e+01  ce_labels_joint: 4.07764e-04  kld_vamb_joint: 5.62046e+00  kld_labels_joint: 7.20429e+00  correct_labels_joint: 0.00000e+00  loss: 1.49520e+00
2026-08-13 11:29:16.637 | INFO    | 		Epoch: 200  loss_vamb: 7.48717e-01  ab_vamb: 2.19385e-03  ce_vamb: 7.03644e-01  sse_vamb: 3.38829e-02  kld_vamb: 9.57731e-03  loss_labels: 7.51397e-03  ce_labels_labels: 8.03946e-04  kld_labels: 4.29442e+01  correct_labels_labels: 0.00000e+00  loss_joint: 7.38644e-01  ce_joint: 2.11806e+00  sse_joint: 2.13202e+01  ce_labels_joint: 7.38289e-04  kld_vamb_joint: 5.58600e+00  kld_labels_joint: 7.15690e+00  correct_labels_joint: 0.00000e+00  loss: 1.49488e+00
2026-08-13 11:29:20.194 | INFO    | 		Epoch: 201  loss_vamb: 7.49371e-01  ab_vamb: 2.16433e-03  ce_vamb: 7.03651e-01  sse_vamb: 3.37929e-02  kld_vamb: 9.54980e-03  loss_labels: 7.45750e-03  ce_labels_labels: 7.99235e-04  kld_labels: 4.26129e+01  correct_labels_labels: 0.00000e+00  loss_joint: 7.39059e-01  ce_joint: 2.11814e+00  sse_joint: 2.12733e+01  ce_labels_joint: 4.45151e-04  kld_vamb_joint: 5.59137e+00  kld_labels_joint: 7.16465e+00  correct_labels_joint: 0.00000e+00  loss: 1.49589e+00
2026-08-13 11:29:23.596 | INFO    | 		Epoch: 202  loss_vamb: 7.48663e-01  ab_vamb: 2.09284e-03  ce_vamb: 7.03518e-01  sse_vamb: 3.38126e-02  kld_vamb: 9.53538e-03  loss_labels: 7.28223e-03  ce_labels_labels: 6.37890e-04  kld_labels: 4.25238e+01  correct_labels_labels: 0.00000e+00  loss_joint: 7.38701e-01  ce_joint: 2.11758e+00  sse_joint: 2.13314e+01  ce_labels_joint: 7.72754e-04  kld_vamb_joint: 5.57359e+00  kld_labels_joint: 7.15646e+00  correct_labels_joint: 0.00000e+00  loss: 1.49465e+00
2026-08-13 11:29:26.914 | INFO    | 		Epoch: 203  loss_vamb: 7.49162e-01  ab_vamb: 2.04337e-03  ce_vamb: 7.03629e-01  sse_vamb: 3.38451e-02  kld_vamb: 9.57520e-03  loss_labels: 7.91649e-03  ce_labels_labels: 1.25258e-03  kld_labels: 4.26490e+01  correct_labels_labels: 0.00000e+00  loss_joint: 7.38799e-01  ce_joint: 2.11789e+00  sse_joint: 2.13222e+01  ce_labels_joint: 4.09356e-04  kld_vamb_joint: 5.55743e+00  kld_labels_joint: 7.15097e+00  correct_labels_joint: 0.00000e+00  loss: 1.49588e+00
2026-08-13 11:29:30.214 | INFO    | 		Epoch: 204  loss_vamb: 7.49098e-01  ab_vamb: 2.05930e-03  ce_vamb: 7.03770e-01  sse_vamb: 3.37360e-02  kld_vamb: 9.52613e-03  loss_labels: 7.52262e-03  ce_labels_labels: 7.92312e-04  kld_labels: 4.30740e+01  correct_labels_labels: 0.00000e+00  loss_joint: 7.39073e-01  ce_joint: 2.11827e+00  sse_joint: 2.12474e+01  ce_labels_joint: 7.15714e-04  kld_vamb_joint: 5.56371e+00  kld_labels_joint: 7.12209e+00  correct_labels_joint: 0.00000e+00  loss: 1.49569e+00
2026-08-13 11:29:33.418 | INFO    | 		Epoch: 205  loss_vamb: 7.48778e-01  ab_vamb: 2.07792e-03  ce_vamb: 7.03537e-01  sse_vamb: 3.37361e-02  kld_vamb: 9.53568e-03  loss_labels: 7.69136e-03  ce_labels_labels: 9.75983e-04  kld_labels: 4.29784e+01  correct_labels_labels: 0.00000e+00  loss_joint: 7.38676e-01  ce_joint: 2.11750e+00  sse_joint: 2.12884e+01  ce_labels_joint: 6.37487e-04  kld_vamb_joint: 5.58221e+00  kld_labels_joint: 7.13472e+00  correct_labels_joint: 0.00000e+00  loss: 1.49515e+00
2026-08-13 11:29:36.684 | INFO    | 		Epoch: 206  loss_vamb: 7.49061e-01  ab_vamb: 2.08692e-03  ce_vamb: 7.03498e-01  sse_vamb: 3.37624e-02  kld_vamb: 9.54359e-03  loss_labels: 7.54091e-03  ce_labels_labels: 8.40055e-04  kld_labels: 4.28855e+01  correct_labels_labels: 0.00000e+00  loss_joint: 7.39235e-01  ce_joint: 2.11761e+00  sse_joint: 2.13182e+01  ce_labels_joint: 8.13897e-04  kld_vamb_joint: 5.58042e+00  kld_labels_joint: 7.12179e+00  correct_labels_joint: 0.00000e+00  loss: 1.49584e+00
2026-08-13 11:29:40.056 | INFO    | 		Epoch: 207  loss_vamb: 7.48768e-01  ab_vamb: 2.13582e-03  ce_vamb: 7.03692e-01  sse_vamb: 3.37900e-02  kld_vamb: 9.56621e-03  loss_labels: 7.71059e-03  ce_labels_labels: 1.01800e-03  kld_labels: 4.28326e+01  correct_labels_labels: 0.00000e+00  loss_joint: 7.38753e-01  ce_joint: 2.11808e+00  sse_joint: 2.13889e+01  ce_labels_joint: 6.77074e-04  kld_vamb_joint: 5.58445e+00  kld_labels_joint: 7.11224e+00  correct_labels_joint: 0.00000e+00  loss: 1.49523e+00
2026-08-13 11:29:43.198 | INFO    | 		Epoch: 208  loss_vamb: 7.48947e-01  ab_vamb: 2.13313e-03  ce_vamb: 7.03436e-01  sse_vamb: 3.37712e-02  kld_vamb: 9.52597e-03  loss_labels: 8.04996e-03  ce_labels_labels: 1.34068e-03  kld_labels: 4.29394e+01  correct_labels_labels: 0.00000e+00  loss_joint: 7.39002e-01  ce_joint: 2.11737e+00  sse_joint: 2.13827e+01  ce_labels_joint: 6.61421e-04  kld_vamb_joint: 5.60429e+00  kld_labels_joint: 7.11855e+00  correct_labels_joint: 0.00000e+00  loss: 1.49600e+00
2026-08-13 11:29:46.484 | INFO    | 		Epoch: 209  loss_vamb: 7.49086e-01  ab_vamb: 2.10637e-03  ce_vamb: 7.03510e-01  sse_vamb: 3.37692e-02  kld_vamb: 9.56094e-03  loss_labels: 7.64120e-03  ce_labels_labels: 8.42309e-04  kld_labels: 4.35129e+01  correct_labels_labels: 0.00000e+00  loss_joint: 7.39083e-01  ce_joint: 2.11780e+00  sse_joint: 2.13240e+01  ce_labels_joint: 6.18581e-04  kld_vamb_joint: 5.59181e+00  kld_labels_joint: 7.10024e+00  correct_labels_joint: 0.00000e+00  loss: 1.49581e+00
2026-08-13 11:29:49.716 | INFO    | 		Epoch: 210  loss_vamb: 7.48985e-01  ab_vamb: 2.11767e-03  ce_vamb: 7.03562e-01  sse_vamb: 3.36918e-02  kld_vamb: 9.51765e-03  loss_labels: 7.91870e-03  ce_labels_labels: 1.04833e-03  kld_labels: 4.39704e+01  correct_labels_labels: 0.00000e+00  loss_joint: 7.39068e-01  ce_joint: 2.11770e+00  sse_joint: 2.13530e+01  ce_labels_joint: 5.98863e-04  kld_vamb_joint: 5.59655e+00  kld_labels_joint: 7.09145e+00  correct_labels_joint: 0.00000e+00  loss: 1.49597e+00
2026-08-13 11:29:52.867 | INFO    | 		Epoch: 211  loss_vamb: 7.48950e-01  ab_vamb: 2.14704e-03  ce_vamb: 7.03705e-01  sse_vamb: 3.37551e-02  kld_vamb: 9.54525e-03  loss_labels: 8.01181e-03  ce_labels_labels: 1.20054e-03  kld_labels: 4.35921e+01  correct_labels_labels: 0.00000e+00  loss_joint: 7.38915e-01  ce_joint: 2.11822e+00  sse_joint: 2.13021e+01  ce_labels_joint: 6.66653e-04  kld_vamb_joint: 5.58006e+00  kld_labels_joint: 7.09625e+00  correct_labels_joint: 0.00000e+00  loss: 1.49588e+00
2026-08-13 11:29:56.202 | INFO    | 		Epoch: 212  loss_vamb: 7.48719e-01  ab_vamb: 2.08733e-03  ce_vamb: 7.03460e-01  sse_vamb: 3.37554e-02  kld_vamb: 9.56366e-03  loss_labels: 7.41850e-03  ce_labels_labels: 6.82921e-04  kld_labels: 4.31077e+01  correct_labels_labels: 0.00000e+00  loss_joint: 7.38546e-01  ce_joint: 2.11760e+00  sse_joint: 2.13150e+01  ce_labels_joint: 4.74301e-04  kld_vamb_joint: 5.55389e+00  kld_labels_joint: 7.11902e+00  correct_labels_joint: 0.00000e+00  loss: 1.49468e+00
2026-08-13 11:29:59.485 | INFO    | 		Epoch: 213  loss_vamb: 7.48992e-01  ab_vamb: 2.06091e-03  ce_vamb: 7.03491e-01  sse_vamb: 3.36573e-02  kld_vamb: 9.54132e-03  loss_labels: 7.87593e-03  ce_labels_labels: 1.23143e-03  kld_labels: 4.25248e+01  correct_labels_labels: 0.00000e+00  loss_joint: 7.38730e-01  ce_joint: 2.11739e+00  sse_joint: 2.12704e+01  ce_labels_joint: 4.19867e-04  kld_vamb_joint: 5.54479e+00  kld_labels_joint: 7.13479e+00  correct_labels_joint: 0.00000e+00  loss: 1.49560e+00
2026-08-13 11:30:02.901 | INFO    | 		Epoch: 214  loss_vamb: 7.49276e-01  ab_vamb: 2.11974e-03  ce_vamb: 7.03575e-01  sse_vamb: 3.37681e-02  kld_vamb: 9.58943e-03  loss_labels: 7.64003e-03  ce_labels_labels: 9.72414e-04  kld_labels: 4.26727e+01  correct_labels_labels: 0.00000e+00  loss_joint: 7.39237e-01  ce_joint: 2.11773e+00  sse_joint: 2.12955e+01  ce_labels_joint: 7.76127e-04  kld_vamb_joint: 5.52123e+00  kld_labels_joint: 7.10230e+00  correct_labels_joint: 0.00000e+00  loss: 1.49615e+00
2026-08-13 11:30:06.213 | INFO    | 		Epoch: 215  loss_vamb: 7.48909e-01  ab_vamb: 2.15927e-03  ce_vamb: 7.03604e-01  sse_vamb: 3.37449e-02  kld_vamb: 9.58172e-03  loss_labels: 7.65350e-03  ce_labels_labels: 9.00399e-04  kld_labels: 4.32199e+01  correct_labels_labels: 0.00000e+00  loss_joint: 7.39128e-01  ce_joint: 2.11811e+00  sse_joint: 2.13303e+01  ce_labels_joint: 8.38546e-04  kld_vamb_joint: 5.51891e+00  kld_labels_joint: 7.08898e+00  correct_labels_joint: 0.00000e+00  loss: 1.49569e+00
2026-08-13 11:30:09.489 | INFO    | 		Epoch: 216  loss_vamb: 7.48861e-01  ab_vamb: 2.08925e-03  ce_vamb: 7.03656e-01  sse_vamb: 3.36625e-02  kld_vamb: 9.55809e-03  loss_labels: 7.53122e-03  ce_labels_labels: 8.52969e-04  kld_labels: 4.27408e+01  correct_labels_labels: 0.00000e+00  loss_joint: 7.38733e-01  ce_joint: 2.11793e+00  sse_joint: 2.12507e+01  ce_labels_joint: 6.29050e-04  kld_vamb_joint: 5.55080e+00  kld_labels_joint: 7.12051e+00  correct_labels_joint: 0.00000e+00  loss: 1.49512e+00
2026-08-13 11:30:12.772 | INFO    | 		Epoch: 217  loss_vamb: 7.49153e-01  ab_vamb: 2.13308e-03  ce_vamb: 7.03635e-01  sse_vamb: 3.36399e-02  kld_vamb: 9.52819e-03  loss_labels: 7.64310e-03  ce_labels_labels: 1.05273e-03  kld_labels: 4.21784e+01  correct_labels_labels: 0.00000e+00  loss_joint: 7.38757e-01  ce_joint: 2.11801e+00  sse_joint: 2.12281e+01  ce_labels_joint: 2.82333e-04  kld_vamb_joint: 5.52503e+00  kld_labels_joint: 7.12398e+00  correct_labels_joint: 0.00000e+00  loss: 1.49555e+00
2026-08-13 11:30:16.008 | INFO    | 		Epoch: 218  loss_vamb: 7.49406e-01  ab_vamb: 2.16890e-03  ce_vamb: 7.03652e-01  sse_vamb: 3.36421e-02  kld_vamb: 9.55239e-03  loss_labels: 7.76899e-03  ce_labels_labels: 1.19123e-03  kld_labels: 4.20977e+01  correct_labels_labels: 0.00000e+00  loss_joint: 7.38823e-01  ce_joint: 2.11806e+00  sse_joint: 2.11745e+01  ce_labels_joint: 2.70182e-04  kld_vamb_joint: 5.49543e+00  kld_labels_joint: 7.10780e+00  correct_labels_joint: 0.00000e+00  loss: 1.49600e+00
2026-08-13 11:30:19.154 | INFO    | 		Epoch: 219  loss_vamb: 7.48872e-01  ab_vamb: 2.05203e-03  ce_vamb: 7.03595e-01  sse_vamb: 3.36695e-02  kld_vamb: 9.56497e-03  loss_labels: 8.14861e-03  ce_labels_labels: 1.48517e-03  kld_labels: 4.26460e+01  correct_labels_labels: 0.00000e+00  loss_joint: 7.38314e-01  ce_joint: 2.11788e+00  sse_joint: 2.12050e+01  ce_labels_joint: 2.64203e-04  kld_vamb_joint: 5.47168e+00  kld_labels_joint: 7.07761e+00  correct_labels_joint: 0.00000e+00  loss: 1.49533e+00
2026-08-13 11:30:22.328 | INFO    | 		Epoch: 220  loss_vamb: 7.48953e-01  ab_vamb: 2.09031e-03  ce_vamb: 7.03572e-01  sse_vamb: 3.37366e-02  kld_vamb: 9.52425e-03  loss_labels: 7.40893e-03  ce_labels_labels: 6.47454e-04  kld_labels: 4.32735e+01  correct_labels_labels: 0.00000e+00  loss_joint: 7.38467e-01  ce_joint: 2.11765e+00  sse_joint: 2.11922e+01  ce_labels_joint: 4.28074e-04  kld_vamb_joint: 5.45665e+00  kld_labels_joint: 7.03867e+00  correct_labels_joint: 0.00000e+00  loss: 1.49483e+00
2026-08-13 11:30:25.462 | INFO    | 		Epoch: 221  loss_vamb: 7.48681e-01  ab_vamb: 2.09060e-03  ce_vamb: 7.03660e-01  sse_vamb: 3.36862e-02  kld_vamb: 9.57642e-03  loss_labels: 7.65909e-03  ce_labels_labels: 9.24439e-04  kld_labels: 4.31018e+01  correct_labels_labels: 0.00000e+00  loss_joint: 7.38404e-01  ce_joint: 2.11805e+00  sse_joint: 2.11187e+01  ce_labels_joint: 6.63206e-04  kld_vamb_joint: 5.41462e+00  kld_labels_joint: 7.03439e+00  correct_labels_joint: 0.00000e+00  loss: 1.49474e+00
2026-08-13 11:30:28.799 | INFO    | 		Epoch: 222  loss_vamb: 7.48805e-01  ab_vamb: 2.10452e-03  ce_vamb: 7.03697e-01  sse_vamb: 3.36772e-02  kld_vamb: 9.52086e-03  loss_labels: 7.46682e-03  ce_labels_labels: 7.77543e-04  kld_labels: 4.28114e+01  correct_labels_labels: 0.00000e+00  loss_joint: 7.38489e-01  ce_joint: 2.11809e+00  sse_joint: 2.11251e+01  ce_labels_joint: 6.06498e-04  kld_vamb_joint: 5.40855e+00  kld_labels_joint: 7.02302e+00  correct_labels_joint: 0.00000e+00  loss: 1.49476e+00
2026-08-13 11:30:31.917 | INFO    | 		Epoch: 223  loss_vamb: 7.49073e-01  ab_vamb: 2.20998e-03  ce_vamb: 7.03635e-01  sse_vamb: 3.36596e-02  kld_vamb: 9.50501e-03  loss_labels: 7.22144e-03  ce_labels_labels: 6.38930e-04  kld_labels: 4.21281e+01  correct_labels_labels: 0.00000e+00  loss_joint: 7.38964e-01  ce_joint: 2.11797e+00  sse_joint: 2.11593e+01  ce_labels_joint: 7.65332e-04  kld_vamb_joint: 5.41537e+00  kld_labels_joint: 7.01981e+00  correct_labels_joint: 0.00000e+00  loss: 1.49526e+00
2026-08-13 11:30:35.149 | INFO    | 		Epoch: 224  loss_vamb: 7.48731e-01  ab_vamb: 2.04840e-03  ce_vamb: 7.03646e-01  sse_vamb: 3.37219e-02  kld_vamb: 9.57599e-03  loss_labels: 7.87167e-03  ce_labels_labels: 1.36710e-03  kld_labels: 4.16292e+01  correct_labels_labels: 0.00000e+00  loss_joint: 7.38401e-01  ce_joint: 2.11794e+00  sse_joint: 2.11586e+01  ce_labels_joint: 5.80865e-04  kld_vamb_joint: 5.41030e+00  kld_labels_joint: 7.04167e+00  correct_labels_joint: 0.00000e+00  loss: 1.49500e+00
2026-08-13 11:30:38.044 | INFO    | 		Epoch: 225  loss_vamb: 7.48413e-01  ab_vamb: 2.08041e-03  ce_vamb: 7.03477e-01  sse_vamb: 3.35399e-02  kld_vamb: 9.58320e-03  loss_labels: 7.37746e-03  ce_labels_labels: 8.71400e-04  kld_labels: 4.16388e+01  correct_labels_labels: 0.00000e+00  loss_joint: 7.38372e-01  ce_joint: 2.11758e+00  sse_joint: 2.10645e+01  ce_labels_joint: 8.12916e-04  kld_vamb_joint: 5.41767e+00  kld_labels_joint: 7.05617e+00  correct_labels_joint: 0.00000e+00  loss: 1.49416e+00
2026-08-13 11:30:41.159 | INFO    | 		Epoch: 226  loss_vamb: 7.48932e-01  ab_vamb: 2.07461e-03  ce_vamb: 7.03492e-01  sse_vamb: 3.35241e-02  kld_vamb: 9.59027e-03  loss_labels: 7.35567e-03  ce_labels_labels: 8.29131e-04  kld_labels: 4.17698e+01  correct_labels_labels: 0.00000e+00  loss_joint: 7.38346e-01  ce_joint: 2.11739e+00  sse_joint: 2.10297e+01  ce_labels_joint: 4.34878e-04  kld_vamb_joint: 5.39961e+00  kld_labels_joint: 7.03163e+00  correct_labels_joint: 0.00000e+00  loss: 1.49463e+00
2026-08-13 11:30:44.460 | INFO    | 		Epoch: 227  loss_vamb: 7.47913e-01  ab_vamb: 1.95579e-03  ce_vamb: 7.03314e-01  sse_vamb: 3.35019e-02  kld_vamb: 9.58647e-03  loss_labels: 7.64571e-03  ce_labels_labels: 1.12299e-03  kld_labels: 4.17454e+01  correct_labels_labels: 0.00000e+00  loss_joint: 7.37539e-01  ce_joint: 2.11696e+00  sse_joint: 2.10077e+01  ce_labels_joint: 5.12688e-04  kld_vamb_joint: 5.39862e+00  kld_labels_joint: 7.02234e+00  correct_labels_joint: 0.00000e+00  loss: 1.49310e+00
2026-08-13 11:30:47.708 | INFO    | 		Epoch: 228  loss_vamb: 7.48058e-01  ab_vamb: 2.05350e-03  ce_vamb: 7.03427e-01  sse_vamb: 3.34900e-02  kld_vamb: 9.52211e-03  loss_labels: 7.25050e-03  ce_labels_labels: 7.41635e-04  kld_labels: 4.16567e+01  correct_labels_labels: 0.00000e+00  loss_joint: 7.37460e-01  ce_joint: 2.11730e+00  sse_joint: 2.09963e+01  ce_labels_joint: 3.01339e-04  kld_vamb_joint: 5.40285e+00  kld_labels_joint: 7.01720e+00  correct_labels_joint: 0.00000e+00  loss: 1.49277e+00
2026-08-13 11:30:50.777 | INFO    | 		Epoch: 229  loss_vamb: 7.48632e-01  ab_vamb: 2.05931e-03  ce_vamb: 7.03509e-01  sse_vamb: 3.35505e-02  kld_vamb: 9.50652e-03  loss_labels: 7.25828e-03  ce_labels_labels: 7.91682e-04  kld_labels: 4.13862e+01  correct_labels_labels: 0.00000e+00  loss_joint: 7.37798e-01  ce_joint: 2.11745e+00  sse_joint: 2.09982e+01  ce_labels_joint: 1.87328e-04  kld_vamb_joint: 5.38303e+00  kld_labels_joint: 7.00944e+00  correct_labels_joint: 0.00000e+00  loss: 1.49369e+00
2026-08-13 11:30:53.922 | INFO    | 		Epoch: 230  loss_vamb: 7.48408e-01  ab_vamb: 2.00556e-03  ce_vamb: 7.03469e-01  sse_vamb: 3.34170e-02  kld_vamb: 9.54832e-03  loss_labels: 7.37956e-03  ce_labels_labels: 9.44176e-04  kld_labels: 4.11864e+01  correct_labels_labels: 0.00000e+00  loss_joint: 7.37873e-01  ce_joint: 2.11747e+00  sse_joint: 2.09588e+01  ce_labels_joint: 3.54175e-04  kld_vamb_joint: 5.36845e+00  kld_labels_joint: 7.01247e+00  correct_labels_joint: 0.00000e+00  loss: 1.49366e+00
2026-08-13 11:30:57.051 | INFO    | 		Epoch: 231  loss_vamb: 7.48067e-01  ab_vamb: 2.02347e-03  ce_vamb: 7.03302e-01  sse_vamb: 3.34754e-02  kld_vamb: 9.53187e-03  loss_labels: 7.48363e-03  ce_labels_labels: 1.07746e-03  kld_labels: 4.09995e+01  correct_labels_labels: 0.00000e+00  loss_joint: 7.37270e-01  ce_joint: 2.11699e+00  sse_joint: 2.09256e+01  ce_labels_joint: 2.28713e-04  kld_vamb_joint: 5.35048e+00  kld_labels_joint: 7.01092e+00  correct_labels_joint: 0.00000e+00  loss: 1.49282e+00
2026-08-13 11:31:00.151 | INFO    | 		Epoch: 232  loss_vamb: 7.48719e-01  ab_vamb: 2.02351e-03  ce_vamb: 7.03371e-01  sse_vamb: 3.34937e-02  kld_vamb: 9.54416e-03  loss_labels: 7.00768e-03  ce_labels_labels: 6.35453e-04  kld_labels: 4.07823e+01  correct_labels_labels: 0.00000e+00  loss_joint: 7.38052e-01  ce_joint: 2.11720e+00  sse_joint: 2.09183e+01  ce_labels_joint: 3.08311e-04  kld_vamb_joint: 5.33643e+00  kld_labels_joint: 7.01019e+00  correct_labels_joint: 0.00000e+00  loss: 1.49378e+00
2026-08-13 11:31:03.564 | INFO    | 		Epoch: 233  loss_vamb: 7.48347e-01  ab_vamb: 2.02921e-03  ce_vamb: 7.03402e-01  sse_vamb: 3.34663e-02  kld_vamb: 9.52220e-03  loss_labels: 6.93402e-03  ce_labels_labels: 5.87026e-04  kld_labels: 4.06207e+01  correct_labels_labels: 0.00000e+00  loss_joint: 7.37731e-01  ce_joint: 2.11733e+00  sse_joint: 2.08968e+01  ce_labels_joint: 3.95564e-04  kld_vamb_joint: 5.33464e+00  kld_labels_joint: 7.01432e+00  correct_labels_joint: 0.00000e+00  loss: 1.49301e+00
2026-08-13 11:31:06.857 | INFO    | 		Epoch: 234  loss_vamb: 7.48550e-01  ab_vamb: 1.93286e-03  ce_vamb: 7.03450e-01  sse_vamb: 3.34525e-02  kld_vamb: 9.54105e-03  loss_labels: 7.28764e-03  ce_labels_labels: 9.60544e-04  kld_labels: 4.04934e+01  correct_labels_labels: 0.00000e+00  loss_joint: 7.37732e-01  ce_joint: 2.11719e+00  sse_joint: 2.08532e+01  ce_labels_joint: 3.18066e-04  kld_vamb_joint: 5.30864e+00  kld_labels_joint: 7.00699e+00  correct_labels_joint: 0.00000e+00  loss: 1.49357e+00
2026-08-13 11:31:09.975 | INFO    | 		Epoch: 235  loss_vamb: 7.48151e-01  ab_vamb: 2.01794e-03  ce_vamb: 7.03344e-01  sse_vamb: 3.35371e-02  kld_vamb: 9.52076e-03  loss_labels: 6.82191e-03  ce_labels_labels: 5.44681e-04  kld_labels: 4.01742e+01  correct_labels_labels: 0.00000e+00  loss_joint: 7.37368e-01  ce_joint: 2.11687e+00  sse_joint: 2.09166e+01  ce_labels_joint: 3.64280e-04  kld_vamb_joint: 5.30545e+00  kld_labels_joint: 7.01672e+00  correct_labels_joint: 0.00000e+00  loss: 1.49234e+00
2026-08-13 11:31:13.110 | INFO    | 		Epoch: 236  loss_vamb: 7.47684e-01  ab_vamb: 1.93030e-03  ce_vamb: 7.03291e-01  sse_vamb: 3.35387e-02  kld_vamb: 9.53131e-03  loss_labels: 7.13995e-03  ce_labels_labels: 9.01903e-04  kld_labels: 3.99235e+01  correct_labels_labels: 0.00000e+00  loss_joint: 7.36917e-01  ce_joint: 2.11686e+00  sse_joint: 2.08974e+01  ce_labels_joint: 3.32554e-04  kld_vamb_joint: 5.29261e+00  kld_labels_joint: 7.02478e+00  correct_labels_joint: 0.00000e+00  loss: 1.49174e+00
2026-08-13 11:31:16.257 | INFO    | 		Epoch: 237  loss_vamb: 7.48074e-01  ab_vamb: 2.02717e-03  ce_vamb: 7.03239e-01  sse_vamb: 3.33680e-02  kld_vamb: 9.54013e-03  loss_labels: 7.00198e-03  ce_labels_labels: 7.73066e-04  kld_labels: 3.98651e+01  correct_labels_labels: 0.00000e+00  loss_joint: 7.37468e-01  ce_joint: 2.11667e+00  sse_joint: 2.08804e+01  ce_labels_joint: 4.37601e-04  kld_vamb_joint: 5.27429e+00  kld_labels_joint: 7.01295e+00  correct_labels_joint: 0.00000e+00  loss: 1.49254e+00
2026-08-13 11:31:19.361 | INFO    | 		Epoch: 238  loss_vamb: 7.48090e-01  ab_vamb: 1.97674e-03  ce_vamb: 7.03249e-01  sse_vamb: 3.34352e-02  kld_vamb: 9.56476e-03  loss_labels: 6.74107e-03  ce_labels_labels: 5.43785e-04  kld_labels: 3.96626e+01  correct_labels_labels: 0.00000e+00  loss_joint: 7.37069e-01  ce_joint: 2.11663e+00  sse_joint: 2.08518e+01  ce_labels_joint: 1.53649e-04  kld_vamb_joint: 5.26644e+00  kld_labels_joint: 7.02292e+00  correct_labels_joint: 0.00000e+00  loss: 1.49190e+00
2026-08-13 11:31:22.426 | INFO    | 		Epoch: 239  loss_vamb: 7.48375e-01  ab_vamb: 1.99082e-03  ce_vamb: 7.03494e-01  sse_vamb: 3.34096e-02  kld_vamb: 9.54621e-03  loss_labels: 7.52125e-03  ce_labels_labels: 1.36736e-03  kld_labels: 3.93848e+01  correct_labels_labels: 0.00000e+00  loss_joint: 7.37427e-01  ce_joint: 2.11742e+00  sse_joint: 2.08200e+01  ce_labels_joint: 2.03339e-04  kld_vamb_joint: 5.25189e+00  kld_labels_joint: 7.01545e+00  correct_labels_joint: 0.00000e+00  loss: 1.49332e+00
2026-08-13 11:31:25.610 | INFO    | 		Epoch: 240  loss_vamb: 7.48274e-01  ab_vamb: 1.98649e-03  ce_vamb: 7.03407e-01  sse_vamb: 3.33711e-02  kld_vamb: 9.54571e-03  loss_labels: 6.80947e-03  ce_labels_labels: 6.64878e-04  kld_labels: 3.93254e+01  correct_labels_labels: 0.00000e+00  loss_joint: 7.37228e-01  ce_joint: 2.11699e+00  sse_joint: 2.08084e+01  ce_labels_joint: 1.74395e-04  kld_vamb_joint: 5.24408e+00  kld_labels_joint: 7.01127e+00  correct_labels_joint: 0.00000e+00  loss: 1.49231e+00
2026-08-13 11:31:28.999 | INFO    | 		Epoch: 241  loss_vamb: 7.48116e-01  ab_vamb: 1.95790e-03  ce_vamb: 7.03309e-01  sse_vamb: 3.33696e-02  kld_vamb: 9.57202e-03  loss_labels: 7.03825e-03  ce_labels_labels: 8.99631e-04  kld_labels: 3.92872e+01  correct_labels_labels: 0.00000e+00  loss_joint: 7.37356e-01  ce_joint: 2.11698e+00  sse_joint: 2.08114e+01  ce_labels_joint: 3.50563e-04  kld_vamb_joint: 5.22848e+00  kld_labels_joint: 7.00536e+00  correct_labels_joint: 0.00000e+00  loss: 1.49251e+00
2026-08-13 11:31:32.131 | INFO    | 		Epoch: 242  loss_vamb: 7.48529e-01  ab_vamb: 1.98707e-03  ce_vamb: 7.03437e-01  sse_vamb: 3.34429e-02  kld_vamb: 9.55817e-03  loss_labels: 6.85568e-03  ce_labels_labels: 7.39579e-04  kld_labels: 3.91430e+01  correct_labels_labels: 0.00000e+00  loss_joint: 7.37625e-01  ce_joint: 2.11744e+00  sse_joint: 2.08201e+01  ce_labels_joint: 2.18877e-04  kld_vamb_joint: 5.22971e+00  kld_labels_joint: 7.00764e+00  correct_labels_joint: 0.00000e+00  loss: 1.49301e+00
2026-08-13 11:31:35.389 | INFO    | 		Epoch: 243  loss_vamb: 7.48939e-01  ab_vamb: 1.93191e-03  ce_vamb: 7.03576e-01  sse_vamb: 3.33512e-02  kld_vamb: 9.53884e-03  loss_labels: 7.36192e-03  ce_labels_labels: 1.23490e-03  kld_labels: 3.92129e+01  correct_labels_labels: 0.00000e+00  loss_joint: 7.37955e-01  ce_joint: 2.11754e+00  sse_joint: 2.07735e+01  ce_labels_joint: 1.61776e-04  kld_vamb_joint: 5.22737e+00  kld_labels_joint: 7.00365e+00  correct_labels_joint: 0.00000e+00  loss: 1.49426e+00
2026-08-13 11:31:38.634 | INFO    | 		Epoch: 244  loss_vamb: 7.47986e-01  ab_vamb: 1.97371e-03  ce_vamb: 7.03396e-01  sse_vamb: 3.34158e-02  kld_vamb: 9.54509e-03  loss_labels: 7.56578e-03  ce_labels_labels: 1.38025e-03  kld_labels: 3.95874e+01  correct_labels_labels: 0.00000e+00  loss_joint: 7.37113e-01  ce_joint: 2.11694e+00  sse_joint: 2.08265e+01  ce_labels_joint: 3.65599e-04  kld_vamb_joint: 5.21088e+00  kld_labels_joint: 6.98260e+00  correct_labels_joint: 0.00000e+00  loss: 1.49266e+00
2026-08-13 11:31:41.740 | INFO    | 		Epoch: 245  loss_vamb: 7.48226e-01  ab_vamb: 1.94737e-03  ce_vamb: 7.03380e-01  sse_vamb: 3.33308e-02  kld_vamb: 9.53553e-03  loss_labels: 7.13495e-03  ce_labels_labels: 8.86316e-04  kld_labels: 3.99913e+01  correct_labels_labels: 0.00000e+00  loss_joint: 7.37485e-01  ce_joint: 2.11700e+00  sse_joint: 2.07559e+01  ce_labels_joint: 4.27355e-04  kld_vamb_joint: 5.20141e+00  kld_labels_joint: 6.96145e+00  correct_labels_joint: 0.00000e+00  loss: 1.49285e+00
2026-08-13 11:31:44.885 | INFO    | 		Epoch: 246  loss_vamb: 7.48190e-01  ab_vamb: 1.99033e-03  ce_vamb: 7.03338e-01  sse_vamb: 3.32883e-02  kld_vamb: 9.54084e-03  loss_labels: 7.04454e-03  ce_labels_labels: 7.76515e-04  kld_labels: 4.01153e+01  correct_labels_labels: 0.00000e+00  loss_joint: 7.37481e-01  ce_joint: 2.11700e+00  sse_joint: 2.08068e+01  ce_labels_joint: 3.50193e-04  kld_vamb_joint: 5.18983e+00  kld_labels_joint: 6.95946e+00  correct_labels_joint: 0.00000e+00  loss: 1.49272e+00
2026-08-13 11:31:48.005 | INFO    | 		Epoch: 247  loss_vamb: 7.48080e-01  ab_vamb: 1.98759e-03  ce_vamb: 7.03407e-01  sse_vamb: 3.34037e-02  kld_vamb: 9.56596e-03  loss_labels: 6.69667e-03  ce_labels_labels: 4.47255e-04  kld_labels: 3.99962e+01  correct_labels_labels: 0.00000e+00  loss_joint: 7.37153e-01  ce_joint: 2.11703e+00  sse_joint: 2.07905e+01  ce_labels_joint: 3.44366e-04  kld_vamb_joint: 5.18724e+00  kld_labels_joint: 6.96401e+00  correct_labels_joint: 0.00000e+00  loss: 1.49193e+00
2026-08-13 11:31:51.126 | INFO    | 		Epoch: 248  loss_vamb: 7.48374e-01  ab_vamb: 1.93778e-03  ce_vamb: 7.03487e-01  sse_vamb: 3.33710e-02  kld_vamb: 9.57733e-03  loss_labels: 7.35546e-03  ce_labels_labels: 1.14028e-03  kld_labels: 3.97771e+01  correct_labels_labels: 0.00000e+00  loss_joint: 7.37523e-01  ce_joint: 2.11755e+00  sse_joint: 2.07710e+01  ce_labels_joint: 3.04795e-04  kld_vamb_joint: 5.17983e+00  kld_labels_joint: 6.96843e+00  correct_labels_joint: 0.00000e+00  loss: 1.49325e+00
2026-08-13 11:31:54.055 | INFO    | 		Epoch: 249  loss_vamb: 7.47950e-01  ab_vamb: 1.98384e-03  ce_vamb: 7.03498e-01  sse_vamb: 3.32938e-02  kld_vamb: 9.57492e-03  loss_labels: 7.04868e-03  ce_labels_labels: 8.43813e-04  kld_labels: 3.97111e+01  correct_labels_labels: 0.00000e+00  loss_joint: 7.37015e-01  ce_joint: 2.11749e+00  sse_joint: 2.07528e+01  ce_labels_joint: 2.37282e-04  kld_vamb_joint: 5.15955e+00  kld_labels_joint: 6.95314e+00  correct_labels_joint: 0.00000e+00  loss: 1.49201e+00
2026-08-13 11:31:57.037 | INFO    | 		Epoch: 250  loss_vamb: 7.48819e-01  ab_vamb: 1.97788e-03  ce_vamb: 7.03454e-01  sse_vamb: 3.33003e-02  kld_vamb: 9.54770e-03  loss_labels: 7.03651e-03  ce_labels_labels: 8.48766e-04  kld_labels: 3.96015e+01  correct_labels_labels: 0.00000e+00  loss_joint: 7.37927e-01  ce_joint: 2.11736e+00  sse_joint: 2.06939e+01  ce_labels_joint: 4.04398e-04  kld_vamb_joint: 5.15393e+00  kld_labels_joint: 6.94159e+00  correct_labels_joint: 0.00000e+00  loss: 1.49378e+00
2026-08-13 11:32:00.066 | INFO    | 		Epoch: 251  loss_vamb: 7.47922e-01  ab_vamb: 1.94499e-03  ce_vamb: 7.03356e-01  sse_vamb: 3.33922e-02  kld_vamb: 9.57755e-03  loss_labels: 6.65351e-03  ce_labels_labels: 4.82798e-04  kld_labels: 3.94926e+01  correct_labels_labels: 0.00000e+00  loss_joint: 7.36902e-01  ce_joint: 2.11696e+00  sse_joint: 2.07518e+01  ce_labels_joint: 2.63743e-04  kld_vamb_joint: 5.13945e+00  kld_labels_joint: 6.93524e+00  correct_labels_joint: 0.00000e+00  loss: 1.49148e+00
2026-08-13 11:32:03.307 | INFO    | 		Epoch: 252  loss_vamb: 7.48542e-01  ab_vamb: 2.06845e-03  ce_vamb: 7.03466e-01  sse_vamb: 3.33187e-02  kld_vamb: 9.56674e-03  loss_labels: 7.58818e-03  ce_labels_labels: 1.42997e-03  kld_labels: 3.94126e+01  correct_labels_labels: 0.00000e+00  loss_joint: 7.37406e-01  ce_joint: 2.11735e+00  sse_joint: 2.07217e+01  ce_labels_joint: 2.18416e-04  kld_vamb_joint: 5.12223e+00  kld_labels_joint: 6.92597e+00  correct_labels_joint: 0.00000e+00  loss: 1.49354e+00
2026-08-13 11:32:06.499 | INFO    | 		Epoch: 253  loss_vamb: 7.48667e-01  ab_vamb: 2.01365e-03  ce_vamb: 7.03487e-01  sse_vamb: 3.33447e-02  kld_vamb: 9.58337e-03  loss_labels: 6.56318e-03  ce_labels_labels: 3.87260e-04  kld_labels: 3.95259e+01  correct_labels_labels: 0.00000e+00  loss_joint: 7.37657e-01  ce_joint: 2.11739e+00  sse_joint: 2.07506e+01  ce_labels_joint: 3.52655e-04  kld_vamb_joint: 5.11665e+00  kld_labels_joint: 6.91467e+00  correct_labels_joint: 0.00000e+00  loss: 1.49289e+00
2026-08-13 11:32:09.508 | INFO    | 		Epoch: 254  loss_vamb: 7.48036e-01  ab_vamb: 1.98627e-03  ce_vamb: 7.03365e-01  sse_vamb: 3.33219e-02  kld_vamb: 9.57398e-03  loss_labels: 6.91072e-03  ce_labels_labels: 7.67722e-04  kld_labels: 3.93152e+01  correct_labels_labels: 0.00000e+00  loss_joint: 7.37033e-01  ce_joint: 2.11709e+00  sse_joint: 2.07577e+01  ce_labels_joint: 2.22637e-04  kld_vamb_joint: 5.10386e+00  kld_labels_joint: 6.90152e+00  correct_labels_joint: 0.00000e+00  loss: 1.49198e+00
2026-08-13 11:32:12.635 | INFO    | 		Epoch: 255  loss_vamb: 7.48470e-01  ab_vamb: 1.95600e-03  ce_vamb: 7.03446e-01  sse_vamb: 3.33241e-02  kld_vamb: 9.55930e-03  loss_labels: 7.03778e-03  ce_labels_labels: 9.44170e-04  kld_labels: 3.89991e+01  correct_labels_labels: 0.00000e+00  loss_joint: 7.37441e-01  ce_joint: 2.11734e+00  sse_joint: 2.07308e+01  ce_labels_joint: 1.99660e-04  kld_vamb_joint: 5.09212e+00  kld_labels_joint: 6.89981e+00  correct_labels_joint: 0.00000e+00  loss: 1.49295e+00
2026-08-13 11:32:15.755 | INFO    | 		Epoch: 256  loss_vamb: 7.48613e-01  ab_vamb: 1.93638e-03  ce_vamb: 7.03494e-01  sse_vamb: 3.33867e-02  kld_vamb: 9.53770e-03  loss_labels: 6.81185e-03  ce_labels_labels: 7.60241e-04  kld_labels: 3.87303e+01  correct_labels_labels: 0.00000e+00  loss_joint: 7.37660e-01  ce_joint: 2.11732e+00  sse_joint: 2.07273e+01  ce_labels_joint: 3.98049e-04  kld_vamb_joint: 5.09162e+00  kld_labels_joint: 6.91436e+00  correct_labels_joint: 0.00000e+00  loss: 1.49309e+00
2026-08-13 11:32:18.939 | INFO    | 		Epoch: 257  loss_vamb: 7.48342e-01  ab_vamb: 1.95766e-03  ce_vamb: 7.03455e-01  sse_vamb: 3.33192e-02  kld_vamb: 9.54477e-03  loss_labels: 7.06982e-03  ce_labels_labels: 1.06093e-03  kld_labels: 3.84569e+01  correct_labels_labels: 0.00000e+00  loss_joint: 7.37298e-01  ce_joint: 2.11703e+00  sse_joint: 2.07372e+01  ce_labels_joint: 2.72173e-04  kld_vamb_joint: 5.07317e+00  kld_labels_joint: 6.91476e+00  correct_labels_joint: 0.00000e+00  loss: 1.49271e+00
2026-08-13 11:32:21.944 | INFO    | 		Epoch: 258  loss_vamb: 7.48696e-01  ab_vamb: 1.99484e-03  ce_vamb: 7.03458e-01  sse_vamb: 3.33474e-02  kld_vamb: 9.55866e-03  loss_labels: 7.01476e-03  ce_labels_labels: 9.97038e-04  kld_labels: 3.85134e+01  correct_labels_labels: 0.00000e+00  loss_joint: 7.37656e-01  ce_joint: 2.11729e+00  sse_joint: 2.07285e+01  ce_labels_joint: 2.67684e-04  kld_vamb_joint: 5.04265e+00  kld_labels_joint: 6.89021e+00  correct_labels_joint: 0.00000e+00  loss: 1.49337e+00
2026-08-13 11:32:25.068 | INFO    | 		Epoch: 259  loss_vamb: 7.48401e-01  ab_vamb: 1.96243e-03  ce_vamb: 7.03478e-01  sse_vamb: 3.33509e-02  kld_vamb: 9.55047e-03  loss_labels: 6.81151e-03  ce_labels_labels: 7.61138e-04  kld_labels: 3.87224e+01  correct_labels_labels: 0.00000e+00  loss_joint: 7.37259e-01  ce_joint: 2.11731e+00  sse_joint: 2.06840e+01  ce_labels_joint: 2.29552e-04  kld_vamb_joint: 5.03969e+00  kld_labels_joint: 6.88229e+00  correct_labels_joint: 0.00000e+00  loss: 1.49247e+00
2026-08-13 11:32:28.430 | INFO    | 		Epoch: 260  loss_vamb: 7.48031e-01  ab_vamb: 1.98531e-03  ce_vamb: 7.03398e-01  sse_vamb: 3.33040e-02  kld_vamb: 9.57016e-03  loss_labels: 6.42180e-03  ce_labels_labels: 3.80681e-04  kld_labels: 3.86632e+01  correct_labels_labels: 0.00000e+00  loss_joint: 7.37148e-01  ce_joint: 2.11723e+00  sse_joint: 2.06801e+01  ce_labels_joint: 4.57871e-04  kld_vamb_joint: 5.02993e+00  kld_labels_joint: 6.87848e+00  correct_labels_joint: 0.00000e+00  loss: 1.49160e+00
2026-08-13 11:32:31.782 | INFO    | 		Epoch: 261  loss_vamb: 7.48573e-01  ab_vamb: 1.99075e-03  ce_vamb: 7.03374e-01  sse_vamb: 3.33123e-02  kld_vamb: 9.56057e-03  loss_labels: 6.79033e-03  ce_labels_labels: 7.87193e-04  kld_labels: 3.84201e+01  correct_labels_labels: 0.00000e+00  loss_joint: 7.37432e-01  ce_joint: 2.11696e+00  sse_joint: 2.07092e+01  ce_labels_joint: 2.11271e-04  kld_vamb_joint: 5.02519e+00  kld_labels_joint: 6.88453e+00  correct_labels_joint: 0.00000e+00  loss: 1.49280e+00
2026-08-13 11:32:34.923 | INFO    | 		Epoch: 262  loss_vamb: 7.47831e-01  ab_vamb: 1.98247e-03  ce_vamb: 7.03435e-01  sse_vamb: 3.33122e-02  kld_vamb: 9.55158e-03  loss_labels: 7.18135e-03  ce_labels_labels: 1.22887e-03  kld_labels: 3.80959e+01  correct_labels_labels: 0.00000e+00  loss_joint: 7.37181e-01  ce_joint: 2.11740e+00  sse_joint: 2.07164e+01  ce_labels_joint: 5.59151e-04  kld_vamb_joint: 5.02050e+00  kld_labels_joint: 6.88974e+00  correct_labels_joint: 0.00000e+00  loss: 1.49219e+00
2026-08-13 11:32:38.193 | INFO    | 		Epoch: 263  loss_vamb: 7.48036e-01  ab_vamb: 2.01424e-03  ce_vamb: 7.03296e-01  sse_vamb: 3.33645e-02  kld_vamb: 9.52135e-03  loss_labels: 6.70103e-03  ce_labels_labels: 7.53726e-04  kld_labels: 3.80627e+01  correct_labels_labels: 0.00000e+00  loss_joint: 7.36738e-01  ce_joint: 2.11664e+00  sse_joint: 2.06774e+01  ce_labels_joint: 1.99340e-04  kld_vamb_joint: 5.01972e+00  kld_labels_joint: 6.88304e+00  correct_labels_joint: 0.00000e+00  loss: 1.49148e+00
2026-08-13 11:32:41.300 | INFO    | 		Epoch: 264  loss_vamb: 7.47990e-01  ab_vamb: 1.96474e-03  ce_vamb: 7.03450e-01  sse_vamb: 3.34073e-02  kld_vamb: 9.54073e-03  loss_labels: 6.47302e-03  ce_labels_labels: 5.20657e-04  kld_labels: 3.80951e+01  correct_labels_labels: 0.00000e+00  loss_joint: 7.36969e-01  ce_joint: 2.11718e+00  sse_joint: 2.07121e+01  ce_labels_joint: 3.75822e-04  kld_vamb_joint: 5.02579e+00  kld_labels_joint: 6.89640e+00  correct_labels_joint: 0.00000e+00  loss: 1.49143e+00
2026-08-13 11:32:44.333 | INFO    | 		Epoch: 265  loss_vamb: 7.48202e-01  ab_vamb: 1.95652e-03  ce_vamb: 7.03384e-01  sse_vamb: 3.33158e-02  kld_vamb: 9.54671e-03  loss_labels: 6.54797e-03  ce_labels_labels: 6.30372e-04  kld_labels: 3.78726e+01  correct_labels_labels: 0.00000e+00  loss_joint: 7.37261e-01  ce_joint: 2.11717e+00  sse_joint: 2.06803e+01  ce_labels_joint: 3.55687e-04  kld_vamb_joint: 5.02246e+00  kld_labels_joint: 6.90395e+00  correct_labels_joint: 0.00000e+00  loss: 1.49201e+00
2026-08-13 11:32:47.463 | INFO    | 		Epoch: 266  loss_vamb: 7.48210e-01  ab_vamb: 1.95506e-03  ce_vamb: 7.03399e-01  sse_vamb: 3.32893e-02  kld_vamb: 9.54700e-03  loss_labels: 6.62151e-03  ce_labels_labels: 7.36728e-04  kld_labels: 3.76626e+01  correct_labels_labels: 0.00000e+00  loss_joint: 7.37293e-01  ce_joint: 2.11708e+00  sse_joint: 2.06884e+01  ce_labels_joint: 3.93871e-04  kld_vamb_joint: 5.02098e+00  kld_labels_joint: 6.91089e+00  correct_labels_joint: 0.00000e+00  loss: 1.49212e+00
2026-08-13 11:32:50.852 | INFO    | 		Epoch: 267  loss_vamb: 7.48036e-01  ab_vamb: 1.97824e-03  ce_vamb: 7.03310e-01  sse_vamb: 3.33403e-02  kld_vamb: 9.55054e-03  loss_labels: 6.96332e-03  ce_labels_labels: 1.09496e-03  kld_labels: 3.75575e+01  correct_labels_labels: 0.00000e+00  loss_joint: 7.37094e-01  ce_joint: 2.11687e+00  sse_joint: 2.07422e+01  ce_labels_joint: 3.26838e-04  kld_vamb_joint: 5.01190e+00  kld_labels_joint: 6.90205e+00  correct_labels_joint: 0.00000e+00  loss: 1.49209e+00
2026-08-13 11:32:54.008 | INFO    | 		Epoch: 268  loss_vamb: 7.48152e-01  ab_vamb: 1.98609e-03  ce_vamb: 7.03417e-01  sse_vamb: 3.32808e-02  kld_vamb: 9.59265e-03  loss_labels: 7.33476e-03  ce_labels_labels: 1.46538e-03  kld_labels: 3.75641e+01  correct_labels_labels: 0.00000e+00  loss_joint: 7.37053e-01  ce_joint: 2.11708e+00  sse_joint: 2.06938e+01  ce_labels_joint: 2.75736e-04  kld_vamb_joint: 5.00452e+00  kld_labels_joint: 6.89280e+00  correct_labels_joint: 0.00000e+00  loss: 1.49254e+00
2026-08-13 11:32:57.110 | INFO    | 		Epoch: 269  loss_vamb: 7.47890e-01  ab_vamb: 1.99893e-03  ce_vamb: 7.03256e-01  sse_vamb: 3.32827e-02  kld_vamb: 9.57728e-03  loss_labels: 7.07402e-03  ce_labels_labels: 1.13565e-03  kld_labels: 3.80056e+01  correct_labels_labels: 0.00000e+00  loss_joint: 7.36844e-01  ce_joint: 2.11656e+00  sse_joint: 2.06850e+01  ce_labels_joint: 3.41646e-04  kld_vamb_joint: 4.99481e+00  kld_labels_joint: 6.87028e+00  correct_labels_joint: 0.00000e+00  loss: 1.49181e+00
2026-08-13 11:33:00.361 | INFO    | 		Epoch: 270  loss_vamb: 7.48552e-01  ab_vamb: 1.98978e-03  ce_vamb: 7.03437e-01  sse_vamb: 3.34115e-02  kld_vamb: 9.57631e-03  loss_labels: 7.13539e-03  ce_labels_labels: 1.12584e-03  kld_labels: 3.84611e+01  correct_labels_labels: 0.00000e+00  loss_joint: 7.37298e-01  ce_joint: 2.11719e+00  sse_joint: 2.07054e+01  ce_labels_joint: 2.25066e-04  kld_vamb_joint: 4.99270e+00  kld_labels_joint: 6.84491e+00  correct_labels_joint: 0.00000e+00  loss: 1.49299e+00
2026-08-13 11:33:03.456 | INFO    | 		Epoch: 271  loss_vamb: 7.48226e-01  ab_vamb: 1.97477e-03  ce_vamb: 7.03143e-01  sse_vamb: 3.32564e-02  kld_vamb: 9.58032e-03  loss_labels: 7.22933e-03  ce_labels_labels: 1.13049e-03  kld_labels: 3.90325e+01  correct_labels_labels: 0.00000e+00  loss_joint: 7.37294e-01  ce_joint: 2.11644e+00  sse_joint: 2.06540e+01  ce_labels_joint: 4.44012e-04  kld_vamb_joint: 4.98010e+00  kld_labels_joint: 6.81142e+00  correct_labels_joint: 0.00000e+00  loss: 1.49275e+00
2026-08-13 11:33:06.594 | INFO    | 		Epoch: 272  loss_vamb: 7.48171e-01  ab_vamb: 1.95171e-03  ce_vamb: 7.03316e-01  sse_vamb: 3.32788e-02  kld_vamb: 9.57398e-03  loss_labels: 7.00032e-03  ce_labels_labels: 8.33529e-04  kld_labels: 3.94675e+01  correct_labels_labels: 0.00000e+00  loss_joint: 7.37281e-01  ce_joint: 2.11698e+00  sse_joint: 2.06840e+01  ce_labels_joint: 4.21820e-04  kld_vamb_joint: 4.97492e+00  kld_labels_joint: 6.77866e+00  correct_labels_joint: 0.00000e+00  loss: 1.49245e+00
2026-08-13 11:33:09.656 | INFO    | 		Epoch: 273  loss_vamb: 7.48271e-01  ab_vamb: 1.98162e-03  ce_vamb: 7.03316e-01  sse_vamb: 3.33058e-02  kld_vamb: 9.53535e-03  loss_labels: 7.05154e-03  ce_labels_labels: 8.45747e-04  kld_labels: 3.97171e+01  correct_labels_labels: 0.00000e+00  loss_joint: 7.37385e-01  ce_joint: 2.11673e+00  sse_joint: 2.07009e+01  ce_labels_joint: 4.63968e-04  kld_vamb_joint: 4.97236e+00  kld_labels_joint: 6.76693e+00  correct_labels_joint: 0.00000e+00  loss: 1.49271e+00
2026-08-13 11:33:12.813 | INFO    | 		Epoch: 274  loss_vamb: 7.47923e-01  ab_vamb: 2.02737e-03  ce_vamb: 7.03386e-01  sse_vamb: 3.33991e-02  kld_vamb: 9.54396e-03  loss_labels: 7.08089e-03  ce_labels_labels: 9.00709e-04  kld_labels: 3.95532e+01  correct_labels_labels: 0.00000e+00  loss_joint: 7.36690e-01  ce_joint: 2.11689e+00  sse_joint: 2.06586e+01  ce_labels_joint: 3.64786e-04  kld_vamb_joint: 4.98099e+00  kld_labels_joint: 6.78087e+00  correct_labels_joint: 0.00000e+00  loss: 1.49169e+00
2026-08-13 11:33:15.957 | INFO    | 		Epoch: 275  loss_vamb: 7.48516e-01  ab_vamb: 1.93329e-03  ce_vamb: 7.03389e-01  sse_vamb: 3.33041e-02  kld_vamb: 9.59204e-03  loss_labels: 6.91888e-03  ce_labels_labels: 7.83933e-04  kld_labels: 3.92637e+01  correct_labels_labels: 0.00000e+00  loss_joint: 7.37400e-01  ce_joint: 2.11715e+00  sse_joint: 2.06731e+01  ce_labels_joint: 2.26530e-04  kld_vamb_joint: 4.97064e+00  kld_labels_joint: 6.79482e+00  correct_labels_joint: 0.00000e+00  loss: 1.49284e+00
2026-08-13 11:33:19.080 | INFO    | 		Epoch: 276  loss_vamb: 7.48349e-01  ab_vamb: 1.98559e-03  ce_vamb: 7.03447e-01  sse_vamb: 3.33106e-02  kld_vamb: 9.58932e-03  loss_labels: 7.05977e-03  ce_labels_labels: 9.33203e-04  kld_labels: 3.92100e+01  correct_labels_labels: 0.00000e+00  loss_joint: 7.37513e-01  ce_joint: 2.11726e+00  sse_joint: 2.06864e+01  ce_labels_joint: 5.55717e-04  kld_vamb_joint: 4.95683e+00  kld_labels_joint: 6.79060e+00  correct_labels_joint: 0.00000e+00  loss: 1.49292e+00
2026-08-13 11:33:22.273 | INFO    | 		Epoch: 277  loss_vamb: 7.48108e-01  ab_vamb: 1.93829e-03  ce_vamb: 7.03572e-01  sse_vamb: 3.32449e-02  kld_vamb: 9.58177e-03  loss_labels: 6.64241e-03  ce_labels_labels: 5.27642e-04  kld_labels: 3.91345e+01  correct_labels_labels: 0.00000e+00  loss_joint: 7.36871e-01  ce_joint: 2.11761e+00  sse_joint: 2.06665e+01  ce_labels_joint: 1.72828e-04  kld_vamb_joint: 4.96541e+00  kld_labels_joint: 6.79461e+00  correct_labels_joint: 0.00000e+00  loss: 1.49162e+00
2026-08-13 11:33:25.314 | INFO    | 		Epoch: 278  loss_vamb: 7.47902e-01  ab_vamb: 1.93955e-03  ce_vamb: 7.03301e-01  sse_vamb: 3.33414e-02  kld_vamb: 9.57914e-03  loss_labels: 6.69640e-03  ce_labels_labels: 6.13018e-04  kld_labels: 3.89336e+01  correct_labels_labels: 0.00000e+00  loss_joint: 7.36725e-01  ce_joint: 2.11689e+00  sse_joint: 2.06737e+01  ce_labels_joint: 2.15834e-04  kld_vamb_joint: 4.95198e+00  kld_labels_joint: 6.79012e+00  correct_labels_joint: 0.00000e+00  loss: 1.49132e+00
2026-08-13 11:33:28.410 | INFO    | 		Epoch: 279  loss_vamb: 7.48377e-01  ab_vamb: 2.03709e-03  ce_vamb: 7.03441e-01  sse_vamb: 3.33191e-02  kld_vamb: 9.55971e-03  loss_labels: 7.21848e-03  ce_labels_labels: 1.15436e-03  kld_labels: 3.88103e+01  correct_labels_labels: 0.00000e+00  loss_joint: 7.37121e-01  ce_joint: 2.11705e+00  sse_joint: 2.06698e+01  ce_labels_joint: 2.67167e-04  kld_vamb_joint: 4.94733e+00  kld_labels_joint: 6.78395e+00  correct_labels_joint: 0.00000e+00  loss: 1.49272e+00
2026-08-13 11:33:31.446 | INFO    | 		Epoch: 280  loss_vamb: 7.48445e-01  ab_vamb: 2.04842e-03  ce_vamb: 7.03294e-01  sse_vamb: 3.32823e-02  kld_vamb: 9.54915e-03  loss_labels: 6.62736e-03  ce_labels_labels: 5.57833e-04  kld_labels: 3.88450e+01  correct_labels_labels: 0.00000e+00  loss_joint: 7.37135e-01  ce_joint: 2.11683e+00  sse_joint: 2.06304e+01  ce_labels_joint: 1.54118e-04  kld_vamb_joint: 4.94183e+00  kld_labels_joint: 6.77089e+00  correct_labels_joint: 0.00000e+00  loss: 1.49221e+00
2026-08-13 11:33:34.702 | INFO    | 		Epoch: 281  loss_vamb: 7.48135e-01  ab_vamb: 1.99348e-03  ce_vamb: 7.03251e-01  sse_vamb: 3.33698e-02  kld_vamb: 9.54039e-03  loss_labels: 6.55327e-03  ce_labels_labels: 4.90130e-04  kld_labels: 3.88041e+01  correct_labels_labels: 0.00000e+00  loss_joint: 7.36879e-01  ce_joint: 2.11651e+00  sse_joint: 2.06223e+01  ce_labels_joint: 3.02530e-04  kld_vamb_joint: 4.92992e+00  kld_labels_joint: 6.75507e+00  correct_labels_joint: 0.00000e+00  loss: 1.49157e+00
2026-08-13 11:33:37.982 | INFO    | 		Epoch: 282  loss_vamb: 7.48342e-01  ab_vamb: 2.08371e-03  ce_vamb: 7.03359e-01  sse_vamb: 3.32944e-02  kld_vamb: 9.57656e-03  loss_labels: 6.83701e-03  ce_labels_labels: 8.00204e-04  kld_labels: 3.86356e+01  correct_labels_labels: 0.00000e+00  loss_joint: 7.37255e-01  ce_joint: 2.11694e+00  sse_joint: 2.06474e+01  ce_labels_joint: 4.66078e-04  kld_vamb_joint: 4.91439e+00  kld_labels_joint: 6.74491e+00  correct_labels_joint: 0.00000e+00  loss: 1.49243e+00
2026-08-13 11:33:41.238 | INFO    | 		Epoch: 283  loss_vamb: 7.47872e-01  ab_vamb: 1.97813e-03  ce_vamb: 7.03270e-01  sse_vamb: 3.32866e-02  kld_vamb: 9.57803e-03  loss_labels: 6.65311e-03  ce_labels_labels: 6.18414e-04  kld_labels: 3.86220e+01  correct_labels_labels: 0.00000e+00  loss_joint: 7.36542e-01  ce_joint: 2.11667e+00  sse_joint: 2.06395e+01  ce_labels_joint: 1.43471e-04  kld_vamb_joint: 4.91650e+00  kld_labels_joint: 6.75076e+00  correct_labels_joint: 0.00000e+00  loss: 1.49107e+00
2026-08-13 11:33:44.387 | INFO    | 		Epoch: 284  loss_vamb: 7.48356e-01  ab_vamb: 1.97530e-03  ce_vamb: 7.03354e-01  sse_vamb: 3.33320e-02  kld_vamb: 9.57116e-03  loss_labels: 6.49547e-03  ce_labels_labels: 4.64001e-04  kld_labels: 3.86014e+01  correct_labels_labels: 0.00000e+00  loss_joint: 7.37117e-01  ce_joint: 2.11686e+00  sse_joint: 2.06466e+01  ce_labels_joint: 2.79256e-04  kld_vamb_joint: 4.90393e+00  kld_labels_joint: 6.75395e+00  correct_labels_joint: 0.00000e+00  loss: 1.49197e+00
2026-08-13 11:33:47.596 | INFO    | 		Epoch: 285  loss_vamb: 7.47974e-01  ab_vamb: 1.95766e-03  ce_vamb: 7.03260e-01  sse_vamb: 3.33077e-02  kld_vamb: 9.57465e-03  loss_labels: 6.82468e-03  ce_labels_labels: 8.25779e-04  kld_labels: 3.83930e+01  correct_labels_labels: 0.00000e+00  loss_joint: 7.36695e-01  ce_joint: 2.11663e+00  sse_joint: 2.06092e+01  ce_labels_joint: 2.61404e-04  kld_vamb_joint: 4.90526e+00  kld_labels_joint: 6.76071e+00  correct_labels_joint: 0.00000e+00  loss: 1.49149e+00
2026-08-13 11:33:50.793 | INFO    | 		Epoch: 286  loss_vamb: 7.48148e-01  ab_vamb: 1.98030e-03  ce_vamb: 7.03437e-01  sse_vamb: 3.32991e-02  kld_vamb: 9.57144e-03  loss_labels: 6.87565e-03  ce_labels_labels: 9.27379e-04  kld_labels: 3.80689e+01  correct_labels_labels: 0.00000e+00  loss_joint: 7.36869e-01  ce_joint: 2.11719e+00  sse_joint: 2.06246e+01  ce_labels_joint: 2.42235e-04  kld_vamb_joint: 4.90226e+00  kld_labels_joint: 6.77563e+00  correct_labels_joint: 0.00000e+00  loss: 1.49189e+00
2026-08-13 11:33:54.066 | INFO    | 		Epoch: 287  loss_vamb: 7.48266e-01  ab_vamb: 2.02374e-03  ce_vamb: 7.03337e-01  sse_vamb: 3.32138e-02  kld_vamb: 9.60667e-03  loss_labels: 6.82958e-03  ce_labels_labels: 9.25994e-04  kld_labels: 3.77829e+01  correct_labels_labels: 0.00000e+00  loss_joint: 7.37113e-01  ce_joint: 2.11677e+00  sse_joint: 2.05981e+01  ce_labels_joint: 4.13161e-04  kld_vamb_joint: 4.88763e+00  kld_labels_joint: 6.78617e+00  correct_labels_joint: 0.00000e+00  loss: 1.49221e+00
2026-08-13 11:33:57.280 | INFO    | 		Epoch: 288  loss_vamb: 7.48153e-01  ab_vamb: 1.96258e-03  ce_vamb: 7.03400e-01  sse_vamb: 3.32498e-02  kld_vamb: 9.60886e-03  loss_labels: 6.83477e-03  ce_labels_labels: 9.53066e-04  kld_labels: 3.76429e+01  correct_labels_labels: 0.00000e+00  loss_joint: 7.37166e-01  ce_joint: 2.11723e+00  sse_joint: 2.05807e+01  ce_labels_joint: 5.05187e-04  kld_vamb_joint: 4.89862e+00  kld_labels_joint: 6.80366e+00  correct_labels_joint: 0.00000e+00  loss: 1.49215e+00
2026-08-13 11:34:00.583 | INFO    | 		Epoch: 289  loss_vamb: 7.48461e-01  ab_vamb: 1.97387e-03  ce_vamb: 7.03321e-01  sse_vamb: 3.32164e-02  kld_vamb: 9.60184e-03  loss_labels: 7.25403e-03  ce_labels_labels: 1.37740e-03  kld_labels: 3.76104e+01  correct_labels_labels: 0.00000e+00  loss_joint: 7.37324e-01  ce_joint: 2.11690e+00  sse_joint: 2.06012e+01  ce_labels_joint: 3.15173e-04  kld_vamb_joint: 4.89578e+00  kld_labels_joint: 6.80872e+00  correct_labels_joint: 0.00000e+00  loss: 1.49304e+00
2026-08-13 11:34:03.922 | INFO    | 		Epoch: 290  loss_vamb: 7.48108e-01  ab_vamb: 1.98858e-03  ce_vamb: 7.03424e-01  sse_vamb: 3.32539e-02  kld_vamb: 9.55929e-03  loss_labels: 6.87127e-03  ce_labels_labels: 9.62233e-04  kld_labels: 3.78179e+01  correct_labels_labels: 0.00000e+00  loss_joint: 7.36951e-01  ce_joint: 2.11733e+00  sse_joint: 2.06134e+01  ce_labels_joint: 2.35567e-04  kld_vamb_joint: 4.90666e+00  kld_labels_joint: 6.80794e+00  correct_labels_joint: 0.00000e+00  loss: 1.49193e+00
2026-08-13 11:34:07.213 | INFO    | 		Epoch: 291  loss_vamb: 7.48530e-01  ab_vamb: 1.97353e-03  ce_vamb: 7.03460e-01  sse_vamb: 3.33823e-02  kld_vamb: 9.57709e-03  loss_labels: 6.82139e-03  ce_labels_labels: 8.66088e-04  kld_labels: 3.81139e+01  correct_labels_labels: 0.00000e+00  loss_joint: 7.37425e-01  ce_joint: 2.11706e+00  sse_joint: 2.06362e+01  ce_labels_joint: 5.09380e-04  kld_vamb_joint: 4.89331e+00  kld_labels_joint: 6.79569e+00  correct_labels_joint: 0.00000e+00  loss: 1.49278e+00
2026-08-13 11:34:10.495 | INFO    | 		Epoch: 292  loss_vamb: 7.48171e-01  ab_vamb: 2.02912e-03  ce_vamb: 7.03334e-01  sse_vamb: 3.32933e-02  kld_vamb: 9.58374e-03  loss_labels: 6.99038e-03  ce_labels_labels: 1.00778e-03  kld_labels: 3.82887e+01  correct_labels_labels: 0.00000e+00  loss_joint: 7.36849e-01  ce_joint: 2.11678e+00  sse_joint: 2.06056e+01  ce_labels_joint: 2.43921e-04  kld_vamb_joint: 4.88636e+00  kld_labels_joint: 6.78049e+00  correct_labels_joint: 0.00000e+00  loss: 1.49201e+00
2026-08-13 11:34:13.593 | INFO    | 		Epoch: 293  loss_vamb: 7.47943e-01  ab_vamb: 1.95229e-03  ce_vamb: 7.03222e-01  sse_vamb: 3.32592e-02  kld_vamb: 9.61951e-03  loss_labels: 6.49026e-03  ce_labels_labels: 4.78384e-04  kld_labels: 3.84760e+01  correct_labels_labels: 0.00000e+00  loss_joint: 7.36620e-01  ce_joint: 2.11657e+00  sse_joint: 2.06289e+01  ce_labels_joint: 1.24824e-04  kld_vamb_joint: 4.87299e+00  kld_labels_joint: 6.77263e+00  correct_labels_joint: 0.00000e+00  loss: 1.49105e+00
2026-08-13 11:34:16.870 | INFO    | 		Epoch: 294  loss_vamb: 7.48570e-01  ab_vamb: 1.94531e-03  ce_vamb: 7.03513e-01  sse_vamb: 3.31682e-02  kld_vamb: 9.60769e-03  loss_labels: 6.72723e-03  ce_labels_labels: 7.24628e-04  kld_labels: 3.84166e+01  correct_labels_labels: 0.00000e+00  loss_joint: 7.37479e-01  ce_joint: 2.11730e+00  sse_joint: 2.05355e+01  ce_labels_joint: 4.50547e-04  kld_vamb_joint: 4.86696e+00  kld_labels_joint: 6.78250e+00  correct_labels_joint: 0.00000e+00  loss: 1.49278e+00
2026-08-13 11:34:19.872 | INFO    | 		Epoch: 295  loss_vamb: 7.48216e-01  ab_vamb: 1.99954e-03  ce_vamb: 7.03291e-01  sse_vamb: 3.32399e-02  kld_vamb: 9.57623e-03  loss_labels: 7.19564e-03  ce_labels_labels: 1.20791e-03  kld_labels: 3.83215e+01  correct_labels_labels: 0.00000e+00  loss_joint: 7.36821e-01  ce_joint: 2.11664e+00  sse_joint: 2.05640e+01  ce_labels_joint: 2.55659e-04  kld_vamb_joint: 4.86103e+00  kld_labels_joint: 6.77079e+00  correct_labels_joint: 0.00000e+00  loss: 1.49223e+00
2026-08-13 11:34:22.847 | INFO    | 		Epoch: 296  loss_vamb: 7.48518e-01  ab_vamb: 1.96981e-03  ce_vamb: 7.03485e-01  sse_vamb: 3.32915e-02  kld_vamb: 9.60097e-03  loss_labels: 7.41251e-03  ce_labels_labels: 1.42048e-03  kld_labels: 3.83490e+01  correct_labels_labels: 0.00000e+00  loss_joint: 7.37216e-01  ce_joint: 2.11711e+00  sse_joint: 2.05579e+01  ce_labels_joint: 3.93684e-04  kld_vamb_joint: 4.85092e+00  kld_labels_joint: 6.76257e+00  correct_labels_joint: 0.00000e+00  loss: 1.49315e+00
2026-08-13 11:34:26.130 | INFO    | 		Epoch: 297  loss_vamb: 7.47828e-01  ab_vamb: 1.92018e-03  ce_vamb: 7.03313e-01  sse_vamb: 3.32014e-02  kld_vamb: 9.60437e-03  loss_labels: 6.65824e-03  ce_labels_labels: 6.40647e-04  kld_labels: 3.85126e+01  correct_labels_labels: 0.00000e+00  loss_joint: 7.36593e-01  ce_joint: 2.11681e+00  sse_joint: 2.05663e+01  ce_labels_joint: 2.47873e-04  kld_vamb_joint: 4.84318e+00  kld_labels_joint: 6.74623e+00  correct_labels_joint: 0.00000e+00  loss: 1.49108e+00
2026-08-13 11:34:29.567 | INFO    | 		Epoch: 298  loss_vamb: 7.47908e-01  ab_vamb: 1.97478e-03  ce_vamb: 7.03251e-01  sse_vamb: 3.32201e-02  kld_vamb: 9.59368e-03  loss_labels: 6.79195e-03  ce_labels_labels: 7.70691e-04  kld_labels: 3.85361e+01  correct_labels_labels: 0.00000e+00  loss_joint: 7.36610e-01  ce_joint: 2.11653e+00  sse_joint: 2.05677e+01  ce_labels_joint: 2.77340e-04  kld_vamb_joint: 4.85155e+00  kld_labels_joint: 6.74597e+00  correct_labels_joint: 0.00000e+00  loss: 1.49131e+00
2026-08-13 11:34:32.622 | INFO    | 		Epoch: 299  loss_vamb: 7.47626e-01  ab_vamb: 1.92934e-03  ce_vamb: 7.03217e-01  sse_vamb: 3.32485e-02  kld_vamb: 9.59475e-03  loss_labels: 6.83663e-03  ce_labels_labels: 8.28485e-04  kld_labels: 3.84521e+01  correct_labels_labels: 0.00000e+00  loss_joint: 7.36433e-01  ce_joint: 2.11652e+00  sse_joint: 2.05974e+01  ce_labels_joint: 3.20379e-04  kld_vamb_joint: 4.83875e+00  kld_labels_joint: 6.73231e+00  correct_labels_joint: 0.00000e+00  loss: 1.49089e+00
2026-08-13 11:34:33.566 | INFO    | (26095, 32) embedding shape
2026-08-13 11:34:34.169 | INFO    | Clustering
2026-08-13 11:34:34.169 | INFO    | 	Windowsize: 300
2026-08-13 11:34:34.169 | INFO    | 	Min successful thresholds detected: 15
2026-08-13 11:34:34.169 | INFO    | 	Max clusters: None
2026-08-13 11:34:34.170 | INFO    | 	Use CUDA for clustering: False
2026-08-13 11:34:34.170 | INFO    | 	Binsplitter: Defaulting to 'C', but disabled due to incompatible identifiers
2026-08-13 11:34:38.836 | INFO    | 	Clustered 26095 contigs in 1615 unsplit bins
2026-08-13 11:34:38.836 | INFO    | 	Wrote cluster file(s) in 0.01 seconds.
2026-08-13 11:34:43.217 | INFO    | 	Wrote 74 bins with 23383 sequences in 4.38 seconds.
2026-08-13 11:34:43.217 | INFO    | 	Clustered contigs in 4.66 seconds.

2026-08-13 11:34:43.249 | INFO    | Completed Vamb in 1295.63 seconds.
Finished: Thu Aug 13 11:34:43 HKT 2026
