TaxVAMB: sample=Airways-2017.12.04_18.56.22_sample_10, threads=32, started=Thu Aug 13 13:42:52 HKT 2026
2026-08-13 13:42:54.520 | INFO    | Starting Vamb version 5.0.4
2026-08-13 13:42:54.520 | INFO    | Random seed is 6141174102591901
2026-08-13 13:42:54.520 | INFO    | Invoked with CLI args: '/mnt/ME5024_PA1/home/csbhzou/miniconda3/envs/taxvamb/bin/vamb bin taxvamb --outdir /mnt/ME5024_PA2/shared/groups/ZHANGLU/Results_of_CAMI2_Other_datasets_other_binning_tools/TaxVAMB/Airways/Airways-2017.12.04_18.56.22_sample_10 --fasta /mnt/ME5024_PA2/shared/groups/ZHANGLU/Data-CAMI2-others-datasets/Airways-2017.12.04_18.56.22_sample_10.contigs.fasta --bamdir /mnt/ME5024_PA2/shared/groups/ZHANGLU/TaxVAMB-Taxonomy-TSV/Airways-2017.12.04_18.56.22_sample_10/bamdir --taxonomy /mnt/ME5024_PA2/shared/groups/ZHANGLU/TaxVAMB-Taxonomy-TSV/Airways-2017.12.04_18.56.22_sample_10/Airways-2017.12.04_18.56.22_sample_10.taxonomy.tsv --minfasta 200000 -m 2000 -p 32'
2026-08-13 13:42:54.520 | INFO    | Loading TNF
2026-08-13 13:42:54.520 | INFO    | 	Minimum sequence length: 2000
2026-08-13 13:42:54.520 | INFO    | 	Loading data from FASTA file /mnt/ME5024_PA2/shared/groups/ZHANGLU/Data-CAMI2-others-datasets/Airways-2017.12.04_18.56.22_sample_10.contigs.fasta

2026-08-13 13:42:55.547 | WARNING | Binsplit separator (option `-o`) implicitly passed as "C", but sequence identifier "NODE_1_length_483532_cov_115.652335" does not contain this separator, or contains it at the very start or end.
A binsplit separator X implies that every sequence identifier is formatted as
[sample identifier][X][sequence identifier], e.g. a binsplit separator of 'C' means that 'S1C19' and '7C11' are valid identifiers.

Skipping binsplitting.

2026-08-13 13:42:55.547 | WARNING | The minimum sequence length has been set to 2000, but 202051 sequences fell below this threshold and was filtered away.
Better results are obtained if the sequence file is filtered to the minimum sequence length before mapping.

2026-08-13 13:42:55.547 | INFO    | 	Kept 45147339 bases in 3396 sequences
2026-08-13 13:42:55.547 | INFO    | 	Processed TNF in 1.03 seconds.

2026-08-13 13:42:55.547 | INFO    | Loading depths
2026-08-13 13:42:55.547 | INFO    | 	Reference hash: 9d7a65ac5ac8c19ecb33897435729ced
2026-08-13 13:42:55.547 | INFO    | 	Parsing 1 BAM files with 32 threads
2026-08-13 13:42:55.547 | INFO    | 	Min identity: 0.0
2026-08-13 13:43:23.821 | INFO    | 	Order of columns is:
2026-08-13 13:43:23.822 | INFO    | 	     0: /mnt/ME5024_PA2/shared/groups/ZHANGLU/TaxVAMB-Taxonomy-TSV/Airways-2017.12.04_18.56.22_sample_10/bamdir/Airways-2017.12.04_18.56.22_sample_10.sorted.bam
2026-08-13 13:43:23.822 | INFO    | 	Processed abundance in 28.27 seconds.

2026-08-13 13:43:23.822 | INFO    | Predicting taxonomy with Taxometer
2026-08-13 13:43:23.839 | INFO    | 	240 nodes in the graph
2026-08-13 13:43:23.868 | INFO    | 	Created dataloader
2026-08-13 13:43:23.868 | INFO    | Starting training the taxonomy predictor
2026-08-13 13:43:23.868 | INFO    | Using threshold 0.5
2026-08-13 13:43:24.489 | INFO    | 	Network properties:
2026-08-13 13:43:24.489 | INFO    | 	    CUDA: False
2026-08-13 13:43:24.489 | INFO    | 	    Hierarchical loss: flat_softmax
2026-08-13 13:43:24.489 | INFO    | 	    Alpha: 0.5
2026-08-13 13:43:24.489 | INFO    | 	    Beta: 200.0
2026-08-13 13:43:24.489 | INFO    | 	    Dropout: 0.2
2026-08-13 13:43:24.489 | INFO    | 	    N hidden: 512, 512, 512, 512
2026-08-13 13:43:24.489 | INFO    | 	Training properties:
2026-08-13 13:43:24.489 | INFO    | 	    N epochs: 100
2026-08-13 13:43:24.489 | INFO    | 	    Starting batch size: 1024
2026-08-13 13:43:24.489 | INFO    | 	    Batchsteps: None
2026-08-13 13:43:24.489 | INFO    | 	    Learning rate: 0.001
2026-08-13 13:43:24.489 | INFO    | 	    N labels: torch.Size([3396, 1])
Using decoupled weight decay
2026-08-13 13:43:24.790 | INFO    | 	Epoch: 1	CE: 3.5909874	Batchsize: 1024
2026-08-13 13:43:25.075 | INFO    | 	Epoch: 2	CE: 3.4610431	Batchsize: 1024
2026-08-13 13:43:25.317 | INFO    | 	Epoch: 3	CE: 1.9800882	Batchsize: 1024
2026-08-13 13:43:25.609 | INFO    | 	Epoch: 4	CE: 1.2397844	Batchsize: 1024
2026-08-13 13:43:25.939 | INFO    | 	Epoch: 5	CE: 1.0363657	Batchsize: 1024
2026-08-13 13:43:26.317 | INFO    | 	Epoch: 6	CE: 0.7639267	Batchsize: 1024
2026-08-13 13:43:26.659 | INFO    | 	Epoch: 7	CE: 0.6199165	Batchsize: 1024
2026-08-13 13:43:26.929 | INFO    | 	Epoch: 8	CE: 0.4640468	Batchsize: 1024
2026-08-13 13:43:27.243 | INFO    | 	Epoch: 9	CE: 0.3998569	Batchsize: 1024
2026-08-13 13:43:27.515 | INFO    | 	Epoch: 10	CE: 0.3877644	Batchsize: 1024
2026-08-13 13:43:27.795 | INFO    | 	Epoch: 11	CE: 0.3220228	Batchsize: 1024
2026-08-13 13:43:28.096 | INFO    | 	Epoch: 12	CE: 0.2925447	Batchsize: 1024
2026-08-13 13:43:28.334 | INFO    | 	Epoch: 13	CE: 0.2664271	Batchsize: 1024
2026-08-13 13:43:28.679 | INFO    | 	Epoch: 14	CE: 0.2457867	Batchsize: 1024
2026-08-13 13:43:29.008 | INFO    | 	Epoch: 15	CE: 0.2261635	Batchsize: 1024
2026-08-13 13:43:29.297 | INFO    | 	Epoch: 16	CE: 0.1963992	Batchsize: 1024
2026-08-13 13:43:29.533 | INFO    | 	Epoch: 17	CE: 0.2027287	Batchsize: 1024
2026-08-13 13:43:29.767 | INFO    | 	Epoch: 18	CE: 0.1760051	Batchsize: 1024
2026-08-13 13:43:30.045 | INFO    | 	Epoch: 19	CE: 0.1447183	Batchsize: 1024
2026-08-13 13:43:30.456 | INFO    | 	Epoch: 20	CE: 0.1502650	Batchsize: 1024
2026-08-13 13:43:31.000 | INFO    | 	Epoch: 21	CE: 0.1540667	Batchsize: 1024
2026-08-13 13:43:31.653 | INFO    | 	Epoch: 22	CE: 0.1281780	Batchsize: 1024
2026-08-13 13:43:31.913 | INFO    | 	Epoch: 23	CE: 0.1112840	Batchsize: 1024
2026-08-13 13:43:32.189 | INFO    | 	Epoch: 24	CE: 0.1146940	Batchsize: 1024
2026-08-13 13:43:32.456 | INFO    | 	Epoch: 25	CE: 0.1098725	Batchsize: 1024
2026-08-13 13:43:32.927 | INFO    | 	Epoch: 26	CE: 0.0903423	Batchsize: 1024
2026-08-13 13:43:33.268 | INFO    | 	Epoch: 27	CE: 0.0949735	Batchsize: 1024
2026-08-13 13:43:33.590 | INFO    | 	Epoch: 28	CE: 0.0854672	Batchsize: 1024
2026-08-13 13:43:33.873 | INFO    | 	Epoch: 29	CE: 0.0794678	Batchsize: 1024
2026-08-13 13:43:34.455 | INFO    | 	Epoch: 30	CE: 0.0837916	Batchsize: 1024
2026-08-13 13:43:34.723 | INFO    | 	Epoch: 31	CE: 0.0837507	Batchsize: 1024
2026-08-13 13:43:34.969 | INFO    | 	Epoch: 32	CE: 0.0701381	Batchsize: 1024
2026-08-13 13:43:35.220 | INFO    | 	Epoch: 33	CE: 0.0713852	Batchsize: 1024
2026-08-13 13:43:35.519 | INFO    | 	Epoch: 34	CE: 0.0645345	Batchsize: 1024
2026-08-13 13:43:35.852 | INFO    | 	Epoch: 35	CE: 0.0617209	Batchsize: 1024
2026-08-13 13:43:36.113 | INFO    | 	Epoch: 36	CE: 0.0635819	Batchsize: 1024
2026-08-13 13:43:36.440 | INFO    | 	Epoch: 37	CE: 0.0525968	Batchsize: 1024
2026-08-13 13:43:37.115 | INFO    | 	Epoch: 38	CE: 0.0539637	Batchsize: 1024
2026-08-13 13:43:37.365 | INFO    | 	Epoch: 39	CE: 0.0497186	Batchsize: 1024
2026-08-13 13:43:37.612 | INFO    | 	Epoch: 40	CE: 0.0498854	Batchsize: 1024
2026-08-13 13:43:38.291 | INFO    | 	Epoch: 41	CE: 0.0470301	Batchsize: 1024
2026-08-13 13:43:39.084 | INFO    | 	Epoch: 42	CE: 0.0491506	Batchsize: 1024
2026-08-13 13:43:40.114 | INFO    | 	Epoch: 43	CE: 0.0413163	Batchsize: 1024
2026-08-13 13:43:40.577 | INFO    | 	Epoch: 44	CE: 0.0516875	Batchsize: 1024
2026-08-13 13:43:41.153 | INFO    | 	Epoch: 45	CE: 0.0475815	Batchsize: 1024
2026-08-13 13:43:41.793 | INFO    | 	Epoch: 46	CE: 0.0403738	Batchsize: 1024
2026-08-13 13:43:42.180 | INFO    | 	Epoch: 47	CE: 0.0557480	Batchsize: 1024
2026-08-13 13:43:42.713 | INFO    | 	Epoch: 48	CE: 0.0506441	Batchsize: 1024
2026-08-13 13:43:43.005 | INFO    | 	Epoch: 49	CE: 0.0493447	Batchsize: 1024
2026-08-13 13:43:43.331 | INFO    | 	Epoch: 50	CE: 0.0475258	Batchsize: 1024
2026-08-13 13:43:43.593 | INFO    | 	Epoch: 51	CE: 0.0370423	Batchsize: 1024
2026-08-13 13:43:43.835 | INFO    | 	Epoch: 52	CE: 0.0378393	Batchsize: 1024
2026-08-13 13:43:44.201 | INFO    | 	Epoch: 53	CE: 0.0427691	Batchsize: 1024
2026-08-13 13:43:44.661 | INFO    | 	Epoch: 54	CE: 0.0399361	Batchsize: 1024
2026-08-13 13:43:45.133 | INFO    | 	Epoch: 55	CE: 0.0393504	Batchsize: 1024
2026-08-13 13:43:45.692 | INFO    | 	Epoch: 56	CE: 0.0308125	Batchsize: 1024
2026-08-13 13:43:46.006 | INFO    | 	Epoch: 57	CE: 0.0361032	Batchsize: 1024
2026-08-13 13:43:46.341 | INFO    | 	Epoch: 58	CE: 0.0400476	Batchsize: 1024
2026-08-13 13:43:46.672 | INFO    | 	Epoch: 59	CE: 0.0364486	Batchsize: 1024
2026-08-13 13:43:47.017 | INFO    | 	Epoch: 60	CE: 0.0375296	Batchsize: 1024
2026-08-13 13:43:47.331 | INFO    | 	Epoch: 61	CE: 0.0316669	Batchsize: 1024
2026-08-13 13:43:47.596 | INFO    | 	Epoch: 62	CE: 0.0312109	Batchsize: 1024
2026-08-13 13:43:47.969 | INFO    | 	Epoch: 63	CE: 0.0408787	Batchsize: 1024
2026-08-13 13:43:48.288 | INFO    | 	Epoch: 64	CE: 0.0370190	Batchsize: 1024
2026-08-13 13:43:48.747 | INFO    | 	Epoch: 65	CE: 0.0232806	Batchsize: 1024
2026-08-13 13:43:49.223 | INFO    | 	Epoch: 66	CE: 0.0278354	Batchsize: 1024
2026-08-13 13:43:49.580 | INFO    | 	Epoch: 67	CE: 0.0268689	Batchsize: 1024
2026-08-13 13:43:49.895 | INFO    | 	Epoch: 68	CE: 0.0238283	Batchsize: 1024
2026-08-13 13:43:50.290 | INFO    | 	Epoch: 69	CE: 0.0356118	Batchsize: 1024
2026-08-13 13:43:50.593 | INFO    | 	Epoch: 70	CE: 0.0231245	Batchsize: 1024
2026-08-13 13:43:50.896 | INFO    | 	Epoch: 71	CE: 0.0242998	Batchsize: 1024
2026-08-13 13:43:51.341 | INFO    | 	Epoch: 72	CE: 0.0284887	Batchsize: 1024
2026-08-13 13:43:51.689 | INFO    | 	Epoch: 73	CE: 0.0231326	Batchsize: 1024
2026-08-13 13:43:52.000 | INFO    | 	Epoch: 74	CE: 0.0307999	Batchsize: 1024
2026-08-13 13:43:52.389 | INFO    | 	Epoch: 75	CE: 0.0271543	Batchsize: 1024
2026-08-13 13:43:52.661 | INFO    | 	Epoch: 76	CE: 0.0249265	Batchsize: 1024
2026-08-13 13:43:52.970 | INFO    | 	Epoch: 77	CE: 0.0193166	Batchsize: 1024
2026-08-13 13:43:53.275 | INFO    | 	Epoch: 78	CE: 0.0296621	Batchsize: 1024
2026-08-13 13:43:53.622 | INFO    | 	Epoch: 79	CE: 0.0200103	Batchsize: 1024
2026-08-13 13:43:53.992 | INFO    | 	Epoch: 80	CE: 0.0191949	Batchsize: 1024
2026-08-13 13:43:54.322 | INFO    | 	Epoch: 81	CE: 0.0197510	Batchsize: 1024
2026-08-13 13:43:54.583 | INFO    | 	Epoch: 82	CE: 0.0157956	Batchsize: 1024
2026-08-13 13:43:54.919 | INFO    | 	Epoch: 83	CE: 0.0192634	Batchsize: 1024
2026-08-13 13:43:55.238 | INFO    | 	Epoch: 84	CE: 0.0170949	Batchsize: 1024
2026-08-13 13:43:55.611 | INFO    | 	Epoch: 85	CE: 0.0201507	Batchsize: 1024
2026-08-13 13:43:55.942 | INFO    | 	Epoch: 86	CE: 0.0239189	Batchsize: 1024
2026-08-13 13:43:56.222 | INFO    | 	Epoch: 87	CE: 0.0210273	Batchsize: 1024
2026-08-13 13:43:56.578 | INFO    | 	Epoch: 88	CE: 0.0213084	Batchsize: 1024
2026-08-13 13:43:56.909 | INFO    | 	Epoch: 89	CE: 0.0259694	Batchsize: 1024
2026-08-13 13:43:57.236 | INFO    | 	Epoch: 90	CE: 0.0154332	Batchsize: 1024
2026-08-13 13:43:57.581 | INFO    | 	Epoch: 91	CE: 0.0202514	Batchsize: 1024
2026-08-13 13:43:57.924 | INFO    | 	Epoch: 92	CE: 0.0190295	Batchsize: 1024
2026-08-13 13:43:58.574 | INFO    | 	Epoch: 93	CE: 0.0132840	Batchsize: 1024
2026-08-13 13:43:59.113 | INFO    | 	Epoch: 94	CE: 0.0205694	Batchsize: 1024
2026-08-13 13:43:59.889 | INFO    | 	Epoch: 95	CE: 0.0183092	Batchsize: 1024
2026-08-13 13:44:00.241 | INFO    | 	Epoch: 96	CE: 0.0162436	Batchsize: 1024
2026-08-13 13:44:00.610 | INFO    | 	Epoch: 97	CE: 0.0240302	Batchsize: 1024
2026-08-13 13:44:01.077 | INFO    | 	Epoch: 98	CE: 0.0144248	Batchsize: 1024
2026-08-13 13:44:01.630 | INFO    | 	Epoch: 99	CE: 0.0186665	Batchsize: 1024
2026-08-13 13:44:02.126 | INFO    | 	Epoch: 100	CE: 0.0132136	Batchsize: 1024
2026-08-13 13:44:02.136 | INFO    | Finished training the taxonomy predictor in 38.27 seconds.
2026-08-13 13:44:02.136 | INFO    | Writing the taxonomy predictions
2026-08-13 13:44:02.137 | INFO    | Using threshold 0.5
2026-08-13 13:44:02.435 | INFO    | Completed taxonomy predictions in 38.61 seconds.
2026-08-13 13:44:02.480 | INFO    | 	Network properties:
2026-08-13 13:44:02.480 | INFO    | 	    CUDA: False
2026-08-13 13:44:02.480 | INFO    | 	    Alpha: 0.5
2026-08-13 13:44:02.480 | INFO    | 	    Beta: 200.0
2026-08-13 13:44:02.480 | INFO    | 	    Dropout: 0.0
2026-08-13 13:44:02.480 | INFO    | 	    N hidden: 256, 256
2026-08-13 13:44:02.480 | INFO    | 	    N latent: 32
2026-08-13 13:44:02.480 | INFO    | 	Training properties:
2026-08-13 13:44:02.480 | INFO    | 	    N epochs: 300
2026-08-13 13:44:02.480 | INFO    | 	    Starting batch size: 256
2026-08-13 13:44:02.480 | INFO    | 	    Batchsteps: 25, 75, 150, 225
2026-08-13 13:44:02.480 | INFO    | 	    Learning rate: 0.001
2026-08-13 13:44:02.480 | INFO    | 	    N sequences: 3396
2026-08-13 13:44:02.480 | INFO    | 	    N samples: 1
2026-08-13 13:44:03.114 | INFO    | 		Epoch: 0  loss_vamb: 7.09479e-01  ab_vamb: 2.73098e-01  ce_vamb: 0.00000e+00  sse_vamb: 4.36209e-01  kld_vamb: 2.45798e-03  loss_labels: 2.32975e+00  ce_labels_labels: 2.32544e+00  kld_labels: 2.75773e+01  correct_labels_labels: 0.00000e+00  loss_joint: 3.92341e+00  ce_joint: 0.00000e+00  sse_joint: 9.20235e+01  ce_labels_joint: 3.18888e+00  kld_vamb_joint: 8.53511e-01  kld_labels_joint: 9.44448e-01  correct_labels_joint: 0.00000e+00  loss: 6.96265e+00
2026-08-13 13:44:03.736 | INFO    | 		Epoch: 1  loss_vamb: 3.48606e-01  ab_vamb: 9.67187e-02  ce_vamb: 0.00000e+00  sse_vamb: 2.47312e-01  kld_vamb: 5.16921e-03  loss_labels: 6.96175e-01  ce_labels_labels: 6.86936e-01  kld_labels: 5.91241e+01  correct_labels_labels: 0.00000e+00  loss_joint: 1.76729e+00  ce_joint: 0.00000e+00  sse_joint: 5.14235e+01  ce_labels_joint: 1.39888e+00  kld_vamb_joint: 1.56278e+00  kld_labels_joint: 1.72160e+00  correct_labels_joint: 0.00000e+00  loss: 2.81207e+00
2026-08-13 13:44:04.372 | INFO    | 		Epoch: 2  loss_vamb: 2.64447e-01  ab_vamb: 5.70357e-02  ce_vamb: 0.00000e+00  sse_vamb: 2.00480e-01  kld_vamb: 7.24195e-03  loss_labels: 5.01007e-01  ce_labels_labels: 4.90007e-01  kld_labels: 7.04012e+01  correct_labels_labels: 0.00000e+00  loss_joint: 1.19748e+00  ce_joint: 0.00000e+00  sse_joint: 4.30529e+01  ce_labels_joint: 9.19685e-01  kld_vamb_joint: 1.85234e+00  kld_labels_joint: 1.99322e+00  correct_labels_joint: 0.00000e+00  loss: 1.96294e+00
2026-08-13 13:44:05.089 | INFO    | 		Epoch: 3  loss_vamb: 2.25042e-01  ab_vamb: 3.69581e-02  ce_vamb: 0.00000e+00  sse_vamb: 1.79434e-01  kld_vamb: 8.84571e-03  loss_labels: 3.91155e-01  ce_labels_labels: 3.79369e-01  kld_labels: 7.54283e+01  correct_labels_labels: 0.00000e+00  loss_joint: 9.12694e-01  ce_joint: 0.00000e+00  sse_joint: 3.86345e+01  ce_labels_joint: 6.74550e-01  kld_vamb_joint: 1.97107e+00  kld_labels_joint: 2.03938e+00  correct_labels_joint: 0.00000e+00  loss: 1.52889e+00
2026-08-13 13:44:05.757 | INFO    | 		Epoch: 4  loss_vamb: 2.05218e-01  ab_vamb: 2.73810e-02  ce_vamb: 0.00000e+00  sse_vamb: 1.68064e-01  kld_vamb: 9.95763e-03  loss_labels: 3.14965e-01  ce_labels_labels: 3.02884e-01  kld_labels: 7.73161e+01  correct_labels_labels: 0.00000e+00  loss_joint: 7.54077e-01  ce_joint: 0.00000e+00  sse_joint: 3.67830e+01  ce_labels_joint: 5.36166e-01  kld_vamb_joint: 2.14168e+00  kld_labels_joint: 2.08821e+00  correct_labels_joint: 0.00000e+00  loss: 1.27426e+00
2026-08-13 13:44:06.486 | INFO    | 		Epoch: 5  loss_vamb: 1.93735e-01  ab_vamb: 2.24406e-02  ce_vamb: 0.00000e+00  sse_vamb: 1.60788e-01  kld_vamb: 1.06704e-02  loss_labels: 2.53347e-01  ce_labels_labels: 2.41174e-01  kld_labels: 7.79067e+01  correct_labels_labels: 0.00000e+00  loss_joint: 6.68057e-01  ce_joint: 0.00000e+00  sse_joint: 3.51375e+01  ce_labels_joint: 4.59196e-01  kld_vamb_joint: 2.19336e+00  kld_labels_joint: 2.19480e+00  correct_labels_joint: 0.00000e+00  loss: 1.11514e+00
2026-08-13 13:44:07.132 | INFO    | 		Epoch: 6  loss_vamb: 1.86049e-01  ab_vamb: 1.93762e-02  ce_vamb: 0.00000e+00  sse_vamb: 1.55696e-01  kld_vamb: 1.11403e-02  loss_labels: 2.04904e-01  ce_labels_labels: 1.92744e-01  kld_labels: 7.78242e+01  correct_labels_labels: 0.00000e+00  loss_joint: 5.83342e-01  ce_joint: 0.00000e+00  sse_joint: 3.41426e+01  ce_labels_joint: 3.83131e-01  kld_vamb_joint: 2.28503e+00  kld_labels_joint: 2.27004e+00  correct_labels_joint: 0.00000e+00  loss: 9.74295e-01
2026-08-13 13:44:07.819 | INFO    | 		Epoch: 7  loss_vamb: 1.81130e-01  ab_vamb: 1.83957e-02  ce_vamb: 0.00000e+00  sse_vamb: 1.51483e-01  kld_vamb: 1.14123e-02  loss_labels: 1.57907e-01  ce_labels_labels: 1.45779e-01  kld_labels: 7.76180e+01  correct_labels_labels: 0.00000e+00  loss_joint: 5.16426e-01  ce_joint: 0.00000e+00  sse_joint: 3.34980e+01  ce_labels_joint: 3.21207e-01  kld_vamb_joint: 2.32181e+00  kld_labels_joint: 2.35358e+00  correct_labels_joint: 0.00000e+00  loss: 8.55463e-01
2026-08-13 13:44:08.484 | INFO    | 		Epoch: 8  loss_vamb: 1.75630e-01  ab_vamb: 1.61985e-02  ce_vamb: 0.00000e+00  sse_vamb: 1.47976e-01  kld_vamb: 1.15836e-02  loss_labels: 1.27334e-01  ce_labels_labels: 1.15160e-01  kld_labels: 7.79159e+01  correct_labels_labels: 0.00000e+00  loss_joint: 4.59211e-01  ce_joint: 0.00000e+00  sse_joint: 3.28069e+01  ce_labels_joint: 2.69343e-01  kld_vamb_joint: 2.39303e+00  kld_labels_joint: 2.41955e+00  correct_labels_joint: 0.00000e+00  loss: 7.62174e-01
2026-08-13 13:44:09.134 | INFO    | 		Epoch: 9  loss_vamb: 1.72415e-01  ab_vamb: 1.61226e-02  ce_vamb: 0.00000e+00  sse_vamb: 1.44622e-01  kld_vamb: 1.18003e-02  loss_labels: 9.65537e-02  ce_labels_labels: 8.43171e-02  kld_labels: 7.83138e+01  correct_labels_labels: 0.00000e+00  loss_joint: 4.11994e-01  ce_joint: 0.00000e+00  sse_joint: 3.23735e+01  ce_labels_joint: 2.25591e-01  kld_vamb_joint: 2.44953e+00  kld_labels_joint: 2.48943e+00  correct_labels_joint: 0.00000e+00  loss: 6.80962e-01
2026-08-13 13:44:09.764 | INFO    | 		Epoch: 10  loss_vamb: 1.68123e-01  ab_vamb: 1.49247e-02  ce_vamb: 0.00000e+00  sse_vamb: 1.41360e-01  kld_vamb: 1.19630e-02  loss_labels: 7.10577e-02  ce_labels_labels: 5.87668e-02  kld_labels: 7.86619e+01  correct_labels_labels: 0.00000e+00  loss_joint: 3.79615e-01  ce_joint: 0.00000e+00  sse_joint: 3.19415e+01  ce_labels_joint: 1.95961e-01  kld_vamb_joint: 2.50877e+00  kld_labels_joint: 2.56867e+00  correct_labels_joint: 0.00000e+00  loss: 6.18796e-01
2026-08-13 13:44:10.419 | INFO    | 		Epoch: 11  loss_vamb: 1.65472e-01  ab_vamb: 1.46090e-02  ce_vamb: 0.00000e+00  sse_vamb: 1.38829e-01  kld_vamb: 1.21696e-02  loss_labels: 5.87118e-02  ce_labels_labels: 4.65308e-02  kld_labels: 7.79586e+01  correct_labels_labels: 0.00000e+00  loss_joint: 3.31967e-01  ce_joint: 0.00000e+00  sse_joint: 3.12988e+01  ce_labels_joint: 1.53513e-01  kld_vamb_joint: 2.55040e+00  kld_labels_joint: 2.64060e+00  correct_labels_joint: 0.00000e+00  loss: 5.56151e-01
2026-08-13 13:44:11.064 | INFO    | 		Epoch: 12  loss_vamb: 1.62717e-01  ab_vamb: 1.44164e-02  ce_vamb: 0.00000e+00  sse_vamb: 1.36018e-01  kld_vamb: 1.24049e-02  loss_labels: 4.63742e-02  ce_labels_labels: 3.41661e-02  kld_labels: 7.81316e+01  correct_labels_labels: 0.00000e+00  loss_joint: 3.06118e-01  ce_joint: 0.00000e+00  sse_joint: 3.08008e+01  ce_labels_joint: 1.32568e-01  kld_vamb_joint: 2.64602e+00  kld_labels_joint: 2.71412e+00  correct_labels_joint: 0.00000e+00  loss: 5.15210e-01
2026-08-13 13:44:11.694 | INFO    | 		Epoch: 13  loss_vamb: 1.60003e-01  ab_vamb: 1.33135e-02  ce_vamb: 0.00000e+00  sse_vamb: 1.34237e-01  kld_vamb: 1.25836e-02  loss_labels: 3.63550e-02  ce_labels_labels: 2.42520e-02  kld_labels: 7.74593e+01  correct_labels_labels: 0.00000e+00  loss_joint: 2.98157e-01  ce_joint: 0.00000e+00  sse_joint: 3.07120e+01  ce_labels_joint: 1.25757e-01  kld_vamb_joint: 2.75274e+00  kld_labels_joint: 2.77875e+00  correct_labels_joint: 0.00000e+00  loss: 4.94515e-01
2026-08-13 13:44:12.404 | INFO    | 		Epoch: 14  loss_vamb: 1.59084e-01  ab_vamb: 1.35776e-02  ce_vamb: 0.00000e+00  sse_vamb: 1.32743e-01  kld_vamb: 1.28786e-02  loss_labels: 3.19620e-02  ce_labels_labels: 1.99559e-02  kld_labels: 7.68387e+01  correct_labels_labels: 0.00000e+00  loss_joint: 2.80163e-01  ce_joint: 0.00000e+00  sse_joint: 3.00890e+01  ce_labels_joint: 1.11669e-01  kld_vamb_joint: 2.75477e+00  kld_labels_joint: 2.91451e+00  correct_labels_joint: 0.00000e+00  loss: 4.71208e-01
2026-08-13 13:44:13.026 | INFO    | 		Epoch: 15  loss_vamb: 1.55751e-01  ab_vamb: 1.21652e-02  ce_vamb: 0.00000e+00  sse_vamb: 1.30623e-01  kld_vamb: 1.30726e-02  loss_labels: 2.60441e-02  ce_labels_labels: 1.41174e-02  kld_labels: 7.63306e+01  correct_labels_labels: 0.00000e+00  loss_joint: 2.61190e-01  ce_joint: 0.00000e+00  sse_joint: 2.96267e+01  ce_labels_joint: 9.51726e-02  kld_vamb_joint: 2.83449e+00  kld_labels_joint: 3.00238e+00  correct_labels_joint: 0.00000e+00  loss: 4.42985e-01
2026-08-13 13:44:13.667 | INFO    | 		Epoch: 16  loss_vamb: 1.54091e-01  ab_vamb: 1.20536e-02  ce_vamb: 0.00000e+00  sse_vamb: 1.29008e-01  kld_vamb: 1.31395e-02  loss_labels: 2.36744e-02  ce_labels_labels: 1.19214e-02  kld_labels: 7.52190e+01  correct_labels_labels: 0.00000e+00  loss_joint: 2.51462e-01  ce_joint: 0.00000e+00  sse_joint: 2.94310e+01  ce_labels_joint: 8.56166e-02  kld_vamb_joint: 2.92161e+00  kld_labels_joint: 3.09977e+00  correct_labels_joint: 0.00000e+00  loss: 4.29227e-01
2026-08-13 13:44:14.302 | INFO    | 		Epoch: 17  loss_vamb: 1.52328e-01  ab_vamb: 1.20923e-02  ce_vamb: 0.00000e+00  sse_vamb: 1.27034e-01  kld_vamb: 1.33241e-02  loss_labels: 2.26521e-02  ce_labels_labels: 1.10575e-02  kld_labels: 7.42056e+01  correct_labels_labels: 0.00000e+00  loss_joint: 2.35327e-01  ce_joint: 0.00000e+00  sse_joint: 2.90742e+01  ce_labels_joint: 7.36744e-02  kld_vamb_joint: 2.96086e+00  kld_labels_joint: 3.15902e+00  correct_labels_joint: 0.00000e+00  loss: 4.10307e-01
2026-08-13 13:44:15.077 | INFO    | 		Epoch: 18  loss_vamb: 1.51049e-01  ab_vamb: 1.19963e-02  ce_vamb: 0.00000e+00  sse_vamb: 1.25819e-01  kld_vamb: 1.33375e-02  loss_labels: 1.98518e-02  ce_labels_labels: 8.40166e-03  kld_labels: 7.32807e+01  correct_labels_labels: 0.00000e+00  loss_joint: 2.24398e-01  ce_joint: 0.00000e+00  sse_joint: 2.86690e+01  ce_labels_joint: 6.51807e-02  kld_vamb_joint: 3.03171e+00  kld_labels_joint: 3.26873e+00  correct_labels_joint: 0.00000e+00  loss: 3.95298e-01
2026-08-13 13:44:15.702 | INFO    | 		Epoch: 19  loss_vamb: 1.50451e-01  ab_vamb: 1.22440e-02  ce_vamb: 0.00000e+00  sse_vamb: 1.24716e-01  kld_vamb: 1.35823e-02  loss_labels: 1.78326e-02  ce_labels_labels: 6.52391e-03  kld_labels: 7.23759e+01  correct_labels_labels: 0.00000e+00  loss_joint: 2.07018e-01  ce_joint: 0.00000e+00  sse_joint: 2.82881e+01  ce_labels_joint: 4.98476e-02  kld_vamb_joint: 3.07832e+00  kld_labels_joint: 3.33076e+00  correct_labels_joint: 0.00000e+00  loss: 3.75301e-01
2026-08-13 13:44:16.574 | INFO    | 		Epoch: 20  loss_vamb: 1.47794e-01  ab_vamb: 1.17111e-02  ce_vamb: 0.00000e+00  sse_vamb: 1.22450e-01  kld_vamb: 1.37218e-02  loss_labels: 1.78121e-02  ce_labels_labels: 6.76928e-03  kld_labels: 7.06740e+01  correct_labels_labels: 0.00000e+00  loss_joint: 1.96883e-01  ce_joint: 0.00000e+00  sse_joint: 2.81312e+01  ce_labels_joint: 4.05848e-02  kld_vamb_joint: 3.08723e+00  kld_labels_joint: 3.45428e+00  correct_labels_joint: 0.00000e+00  loss: 3.62488e-01
2026-08-13 13:44:17.214 | INFO    | 		Epoch: 21  loss_vamb: 1.47039e-01  ab_vamb: 1.17908e-02  ce_vamb: 0.00000e+00  sse_vamb: 1.21603e-01  kld_vamb: 1.37671e-02  loss_labels: 1.64800e-02  ce_labels_labels: 5.69943e-03  kld_labels: 6.89959e+01  correct_labels_labels: 0.00000e+00  loss_joint: 1.92137e-01  ce_joint: 0.00000e+00  sse_joint: 2.78082e+01  ce_labels_joint: 3.75930e-02  kld_vamb_joint: 3.12637e+00  kld_labels_joint: 3.53932e+00  correct_labels_joint: 0.00000e+00  loss: 3.55657e-01
2026-08-13 13:44:17.934 | INFO    | 		Epoch: 22  loss_vamb: 1.45569e-01  ab_vamb: 1.18184e-02  ce_vamb: 0.00000e+00  sse_vamb: 1.20016e-01  kld_vamb: 1.38393e-02  loss_labels: 1.55373e-02  ce_labels_labels: 4.93717e-03  kld_labels: 6.78407e+01  correct_labels_labels: 0.00000e+00  loss_joint: 1.79396e-01  ce_joint: 0.00000e+00  sse_joint: 2.75343e+01  ce_labels_joint: 2.75210e-02  kld_vamb_joint: 3.10180e+00  kld_labels_joint: 3.59467e+00  correct_labels_joint: 0.00000e+00  loss: 3.40503e-01
2026-08-13 13:44:18.558 | INFO    | 		Epoch: 23  loss_vamb: 1.43614e-01  ab_vamb: 1.09097e-02  ce_vamb: 0.00000e+00  sse_vamb: 1.18883e-01  kld_vamb: 1.39395e-02  loss_labels: 1.63788e-02  ce_labels_labels: 5.92134e-03  kld_labels: 6.69276e+01  correct_labels_labels: 0.00000e+00  loss_joint: 1.74934e-01  ce_joint: 0.00000e+00  sse_joint: 2.70881e+01  ce_labels_joint: 2.70227e-02  kld_vamb_joint: 3.10202e+00  kld_labels_joint: 3.67915e+00  correct_labels_joint: 0.00000e+00  loss: 3.34927e-01
2026-08-13 13:44:19.186 | INFO    | 		Epoch: 24  loss_vamb: 1.41659e-01  ab_vamb: 1.02175e-02  ce_vamb: 0.00000e+00  sse_vamb: 1.17544e-01  kld_vamb: 1.40014e-02  loss_labels: 1.50318e-02  ce_labels_labels: 4.65287e-03  kld_labels: 6.64254e+01  correct_labels_labels: 0.00000e+00  loss_joint: 1.69153e-01  ce_joint: 0.00000e+00  sse_joint: 2.66873e+01  ce_labels_joint: 2.35802e-02  kld_vamb_joint: 3.15824e+00  kld_labels_joint: 3.73260e+00  correct_labels_joint: 0.00000e+00  loss: 3.25843e-01
2026-08-13 13:44:19.772 | INFO    | 		Epoch: 25  loss_vamb: 1.38221e-01  ab_vamb: 9.39092e-03  ce_vamb: 0.00000e+00  sse_vamb: 1.14972e-01  kld_vamb: 1.41290e-02  loss_labels: 1.47167e-02  ce_labels_labels: 4.37105e-03  kld_labels: 6.62124e+01  correct_labels_labels: 0.00000e+00  loss_joint: 1.65888e-01  ce_joint: 0.00000e+00  sse_joint: 2.61437e+01  ce_labels_joint: 2.42712e-02  kld_vamb_joint: 3.23953e+00  kld_labels_joint: 3.84093e+00  correct_labels_joint: 0.00000e+00  loss: 3.18826e-01
2026-08-13 13:44:21.387 | INFO    | 		Epoch: 26  loss_vamb: 1.37425e-01  ab_vamb: 9.79659e-03  ce_vamb: 0.00000e+00  sse_vamb: 1.13294e-01  kld_vamb: 1.41639e-02  loss_labels: 1.48021e-02  ce_labels_labels: 4.52517e-03  kld_labels: 6.57724e+01  correct_labels_labels: 0.00000e+00  loss_joint: 1.60236e-01  ce_joint: 0.00000e+00  sse_joint: 2.59323e+01  ce_labels_joint: 2.04990e-02  kld_vamb_joint: 3.21534e+00  kld_labels_joint: 3.80763e+00  correct_labels_joint: 0.00000e+00  loss: 3.12463e-01
2026-08-13 13:44:21.875 | INFO    | 		Epoch: 27  loss_vamb: 1.37648e-01  ab_vamb: 1.05529e-02  ce_vamb: 0.00000e+00  sse_vamb: 1.12963e-01  kld_vamb: 1.41978e-02  loss_labels: 1.31517e-02  ce_labels_labels: 2.97034e-03  kld_labels: 6.51608e+01  correct_labels_labels: 0.00000e+00  loss_joint: 1.56368e-01  ce_joint: 0.00000e+00  sse_joint: 2.56382e+01  ce_labels_joint: 1.67701e-02  kld_vamb_joint: 3.19609e+00  kld_labels_joint: 3.86139e+00  correct_labels_joint: 0.00000e+00  loss: 3.07167e-01
2026-08-13 13:44:22.353 | INFO    | 		Epoch: 28  loss_vamb: 1.37010e-01  ab_vamb: 1.03588e-02  ce_vamb: 0.00000e+00  sse_vamb: 1.12571e-01  kld_vamb: 1.41785e-02  loss_labels: 1.33929e-02  ce_labels_labels: 3.33839e-03  kld_labels: 6.43487e+01  correct_labels_labels: 0.00000e+00  loss_joint: 1.55953e-01  ce_joint: 0.00000e+00  sse_joint: 2.55576e+01  ce_labels_joint: 1.82503e-02  kld_vamb_joint: 3.22523e+00  kld_labels_joint: 3.92956e+00  correct_labels_joint: 0.00000e+00  loss: 3.06355e-01
2026-08-13 13:44:23.046 | INFO    | 		Epoch: 29  loss_vamb: 1.38663e-01  ab_vamb: 1.25269e-02  ce_vamb: 0.00000e+00  sse_vamb: 1.11666e-01  kld_vamb: 1.44387e-02  loss_labels: 1.30522e-02  ce_labels_labels: 3.18793e-03  kld_labels: 6.31314e+01  correct_labels_labels: 0.00000e+00  loss_joint: 1.56622e-01  ce_joint: 0.00000e+00  sse_joint: 2.53199e+01  ce_labels_joint: 1.80931e-02  kld_vamb_joint: 3.23138e+00  kld_labels_joint: 4.00003e+00  correct_labels_joint: 0.00000e+00  loss: 3.08337e-01
2026-08-13 13:44:23.529 | INFO    | 		Epoch: 30  loss_vamb: 1.34710e-01  ab_vamb: 9.39335e-03  ce_vamb: 0.00000e+00  sse_vamb: 1.10566e-01  kld_vamb: 1.45369e-02  loss_labels: 1.28187e-02  ce_labels_labels: 3.10100e-03  kld_labels: 6.21934e+01  correct_labels_labels: 0.00000e+00  loss_joint: 1.52457e-01  ce_joint: 0.00000e+00  sse_joint: 2.52499e+01  ce_labels_joint: 1.64863e-02  kld_vamb_joint: 3.23514e+00  kld_labels_joint: 4.04997e+00  correct_labels_joint: 0.00000e+00  loss: 2.99986e-01
2026-08-13 13:44:24.099 | INFO    | 		Epoch: 31  loss_vamb: 1.32931e-01  ab_vamb: 8.44942e-03  ce_vamb: 0.00000e+00  sse_vamb: 1.09779e-01  kld_vamb: 1.44718e-02  loss_labels: 1.27153e-02  ce_labels_labels: 3.18359e-03  kld_labels: 6.10031e+01  correct_labels_labels: 0.00000e+00  loss_joint: 1.48987e-01  ce_joint: 0.00000e+00  sse_joint: 2.49073e+01  ce_labels_joint: 1.56417e-02  kld_vamb_joint: 3.21321e+00  kld_labels_joint: 4.06571e+00  correct_labels_joint: 0.00000e+00  loss: 2.94633e-01
2026-08-13 13:44:24.626 | INFO    | 		Epoch: 32  loss_vamb: 1.33489e-01  ab_vamb: 9.12605e-03  ce_vamb: 0.00000e+00  sse_vamb: 1.09865e-01  kld_vamb: 1.44499e-02  loss_labels: 1.31756e-02  ce_labels_labels: 3.73341e-03  kld_labels: 6.04301e+01  correct_labels_labels: 0.00000e+00  loss_joint: 1.48453e-01  ce_joint: 0.00000e+00  sse_joint: 2.49638e+01  ce_labels_joint: 1.38736e-02  kld_vamb_joint: 3.24621e+00  kld_labels_joint: 4.12615e+00  correct_labels_joint: 0.00000e+00  loss: 2.95118e-01
2026-08-13 13:44:25.136 | INFO    | 		Epoch: 33  loss_vamb: 1.32635e-01  ab_vamb: 8.91518e-03  ce_vamb: 0.00000e+00  sse_vamb: 1.09202e-01  kld_vamb: 1.43821e-02  loss_labels: 1.15902e-02  ce_labels_labels: 2.27919e-03  kld_labels: 5.95907e+01  correct_labels_labels: 0.00000e+00  loss_joint: 1.45250e-01  ce_joint: 0.00000e+00  sse_joint: 2.47374e+01  ce_labels_joint: 1.26214e-02  kld_vamb_joint: 3.25404e+00  kld_labels_joint: 4.15001e+00  correct_labels_joint: 0.00000e+00  loss: 2.89474e-01
2026-08-13 13:44:25.590 | INFO    | 		Epoch: 34  loss_vamb: 1.31650e-01  ab_vamb: 8.34484e-03  ce_vamb: 0.00000e+00  sse_vamb: 1.08773e-01  kld_vamb: 1.45098e-02  loss_labels: 1.19549e-02  ce_labels_labels: 2.81788e-03  kld_labels: 5.84771e+01  correct_labels_labels: 0.00000e+00  loss_joint: 1.43916e-01  ce_joint: 0.00000e+00  sse_joint: 2.47557e+01  ce_labels_joint: 1.24320e-02  kld_vamb_joint: 3.24955e+00  kld_labels_joint: 4.20695e+00  correct_labels_joint: 0.00000e+00  loss: 2.87521e-01
2026-08-13 13:44:26.129 | INFO    | 		Epoch: 35  loss_vamb: 1.30758e-01  ab_vamb: 7.92829e-03  ce_vamb: 0.00000e+00  sse_vamb: 1.08096e-01  kld_vamb: 1.46468e-02  loss_labels: 1.14851e-02  ce_labels_labels: 2.48063e-03  kld_labels: 5.76287e+01  correct_labels_labels: 0.00000e+00  loss_joint: 1.42315e-01  ce_joint: 0.00000e+00  sse_joint: 2.45792e+01  ce_labels_joint: 1.11078e-02  kld_vamb_joint: 3.25025e+00  kld_labels_joint: 4.26997e+00  correct_labels_joint: 0.00000e+00  loss: 2.84558e-01
2026-08-13 13:44:26.682 | INFO    | 		Epoch: 36  loss_vamb: 1.30978e-01  ab_vamb: 8.73689e-03  ce_vamb: 0.00000e+00  sse_vamb: 1.07927e-01  kld_vamb: 1.46716e-02  loss_labels: 1.16671e-02  ce_labels_labels: 2.74908e-03  kld_labels: 5.70751e+01  correct_labels_labels: 0.00000e+00  loss_joint: 1.42714e-01  ce_joint: 0.00000e+00  sse_joint: 2.44669e+01  ce_labels_joint: 1.20853e-02  kld_vamb_joint: 3.26212e+00  kld_labels_joint: 4.32742e+00  correct_labels_joint: 0.00000e+00  loss: 2.85359e-01
2026-08-13 13:44:27.208 | INFO    | 		Epoch: 37  loss_vamb: 1.30543e-01  ab_vamb: 7.26391e-03  ce_vamb: 0.00000e+00  sse_vamb: 1.08884e-01  kld_vamb: 1.47531e-02  loss_labels: 1.13075e-02  ce_labels_labels: 2.44409e-03  kld_labels: 5.67256e+01  correct_labels_labels: 0.00000e+00  loss_joint: 1.40522e-01  ce_joint: 0.00000e+00  sse_joint: 2.46517e+01  ce_labels_joint: 9.58699e-03  kld_vamb_joint: 3.24941e+00  kld_labels_joint: 4.34716e+00  correct_labels_joint: 0.00000e+00  loss: 2.82373e-01
2026-08-13 13:44:27.774 | INFO    | 		Epoch: 38  loss_vamb: 1.29774e-01  ab_vamb: 7.55101e-03  ce_vamb: 0.00000e+00  sse_vamb: 1.07262e-01  kld_vamb: 1.47642e-02  loss_labels: 1.16455e-02  ce_labels_labels: 2.85679e-03  kld_labels: 5.62478e+01  correct_labels_labels: 0.00000e+00  loss_joint: 1.37989e-01  ce_joint: 0.00000e+00  sse_joint: 2.42535e+01  ce_labels_joint: 8.59008e-03  kld_vamb_joint: 3.26997e+00  kld_labels_joint: 4.38459e+00  correct_labels_joint: 0.00000e+00  loss: 2.79409e-01
2026-08-13 13:44:28.341 | INFO    | 		Epoch: 39  loss_vamb: 1.29126e-01  ab_vamb: 7.68095e-03  ce_vamb: 0.00000e+00  sse_vamb: 1.06316e-01  kld_vamb: 1.47353e-02  loss_labels: 1.19581e-02  ce_labels_labels: 3.22613e-03  kld_labels: 5.58845e+01  correct_labels_labels: 0.00000e+00  loss_joint: 1.38494e-01  ce_joint: 0.00000e+00  sse_joint: 2.40138e+01  ce_labels_joint: 9.88052e-03  kld_vamb_joint: 3.26439e+00  kld_labels_joint: 4.39650e+00  correct_labels_joint: 0.00000e+00  loss: 2.79579e-01
2026-08-13 13:44:28.983 | INFO    | 		Epoch: 40  loss_vamb: 1.28861e-01  ab_vamb: 7.55829e-03  ce_vamb: 0.00000e+00  sse_vamb: 1.06670e-01  kld_vamb: 1.47676e-02  loss_labels: 1.14118e-02  ce_labels_labels: 2.75081e-03  kld_labels: 5.54306e+01  correct_labels_labels: 0.00000e+00  loss_joint: 1.34830e-01  ce_joint: 0.00000e+00  sse_joint: 2.40759e+01  ce_labels_joint: 7.42550e-03  kld_vamb_joint: 3.27726e+00  kld_labels_joint: 4.46012e+00  correct_labels_joint: 0.00000e+00  loss: 2.75102e-01
2026-08-13 13:44:29.510 | INFO    | 		Epoch: 41  loss_vamb: 1.28342e-01  ab_vamb: 7.31782e-03  ce_vamb: 0.00000e+00  sse_vamb: 1.06577e-01  kld_vamb: 1.47752e-02  loss_labels: 1.13956e-02  ce_labels_labels: 2.79797e-03  kld_labels: 5.50250e+01  correct_labels_labels: 0.00000e+00  loss_joint: 1.35988e-01  ce_joint: 0.00000e+00  sse_joint: 2.39947e+01  ce_labels_joint: 8.69027e-03  kld_vamb_joint: 3.26989e+00  kld_labels_joint: 4.48194e+00  correct_labels_joint: 0.00000e+00  loss: 2.75726e-01
2026-08-13 13:44:30.011 | INFO    | 		Epoch: 42  loss_vamb: 1.31251e-01  ab_vamb: 9.19494e-03  ce_vamb: 0.00000e+00  sse_vamb: 1.07560e-01  kld_vamb: 1.49038e-02  loss_labels: 1.10436e-02  ce_labels_labels: 2.55950e-03  kld_labels: 5.42983e+01  correct_labels_labels: 0.00000e+00  loss_joint: 1.38660e-01  ce_joint: 0.00000e+00  sse_joint: 2.43213e+01  ce_labels_joint: 8.58809e-03  kld_vamb_joint: 3.27653e+00  kld_labels_joint: 4.51841e+00  correct_labels_joint: 0.00000e+00  loss: 2.80954e-01
2026-08-13 13:44:32.567 | INFO    | 		Epoch: 43  loss_vamb: 1.29432e-01  ab_vamb: 9.03507e-03  ce_vamb: 0.00000e+00  sse_vamb: 1.05343e-01  kld_vamb: 1.49320e-02  loss_labels: 1.12187e-02  ce_labels_labels: 2.81857e-03  kld_labels: 5.37610e+01  correct_labels_labels: 0.00000e+00  loss_joint: 1.34744e-01  ce_joint: 0.00000e+00  sse_joint: 2.38455e+01  ce_labels_joint: 6.40205e-03  kld_vamb_joint: 3.27606e+00  kld_labels_joint: 4.53674e+00  correct_labels_joint: 0.00000e+00  loss: 2.75394e-01
2026-08-13 13:44:33.104 | INFO    | 		Epoch: 44  loss_vamb: 1.27640e-01  ab_vamb: 7.93588e-03  ce_vamb: 0.00000e+00  sse_vamb: 1.04804e-01  kld_vamb: 1.50140e-02  loss_labels: 1.03742e-02  ce_labels_labels: 1.91094e-03  kld_labels: 5.41646e+01  correct_labels_labels: 0.00000e+00  loss_joint: 1.34530e-01  ce_joint: 0.00000e+00  sse_joint: 2.36385e+01  ce_labels_joint: 8.03797e-03  kld_vamb_joint: 3.24916e+00  kld_labels_joint: 4.56320e+00  correct_labels_joint: 0.00000e+00  loss: 2.72545e-01
2026-08-13 13:44:33.587 | INFO    | 		Epoch: 45  loss_vamb: 1.26704e-01  ab_vamb: 7.04236e-03  ce_vamb: 0.00000e+00  sse_vamb: 1.04784e-01  kld_vamb: 1.50083e-02  loss_labels: 1.06285e-02  ce_labels_labels: 2.22965e-03  kld_labels: 5.37525e+01  correct_labels_labels: 0.00000e+00  loss_joint: 1.34562e-01  ce_joint: 0.00000e+00  sse_joint: 2.36791e+01  ce_labels_joint: 9.09594e-03  kld_vamb_joint: 3.25223e+00  kld_labels_joint: 4.60344e+00  correct_labels_joint: 0.00000e+00  loss: 2.71895e-01
2026-08-13 13:44:34.103 | INFO    | 		Epoch: 46  loss_vamb: 1.28506e-01  ab_vamb: 8.94644e-03  ce_vamb: 0.00000e+00  sse_vamb: 1.04407e-01  kld_vamb: 1.50478e-02  loss_labels: 1.10972e-02  ce_labels_labels: 2.80346e-03  kld_labels: 5.30800e+01  correct_labels_labels: 0.00000e+00  loss_joint: 1.34407e-01  ce_joint: 0.00000e+00  sse_joint: 2.35681e+01  ce_labels_joint: 8.20257e-03  kld_vamb_joint: 3.26292e+00  kld_labels_joint: 4.65124e+00  correct_labels_joint: 0.00000e+00  loss: 2.74010e-01
2026-08-13 13:44:34.614 | INFO    | 		Epoch: 47  loss_vamb: 1.26493e-01  ab_vamb: 8.05177e-03  ce_vamb: 0.00000e+00  sse_vamb: 1.03148e-01  kld_vamb: 1.51171e-02  loss_labels: 1.02169e-02  ce_labels_labels: 2.02963e-03  kld_labels: 5.23986e+01  correct_labels_labels: 0.00000e+00  loss_joint: 1.29962e-01  ce_joint: 0.00000e+00  sse_joint: 2.31845e+01  ce_labels_joint: 6.55202e-03  kld_vamb_joint: 3.23023e+00  kld_labels_joint: 4.69284e+00  correct_labels_joint: 0.00000e+00  loss: 2.66672e-01
2026-08-13 13:44:35.182 | INFO    | 		Epoch: 48  loss_vamb: 1.25185e-01  ab_vamb: 6.71874e-03  ce_vamb: 0.00000e+00  sse_vamb: 1.03554e-01  kld_vamb: 1.51130e-02  loss_labels: 1.03082e-02  ce_labels_labels: 2.20165e-03  kld_labels: 5.18821e+01  correct_labels_labels: 0.00000e+00  loss_joint: 1.30955e-01  ce_joint: 0.00000e+00  sse_joint: 2.32806e+01  ce_labels_joint: 8.33554e-03  kld_vamb_joint: 3.22034e+00  kld_labels_joint: 4.70927e+00  correct_labels_joint: 0.00000e+00  loss: 2.66448e-01
2026-08-13 13:44:35.811 | INFO    | 		Epoch: 49  loss_vamb: 1.25526e-01  ab_vamb: 8.26420e-03  ce_vamb: 0.00000e+00  sse_vamb: 1.02434e-01  kld_vamb: 1.51664e-02  loss_labels: 1.03476e-02  ce_labels_labels: 2.27762e-03  kld_labels: 5.16479e+01  correct_labels_labels: 0.00000e+00  loss_joint: 1.31418e-01  ce_joint: 0.00000e+00  sse_joint: 2.31585e+01  ce_labels_joint: 8.04853e-03  kld_vamb_joint: 3.25586e+00  kld_labels_joint: 4.75673e+00  correct_labels_joint: 0.00000e+00  loss: 2.67292e-01
2026-08-13 13:44:36.373 | INFO    | 		Epoch: 50  loss_vamb: 1.25619e-01  ab_vamb: 8.28103e-03  ce_vamb: 0.00000e+00  sse_vamb: 1.02402e-01  kld_vamb: 1.51353e-02  loss_labels: 1.00815e-02  ce_labels_labels: 2.04070e-03  kld_labels: 5.14610e+01  correct_labels_labels: 0.00000e+00  loss_joint: 1.30961e-01  ce_joint: 0.00000e+00  sse_joint: 2.31702e+01  ce_labels_joint: 8.15776e-03  kld_vamb_joint: 3.28222e+00  kld_labels_joint: 4.78457e+00  correct_labels_joint: 0.00000e+00  loss: 2.66661e-01
2026-08-13 13:44:36.895 | INFO    | 		Epoch: 51  loss_vamb: 1.25912e-01  ab_vamb: 7.98885e-03  ce_vamb: 0.00000e+00  sse_vamb: 1.02810e-01  kld_vamb: 1.52048e-02  loss_labels: 1.04603e-02  ce_labels_labels: 2.45307e-03  kld_labels: 5.12460e+01  correct_labels_labels: 0.00000e+00  loss_joint: 1.32069e-01  ce_joint: 0.00000e+00  sse_joint: 2.31481e+01  ce_labels_joint: 9.56732e-03  kld_vamb_joint: 3.28884e+00  kld_labels_joint: 4.81166e+00  correct_labels_joint: 0.00000e+00  loss: 2.68441e-01
2026-08-13 13:44:37.461 | INFO    | 		Epoch: 52  loss_vamb: 1.25389e-01  ab_vamb: 8.42760e-03  ce_vamb: 0.00000e+00  sse_vamb: 1.01606e-01  kld_vamb: 1.52095e-02  loss_labels: 1.00185e-02  ce_labels_labels: 2.02167e-03  kld_labels: 5.11798e+01  correct_labels_labels: 0.00000e+00  loss_joint: 1.28527e-01  ce_joint: 0.00000e+00  sse_joint: 2.29938e+01  ce_labels_joint: 6.22947e-03  kld_vamb_joint: 3.29701e+00  kld_labels_joint: 4.83251e+00  correct_labels_joint: 0.00000e+00  loss: 2.63935e-01
2026-08-13 13:44:38.001 | INFO    | 		Epoch: 53  loss_vamb: 1.24832e-01  ab_vamb: 7.83578e-03  ce_vamb: 0.00000e+00  sse_vamb: 1.01721e-01  kld_vamb: 1.52980e-02  loss_labels: 1.03838e-02  ce_labels_labels: 2.39885e-03  kld_labels: 5.11036e+01  correct_labels_labels: 0.00000e+00  loss_joint: 1.29875e-01  ce_joint: 0.00000e+00  sse_joint: 2.28762e+01  ce_labels_joint: 8.74923e-03  kld_vamb_joint: 3.27912e+00  kld_labels_joint: 4.87758e+00  correct_labels_joint: 0.00000e+00  loss: 2.65091e-01
2026-08-13 13:44:38.527 | INFO    | 		Epoch: 54  loss_vamb: 1.25129e-01  ab_vamb: 8.38822e-03  ce_vamb: 0.00000e+00  sse_vamb: 1.01626e-01  kld_vamb: 1.52572e-02  loss_labels: 9.92222e-03  ce_labels_labels: 2.04853e-03  kld_labels: 5.03916e+01  correct_labels_labels: 0.00000e+00  loss_joint: 1.29455e-01  ce_joint: 0.00000e+00  sse_joint: 2.28597e+01  ce_labels_joint: 6.81705e-03  kld_vamb_joint: 3.27901e+00  kld_labels_joint: 4.91239e+00  correct_labels_joint: 0.00000e+00  loss: 2.64506e-01
2026-08-13 13:44:39.094 | INFO    | 		Epoch: 55  loss_vamb: 1.24858e-01  ab_vamb: 8.33101e-03  ce_vamb: 0.00000e+00  sse_vamb: 1.00852e-01  kld_vamb: 1.53869e-02  loss_labels: 1.00516e-02  ce_labels_labels: 2.22775e-03  kld_labels: 5.00725e+01  correct_labels_labels: 0.00000e+00  loss_joint: 1.28980e-01  ce_joint: 0.00000e+00  sse_joint: 2.27130e+01  ce_labels_joint: 7.39595e-03  kld_vamb_joint: 3.30610e+00  kld_labels_joint: 4.96231e+00  correct_labels_joint: 0.00000e+00  loss: 2.63890e-01
2026-08-13 13:44:39.562 | INFO    | 		Epoch: 56  loss_vamb: 1.26815e-01  ab_vamb: 9.52207e-03  ce_vamb: 0.00000e+00  sse_vamb: 1.01875e-01  kld_vamb: 1.54199e-02  loss_labels: 9.89706e-03  ce_labels_labels: 2.13244e-03  kld_labels: 4.96936e+01  correct_labels_labels: 0.00000e+00  loss_joint: 1.29579e-01  ce_joint: 0.00000e+00  sse_joint: 2.29274e+01  ce_labels_joint: 7.08801e-03  kld_vamb_joint: 3.33297e+00  kld_labels_joint: 5.00565e+00  correct_labels_joint: 0.00000e+00  loss: 2.66292e-01
2026-08-13 13:44:40.095 | INFO    | 		Epoch: 57  loss_vamb: 1.26334e-01  ab_vamb: 8.98473e-03  ce_vamb: 0.00000e+00  sse_vamb: 1.02259e-01  kld_vamb: 1.55555e-02  loss_labels: 9.86000e-03  ce_labels_labels: 2.14027e-03  kld_labels: 4.94063e+01  correct_labels_labels: 0.00000e+00  loss_joint: 1.27178e-01  ce_joint: 0.00000e+00  sse_joint: 2.29666e+01  ce_labels_joint: 5.52532e-03  kld_vamb_joint: 3.30376e+00  kld_labels_joint: 5.01924e+00  correct_labels_joint: 0.00000e+00  loss: 2.63372e-01
2026-08-13 13:44:40.552 | INFO    | 		Epoch: 58  loss_vamb: 1.24905e-01  ab_vamb: 9.66214e-03  ce_vamb: 0.00000e+00  sse_vamb: 9.96739e-02  kld_vamb: 1.56015e-02  loss_labels: 1.21149e-02  ce_labels_labels: 4.45104e-03  kld_labels: 4.90487e+01  correct_labels_labels: 0.00000e+00  loss_joint: 1.27849e-01  ce_joint: 0.00000e+00  sse_joint: 2.24430e+01  ce_labels_joint: 6.68855e-03  kld_vamb_joint: 3.29156e+00  kld_labels_joint: 5.05856e+00  correct_labels_joint: 0.00000e+00  loss: 2.64869e-01
2026-08-13 13:44:41.093 | INFO    | 		Epoch: 59  loss_vamb: 1.22588e-01  ab_vamb: 7.45803e-03  ce_vamb: 0.00000e+00  sse_vamb: 9.98219e-02  kld_vamb: 1.55575e-02  loss_labels: 9.84008e-03  ce_labels_labels: 2.12000e-03  kld_labels: 4.94085e+01  correct_labels_labels: 0.00000e+00  loss_joint: 1.24930e-01  ce_joint: 0.00000e+00  sse_joint: 2.25200e+01  ce_labels_joint: 5.96398e-03  kld_vamb_joint: 3.30331e+00  kld_labels_joint: 5.07159e+00  correct_labels_joint: 0.00000e+00  loss: 2.57358e-01
2026-08-13 13:44:41.573 | INFO    | 		Epoch: 60  loss_vamb: 1.22282e-01  ab_vamb: 7.94366e-03  ce_vamb: 0.00000e+00  sse_vamb: 9.85959e-02  kld_vamb: 1.56611e-02  loss_labels: 9.66250e-03  ce_labels_labels: 1.95425e-03  kld_labels: 4.93328e+01  correct_labels_labels: 0.00000e+00  loss_joint: 1.23164e-01  ce_joint: 0.00000e+00  sse_joint: 2.21924e+01  ce_labels_joint: 5.31710e-03  kld_vamb_joint: 3.29377e+00  kld_labels_joint: 5.12974e+00  correct_labels_joint: 0.00000e+00  loss: 2.55109e-01
2026-08-13 13:44:42.144 | INFO    | 		Epoch: 61  loss_vamb: 1.21261e-01  ab_vamb: 6.62194e-03  ce_vamb: 0.00000e+00  sse_vamb: 9.91656e-02  kld_vamb: 1.56076e-02  loss_labels: 1.03677e-02  ce_labels_labels: 2.65556e-03  kld_labels: 4.93577e+01  correct_labels_labels: 0.00000e+00  loss_joint: 1.24635e-01  ce_joint: 0.00000e+00  sse_joint: 2.23723e+01  ce_labels_joint: 6.77573e-03  kld_vamb_joint: 3.32123e+00  kld_labels_joint: 5.18780e+00  correct_labels_joint: 0.00000e+00  loss: 2.56264e-01
2026-08-13 13:44:42.857 | INFO    | 		Epoch: 62  loss_vamb: 1.20311e-01  ab_vamb: 6.45344e-03  ce_vamb: 0.00000e+00  sse_vamb: 9.81856e-02  kld_vamb: 1.56224e-02  loss_labels: 9.32852e-03  ce_labels_labels: 1.59368e-03  kld_labels: 4.95030e+01  correct_labels_labels: 0.00000e+00  loss_joint: 1.23295e-01  ce_joint: 0.00000e+00  sse_joint: 2.21357e+01  ce_labels_joint: 6.29270e-03  kld_vamb_joint: 3.34225e+00  kld_labels_joint: 5.17734e+00  correct_labels_joint: 0.00000e+00  loss: 2.52934e-01
2026-08-13 13:44:43.975 | INFO    | 		Epoch: 63  loss_vamb: 1.20754e-01  ab_vamb: 6.99456e-03  ce_vamb: 0.00000e+00  sse_vamb: 9.81976e-02  kld_vamb: 1.55140e-02  loss_labels: 9.70930e-03  ce_labels_labels: 2.01550e-03  kld_labels: 4.92403e+01  correct_labels_labels: 0.00000e+00  loss_joint: 1.24334e-01  ce_joint: 0.00000e+00  sse_joint: 2.21879e+01  ce_labels_joint: 6.75523e-03  kld_vamb_joint: 3.32870e+00  kld_labels_joint: 5.18384e+00  correct_labels_joint: 0.00000e+00  loss: 2.54797e-01
2026-08-13 13:44:44.469 | INFO    | 		Epoch: 64  loss_vamb: 1.23314e-01  ab_vamb: 9.26370e-03  ce_vamb: 0.00000e+00  sse_vamb: 9.83173e-02  kld_vamb: 1.54958e-02  loss_labels: 9.84791e-03  ce_labels_labels: 2.21131e-03  kld_labels: 4.88742e+01  correct_labels_labels: 0.00000e+00  loss_joint: 1.24402e-01  ce_joint: 0.00000e+00  sse_joint: 2.21842e+01  ce_labels_joint: 6.13111e-03  kld_vamb_joint: 3.33512e+00  kld_labels_joint: 5.20956e+00  correct_labels_joint: 0.00000e+00  loss: 2.57563e-01
2026-08-13 13:44:45.000 | INFO    | 		Epoch: 65  loss_vamb: 1.20159e-01  ab_vamb: 7.16310e-03  ce_vamb: 0.00000e+00  sse_vamb: 9.74258e-02  kld_vamb: 1.55942e-02  loss_labels: 9.43883e-03  ce_labels_labels: 1.87787e-03  kld_labels: 4.83901e+01  correct_labels_labels: 0.00000e+00  loss_joint: 1.22153e-01  ce_joint: 0.00000e+00  sse_joint: 2.20366e+01  ce_labels_joint: 5.06423e-03  kld_vamb_joint: 3.35830e+00  kld_labels_joint: 5.26487e+00  correct_labels_joint: 0.00000e+00  loss: 2.51751e-01
2026-08-13 13:44:45.673 | INFO    | 		Epoch: 66  loss_vamb: 1.20528e-01  ab_vamb: 7.16135e-03  ce_vamb: 0.00000e+00  sse_vamb: 9.79135e-02  kld_vamb: 1.55638e-02  loss_labels: 1.00550e-02  ce_labels_labels: 2.54953e-03  kld_labels: 4.80353e+01  correct_labels_labels: 0.00000e+00  loss_joint: 1.20307e-01  ce_joint: 0.00000e+00  sse_joint: 2.20213e+01  ce_labels_joint: 4.35915e-03  kld_vamb_joint: 3.36480e+00  kld_labels_joint: 5.28955e+00  correct_labels_joint: 0.00000e+00  loss: 2.50890e-01
2026-08-13 13:44:46.270 | INFO    | 		Epoch: 67  loss_vamb: 1.18390e-01  ab_vamb: 6.30183e-03  ce_vamb: 0.00000e+00  sse_vamb: 9.62618e-02  kld_vamb: 1.58089e-02  loss_labels: 9.50275e-03  ce_labels_labels: 1.99687e-03  kld_labels: 4.80377e+01  correct_labels_labels: 0.00000e+00  loss_joint: 1.20472e-01  ce_joint: 0.00000e+00  sse_joint: 2.16987e+01  ce_labels_joint: 6.47122e-03  kld_vamb_joint: 3.35792e+00  kld_labels_joint: 5.29921e+00  correct_labels_joint: 0.00000e+00  loss: 2.48365e-01
2026-08-13 13:44:46.797 | INFO    | 		Epoch: 68  loss_vamb: 1.19493e-01  ab_vamb: 7.17872e-03  ce_vamb: 0.00000e+00  sse_vamb: 9.61023e-02  kld_vamb: 1.58143e-02  loss_labels: 9.26961e-03  ce_labels_labels: 1.75989e-03  kld_labels: 4.80622e+01  correct_labels_labels: 0.00000e+00  loss_joint: 1.19727e-01  ce_joint: 0.00000e+00  sse_joint: 2.16271e+01  ce_labels_joint: 4.74617e-03  kld_vamb_joint: 3.35308e+00  kld_labels_joint: 5.33709e+00  correct_labels_joint: 0.00000e+00  loss: 2.48489e-01
2026-08-13 13:44:47.322 | INFO    | 		Epoch: 69  loss_vamb: 1.20040e-01  ab_vamb: 7.16815e-03  ce_vamb: 0.00000e+00  sse_vamb: 9.70078e-02  kld_vamb: 1.58157e-02  loss_labels: 1.05218e-02  ce_labels_labels: 3.07019e-03  kld_labels: 4.76906e+01  correct_labels_labels: 0.00000e+00  loss_joint: 1.19384e-01  ce_joint: 0.00000e+00  sse_joint: 2.18227e+01  ce_labels_joint: 4.42168e-03  kld_vamb_joint: 3.32771e+00  kld_labels_joint: 5.35280e+00  correct_labels_joint: 0.00000e+00  loss: 2.49946e-01
2026-08-13 13:44:47.878 | INFO    | 		Epoch: 70  loss_vamb: 1.20457e-01  ab_vamb: 6.28366e-03  ce_vamb: 0.00000e+00  sse_vamb: 9.80882e-02  kld_vamb: 1.57978e-02  loss_labels: 9.60358e-03  ce_labels_labels: 2.24339e-03  kld_labels: 4.71052e+01  correct_labels_labels: 0.00000e+00  loss_joint: 1.22009e-01  ce_joint: 0.00000e+00  sse_joint: 2.19861e+01  ce_labels_joint: 6.09395e-03  kld_vamb_joint: 3.34895e+00  kld_labels_joint: 5.41446e+00  correct_labels_joint: 0.00000e+00  loss: 2.52069e-01
2026-08-13 13:44:48.461 | INFO    | 		Epoch: 71  loss_vamb: 1.18198e-01  ab_vamb: 6.45183e-03  ce_vamb: 0.00000e+00  sse_vamb: 9.56837e-02  kld_vamb: 1.58910e-02  loss_labels: 9.43576e-03  ce_labels_labels: 2.12167e-03  kld_labels: 4.68102e+01  correct_labels_labels: 0.00000e+00  loss_joint: 1.18525e-01  ce_joint: 0.00000e+00  sse_joint: 2.15409e+01  ce_labels_joint: 5.36893e-03  kld_vamb_joint: 3.34333e+00  kld_labels_joint: 5.43320e+00  correct_labels_joint: 0.00000e+00  loss: 2.46159e-01
2026-08-13 13:44:49.018 | INFO    | 		Epoch: 72  loss_vamb: 1.18232e-01  ab_vamb: 6.82350e-03  ce_vamb: 0.00000e+00  sse_vamb: 9.53808e-02  kld_vamb: 1.59150e-02  loss_labels: 8.99971e-03  ce_labels_labels: 1.66471e-03  kld_labels: 4.69440e+01  correct_labels_labels: 0.00000e+00  loss_joint: 1.19086e-01  ce_joint: 0.00000e+00  sse_joint: 2.14707e+01  ce_labels_joint: 5.61560e-03  kld_vamb_joint: 3.39541e+00  kld_labels_joint: 5.47947e+00  correct_labels_joint: 0.00000e+00  loss: 2.46318e-01
2026-08-13 13:44:49.608 | INFO    | 		Epoch: 73  loss_vamb: 1.18908e-01  ab_vamb: 8.63102e-03  ce_vamb: 0.00000e+00  sse_vamb: 9.40579e-02  kld_vamb: 1.59762e-02  loss_labels: 9.49620e-03  ce_labels_labels: 2.20323e-03  kld_labels: 4.66750e+01  correct_labels_labels: 0.00000e+00  loss_joint: 1.18282e-01  ce_joint: 0.00000e+00  sse_joint: 2.11997e+01  ce_labels_joint: 4.03098e-03  kld_vamb_joint: 3.36088e+00  kld_labels_joint: 5.48122e+00  correct_labels_joint: 0.00000e+00  loss: 2.46686e-01
2026-08-13 13:44:50.242 | INFO    | 		Epoch: 74  loss_vamb: 1.20087e-01  ab_vamb: 8.81734e-03  ce_vamb: 0.00000e+00  sse_vamb: 9.52012e-02  kld_vamb: 1.60086e-02  loss_labels: 9.67738e-03  ce_labels_labels: 2.38896e-03  kld_labels: 4.66459e+01  correct_labels_labels: 0.00000e+00  loss_joint: 1.19271e-01  ce_joint: 0.00000e+00  sse_joint: 2.13346e+01  ce_labels_joint: 4.82256e-03  kld_vamb_joint: 3.34189e+00  kld_labels_joint: 5.54205e+00  correct_labels_joint: 0.00000e+00  loss: 2.49036e-01
2026-08-13 13:44:50.705 | INFO    | 		Epoch: 75  loss_vamb: 1.15428e-01  ab_vamb: 6.09227e-03  ce_vamb: 0.00000e+00  sse_vamb: 9.29973e-02  kld_vamb: 1.59946e-02  loss_labels: 9.15961e-03  ce_labels_labels: 1.87484e-03  kld_labels: 4.66226e+01  correct_labels_labels: 0.00000e+00  loss_joint: 1.16716e-01  ce_joint: 0.00000e+00  sse_joint: 2.09631e+01  ce_labels_joint: 5.97620e-03  kld_vamb_joint: 3.34534e+00  kld_labels_joint: 5.55355e+00  correct_labels_joint: 0.00000e+00  loss: 2.41303e-01
2026-08-13 13:44:51.212 | INFO    | 		Epoch: 76  loss_vamb: 1.16571e-01  ab_vamb: 7.18982e-03  ce_vamb: 0.00000e+00  sse_vamb: 9.33045e-02  kld_vamb: 1.59784e-02  loss_labels: 9.06103e-03  ce_labels_labels: 1.83648e-03  kld_labels: 4.62371e+01  correct_labels_labels: 0.00000e+00  loss_joint: 1.15330e-01  ce_joint: 0.00000e+00  sse_joint: 2.09893e+01  ce_labels_joint: 3.86956e-03  kld_vamb_joint: 3.34625e+00  kld_labels_joint: 5.54836e+00  correct_labels_joint: 0.00000e+00  loss: 2.40962e-01
2026-08-13 13:44:51.959 | INFO    | 		Epoch: 77  loss_vamb: 1.15216e-01  ab_vamb: 6.11376e-03  ce_vamb: 0.00000e+00  sse_vamb: 9.30742e-02  kld_vamb: 1.59671e-02  loss_labels: 8.69575e-03  ce_labels_labels: 1.49568e-03  kld_labels: 4.60805e+01  correct_labels_labels: 0.00000e+00  loss_joint: 1.14954e-01  ce_joint: 0.00000e+00  sse_joint: 2.09420e+01  ce_labels_joint: 4.34467e-03  kld_vamb_joint: 3.36474e+00  kld_labels_joint: 5.57734e+00  correct_labels_joint: 0.00000e+00  loss: 2.38866e-01
2026-08-13 13:44:52.615 | INFO    | 		Epoch: 78  loss_vamb: 1.15642e-01  ab_vamb: 6.30576e-03  ce_vamb: 0.00000e+00  sse_vamb: 9.31171e-02  kld_vamb: 1.60143e-02  loss_labels: 8.63392e-03  ce_labels_labels: 1.45942e-03  kld_labels: 4.59168e+01  correct_labels_labels: 0.00000e+00  loss_joint: 1.15795e-01  ce_joint: 0.00000e+00  sse_joint: 2.09860e+01  ce_labels_joint: 5.40070e-03  kld_vamb_joint: 3.36150e+00  kld_labels_joint: 5.62833e+00  correct_labels_joint: 0.00000e+00  loss: 2.40071e-01
2026-08-13 13:44:53.127 | INFO    | 		Epoch: 79  loss_vamb: 1.14689e-01  ab_vamb: 5.97325e-03  ce_vamb: 0.00000e+00  sse_vamb: 9.28613e-02  kld_vamb: 1.59889e-02  loss_labels: 8.88728e-03  ce_labels_labels: 1.72835e-03  kld_labels: 4.58172e+01  correct_labels_labels: 0.00000e+00  loss_joint: 1.14114e-01  ce_joint: 0.00000e+00  sse_joint: 2.09368e+01  ce_labels_joint: 4.49555e-03  kld_vamb_joint: 3.37590e+00  kld_labels_joint: 5.63329e+00  correct_labels_joint: 0.00000e+00  loss: 2.37690e-01
2026-08-13 13:44:53.741 | INFO    | 		Epoch: 80  loss_vamb: 1.14974e-01  ab_vamb: 6.16667e-03  ce_vamb: 0.00000e+00  sse_vamb: 9.28575e-02  kld_vamb: 1.60181e-02  loss_labels: 8.45951e-03  ce_labels_labels: 1.36175e-03  kld_labels: 4.54256e+01  correct_labels_labels: 0.00000e+00  loss_joint: 1.14712e-01  ce_joint: 0.00000e+00  sse_joint: 2.08358e+01  ce_labels_joint: 5.21258e-03  kld_vamb_joint: 3.38060e+00  kld_labels_joint: 5.67443e+00  correct_labels_joint: 0.00000e+00  loss: 2.38145e-01
2026-08-13 13:44:54.218 | INFO    | 		Epoch: 81  loss_vamb: 1.13241e-01  ab_vamb: 5.16449e-03  ce_vamb: 0.00000e+00  sse_vamb: 9.19910e-02  kld_vamb: 1.60888e-02  loss_labels: 8.69166e-03  ce_labels_labels: 1.61635e-03  kld_labels: 4.52820e+01  correct_labels_labels: 0.00000e+00  loss_joint: 1.11784e-01  ce_joint: 0.00000e+00  sse_joint: 2.06996e+01  ce_labels_joint: 3.85715e-03  kld_vamb_joint: 3.38431e+00  kld_labels_joint: 5.69901e+00  correct_labels_joint: 0.00000e+00  loss: 2.33716e-01
2026-08-13 13:44:54.756 | INFO    | 		Epoch: 82  loss_vamb: 1.14148e-01  ab_vamb: 5.97036e-03  ce_vamb: 0.00000e+00  sse_vamb: 9.19964e-02  kld_vamb: 1.60784e-02  loss_labels: 8.46426e-03  ce_labels_labels: 1.41286e-03  kld_labels: 4.51290e+01  correct_labels_labels: 0.00000e+00  loss_joint: 1.13147e-01  ce_joint: 0.00000e+00  sse_joint: 2.07953e+01  ce_labels_joint: 3.88647e-03  kld_vamb_joint: 3.38350e+00  kld_labels_joint: 5.69819e+00  correct_labels_joint: 0.00000e+00  loss: 2.35760e-01
2026-08-13 13:44:55.298 | INFO    | 		Epoch: 83  loss_vamb: 1.13290e-01  ab_vamb: 5.85312e-03  ce_vamb: 0.00000e+00  sse_vamb: 9.08981e-02  kld_vamb: 1.61452e-02  loss_labels: 8.20480e-03  ce_labels_labels: 1.19413e-03  kld_labels: 4.48683e+01  correct_labels_labels: 0.00000e+00  loss_joint: 1.12345e-01  ce_joint: 0.00000e+00  sse_joint: 2.04915e+01  ce_labels_joint: 4.20809e-03  kld_vamb_joint: 3.39974e+00  kld_labels_joint: 5.73208e+00  correct_labels_joint: 0.00000e+00  loss: 2.33840e-01
2026-08-13 13:44:55.816 | INFO    | 		Epoch: 84  loss_vamb: 1.13727e-01  ab_vamb: 6.51639e-03  ce_vamb: 0.00000e+00  sse_vamb: 9.09422e-02  kld_vamb: 1.61659e-02  loss_labels: 9.61675e-03  ce_labels_labels: 2.62942e-03  kld_labels: 4.47189e+01  correct_labels_labels: 0.00000e+00  loss_joint: 1.12202e-01  ce_joint: 0.00000e+00  sse_joint: 2.05726e+01  ce_labels_joint: 3.31298e-03  kld_vamb_joint: 3.38733e+00  kld_labels_joint: 5.77265e+00  correct_labels_joint: 0.00000e+00  loss: 2.35545e-01
2026-08-13 13:44:56.358 | INFO    | 		Epoch: 85  loss_vamb: 1.13368e-01  ab_vamb: 5.66358e-03  ce_vamb: 0.00000e+00  sse_vamb: 9.16013e-02  kld_vamb: 1.61842e-02  loss_labels: 8.34991e-03  ce_labels_labels: 1.40117e-03  kld_labels: 4.44720e+01  correct_labels_labels: 0.00000e+00  loss_joint: 1.12990e-01  ce_joint: 0.00000e+00  sse_joint: 2.05437e+01  ce_labels_joint: 5.39147e-03  kld_vamb_joint: 3.39311e+00  kld_labels_joint: 5.76088e+00  correct_labels_joint: 0.00000e+00  loss: 2.34708e-01
2026-08-13 13:44:56.907 | INFO    | 		Epoch: 86  loss_vamb: 1.13617e-01  ab_vamb: 6.09281e-03  ce_vamb: 0.00000e+00  sse_vamb: 9.13386e-02  kld_vamb: 1.62072e-02  loss_labels: 8.18634e-03  ce_labels_labels: 1.22427e-03  kld_labels: 4.45572e+01  correct_labels_labels: 0.00000e+00  loss_joint: 1.11627e-01  ce_joint: 0.00000e+00  sse_joint: 2.05904e+01  ce_labels_joint: 3.17281e-03  kld_vamb_joint: 3.40018e+00  kld_labels_joint: 5.75068e+00  correct_labels_joint: 0.00000e+00  loss: 2.33430e-01
2026-08-13 13:44:57.511 | INFO    | 		Epoch: 87  loss_vamb: 1.12703e-01  ab_vamb: 5.48955e-03  ce_vamb: 0.00000e+00  sse_vamb: 9.10548e-02  kld_vamb: 1.61785e-02  loss_labels: 8.63753e-03  ce_labels_labels: 1.68764e-03  kld_labels: 4.44793e+01  correct_labels_labels: 0.00000e+00  loss_joint: 1.11534e-01  ce_joint: 0.00000e+00  sse_joint: 2.05230e+01  ce_labels_joint: 4.29442e-03  kld_vamb_joint: 3.40662e+00  kld_labels_joint: 5.78660e+00  correct_labels_joint: 0.00000e+00  loss: 2.32875e-01
2026-08-13 13:44:58.034 | INFO    | 		Epoch: 88  loss_vamb: 1.13290e-01  ab_vamb: 5.96903e-03  ce_vamb: 0.00000e+00  sse_vamb: 9.07468e-02  kld_vamb: 1.61771e-02  loss_labels: 8.65450e-03  ce_labels_labels: 1.73034e-03  kld_labels: 4.43146e+01  correct_labels_labels: 0.00000e+00  loss_joint: 1.11493e-01  ce_joint: 0.00000e+00  sse_joint: 2.03991e+01  ce_labels_joint: 4.04180e-03  kld_vamb_joint: 3.41652e+00  kld_labels_joint: 5.79004e+00  correct_labels_joint: 0.00000e+00  loss: 2.33437e-01
2026-08-13 13:44:58.579 | INFO    | 		Epoch: 89  loss_vamb: 1.13727e-01  ab_vamb: 6.88608e-03  ce_vamb: 0.00000e+00  sse_vamb: 9.05892e-02  kld_vamb: 1.61684e-02  loss_labels: 8.76085e-03  ce_labels_labels: 1.84451e-03  kld_labels: 4.42646e+01  correct_labels_labels: 0.00000e+00  loss_joint: 1.12205e-01  ce_joint: 0.00000e+00  sse_joint: 2.04825e+01  ce_labels_joint: 3.75219e-03  kld_vamb_joint: 3.42696e+00  kld_labels_joint: 5.81599e+00  correct_labels_joint: 0.00000e+00  loss: 2.34693e-01
2026-08-13 13:44:59.093 | INFO    | 		Epoch: 90  loss_vamb: 1.12456e-01  ab_vamb: 5.40788e-03  ce_vamb: 0.00000e+00  sse_vamb: 9.06399e-02  kld_vamb: 1.62165e-02  loss_labels: 8.40358e-03  ce_labels_labels: 1.49390e-03  kld_labels: 4.42220e+01  correct_labels_labels: 0.00000e+00  loss_joint: 1.10500e-01  ce_joint: 0.00000e+00  sse_joint: 2.03350e+01  ce_labels_joint: 3.86168e-03  kld_vamb_joint: 3.42379e+00  kld_labels_joint: 5.84895e+00  correct_labels_joint: 0.00000e+00  loss: 2.31360e-01
2026-08-13 13:44:59.629 | INFO    | 		Epoch: 91  loss_vamb: 1.12625e-01  ab_vamb: 5.58005e-03  ce_vamb: 0.00000e+00  sse_vamb: 9.07025e-02  kld_vamb: 1.62613e-02  loss_labels: 8.50706e-03  ce_labels_labels: 1.63151e-03  kld_labels: 4.40035e+01  correct_labels_labels: 0.00000e+00  loss_joint: 1.10076e-01  ce_joint: 0.00000e+00  sse_joint: 2.04990e+01  ce_labels_joint: 2.80880e-03  kld_vamb_joint: 3.43159e+00  kld_labels_joint: 5.84640e+00  correct_labels_joint: 0.00000e+00  loss: 2.31208e-01
2026-08-13 13:45:00.159 | INFO    | 		Epoch: 92  loss_vamb: 1.11843e-01  ab_vamb: 5.22560e-03  ce_vamb: 0.00000e+00  sse_vamb: 9.03554e-02  kld_vamb: 1.63136e-02  loss_labels: 8.12815e-03  ce_labels_labels: 1.26868e-03  kld_labels: 4.39006e+01  correct_labels_labels: 0.00000e+00  loss_joint: 1.09556e-01  ce_joint: 0.00000e+00  sse_joint: 2.03943e+01  ce_labels_joint: 3.01269e-03  kld_vamb_joint: 3.43168e+00  kld_labels_joint: 5.88554e+00  correct_labels_joint: 0.00000e+00  loss: 2.29527e-01
2026-08-13 13:45:00.683 | INFO    | 		Epoch: 93  loss_vamb: 1.12087e-01  ab_vamb: 5.32923e-03  ce_vamb: 0.00000e+00  sse_vamb: 9.03592e-02  kld_vamb: 1.63327e-02  loss_labels: 8.33112e-03  ce_labels_labels: 1.48359e-03  kld_labels: 4.38242e+01  correct_labels_labels: 0.00000e+00  loss_joint: 1.10376e-01  ce_joint: 0.00000e+00  sse_joint: 2.03423e+01  ce_labels_joint: 3.75420e-03  kld_vamb_joint: 3.42693e+00  kld_labels_joint: 5.89868e+00  correct_labels_joint: 0.00000e+00  loss: 2.30794e-01
2026-08-13 13:45:01.183 | INFO    | 		Epoch: 94  loss_vamb: 1.12280e-01  ab_vamb: 5.91304e-03  ce_vamb: 0.00000e+00  sse_vamb: 8.97276e-02  kld_vamb: 1.63298e-02  loss_labels: 8.16630e-03  ce_labels_labels: 1.34735e-03  kld_labels: 4.36413e+01  correct_labels_labels: 0.00000e+00  loss_joint: 1.10503e-01  ce_joint: 0.00000e+00  sse_joint: 2.02705e+01  ce_labels_joint: 3.63377e-03  kld_vamb_joint: 3.44613e+00  kld_labels_joint: 5.93554e+00  correct_labels_joint: 0.00000e+00  loss: 2.30949e-01
2026-08-13 13:45:01.662 | INFO    | 		Epoch: 95  loss_vamb: 1.11778e-01  ab_vamb: 5.30644e-03  ce_vamb: 0.00000e+00  sse_vamb: 8.99600e-02  kld_vamb: 1.63265e-02  loss_labels: 8.50116e-03  ce_labels_labels: 1.67719e-03  kld_labels: 4.36734e+01  correct_labels_labels: 0.00000e+00  loss_joint: 1.10351e-01  ce_joint: 0.00000e+00  sse_joint: 2.03496e+01  ce_labels_joint: 4.08553e-03  kld_vamb_joint: 3.43583e+00  kld_labels_joint: 5.95172e+00  correct_labels_joint: 0.00000e+00  loss: 2.30630e-01
2026-08-13 13:45:02.140 | INFO    | 		Epoch: 96  loss_vamb: 1.11045e-01  ab_vamb: 5.07641e-03  ce_vamb: 0.00000e+00  sse_vamb: 8.96675e-02  kld_vamb: 1.62867e-02  loss_labels: 8.24194e-03  ce_labels_labels: 1.47674e-03  kld_labels: 4.32972e+01  correct_labels_labels: 0.00000e+00  loss_joint: 1.08450e-01  ce_joint: 0.00000e+00  sse_joint: 2.02217e+01  ce_labels_joint: 2.94938e-03  kld_vamb_joint: 3.42592e+00  kld_labels_joint: 5.96232e+00  correct_labels_joint: 0.00000e+00  loss: 2.27736e-01
2026-08-13 13:45:02.687 | INFO    | 		Epoch: 97  loss_vamb: 1.11245e-01  ab_vamb: 5.21404e-03  ce_vamb: 0.00000e+00  sse_vamb: 8.96388e-02  kld_vamb: 1.63227e-02  loss_labels: 8.17898e-03  ce_labels_labels: 1.45991e-03  kld_labels: 4.30020e+01  correct_labels_labels: 0.00000e+00  loss_joint: 1.08265e-01  ce_joint: 0.00000e+00  sse_joint: 2.00801e+01  ce_labels_joint: 3.25414e-03  kld_vamb_joint: 3.42306e+00  kld_labels_joint: 5.97966e+00  correct_labels_joint: 0.00000e+00  loss: 2.27690e-01
2026-08-13 13:45:03.180 | INFO    | 		Epoch: 98  loss_vamb: 1.11473e-01  ab_vamb: 5.37246e-03  ce_vamb: 0.00000e+00  sse_vamb: 8.97614e-02  kld_vamb: 1.63416e-02  loss_labels: 7.68317e-03  ce_labels_labels: 9.86432e-04  kld_labels: 4.28591e+01  correct_labels_labels: 0.00000e+00  loss_joint: 1.08029e-01  ce_joint: 0.00000e+00  sse_joint: 2.01817e+01  ce_labels_joint: 2.62521e-03  kld_vamb_joint: 3.41879e+00  kld_labels_joint: 5.98613e+00  correct_labels_joint: 0.00000e+00  loss: 2.27186e-01
2026-08-13 13:45:03.708 | INFO    | 		Epoch: 99  loss_vamb: 1.11731e-01  ab_vamb: 5.95354e-03  ce_vamb: 0.00000e+00  sse_vamb: 8.95530e-02  kld_vamb: 1.63494e-02  loss_labels: 8.27679e-03  ce_labels_labels: 1.65520e-03  kld_labels: 4.23782e+01  correct_labels_labels: 0.00000e+00  loss_joint: 1.09563e-01  ce_joint: 0.00000e+00  sse_joint: 2.02158e+01  ce_labels_joint: 3.31439e-03  kld_vamb_joint: 3.42508e+00  kld_labels_joint: 6.03441e+00  correct_labels_joint: 0.00000e+00  loss: 2.29572e-01
2026-08-13 13:45:04.266 | INFO    | 		Epoch: 100  loss_vamb: 1.11797e-01  ab_vamb: 5.80328e-03  ce_vamb: 0.00000e+00  sse_vamb: 8.95838e-02  kld_vamb: 1.63797e-02  loss_labels: 8.05638e-03  ce_labels_labels: 1.46461e-03  kld_labels: 4.21873e+01  correct_labels_labels: 0.00000e+00  loss_joint: 1.08932e-01  ce_joint: 0.00000e+00  sse_joint: 2.01672e+01  ce_labels_joint: 2.90088e-03  kld_vamb_joint: 3.41134e+00  kld_labels_joint: 6.03704e+00  correct_labels_joint: 0.00000e+00  loss: 2.28785e-01
2026-08-13 13:45:04.837 | INFO    | 		Epoch: 101  loss_vamb: 1.11654e-01  ab_vamb: 5.58499e-03  ce_vamb: 0.00000e+00  sse_vamb: 9.03412e-02  kld_vamb: 1.63685e-02  loss_labels: 8.30461e-03  ce_labels_labels: 1.72987e-03  kld_labels: 4.20783e+01  correct_labels_labels: 0.00000e+00  loss_joint: 1.09140e-01  ce_joint: 0.00000e+00  sse_joint: 2.03564e+01  ce_labels_joint: 3.29569e-03  kld_vamb_joint: 3.40475e+00  kld_labels_joint: 6.04098e+00  correct_labels_joint: 0.00000e+00  loss: 2.29099e-01
2026-08-13 13:45:05.410 | INFO    | 		Epoch: 102  loss_vamb: 1.11647e-01  ab_vamb: 5.50443e-03  ce_vamb: 0.00000e+00  sse_vamb: 8.93987e-02  kld_vamb: 1.63997e-02  loss_labels: 8.17609e-03  ce_labels_labels: 1.58546e-03  kld_labels: 4.21800e+01  correct_labels_labels: 0.00000e+00  loss_joint: 1.09571e-01  ce_joint: 0.00000e+00  sse_joint: 2.00469e+01  ce_labels_joint: 3.65829e-03  kld_vamb_joint: 3.42067e+00  kld_labels_joint: 6.07226e+00  correct_labels_joint: 0.00000e+00  loss: 2.29394e-01
2026-08-13 13:45:06.003 | INFO    | 		Epoch: 103  loss_vamb: 1.10351e-01  ab_vamb: 5.50936e-03  ce_vamb: 0.00000e+00  sse_vamb: 8.82913e-02  kld_vamb: 1.64328e-02  loss_labels: 8.49247e-03  ce_labels_labels: 1.89545e-03  kld_labels: 4.22209e+01  correct_labels_labels: 0.00000e+00  loss_joint: 1.07164e-01  ce_joint: 0.00000e+00  sse_joint: 1.98401e+01  ce_labels_joint: 3.37056e-03  kld_vamb_joint: 3.42773e+00  kld_labels_joint: 6.08997e+00  correct_labels_joint: 0.00000e+00  loss: 2.26007e-01
2026-08-13 13:45:06.587 | INFO    | 		Epoch: 104  loss_vamb: 1.11011e-01  ab_vamb: 5.78314e-03  ce_vamb: 0.00000e+00  sse_vamb: 8.89280e-02  kld_vamb: 1.64431e-02  loss_labels: 7.93392e-03  ce_labels_labels: 1.32448e-03  kld_labels: 4.23004e+01  correct_labels_labels: 0.00000e+00  loss_joint: 1.07091e-01  ce_joint: 0.00000e+00  sse_joint: 1.98937e+01  ce_labels_joint: 2.88335e-03  kld_vamb_joint: 3.44750e+00  kld_labels_joint: 6.13146e+00  correct_labels_joint: 0.00000e+00  loss: 2.26036e-01
2026-08-13 13:45:07.109 | INFO    | 		Epoch: 105  loss_vamb: 1.12547e-01  ab_vamb: 6.79175e-03  ce_vamb: 0.00000e+00  sse_vamb: 8.94915e-02  kld_vamb: 1.64493e-02  loss_labels: 8.06486e-03  ce_labels_labels: 1.43899e-03  kld_labels: 4.24055e+01  correct_labels_labels: 0.00000e+00  loss_joint: 1.07736e-01  ce_joint: 0.00000e+00  sse_joint: 2.00599e+01  ce_labels_joint: 3.04561e-03  kld_vamb_joint: 3.45575e+00  kld_labels_joint: 6.11418e+00  correct_labels_joint: 0.00000e+00  loss: 2.28348e-01
2026-08-13 13:45:07.581 | INFO    | 		Epoch: 106  loss_vamb: 1.10738e-01  ab_vamb: 5.59419e-03  ce_vamb: 0.00000e+00  sse_vamb: 8.86728e-02  kld_vamb: 1.65765e-02  loss_labels: 7.96318e-03  ce_labels_labels: 1.34949e-03  kld_labels: 4.23276e+01  correct_labels_labels: 0.00000e+00  loss_joint: 1.07414e-01  ce_joint: 0.00000e+00  sse_joint: 1.98950e+01  ce_labels_joint: 3.65192e-03  kld_vamb_joint: 3.41169e+00  kld_labels_joint: 6.13282e+00  correct_labels_joint: 0.00000e+00  loss: 2.26115e-01
2026-08-13 13:45:08.126 | INFO    | 		Epoch: 107  loss_vamb: 1.11291e-01  ab_vamb: 5.79852e-03  ce_vamb: 0.00000e+00  sse_vamb: 8.90495e-02  kld_vamb: 1.65627e-02  loss_labels: 7.73694e-03  ce_labels_labels: 1.15260e-03  kld_labels: 4.21398e+01  correct_labels_labels: 0.00000e+00  loss_joint: 1.08551e-01  ce_joint: 0.00000e+00  sse_joint: 2.00317e+01  ce_labels_joint: 3.42711e-03  kld_vamb_joint: 3.43334e+00  kld_labels_joint: 6.12657e+00  correct_labels_joint: 0.00000e+00  loss: 2.27578e-01
2026-08-13 13:45:08.684 | INFO    | 		Epoch: 108  loss_vamb: 1.10319e-01  ab_vamb: 5.39440e-03  ce_vamb: 0.00000e+00  sse_vamb: 8.87162e-02  kld_vamb: 1.65535e-02  loss_labels: 7.98721e-03  ce_labels_labels: 1.42888e-03  kld_labels: 4.19733e+01  correct_labels_labels: 0.00000e+00  loss_joint: 1.07471e-01  ce_joint: 0.00000e+00  sse_joint: 1.99583e+01  ce_labels_joint: 3.32782e-03  kld_vamb_joint: 3.42006e+00  kld_labels_joint: 6.17343e+00  correct_labels_joint: 0.00000e+00  loss: 2.25776e-01
2026-08-13 13:45:09.252 | INFO    | 		Epoch: 109  loss_vamb: 1.11267e-01  ab_vamb: 6.18803e-03  ce_vamb: 0.00000e+00  sse_vamb: 8.87170e-02  kld_vamb: 1.65344e-02  loss_labels: 8.99692e-03  ce_labels_labels: 2.44978e-03  kld_labels: 4.19017e+01  correct_labels_labels: 0.00000e+00  loss_joint: 1.07469e-01  ce_joint: 0.00000e+00  sse_joint: 1.99528e+01  ce_labels_joint: 2.91672e-03  kld_vamb_joint: 3.41674e+00  kld_labels_joint: 6.19545e+00  correct_labels_joint: 0.00000e+00  loss: 2.27733e-01
2026-08-13 13:45:09.740 | INFO    | 		Epoch: 110  loss_vamb: 1.10217e-01  ab_vamb: 5.80954e-03  ce_vamb: 0.00000e+00  sse_vamb: 8.78040e-02  kld_vamb: 1.65341e-02  loss_labels: 8.23154e-03  ce_labels_labels: 1.70698e-03  kld_labels: 4.17572e+01  correct_labels_labels: 0.00000e+00  loss_joint: 1.07158e-01  ce_joint: 0.00000e+00  sse_joint: 1.97315e+01  ce_labels_joint: 3.93006e-03  kld_vamb_joint: 3.42591e+00  kld_labels_joint: 6.17687e+00  correct_labels_joint: 0.00000e+00  loss: 2.25606e-01
2026-08-13 13:45:10.286 | INFO    | 		Epoch: 111  loss_vamb: 1.09613e-01  ab_vamb: 5.02274e-03  ce_vamb: 0.00000e+00  sse_vamb: 8.78580e-02  kld_vamb: 1.65996e-02  loss_labels: 7.74990e-03  ce_labels_labels: 1.22262e-03  kld_labels: 4.17746e+01  correct_labels_labels: 0.00000e+00  loss_joint: 1.06298e-01  ce_joint: 0.00000e+00  sse_joint: 1.97505e+01  ce_labels_joint: 3.28013e-03  kld_vamb_joint: 3.40805e+00  kld_labels_joint: 6.18588e+00  correct_labels_joint: 0.00000e+00  loss: 2.23660e-01
2026-08-13 13:45:10.791 | INFO    | 		Epoch: 112  loss_vamb: 1.10847e-01  ab_vamb: 5.72079e-03  ce_vamb: 0.00000e+00  sse_vamb: 8.87681e-02  kld_vamb: 1.66148e-02  loss_labels: 7.60034e-03  ce_labels_labels: 1.09090e-03  kld_labels: 4.16604e+01  correct_labels_labels: 0.00000e+00  loss_joint: 1.08098e-01  ce_joint: 0.00000e+00  sse_joint: 1.98574e+01  ce_labels_joint: 3.71700e-03  kld_vamb_joint: 3.39912e+00  kld_labels_joint: 6.21436e+00  correct_labels_joint: 0.00000e+00  loss: 2.26545e-01
2026-08-13 13:45:11.268 | INFO    | 		Epoch: 113  loss_vamb: 1.09663e-01  ab_vamb: 5.56737e-03  ce_vamb: 0.00000e+00  sse_vamb: 8.76054e-02  kld_vamb: 1.66711e-02  loss_labels: 8.18001e-03  ce_labels_labels: 1.68387e-03  kld_labels: 4.15753e+01  correct_labels_labels: 0.00000e+00  loss_joint: 1.05847e-01  ce_joint: 0.00000e+00  sse_joint: 1.97520e+01  ce_labels_joint: 2.77400e-03  kld_vamb_joint: 3.42935e+00  kld_labels_joint: 6.24486e+00  correct_labels_joint: 0.00000e+00  loss: 2.23690e-01
2026-08-13 13:45:11.827 | INFO    | 		Epoch: 114  loss_vamb: 1.10130e-01  ab_vamb: 5.58995e-03  ce_vamb: 0.00000e+00  sse_vamb: 8.79553e-02  kld_vamb: 1.66130e-02  loss_labels: 7.84691e-03  ce_labels_labels: 1.37662e-03  kld_labels: 4.14098e+01  correct_labels_labels: 0.00000e+00  loss_joint: 1.06597e-01  ce_joint: 0.00000e+00  sse_joint: 1.98244e+01  ce_labels_joint: 2.86868e-03  kld_vamb_joint: 3.43796e+00  kld_labels_joint: 6.24132e+00  correct_labels_joint: 0.00000e+00  loss: 2.24574e-01
2026-08-13 13:45:12.340 | INFO    | 		Epoch: 115  loss_vamb: 1.10447e-01  ab_vamb: 6.07382e-03  ce_vamb: 0.00000e+00  sse_vamb: 8.79050e-02  kld_vamb: 1.65998e-02  loss_labels: 7.93775e-03  ce_labels_labels: 1.50016e-03  kld_labels: 4.12006e+01  correct_labels_labels: 0.00000e+00  loss_joint: 1.07693e-01  ce_joint: 0.00000e+00  sse_joint: 1.97667e+01  ce_labels_joint: 3.43714e-03  kld_vamb_joint: 3.44807e+00  kld_labels_joint: 6.27623e+00  correct_labels_joint: 0.00000e+00  loss: 2.26077e-01
2026-08-13 13:45:12.860 | INFO    | 		Epoch: 116  loss_vamb: 1.09823e-01  ab_vamb: 6.07106e-03  ce_vamb: 0.00000e+00  sse_vamb: 8.71615e-02  kld_vamb: 1.66569e-02  loss_labels: 8.03611e-03  ce_labels_labels: 1.59965e-03  kld_labels: 4.11933e+01  correct_labels_labels: 0.00000e+00  loss_joint: 1.06314e-01  ce_joint: 0.00000e+00  sse_joint: 1.96447e+01  ce_labels_joint: 3.63343e-03  kld_vamb_joint: 3.43874e+00  kld_labels_joint: 6.29810e+00  correct_labels_joint: 0.00000e+00  loss: 2.24173e-01
2026-08-13 13:45:13.375 | INFO    | 		Epoch: 117  loss_vamb: 1.09412e-01  ab_vamb: 5.16922e-03  ce_vamb: 0.00000e+00  sse_vamb: 8.78444e-02  kld_vamb: 1.67197e-02  loss_labels: 8.50036e-03  ce_labels_labels: 2.06880e-03  kld_labels: 4.11620e+01  correct_labels_labels: 0.00000e+00  loss_joint: 1.06083e-01  ce_joint: 0.00000e+00  sse_joint: 1.96766e+01  ce_labels_joint: 3.61994e-03  kld_vamb_joint: 3.44034e+00  kld_labels_joint: 6.32000e+00  correct_labels_joint: 0.00000e+00  loss: 2.23995e-01
2026-08-13 13:45:13.975 | INFO    | 		Epoch: 118  loss_vamb: 1.08772e-01  ab_vamb: 4.97211e-03  ce_vamb: 0.00000e+00  sse_vamb: 8.68985e-02  kld_vamb: 1.67443e-02  loss_labels: 8.35854e-03  ce_labels_labels: 1.96493e-03  kld_labels: 4.09191e+01  correct_labels_labels: 0.00000e+00  loss_joint: 1.05003e-01  ce_joint: 0.00000e+00  sse_joint: 1.94494e+01  ce_labels_joint: 3.36057e-03  kld_vamb_joint: 3.43154e+00  kld_labels_joint: 6.32882e+00  correct_labels_joint: 0.00000e+00  loss: 2.22134e-01
2026-08-13 13:45:14.436 | INFO    | 		Epoch: 119  loss_vamb: 1.08630e-01  ab_vamb: 5.43040e-03  ce_vamb: 0.00000e+00  sse_vamb: 8.63180e-02  kld_vamb: 1.67241e-02  loss_labels: 8.38074e-03  ce_labels_labels: 1.96665e-03  kld_labels: 4.10502e+01  correct_labels_labels: 0.00000e+00  loss_joint: 1.04815e-01  ce_joint: 0.00000e+00  sse_joint: 1.94110e+01  ce_labels_joint: 3.08491e-03  kld_vamb_joint: 3.46104e+00  kld_labels_joint: 6.35467e+00  correct_labels_joint: 0.00000e+00  loss: 2.21826e-01
2026-08-13 13:45:14.981 | INFO    | 		Epoch: 120  loss_vamb: 1.09122e-01  ab_vamb: 5.20471e-03  ce_vamb: 0.00000e+00  sse_vamb: 8.72524e-02  kld_vamb: 1.67228e-02  loss_labels: 8.15913e-03  ce_labels_labels: 1.74566e-03  kld_labels: 4.10462e+01  correct_labels_labels: 0.00000e+00  loss_joint: 1.05792e-01  ce_joint: 0.00000e+00  sse_joint: 1.96876e+01  ce_labels_joint: 3.06464e-03  kld_vamb_joint: 3.45802e+00  kld_labels_joint: 6.35276e+00  correct_labels_joint: 0.00000e+00  loss: 2.23073e-01
2026-08-13 13:45:15.487 | INFO    | 		Epoch: 121  loss_vamb: 1.08360e-01  ab_vamb: 5.16677e-03  ce_vamb: 0.00000e+00  sse_vamb: 8.62856e-02  kld_vamb: 1.67513e-02  loss_labels: 8.24588e-03  ce_labels_labels: 1.78455e-03  kld_labels: 4.13525e+01  correct_labels_labels: 0.00000e+00  loss_joint: 1.05088e-01  ce_joint: 0.00000e+00  sse_joint: 1.94020e+01  ce_labels_joint: 3.19644e-03  kld_vamb_joint: 3.44177e+00  kld_labels_joint: 6.35979e+00  correct_labels_joint: 0.00000e+00  loss: 2.21694e-01
2026-08-13 13:45:15.976 | INFO    | 		Epoch: 122  loss_vamb: 1.08307e-01  ab_vamb: 4.87464e-03  ce_vamb: 0.00000e+00  sse_vamb: 8.64369e-02  kld_vamb: 1.67832e-02  loss_labels: 8.32905e-03  ce_labels_labels: 1.81564e-03  kld_labels: 4.16858e+01  correct_labels_labels: 0.00000e+00  loss_joint: 1.04943e-01  ce_joint: 0.00000e+00  sse_joint: 1.93941e+01  ce_labels_joint: 3.65125e-03  kld_vamb_joint: 3.43263e+00  kld_labels_joint: 6.33540e+00  correct_labels_joint: 0.00000e+00  loss: 2.21579e-01
2026-08-13 13:45:16.423 | INFO    | 		Epoch: 123  loss_vamb: 1.09857e-01  ab_vamb: 5.89180e-03  ce_vamb: 0.00000e+00  sse_vamb: 8.70743e-02  kld_vamb: 1.67767e-02  loss_labels: 9.16231e-03  ce_labels_labels: 2.58209e-03  kld_labels: 4.21134e+01  correct_labels_labels: 0.00000e+00  loss_joint: 1.06703e-01  ce_joint: 0.00000e+00  sse_joint: 1.95335e+01  ce_labels_joint: 3.66766e-03  kld_vamb_joint: 3.44401e+00  kld_labels_joint: 6.34008e+00  correct_labels_joint: 0.00000e+00  loss: 2.25722e-01
2026-08-13 13:45:16.923 | INFO    | 		Epoch: 124  loss_vamb: 1.08149e-01  ab_vamb: 4.95274e-03  ce_vamb: 0.00000e+00  sse_vamb: 8.62875e-02  kld_vamb: 1.68387e-02  loss_labels: 8.19183e-03  ce_labels_labels: 1.59106e-03  kld_labels: 4.22450e+01  correct_labels_labels: 0.00000e+00  loss_joint: 1.03934e-01  ce_joint: 0.00000e+00  sse_joint: 1.93825e+01  ce_labels_joint: 2.75090e-03  kld_vamb_joint: 3.45950e+00  kld_labels_joint: 6.36140e+00  correct_labels_joint: 0.00000e+00  loss: 2.20275e-01
2026-08-13 13:45:17.415 | INFO    | 		Epoch: 125  loss_vamb: 1.07784e-01  ab_vamb: 5.15315e-03  ce_vamb: 0.00000e+00  sse_vamb: 8.59876e-02  kld_vamb: 1.68558e-02  loss_labels: 7.61819e-03  ce_labels_labels: 9.91061e-04  kld_labels: 4.24136e+01  correct_labels_labels: 0.00000e+00  loss_joint: 1.04119e-01  ce_joint: 0.00000e+00  sse_joint: 1.93111e+01  ce_labels_joint: 3.18402e-03  kld_vamb_joint: 3.42901e+00  kld_labels_joint: 6.35209e+00  correct_labels_joint: 0.00000e+00  loss: 2.19521e-01
2026-08-13 13:45:17.922 | INFO    | 		Epoch: 126  loss_vamb: 1.08982e-01  ab_vamb: 5.76397e-03  ce_vamb: 0.00000e+00  sse_vamb: 8.65510e-02  kld_vamb: 1.68410e-02  loss_labels: 7.77732e-03  ce_labels_labels: 1.13100e-03  kld_labels: 4.25365e+01  correct_labels_labels: 0.00000e+00  loss_joint: 1.05410e-01  ce_joint: 0.00000e+00  sse_joint: 1.95044e+01  ce_labels_joint: 3.06774e-03  kld_vamb_joint: 3.43557e+00  kld_labels_joint: 6.35076e+00  correct_labels_joint: 0.00000e+00  loss: 2.22168e-01
2026-08-13 13:45:18.433 | INFO    | 		Epoch: 127  loss_vamb: 1.07897e-01  ab_vamb: 5.25490e-03  ce_vamb: 0.00000e+00  sse_vamb: 8.53996e-02  kld_vamb: 1.68634e-02  loss_labels: 8.57865e-03  ce_labels_labels: 1.96865e-03  kld_labels: 4.23040e+01  correct_labels_labels: 0.00000e+00  loss_joint: 1.04017e-01  ce_joint: 0.00000e+00  sse_joint: 1.92759e+01  ce_labels_joint: 2.68892e-03  kld_vamb_joint: 3.45167e+00  kld_labels_joint: 6.37577e+00  correct_labels_joint: 0.00000e+00  loss: 2.20492e-01
2026-08-13 13:45:18.945 | INFO    | 		Epoch: 128  loss_vamb: 1.08075e-01  ab_vamb: 5.01703e-03  ce_vamb: 0.00000e+00  sse_vamb: 8.65563e-02  kld_vamb: 1.68588e-02  loss_labels: 7.85672e-03  ce_labels_labels: 1.24847e-03  kld_labels: 4.22928e+01  correct_labels_labels: 0.00000e+00  loss_joint: 1.05341e-01  ce_joint: 0.00000e+00  sse_joint: 1.95229e+01  ce_labels_joint: 4.12786e-03  kld_vamb_joint: 3.45454e+00  kld_labels_joint: 6.37530e+00  correct_labels_joint: 0.00000e+00  loss: 2.21273e-01
2026-08-13 13:45:19.540 | INFO    | 		Epoch: 129  loss_vamb: 1.08499e-01  ab_vamb: 5.34956e-03  ce_vamb: 0.00000e+00  sse_vamb: 8.62999e-02  kld_vamb: 1.69078e-02  loss_labels: 8.92593e-03  ce_labels_labels: 2.35591e-03  kld_labels: 4.20482e+01  correct_labels_labels: 0.00000e+00  loss_joint: 1.04394e-01  ce_joint: 0.00000e+00  sse_joint: 1.93319e+01  ce_labels_joint: 3.18670e-03  kld_vamb_joint: 3.45786e+00  kld_labels_joint: 6.43273e+00  correct_labels_joint: 0.00000e+00  loss: 2.21819e-01
2026-08-13 13:45:20.081 | INFO    | 		Epoch: 130  loss_vamb: 1.07924e-01  ab_vamb: 5.21909e-03  ce_vamb: 0.00000e+00  sse_vamb: 8.60071e-02  kld_vamb: 1.69402e-02  loss_labels: 8.41019e-03  ce_labels_labels: 1.87680e-03  kld_labels: 4.18137e+01  correct_labels_labels: 0.00000e+00  loss_joint: 1.04215e-01  ce_joint: 0.00000e+00  sse_joint: 1.93476e+01  ce_labels_joint: 2.83901e-03  kld_vamb_joint: 3.47265e+00  kld_labels_joint: 6.45324e+00  correct_labels_joint: 0.00000e+00  loss: 2.20549e-01
2026-08-13 13:45:20.602 | INFO    | 		Epoch: 131  loss_vamb: 1.08320e-01  ab_vamb: 5.89072e-03  ce_vamb: 0.00000e+00  sse_vamb: 8.54751e-02  kld_vamb: 1.69409e-02  loss_labels: 7.78424e-03  ce_labels_labels: 1.28252e-03  kld_labels: 4.16110e+01  correct_labels_labels: 0.00000e+00  loss_joint: 1.04709e-01  ce_joint: 0.00000e+00  sse_joint: 1.92211e+01  ce_labels_joint: 3.40720e-03  kld_vamb_joint: 3.48259e+00  kld_labels_joint: 6.47562e+00  correct_labels_joint: 0.00000e+00  loss: 2.20814e-01
2026-08-13 13:45:21.205 | INFO    | 		Epoch: 132  loss_vamb: 1.07847e-01  ab_vamb: 5.39777e-03  ce_vamb: 0.00000e+00  sse_vamb: 8.55454e-02  kld_vamb: 1.69719e-02  loss_labels: 8.11126e-03  ce_labels_labels: 1.62378e-03  kld_labels: 4.15199e+01  correct_labels_labels: 0.00000e+00  loss_joint: 1.04226e-01  ce_joint: 0.00000e+00  sse_joint: 1.93320e+01  ce_labels_joint: 3.28674e-03  kld_vamb_joint: 3.44462e+00  kld_labels_joint: 6.47365e+00  correct_labels_joint: 0.00000e+00  loss: 2.20185e-01
2026-08-13 13:45:21.788 | INFO    | 		Epoch: 133  loss_vamb: 1.07826e-01  ab_vamb: 4.89634e-03  ce_vamb: 0.00000e+00  sse_vamb: 8.59331e-02  kld_vamb: 1.70351e-02  loss_labels: 7.63577e-03  ce_labels_labels: 1.16320e-03  kld_labels: 4.14244e+01  correct_labels_labels: 0.00000e+00  loss_joint: 1.03911e-01  ce_joint: 0.00000e+00  sse_joint: 1.93710e+01  ce_labels_joint: 2.68048e-03  kld_vamb_joint: 3.43991e+00  kld_labels_joint: 6.49649e+00  correct_labels_joint: 0.00000e+00  loss: 2.19373e-01
2026-08-13 13:45:22.333 | INFO    | 		Epoch: 134  loss_vamb: 1.07149e-01  ab_vamb: 5.42383e-03  ce_vamb: 0.00000e+00  sse_vamb: 8.45873e-02  kld_vamb: 1.70521e-02  loss_labels: 7.74391e-03  ce_labels_labels: 1.29329e-03  kld_labels: 4.12840e+01  correct_labels_labels: 0.00000e+00  loss_joint: 1.02825e-01  ce_joint: 0.00000e+00  sse_joint: 1.90419e+01  ce_labels_joint: 3.02320e-03  kld_vamb_joint: 3.45049e+00  kld_labels_joint: 6.50802e+00  correct_labels_joint: 0.00000e+00  loss: 2.17718e-01
2026-08-13 13:45:22.956 | INFO    | 		Epoch: 135  loss_vamb: 1.07684e-01  ab_vamb: 5.44131e-03  ce_vamb: 0.00000e+00  sse_vamb: 8.54666e-02  kld_vamb: 1.69825e-02  loss_labels: 7.69639e-03  ce_labels_labels: 1.27880e-03  kld_labels: 4.10726e+01  correct_labels_labels: 0.00000e+00  loss_joint: 1.05945e-01  ce_joint: 0.00000e+00  sse_joint: 1.92027e+01  ce_labels_joint: 5.46857e-03  kld_vamb_joint: 3.46223e+00  kld_labels_joint: 6.54753e+00  correct_labels_joint: 0.00000e+00  loss: 2.21325e-01
2026-08-13 13:45:23.454 | INFO    | 		Epoch: 136  loss_vamb: 1.06895e-01  ab_vamb: 4.89657e-03  ce_vamb: 0.00000e+00  sse_vamb: 8.50350e-02  kld_vamb: 1.69888e-02  loss_labels: 8.53537e-03  ce_labels_labels: 2.15781e-03  kld_labels: 4.08164e+01  correct_labels_labels: 0.00000e+00  loss_joint: 1.02488e-01  ce_joint: 0.00000e+00  sse_joint: 1.91472e+01  ce_labels_joint: 2.57963e-03  kld_vamb_joint: 3.47282e+00  kld_labels_joint: 6.56025e+00  correct_labels_joint: 0.00000e+00  loss: 2.17918e-01
2026-08-13 13:45:23.974 | INFO    | 		Epoch: 137  loss_vamb: 1.06462e-01  ab_vamb: 4.63542e-03  ce_vamb: 0.00000e+00  sse_vamb: 8.48688e-02  kld_vamb: 1.70843e-02  loss_labels: 7.44521e-03  ce_labels_labels: 1.09846e-03  kld_labels: 4.06192e+01  correct_labels_labels: 0.00000e+00  loss_joint: 1.02781e-01  ce_joint: 0.00000e+00  sse_joint: 1.91465e+01  ce_labels_joint: 3.18643e-03  kld_vamb_joint: 3.48946e+00  kld_labels_joint: 6.58329e+00  correct_labels_joint: 0.00000e+00  loss: 2.16688e-01
2026-08-13 13:45:24.544 | INFO    | 		Epoch: 138  loss_vamb: 1.06976e-01  ab_vamb: 5.18781e-03  ce_vamb: 0.00000e+00  sse_vamb: 8.51079e-02  kld_vamb: 1.70330e-02  loss_labels: 7.59748e-03  ce_labels_labels: 1.29517e-03  kld_labels: 4.03348e+01  correct_labels_labels: 0.00000e+00  loss_joint: 1.01931e-01  ce_joint: 0.00000e+00  sse_joint: 1.91438e+01  ce_labels_joint: 2.38097e-03  kld_vamb_joint: 3.50072e+00  kld_labels_joint: 6.62607e+00  correct_labels_joint: 0.00000e+00  loss: 2.16504e-01
2026-08-13 13:45:25.141 | INFO    | 		Epoch: 139  loss_vamb: 1.07742e-01  ab_vamb: 5.74602e-03  ce_vamb: 0.00000e+00  sse_vamb: 8.52336e-02  kld_vamb: 1.70444e-02  loss_labels: 7.94701e-03  ce_labels_labels: 1.64471e-03  kld_labels: 4.03347e+01  correct_labels_labels: 0.00000e+00  loss_joint: 1.05125e-01  ce_joint: 0.00000e+00  sse_joint: 1.91518e+01  ce_labels_joint: 4.51500e-03  kld_vamb_joint: 3.52550e+00  kld_labels_joint: 6.62487e+00  correct_labels_joint: 0.00000e+00  loss: 2.20813e-01
2026-08-13 13:45:25.746 | INFO    | 		Epoch: 140  loss_vamb: 1.06234e-01  ab_vamb: 5.21412e-03  ce_vamb: 0.00000e+00  sse_vamb: 8.41631e-02  kld_vamb: 1.70410e-02  loss_labels: 7.64569e-03  ce_labels_labels: 1.37784e-03  kld_labels: 4.01142e+01  correct_labels_labels: 0.00000e+00  loss_joint: 1.02688e-01  ce_joint: 0.00000e+00  sse_joint: 1.90398e+01  ce_labels_joint: 2.98660e-03  kld_vamb_joint: 3.51251e+00  kld_labels_joint: 6.63282e+00  correct_labels_joint: 0.00000e+00  loss: 2.16568e-01
2026-08-13 13:45:26.438 | INFO    | 		Epoch: 141  loss_vamb: 1.06612e-01  ab_vamb: 4.93711e-03  ce_vamb: 0.00000e+00  sse_vamb: 8.46990e-02  kld_vamb: 1.70896e-02  loss_labels: 7.69167e-03  ce_labels_labels: 1.42149e-03  kld_labels: 4.01291e+01  correct_labels_labels: 0.00000e+00  loss_joint: 1.02651e-01  ce_joint: 0.00000e+00  sse_joint: 1.90424e+01  ce_labels_joint: 3.50717e-03  kld_vamb_joint: 3.47638e+00  kld_labels_joint: 6.62788e+00  correct_labels_joint: 0.00000e+00  loss: 2.16954e-01
2026-08-13 13:45:27.055 | INFO    | 		Epoch: 142  loss_vamb: 1.06720e-01  ab_vamb: 5.17492e-03  ce_vamb: 0.00000e+00  sse_vamb: 8.43876e-02  kld_vamb: 1.71398e-02  loss_labels: 7.36697e-03  ce_labels_labels: 1.10068e-03  kld_labels: 4.01042e+01  correct_labels_labels: 0.00000e+00  loss_joint: 1.02150e-01  ce_joint: 0.00000e+00  sse_joint: 1.89695e+01  ce_labels_joint: 2.69869e-03  kld_vamb_joint: 3.48540e+00  kld_labels_joint: 6.61479e+00  correct_labels_joint: 0.00000e+00  loss: 2.16237e-01
2026-08-13 13:45:27.685 | INFO    | 		Epoch: 143  loss_vamb: 1.06582e-01  ab_vamb: 4.84905e-03  ce_vamb: 0.00000e+00  sse_vamb: 8.46688e-02  kld_vamb: 1.71735e-02  loss_labels: 9.17791e-03  ce_labels_labels: 2.92191e-03  kld_labels: 4.00384e+01  correct_labels_labels: 0.00000e+00  loss_joint: 1.02116e-01  ce_joint: 0.00000e+00  sse_joint: 1.90158e+01  ce_labels_joint: 3.11574e-03  kld_vamb_joint: 3.49928e+00  kld_labels_joint: 6.63441e+00  correct_labels_joint: 0.00000e+00  loss: 2.17875e-01
2026-08-13 13:45:28.173 | INFO    | 		Epoch: 144  loss_vamb: 1.06354e-01  ab_vamb: 4.99261e-03  ce_vamb: 0.00000e+00  sse_vamb: 8.42868e-02  kld_vamb: 1.71878e-02  loss_labels: 7.40490e-03  ce_labels_labels: 1.09812e-03  kld_labels: 4.03634e+01  correct_labels_labels: 0.00000e+00  loss_joint: 1.01947e-01  ce_joint: 0.00000e+00  sse_joint: 1.89791e+01  ce_labels_joint: 2.92157e-03  kld_vamb_joint: 3.49373e+00  kld_labels_joint: 6.65433e+00  correct_labels_joint: 0.00000e+00  loss: 2.15706e-01
2026-08-13 13:45:28.640 | INFO    | 		Epoch: 145  loss_vamb: 1.06534e-01  ab_vamb: 5.30626e-03  ce_vamb: 0.00000e+00  sse_vamb: 8.41329e-02  kld_vamb: 1.71664e-02  loss_labels: 7.34617e-03  ce_labels_labels: 1.01308e-03  kld_labels: 4.05317e+01  correct_labels_labels: 0.00000e+00  loss_joint: 1.02299e-01  ce_joint: 0.00000e+00  sse_joint: 1.89050e+01  ce_labels_joint: 3.54762e-03  kld_vamb_joint: 3.51804e+00  kld_labels_joint: 6.66958e+00  correct_labels_joint: 0.00000e+00  loss: 2.16178e-01
2026-08-13 13:45:29.103 | INFO    | 		Epoch: 146  loss_vamb: 1.07250e-01  ab_vamb: 5.47756e-03  ce_vamb: 0.00000e+00  sse_vamb: 8.43782e-02  kld_vamb: 1.72473e-02  loss_labels: 7.96574e-03  ce_labels_labels: 1.61647e-03  kld_labels: 4.06354e+01  correct_labels_labels: 0.00000e+00  loss_joint: 1.02170e-01  ce_joint: 0.00000e+00  sse_joint: 1.89834e+01  ce_labels_joint: 2.57382e-03  kld_vamb_joint: 3.50262e+00  kld_labels_joint: 6.67369e+00  correct_labels_joint: 0.00000e+00  loss: 2.17386e-01
2026-08-13 13:45:29.529 | INFO    | 		Epoch: 147  loss_vamb: 1.05767e-01  ab_vamb: 5.06613e-03  ce_vamb: 0.00000e+00  sse_vamb: 8.34159e-02  kld_vamb: 1.72228e-02  loss_labels: 7.85874e-03  ce_labels_labels: 1.54567e-03  kld_labels: 4.04036e+01  correct_labels_labels: 0.00000e+00  loss_joint: 1.01310e-01  ce_joint: 0.00000e+00  sse_joint: 1.87977e+01  ce_labels_joint: 2.59779e-03  kld_vamb_joint: 3.50334e+00  kld_labels_joint: 6.67034e+00  correct_labels_joint: 0.00000e+00  loss: 2.14936e-01
2026-08-13 13:45:29.957 | INFO    | 		Epoch: 148  loss_vamb: 1.05560e-01  ab_vamb: 5.12065e-03  ce_vamb: 0.00000e+00  sse_vamb: 8.35597e-02  kld_vamb: 1.71819e-02  loss_labels: 7.47982e-03  ce_labels_labels: 1.13544e-03  kld_labels: 4.06041e+01  correct_labels_labels: 0.00000e+00  loss_joint: 1.01990e-01  ce_joint: 0.00000e+00  sse_joint: 1.88734e+01  ce_labels_joint: 3.43329e-03  kld_vamb_joint: 3.50274e+00  kld_labels_joint: 6.66742e+00  correct_labels_joint: 0.00000e+00  loss: 2.15030e-01
2026-08-13 13:45:30.668 | INFO    | 		Epoch: 149  loss_vamb: 1.05652e-01  ab_vamb: 5.25385e-03  ce_vamb: 0.00000e+00  sse_vamb: 8.34170e-02  kld_vamb: 1.71948e-02  loss_labels: 7.96373e-03  ce_labels_labels: 1.65590e-03  kld_labels: 4.03701e+01  correct_labels_labels: 0.00000e+00  loss_joint: 1.01487e-01  ce_joint: 0.00000e+00  sse_joint: 1.88152e+01  ce_labels_joint: 2.66308e-03  kld_vamb_joint: 3.52134e+00  kld_labels_joint: 6.72422e+00  correct_labels_joint: 0.00000e+00  loss: 2.15103e-01
2026-08-13 13:45:31.042 | INFO    | 		Epoch: 150  loss_vamb: 1.04502e-01  ab_vamb: 4.98624e-03  ce_vamb: 0.00000e+00  sse_vamb: 8.15232e-02  kld_vamb: 1.72008e-02  loss_labels: 7.55198e-03  ce_labels_labels: 1.28090e-03  kld_labels: 4.01349e+01  correct_labels_labels: 0.00000e+00  loss_joint: 9.91759e-02  ce_joint: 0.00000e+00  sse_joint: 1.84188e+01  ce_labels_joint: 1.99304e-03  kld_vamb_joint: 3.53767e+00  kld_labels_joint: 6.74563e+00  correct_labels_joint: 0.00000e+00  loss: 2.11230e-01
2026-08-13 13:45:31.551 | INFO    | 		Epoch: 151  loss_vamb: 1.04541e-01  ab_vamb: 5.09202e-03  ce_vamb: 0.00000e+00  sse_vamb: 8.26267e-02  kld_vamb: 1.71037e-02  loss_labels: 7.58088e-03  ce_labels_labels: 1.30668e-03  kld_labels: 4.01549e+01  correct_labels_labels: 0.00000e+00  loss_joint: 1.00641e-01  ce_joint: 0.00000e+00  sse_joint: 1.85892e+01  ce_labels_joint: 3.54758e-03  kld_vamb_joint: 3.52308e+00  kld_labels_joint: 6.70479e+00  correct_labels_joint: 0.00000e+00  loss: 2.12763e-01
2026-08-13 13:45:32.097 | INFO    | 		Epoch: 152  loss_vamb: 1.04713e-01  ab_vamb: 4.93185e-03  ce_vamb: 0.00000e+00  sse_vamb: 8.17562e-02  kld_vamb: 1.72109e-02  loss_labels: 7.31277e-03  ce_labels_labels: 1.06039e-03  kld_labels: 4.00152e+01  correct_labels_labels: 0.00000e+00  loss_joint: 9.90635e-02  ce_joint: 0.00000e+00  sse_joint: 1.84294e+01  ce_labels_joint: 2.29821e-03  kld_vamb_joint: 3.52487e+00  kld_labels_joint: 6.73723e+00  correct_labels_joint: 0.00000e+00  loss: 2.11089e-01
2026-08-13 13:45:32.400 | INFO    | 		Epoch: 153  loss_vamb: 1.05037e-01  ab_vamb: 5.09543e-03  ce_vamb: 0.00000e+00  sse_vamb: 8.20091e-02  kld_vamb: 1.72783e-02  loss_labels: 6.97108e-03  ce_labels_labels: 7.19590e-04  kld_labels: 4.00095e+01  correct_labels_labels: 0.00000e+00  loss_joint: 9.90602e-02  ce_joint: 0.00000e+00  sse_joint: 1.83653e+01  ce_labels_joint: 2.26548e-03  kld_vamb_joint: 3.49706e+00  kld_labels_joint: 6.77068e+00  correct_labels_joint: 0.00000e+00  loss: 2.11068e-01
2026-08-13 13:45:32.980 | INFO    | 		Epoch: 154  loss_vamb: 1.04527e-01  ab_vamb: 4.96264e-03  ce_vamb: 0.00000e+00  sse_vamb: 8.13428e-02  kld_vamb: 1.72490e-02  loss_labels: 8.23100e-03  ce_labels_labels: 1.99912e-03  kld_labels: 3.98840e+01  correct_labels_labels: 0.00000e+00  loss_joint: 9.95971e-02  ce_joint: 0.00000e+00  sse_joint: 1.84923e+01  ce_labels_joint: 2.24528e-03  kld_vamb_joint: 3.51721e+00  kld_labels_joint: 6.73276e+00  correct_labels_joint: 0.00000e+00  loss: 2.12355e-01
2026-08-13 13:45:33.559 | INFO    | 		Epoch: 155  loss_vamb: 1.05294e-01  ab_vamb: 5.23895e-03  ce_vamb: 0.00000e+00  sse_vamb: 8.24075e-02  kld_vamb: 1.72405e-02  loss_labels: 7.32138e-03  ce_labels_labels: 1.08557e-03  kld_labels: 3.99092e+01  correct_labels_labels: 0.00000e+00  loss_joint: 1.00394e-01  ce_joint: 0.00000e+00  sse_joint: 1.85625e+01  ce_labels_joint: 2.88541e-03  kld_vamb_joint: 3.52242e+00  kld_labels_joint: 6.77532e+00  correct_labels_joint: 0.00000e+00  loss: 2.13009e-01
2026-08-13 13:45:34.168 | INFO    | 		Epoch: 156  loss_vamb: 1.05617e-01  ab_vamb: 5.21589e-03  ce_vamb: 0.00000e+00  sse_vamb: 8.26817e-02  kld_vamb: 1.72507e-02  loss_labels: 7.37109e-03  ce_labels_labels: 1.15849e-03  kld_labels: 3.97606e+01  correct_labels_labels: 0.00000e+00  loss_joint: 1.00920e-01  ce_joint: 0.00000e+00  sse_joint: 1.86641e+01  ce_labels_joint: 2.83648e-03  kld_vamb_joint: 3.50464e+00  kld_labels_joint: 6.75918e+00  correct_labels_joint: 0.00000e+00  loss: 2.13908e-01
2026-08-13 13:45:34.735 | INFO    | 		Epoch: 157  loss_vamb: 1.05023e-01  ab_vamb: 4.68082e-03  ce_vamb: 0.00000e+00  sse_vamb: 8.37149e-02  kld_vamb: 1.72933e-02  loss_labels: 7.01152e-03  ce_labels_labels: 7.80304e-04  kld_labels: 3.98798e+01  correct_labels_labels: 0.00000e+00  loss_joint: 1.00856e-01  ce_joint: 0.00000e+00  sse_joint: 1.89484e+01  ce_labels_joint: 2.55749e-03  kld_vamb_joint: 3.49668e+00  kld_labels_joint: 6.77450e+00  correct_labels_joint: 0.00000e+00  loss: 2.12890e-01
2026-08-13 13:45:35.048 | INFO    | 		Epoch: 158  loss_vamb: 1.03815e-01  ab_vamb: 4.66620e-03  ce_vamb: 0.00000e+00  sse_vamb: 8.10060e-02  kld_vamb: 1.72694e-02  loss_labels: 7.68756e-03  ce_labels_labels: 1.49936e-03  kld_labels: 3.96045e+01  correct_labels_labels: 0.00000e+00  loss_joint: 9.85647e-02  ce_joint: 0.00000e+00  sse_joint: 1.83154e+01  ce_labels_joint: 2.52936e-03  kld_vamb_joint: 3.53470e+00  kld_labels_joint: 6.75449e+00  correct_labels_joint: 0.00000e+00  loss: 2.10068e-01
2026-08-13 13:45:35.464 | INFO    | 		Epoch: 159  loss_vamb: 1.04575e-01  ab_vamb: 4.72862e-03  ce_vamb: 0.00000e+00  sse_vamb: 8.24440e-02  kld_vamb: 1.73015e-02  loss_labels: 7.46921e-03  ce_labels_labels: 1.28593e-03  kld_labels: 3.95729e+01  correct_labels_labels: 0.00000e+00  loss_joint: 1.00908e-01  ce_joint: 0.00000e+00  sse_joint: 1.85722e+01  ce_labels_joint: 3.48306e-03  kld_vamb_joint: 3.54383e+00  kld_labels_joint: 6.80277e+00  correct_labels_joint: 0.00000e+00  loss: 2.12952e-01
2026-08-13 13:45:35.871 | INFO    | 		Epoch: 160  loss_vamb: 1.04122e-01  ab_vamb: 4.42482e-03  ce_vamb: 0.00000e+00  sse_vamb: 8.17493e-02  kld_vamb: 1.73146e-02  loss_labels: 7.41406e-03  ce_labels_labels: 1.24948e-03  kld_labels: 3.94534e+01  correct_labels_labels: 0.00000e+00  loss_joint: 9.92506e-02  ce_joint: 0.00000e+00  sse_joint: 1.83774e+01  ce_labels_joint: 3.29887e-03  kld_vamb_joint: 3.51646e+00  kld_labels_joint: 6.79592e+00  correct_labels_joint: 0.00000e+00  loss: 2.10787e-01
2026-08-13 13:45:36.351 | INFO    | 		Epoch: 161  loss_vamb: 1.04273e-01  ab_vamb: 4.76583e-03  ce_vamb: 0.00000e+00  sse_vamb: 8.23014e-02  kld_vamb: 1.72401e-02  loss_labels: 8.05262e-03  ce_labels_labels: 1.91633e-03  kld_labels: 3.92722e+01  correct_labels_labels: 0.00000e+00  loss_joint: 9.88441e-02  ce_joint: 0.00000e+00  sse_joint: 1.85932e+01  ce_labels_joint: 2.20238e-03  kld_vamb_joint: 3.53349e+00  kld_labels_joint: 6.77111e+00  correct_labels_joint: 0.00000e+00  loss: 2.11170e-01
2026-08-13 13:45:36.820 | INFO    | 		Epoch: 162  loss_vamb: 1.04651e-01  ab_vamb: 4.85408e-03  ce_vamb: 0.00000e+00  sse_vamb: 8.22080e-02  kld_vamb: 1.73144e-02  loss_labels: 8.14972e-03  ce_labels_labels: 2.00399e-03  kld_labels: 3.93327e+01  correct_labels_labels: 0.00000e+00  loss_joint: 9.83061e-02  ce_joint: 0.00000e+00  sse_joint: 1.84857e+01  ce_labels_joint: 1.77599e-03  kld_vamb_joint: 3.56868e+00  kld_labels_joint: 6.83176e+00  correct_labels_joint: 0.00000e+00  loss: 2.11107e-01
2026-08-13 13:45:37.268 | INFO    | 		Epoch: 163  loss_vamb: 1.05232e-01  ab_vamb: 4.80740e-03  ce_vamb: 0.00000e+00  sse_vamb: 8.31016e-02  kld_vamb: 1.72838e-02  loss_labels: 7.17068e-03  ce_labels_labels: 1.04051e-03  kld_labels: 3.92331e+01  correct_labels_labels: 0.00000e+00  loss_joint: 9.91090e-02  ce_joint: 0.00000e+00  sse_joint: 1.87011e+01  ce_labels_joint: 1.88780e-03  kld_vamb_joint: 3.54191e+00  kld_labels_joint: 6.84786e+00  correct_labels_joint: 0.00000e+00  loss: 2.11512e-01
2026-08-13 13:45:37.853 | INFO    | 		Epoch: 164  loss_vamb: 1.03477e-01  ab_vamb: 4.47514e-03  ce_vamb: 0.00000e+00  sse_vamb: 8.14201e-02  kld_vamb: 1.73189e-02  loss_labels: 8.22238e-03  ce_labels_labels: 2.07226e-03  kld_labels: 3.93608e+01  correct_labels_labels: 0.00000e+00  loss_joint: 9.82435e-02  ce_joint: 0.00000e+00  sse_joint: 1.83257e+01  ce_labels_joint: 2.43119e-03  kld_vamb_joint: 3.54661e+00  kld_labels_joint: 6.85694e+00  correct_labels_joint: 0.00000e+00  loss: 2.09943e-01
2026-08-13 13:45:38.298 | INFO    | 		Epoch: 165  loss_vamb: 1.02948e-01  ab_vamb: 4.59897e-03  ce_vamb: 0.00000e+00  sse_vamb: 8.10996e-02  kld_vamb: 1.73168e-02  loss_labels: 7.58070e-03  ce_labels_labels: 1.44017e-03  kld_labels: 3.92994e+01  correct_labels_labels: 0.00000e+00  loss_joint: 9.90433e-02  ce_joint: 0.00000e+00  sse_joint: 1.82712e+01  ce_labels_joint: 3.46338e-03  kld_vamb_joint: 3.56386e+00  kld_labels_joint: 6.85910e+00  correct_labels_joint: 0.00000e+00  loss: 2.09572e-01
2026-08-13 13:45:38.822 | INFO    | 		Epoch: 166  loss_vamb: 1.03842e-01  ab_vamb: 4.64452e-03  ce_vamb: 0.00000e+00  sse_vamb: 8.25972e-02  kld_vamb: 1.72896e-02  loss_labels: 7.39100e-03  ce_labels_labels: 1.22182e-03  kld_labels: 3.94828e+01  correct_labels_labels: 0.00000e+00  loss_joint: 9.90513e-02  ce_joint: 0.00000e+00  sse_joint: 1.86659e+01  ce_labels_joint: 2.43369e-03  kld_vamb_joint: 3.54266e+00  kld_labels_joint: 6.81386e+00  correct_labels_joint: 0.00000e+00  loss: 2.10284e-01
2026-08-13 13:45:39.332 | INFO    | 		Epoch: 167  loss_vamb: 1.04796e-01  ab_vamb: 5.02684e-03  ce_vamb: 0.00000e+00  sse_vamb: 8.20103e-02  kld_vamb: 1.73563e-02  loss_labels: 8.08340e-03  ce_labels_labels: 1.93047e-03  kld_labels: 3.93788e+01  correct_labels_labels: 0.00000e+00  loss_joint: 1.00331e-01  ce_joint: 0.00000e+00  sse_joint: 1.84474e+01  ce_labels_joint: 3.69978e-03  kld_vamb_joint: 3.54063e+00  kld_labels_joint: 6.85341e+00  correct_labels_joint: 0.00000e+00  loss: 2.13211e-01
2026-08-13 13:45:39.749 | INFO    | 		Epoch: 168  loss_vamb: 1.04737e-01  ab_vamb: 4.36889e-03  ce_vamb: 0.00000e+00  sse_vamb: 8.30668e-02  kld_vamb: 1.72988e-02  loss_labels: 8.34966e-03  ce_labels_labels: 2.17369e-03  kld_labels: 3.95262e+01  correct_labels_labels: 0.00000e+00  loss_joint: 1.00334e-01  ce_joint: 0.00000e+00  sse_joint: 1.87542e+01  ce_labels_joint: 2.82045e-03  kld_vamb_joint: 3.53828e+00  kld_labels_joint: 6.80747e+00  correct_labels_joint: 0.00000e+00  loss: 2.13421e-01
2026-08-13 13:45:40.204 | INFO    | 		Epoch: 169  loss_vamb: 1.03404e-01  ab_vamb: 4.68478e-03  ce_vamb: 0.00000e+00  sse_vamb: 8.18295e-02  kld_vamb: 1.73346e-02  loss_labels: 7.24417e-03  ce_labels_labels: 1.06775e-03  kld_labels: 3.95291e+01  correct_labels_labels: 0.00000e+00  loss_joint: 9.82129e-02  ce_joint: 0.00000e+00  sse_joint: 1.85263e+01  ce_labels_joint: 1.89499e-03  kld_vamb_joint: 3.56172e+00  kld_labels_joint: 6.84123e+00  correct_labels_joint: 0.00000e+00  loss: 2.08861e-01
2026-08-13 13:45:40.763 | INFO    | 		Epoch: 170  loss_vamb: 1.04630e-01  ab_vamb: 4.97557e-03  ce_vamb: 0.00000e+00  sse_vamb: 8.23972e-02  kld_vamb: 1.72381e-02  loss_labels: 7.08059e-03  ce_labels_labels: 9.00576e-04  kld_labels: 3.95521e+01  correct_labels_labels: 0.00000e+00  loss_joint: 9.92169e-02  ce_joint: 0.00000e+00  sse_joint: 1.85695e+01  ce_labels_joint: 1.99245e-03  kld_vamb_joint: 3.55406e+00  kld_labels_joint: 6.86377e+00  correct_labels_joint: 0.00000e+00  loss: 2.10927e-01
2026-08-13 13:45:41.342 | INFO    | 		Epoch: 171  loss_vamb: 1.04551e-01  ab_vamb: 4.98263e-03  ce_vamb: 0.00000e+00  sse_vamb: 8.27044e-02  kld_vamb: 1.72515e-02  loss_labels: 7.46569e-03  ce_labels_labels: 1.28787e-03  kld_labels: 3.95380e+01  correct_labels_labels: 0.00000e+00  loss_joint: 9.92876e-02  ce_joint: 0.00000e+00  sse_joint: 1.85415e+01  ce_labels_joint: 2.93386e-03  kld_vamb_joint: 3.57426e+00  kld_labels_joint: 6.87049e+00  correct_labels_joint: 0.00000e+00  loss: 2.11305e-01
2026-08-13 13:45:42.161 | INFO    | 		Epoch: 172  loss_vamb: 1.03418e-01  ab_vamb: 4.36499e-03  ce_vamb: 0.00000e+00  sse_vamb: 8.14704e-02  kld_vamb: 1.72824e-02  loss_labels: 7.23568e-03  ce_labels_labels: 1.08216e-03  kld_labels: 3.93826e+01  correct_labels_labels: 0.00000e+00  loss_joint: 9.69025e-02  ce_joint: 0.00000e+00  sse_joint: 1.82107e+01  ce_labels_joint: 1.74967e-03  kld_vamb_joint: 3.55622e+00  kld_labels_joint: 6.85349e+00  correct_labels_joint: 0.00000e+00  loss: 2.07556e-01
2026-08-13 13:45:42.718 | INFO    | 		Epoch: 173  loss_vamb: 1.04440e-01  ab_vamb: 4.56510e-03  ce_vamb: 0.00000e+00  sse_vamb: 8.24573e-02  kld_vamb: 1.72905e-02  loss_labels: 7.14528e-03  ce_labels_labels: 9.69770e-04  kld_labels: 3.95232e+01  correct_labels_labels: 0.00000e+00  loss_joint: 9.84221e-02  ce_joint: 0.00000e+00  sse_joint: 1.84707e+01  ce_labels_joint: 2.34909e-03  kld_vamb_joint: 3.55548e+00  kld_labels_joint: 6.87004e+00  correct_labels_joint: 0.00000e+00  loss: 2.10007e-01
2026-08-13 13:45:43.323 | INFO    | 		Epoch: 174  loss_vamb: 1.04041e-01  ab_vamb: 4.30991e-03  ce_vamb: 0.00000e+00  sse_vamb: 8.20460e-02  kld_vamb: 1.73644e-02  loss_labels: 7.98803e-03  ce_labels_labels: 1.83102e-03  kld_labels: 3.94049e+01  correct_labels_labels: 0.00000e+00  loss_joint: 9.80444e-02  ce_joint: 0.00000e+00  sse_joint: 1.84443e+01  ce_labels_joint: 1.94378e-03  kld_vamb_joint: 3.53124e+00  kld_labels_joint: 6.86251e+00  correct_labels_joint: 0.00000e+00  loss: 2.10073e-01
2026-08-13 13:45:43.818 | INFO    | 		Epoch: 175  loss_vamb: 1.03373e-01  ab_vamb: 4.44559e-03  ce_vamb: 0.00000e+00  sse_vamb: 8.23669e-02  kld_vamb: 1.73818e-02  loss_labels: 7.67268e-03  ce_labels_labels: 1.46936e-03  kld_labels: 3.97013e+01  correct_labels_labels: 0.00000e+00  loss_joint: 9.89221e-02  ce_joint: 0.00000e+00  sse_joint: 1.85596e+01  ce_labels_joint: 2.99048e-03  kld_vamb_joint: 3.52760e+00  kld_labels_joint: 6.86540e+00  correct_labels_joint: 0.00000e+00  loss: 2.09968e-01
2026-08-13 13:45:46.719 | INFO    | 		Epoch: 176  loss_vamb: 1.03731e-01  ab_vamb: 4.88397e-03  ce_vamb: 0.00000e+00  sse_vamb: 8.18662e-02  kld_vamb: 1.73261e-02  loss_labels: 7.39099e-03  ce_labels_labels: 1.21203e-03  kld_labels: 3.95454e+01  correct_labels_labels: 0.00000e+00  loss_joint: 9.75239e-02  ce_joint: 0.00000e+00  sse_joint: 1.83871e+01  ce_labels_joint: 1.90004e-03  kld_vamb_joint: 3.52429e+00  kld_labels_joint: 6.82703e+00  correct_labels_joint: 0.00000e+00  loss: 2.08646e-01
2026-08-13 13:45:47.309 | INFO    | 		Epoch: 177  loss_vamb: 1.03878e-01  ab_vamb: 4.65194e-03  ce_vamb: 0.00000e+00  sse_vamb: 8.16970e-02  kld_vamb: 1.73588e-02  loss_labels: 8.34484e-03  ce_labels_labels: 2.15487e-03  kld_labels: 3.96158e+01  correct_labels_labels: 0.00000e+00  loss_joint: 9.85726e-02  ce_joint: 0.00000e+00  sse_joint: 1.82859e+01  ce_labels_joint: 3.23603e-03  kld_vamb_joint: 3.53068e+00  kld_labels_joint: 6.85924e+00  correct_labels_joint: 0.00000e+00  loss: 2.10795e-01
2026-08-13 13:45:47.886 | INFO    | 		Epoch: 178  loss_vamb: 1.04418e-01  ab_vamb: 4.87072e-03  ce_vamb: 0.00000e+00  sse_vamb: 8.20997e-02  kld_vamb: 1.73631e-02  loss_labels: 7.14387e-03  ce_labels_labels: 9.66238e-04  kld_labels: 3.95369e+01  correct_labels_labels: 0.00000e+00  loss_joint: 9.87333e-02  ce_joint: 0.00000e+00  sse_joint: 1.84526e+01  ce_labels_joint: 2.36742e-03  kld_vamb_joint: 3.52897e+00  kld_labels_joint: 6.88202e+00  correct_labels_joint: 0.00000e+00  loss: 2.10296e-01
2026-08-13 13:45:48.461 | INFO    | 		Epoch: 179  loss_vamb: 1.03214e-01  ab_vamb: 4.60644e-03  ce_vamb: 0.00000e+00  sse_vamb: 8.14258e-02  kld_vamb: 1.72575e-02  loss_labels: 7.46144e-03  ce_labels_labels: 1.25912e-03  kld_labels: 3.96948e+01  correct_labels_labels: 0.00000e+00  loss_joint: 9.78136e-02  ce_joint: 0.00000e+00  sse_joint: 1.83513e+01  ce_labels_joint: 2.40037e-03  kld_vamb_joint: 3.53603e+00  kld_labels_joint: 6.82509e+00  correct_labels_joint: 0.00000e+00  loss: 2.08489e-01
2026-08-13 13:45:49.013 | INFO    | 		Epoch: 180  loss_vamb: 1.03391e-01  ab_vamb: 4.60479e-03  ce_vamb: 0.00000e+00  sse_vamb: 8.09961e-02  kld_vamb: 1.73550e-02  loss_labels: 6.96166e-03  ce_labels_labels: 7.97970e-04  kld_labels: 3.94476e+01  correct_labels_labels: 0.00000e+00  loss_joint: 9.69757e-02  ce_joint: 0.00000e+00  sse_joint: 1.81365e+01  ce_labels_joint: 1.97366e-03  kld_vamb_joint: 3.54665e+00  kld_labels_joint: 6.87787e+00  correct_labels_joint: 0.00000e+00  loss: 2.07329e-01
2026-08-13 13:45:49.549 | INFO    | 		Epoch: 181  loss_vamb: 1.03832e-01  ab_vamb: 4.89083e-03  ce_vamb: 0.00000e+00  sse_vamb: 8.05015e-02  kld_vamb: 1.74005e-02  loss_labels: 7.25481e-03  ce_labels_labels: 1.06761e-03  kld_labels: 3.95980e+01  correct_labels_labels: 0.00000e+00  loss_joint: 9.74683e-02  ce_joint: 0.00000e+00  sse_joint: 1.80784e+01  ce_labels_joint: 2.02479e-03  kld_vamb_joint: 3.54067e+00  kld_labels_joint: 6.90905e+00  correct_labels_joint: 0.00000e+00  loss: 2.08555e-01
2026-08-13 13:45:50.130 | INFO    | 		Epoch: 182  loss_vamb: 1.03398e-01  ab_vamb: 4.82739e-03  ce_vamb: 0.00000e+00  sse_vamb: 8.13472e-02  kld_vamb: 1.73671e-02  loss_labels: 7.40260e-03  ce_labels_labels: 1.20760e-03  kld_labels: 3.96480e+01  correct_labels_labels: 0.00000e+00  loss_joint: 9.87744e-02  ce_joint: 0.00000e+00  sse_joint: 1.84154e+01  ce_labels_joint: 2.82038e-03  kld_vamb_joint: 3.53338e+00  kld_labels_joint: 6.89791e+00  correct_labels_joint: 0.00000e+00  loss: 2.09575e-01
2026-08-13 13:45:50.460 | INFO    | 		Epoch: 183  loss_vamb: 1.03569e-01  ab_vamb: 5.29564e-03  ce_vamb: 0.00000e+00  sse_vamb: 8.02353e-02  kld_vamb: 1.74451e-02  loss_labels: 6.96397e-03  ce_labels_labels: 8.15905e-04  kld_labels: 3.93476e+01  correct_labels_labels: 0.00000e+00  loss_joint: 9.71959e-02  ce_joint: 0.00000e+00  sse_joint: 1.80025e+01  ce_labels_joint: 2.19756e-03  kld_vamb_joint: 3.54005e+00  kld_labels_joint: 6.93513e+00  correct_labels_joint: 0.00000e+00  loss: 2.07729e-01
2026-08-13 13:45:51.005 | INFO    | 		Epoch: 184  loss_vamb: 1.03917e-01  ab_vamb: 4.60298e-03  ce_vamb: 0.00000e+00  sse_vamb: 8.28720e-02  kld_vamb: 1.73661e-02  loss_labels: 7.18112e-03  ce_labels_labels: 9.96119e-04  kld_labels: 3.95840e+01  correct_labels_labels: 0.00000e+00  loss_joint: 9.80152e-02  ce_joint: 0.00000e+00  sse_joint: 1.86440e+01  ce_labels_joint: 1.85911e-03  kld_vamb_joint: 3.54026e+00  kld_labels_joint: 6.86890e+00  correct_labels_joint: 0.00000e+00  loss: 2.09113e-01
2026-08-13 13:45:51.573 | INFO    | 		Epoch: 185  loss_vamb: 1.04181e-01  ab_vamb: 4.67579e-03  ce_vamb: 0.00000e+00  sse_vamb: 8.27636e-02  kld_vamb: 1.73739e-02  loss_labels: 7.02369e-03  ce_labels_labels: 8.44371e-04  kld_labels: 3.95477e+01  correct_labels_labels: 0.00000e+00  loss_joint: 9.86329e-02  ce_joint: 0.00000e+00  sse_joint: 1.85629e+01  ce_labels_joint: 2.26993e-03  kld_vamb_joint: 3.55205e+00  kld_labels_joint: 6.89638e+00  correct_labels_joint: 0.00000e+00  loss: 2.09837e-01
2026-08-13 13:45:51.932 | INFO    | 		Epoch: 186  loss_vamb: 1.02988e-01  ab_vamb: 4.32596e-03  ce_vamb: 0.00000e+00  sse_vamb: 8.17022e-02  kld_vamb: 1.73451e-02  loss_labels: 7.26756e-03  ce_labels_labels: 1.08636e-03  kld_labels: 3.95597e+01  correct_labels_labels: 0.00000e+00  loss_joint: 9.73545e-02  ce_joint: 0.00000e+00  sse_joint: 1.83106e+01  ce_labels_joint: 2.65485e-03  kld_vamb_joint: 3.54520e+00  kld_labels_joint: 6.87077e+00  correct_labels_joint: 0.00000e+00  loss: 2.07610e-01
2026-08-13 13:45:52.516 | INFO    | 		Epoch: 187  loss_vamb: 1.02836e-01  ab_vamb: 4.54092e-03  ce_vamb: 0.00000e+00  sse_vamb: 8.10913e-02  kld_vamb: 1.73381e-02  loss_labels: 7.15457e-03  ce_labels_labels: 1.00303e-03  kld_labels: 3.93699e+01  correct_labels_labels: 0.00000e+00  loss_joint: 9.75901e-02  ce_joint: 0.00000e+00  sse_joint: 1.83386e+01  ce_labels_joint: 1.97896e-03  kld_vamb_joint: 3.54076e+00  kld_labels_joint: 6.87655e+00  correct_labels_joint: 0.00000e+00  loss: 2.07580e-01
2026-08-13 13:45:53.150 | INFO    | 		Epoch: 188  loss_vamb: 1.04216e-01  ab_vamb: 4.77726e-03  ce_vamb: 0.00000e+00  sse_vamb: 8.33451e-02  kld_vamb: 1.73327e-02  loss_labels: 7.21004e-03  ce_labels_labels: 1.06987e-03  kld_labels: 3.92971e+01  correct_labels_labels: 0.00000e+00  loss_joint: 9.81393e-02  ce_joint: 0.00000e+00  sse_joint: 1.86806e+01  ce_labels_joint: 2.32356e-03  kld_vamb_joint: 3.52570e+00  kld_labels_joint: 6.89636e+00  correct_labels_joint: 0.00000e+00  loss: 2.09566e-01
2026-08-13 13:45:53.625 | INFO    | 		Epoch: 189  loss_vamb: 1.03787e-01  ab_vamb: 4.23027e-03  ce_vamb: 0.00000e+00  sse_vamb: 8.25979e-02  kld_vamb: 1.73743e-02  loss_labels: 7.43716e-03  ce_labels_labels: 1.32183e-03  kld_labels: 3.91381e+01  correct_labels_labels: 0.00000e+00  loss_joint: 9.86418e-02  ce_joint: 0.00000e+00  sse_joint: 1.86059e+01  ce_labels_joint: 2.42612e-03  kld_vamb_joint: 3.53231e+00  kld_labels_joint: 6.92821e+00  correct_labels_joint: 0.00000e+00  loss: 2.09866e-01
2026-08-13 13:45:54.216 | INFO    | 		Epoch: 190  loss_vamb: 1.03289e-01  ab_vamb: 4.43165e-03  ce_vamb: 0.00000e+00  sse_vamb: 8.14087e-02  kld_vamb: 1.74297e-02  loss_labels: 7.53832e-03  ce_labels_labels: 1.43122e-03  kld_labels: 3.90854e+01  correct_labels_labels: 0.00000e+00  loss_joint: 9.92376e-02  ce_joint: 0.00000e+00  sse_joint: 1.84168e+01  ce_labels_joint: 3.51489e-03  kld_vamb_joint: 3.52649e+00  kld_labels_joint: 6.92822e+00  correct_labels_joint: 0.00000e+00  loss: 2.10065e-01
2026-08-13 13:45:54.791 | INFO    | 		Epoch: 191  loss_vamb: 1.02757e-01  ab_vamb: 4.35486e-03  ce_vamb: 0.00000e+00  sse_vamb: 8.09768e-02  kld_vamb: 1.73587e-02  loss_labels: 6.85861e-03  ce_labels_labels: 7.56652e-04  kld_labels: 3.90526e+01  correct_labels_labels: 0.00000e+00  loss_joint: 9.82906e-02  ce_joint: 0.00000e+00  sse_joint: 1.82565e+01  ce_labels_joint: 2.73257e-03  kld_vamb_joint: 3.54676e+00  kld_labels_joint: 6.92762e+00  correct_labels_joint: 0.00000e+00  loss: 2.07906e-01
2026-08-13 13:45:55.313 | INFO    | 		Epoch: 192  loss_vamb: 1.02596e-01  ab_vamb: 4.43865e-03  ce_vamb: 0.00000e+00  sse_vamb: 8.02119e-02  kld_vamb: 1.74378e-02  loss_labels: 7.25820e-03  ce_labels_labels: 1.15751e-03  kld_labels: 3.90444e+01  correct_labels_labels: 0.00000e+00  loss_joint: 9.88169e-02  ce_joint: 0.00000e+00  sse_joint: 1.79701e+01  ce_labels_joint: 4.64013e-03  kld_vamb_joint: 3.51670e+00  kld_labels_joint: 6.91006e+00  correct_labels_joint: 0.00000e+00  loss: 2.08671e-01
2026-08-13 13:45:55.606 | INFO    | 		Epoch: 193  loss_vamb: 1.04468e-01  ab_vamb: 5.31616e-03  ce_vamb: 0.00000e+00  sse_vamb: 8.22674e-02  kld_vamb: 1.74203e-02  loss_labels: 7.18534e-03  ce_labels_labels: 1.11598e-03  kld_labels: 3.88439e+01  correct_labels_labels: 0.00000e+00  loss_joint: 9.95224e-02  ce_joint: 0.00000e+00  sse_joint: 1.85623e+01  ce_labels_joint: 2.75995e-03  kld_vamb_joint: 3.54783e+00  kld_labels_joint: 6.95645e+00  correct_labels_joint: 0.00000e+00  loss: 2.11176e-01
2026-08-13 13:45:56.176 | INFO    | 		Epoch: 194  loss_vamb: 1.02527e-01  ab_vamb: 4.21329e-03  ce_vamb: 0.00000e+00  sse_vamb: 8.07812e-02  kld_vamb: 1.73811e-02  loss_labels: 7.20537e-03  ce_labels_labels: 1.11595e-03  kld_labels: 3.89723e+01  correct_labels_labels: 0.00000e+00  loss_joint: 9.77954e-02  ce_joint: 0.00000e+00  sse_joint: 1.81907e+01  ce_labels_joint: 3.18372e-03  kld_vamb_joint: 3.54807e+00  kld_labels_joint: 6.97336e+00  correct_labels_joint: 0.00000e+00  loss: 2.07528e-01
2026-08-13 13:45:56.769 | INFO    | 		Epoch: 195  loss_vamb: 1.02943e-01  ab_vamb: 4.95317e-03  ce_vamb: 0.00000e+00  sse_vamb: 8.02605e-02  kld_vamb: 1.74462e-02  loss_labels: 7.28447e-03  ce_labels_labels: 1.22594e-03  kld_labels: 3.87746e+01  correct_labels_labels: 0.00000e+00  loss_joint: 9.58043e-02  ce_joint: 0.00000e+00  sse_joint: 1.79837e+01  ce_labels_joint: 1.79097e-03  kld_vamb_joint: 3.54369e+00  kld_labels_joint: 6.94286e+00  correct_labels_joint: 0.00000e+00  loss: 2.06032e-01
2026-08-13 13:45:57.123 | INFO    | 		Epoch: 196  loss_vamb: 1.02863e-01  ab_vamb: 4.60039e-03  ce_vamb: 0.00000e+00  sse_vamb: 8.09969e-02  kld_vamb: 1.74112e-02  loss_labels: 7.45790e-03  ce_labels_labels: 1.40220e-03  kld_labels: 3.87565e+01  correct_labels_labels: 0.00000e+00  loss_joint: 9.71405e-02  ce_joint: 0.00000e+00  sse_joint: 1.83196e+01  ce_labels_joint: 1.80152e-03  kld_vamb_joint: 3.51455e+00  kld_labels_joint: 6.92024e+00  correct_labels_joint: 0.00000e+00  loss: 2.07461e-01
2026-08-13 13:46:00.396 | INFO    | 		Epoch: 197  loss_vamb: 1.02624e-01  ab_vamb: 4.08679e-03  ce_vamb: 0.00000e+00  sse_vamb: 8.13527e-02  kld_vamb: 1.74086e-02  loss_labels: 6.88801e-03  ce_labels_labels: 8.48469e-04  kld_labels: 3.86531e+01  correct_labels_labels: 0.00000e+00  loss_joint: 9.64424e-02  ce_joint: 0.00000e+00  sse_joint: 1.82501e+01  ce_labels_joint: 1.61343e-03  kld_vamb_joint: 3.54986e+00  kld_labels_joint: 6.94960e+00  correct_labels_joint: 0.00000e+00  loss: 2.05954e-01
2026-08-13 13:46:00.909 | INFO    | 		Epoch: 198  loss_vamb: 1.02714e-01  ab_vamb: 4.57474e-03  ce_vamb: 0.00000e+00  sse_vamb: 8.06921e-02  kld_vamb: 1.74511e-02  loss_labels: 7.12493e-03  ce_labels_labels: 1.09038e-03  kld_labels: 3.86211e+01  correct_labels_labels: 0.00000e+00  loss_joint: 9.73822e-02  ce_joint: 0.00000e+00  sse_joint: 1.81987e+01  ce_labels_joint: 2.64499e-03  kld_vamb_joint: 3.53130e+00  kld_labels_joint: 6.96767e+00  correct_labels_joint: 0.00000e+00  loss: 2.07222e-01
2026-08-13 13:46:01.411 | INFO    | 		Epoch: 199  loss_vamb: 1.03661e-01  ab_vamb: 4.62481e-03  ce_vamb: 0.00000e+00  sse_vamb: 8.11184e-02  kld_vamb: 1.74235e-02  loss_labels: 7.62538e-03  ce_labels_labels: 1.55835e-03  kld_labels: 3.88290e+01  correct_labels_labels: 0.00000e+00  loss_joint: 9.77509e-02  ce_joint: 0.00000e+00  sse_joint: 1.81729e+01  ce_labels_joint: 2.31404e-03  kld_vamb_joint: 3.53474e+00  kld_labels_joint: 6.96616e+00  correct_labels_joint: 0.00000e+00  loss: 2.09037e-01
2026-08-13 13:46:01.793 | INFO    | 		Epoch: 200  loss_vamb: 1.02976e-01  ab_vamb: 4.29587e-03  ce_vamb: 0.00000e+00  sse_vamb: 8.18053e-02  kld_vamb: 1.73757e-02  loss_labels: 6.80086e-03  ce_labels_labels: 7.63905e-04  kld_labels: 3.86365e+01  correct_labels_labels: 0.00000e+00  loss_joint: 9.74580e-02  ce_joint: 0.00000e+00  sse_joint: 1.83338e+01  ce_labels_joint: 2.51804e-03  kld_vamb_joint: 3.53287e+00  kld_labels_joint: 6.98489e+00  correct_labels_joint: 0.00000e+00  loss: 2.07235e-01
2026-08-13 13:46:02.167 | INFO    | 		Epoch: 201  loss_vamb: 1.03772e-01  ab_vamb: 5.03723e-03  ce_vamb: 0.00000e+00  sse_vamb: 8.15759e-02  kld_vamb: 1.73760e-02  loss_labels: 7.47991e-03  ce_labels_labels: 1.44429e-03  kld_labels: 3.86279e+01  correct_labels_labels: 0.00000e+00  loss_joint: 9.79417e-02  ce_joint: 0.00000e+00  sse_joint: 1.83462e+01  ce_labels_joint: 2.01455e-03  kld_vamb_joint: 3.54901e+00  kld_labels_joint: 6.95031e+00  correct_labels_joint: 0.00000e+00  loss: 2.09194e-01
2026-08-13 13:46:02.677 | INFO    | 		Epoch: 202  loss_vamb: 1.02835e-01  ab_vamb: 4.43431e-03  ce_vamb: 0.00000e+00  sse_vamb: 8.12506e-02  kld_vamb: 1.73588e-02  loss_labels: 7.00826e-03  ce_labels_labels: 1.00003e-03  kld_labels: 3.84527e+01  correct_labels_labels: 0.00000e+00  loss_joint: 9.67717e-02  ce_joint: 0.00000e+00  sse_joint: 1.82071e+01  ce_labels_joint: 2.23594e-03  kld_vamb_joint: 3.52298e+00  kld_labels_joint: 6.94194e+00  correct_labels_joint: 0.00000e+00  loss: 2.06615e-01
2026-08-13 13:46:02.971 | INFO    | 		Epoch: 203  loss_vamb: 1.02896e-01  ab_vamb: 4.56739e-03  ce_vamb: 0.00000e+00  sse_vamb: 8.12981e-02  kld_vamb: 1.73839e-02  loss_labels: 6.93191e-03  ce_labels_labels: 9.46781e-04  kld_labels: 3.83048e+01  correct_labels_labels: 0.00000e+00  loss_joint: 9.75304e-02  ce_joint: 0.00000e+00  sse_joint: 1.82995e+01  ce_labels_joint: 2.31626e-03  kld_vamb_joint: 3.55542e+00  kld_labels_joint: 7.02353e+00  correct_labels_joint: 0.00000e+00  loss: 2.07359e-01
2026-08-13 13:46:03.334 | INFO    | 		Epoch: 204  loss_vamb: 1.02751e-01  ab_vamb: 4.39683e-03  ce_vamb: 0.00000e+00  sse_vamb: 8.06565e-02  kld_vamb: 1.74284e-02  loss_labels: 7.74250e-03  ce_labels_labels: 1.73570e-03  kld_labels: 3.84435e+01  correct_labels_labels: 0.00000e+00  loss_joint: 9.67962e-02  ce_joint: 0.00000e+00  sse_joint: 1.80951e+01  ce_labels_joint: 2.16926e-03  kld_vamb_joint: 3.54070e+00  kld_labels_joint: 6.98090e+00  correct_labels_joint: 0.00000e+00  loss: 2.07290e-01
2026-08-13 13:46:03.706 | INFO    | 		Epoch: 205  loss_vamb: 1.03013e-01  ab_vamb: 4.13666e-03  ce_vamb: 0.00000e+00  sse_vamb: 8.08187e-02  kld_vamb: 1.73791e-02  loss_labels: 7.22071e-03  ce_labels_labels: 1.25467e-03  kld_labels: 3.81827e+01  correct_labels_labels: 0.00000e+00  loss_joint: 9.69330e-02  ce_joint: 0.00000e+00  sse_joint: 1.80841e+01  ce_labels_joint: 2.27240e-03  kld_vamb_joint: 3.53164e+00  kld_labels_joint: 6.99771e+00  correct_labels_joint: 0.00000e+00  loss: 2.07167e-01
2026-08-13 13:46:03.993 | INFO    | 		Epoch: 206  loss_vamb: 1.02329e-01  ab_vamb: 4.42754e-03  ce_vamb: 0.00000e+00  sse_vamb: 8.06251e-02  kld_vamb: 1.74348e-02  loss_labels: 7.11627e-03  ce_labels_labels: 1.13092e-03  kld_labels: 3.83062e+01  correct_labels_labels: 0.00000e+00  loss_joint: 9.65107e-02  ce_joint: 0.00000e+00  sse_joint: 1.81542e+01  ce_labels_joint: 2.40176e-03  kld_vamb_joint: 3.52429e+00  kld_labels_joint: 6.98698e+00  correct_labels_joint: 0.00000e+00  loss: 2.05956e-01
2026-08-13 13:46:04.423 | INFO    | 		Epoch: 207  loss_vamb: 1.02820e-01  ab_vamb: 4.25581e-03  ce_vamb: 0.00000e+00  sse_vamb: 8.08720e-02  kld_vamb: 1.74364e-02  loss_labels: 6.79432e-03  ce_labels_labels: 8.26571e-04  kld_labels: 3.81936e+01  correct_labels_labels: 0.00000e+00  loss_joint: 9.80489e-02  ce_joint: 0.00000e+00  sse_joint: 1.83039e+01  ce_labels_joint: 2.46346e-03  kld_vamb_joint: 3.52706e+00  kld_labels_joint: 7.00791e+00  correct_labels_joint: 0.00000e+00  loss: 2.07663e-01
2026-08-13 13:46:04.822 | INFO    | 		Epoch: 208  loss_vamb: 1.03470e-01  ab_vamb: 4.59341e-03  ce_vamb: 0.00000e+00  sse_vamb: 8.21100e-02  kld_vamb: 1.73350e-02  loss_labels: 7.19980e-03  ce_labels_labels: 1.21207e-03  kld_labels: 3.83215e+01  correct_labels_labels: 0.00000e+00  loss_joint: 9.78703e-02  ce_joint: 0.00000e+00  sse_joint: 1.84026e+01  ce_labels_joint: 2.33390e-03  kld_vamb_joint: 3.52662e+00  kld_labels_joint: 7.01222e+00  correct_labels_joint: 0.00000e+00  loss: 2.08540e-01
2026-08-13 13:46:05.145 | INFO    | 		Epoch: 209  loss_vamb: 1.03937e-01  ab_vamb: 4.80174e-03  ce_vamb: 0.00000e+00  sse_vamb: 8.19823e-02  kld_vamb: 1.73849e-02  loss_labels: 6.94620e-03  ce_labels_labels: 9.63123e-04  kld_labels: 3.82917e+01  correct_labels_labels: 0.00000e+00  loss_joint: 9.74036e-02  ce_joint: 0.00000e+00  sse_joint: 1.83753e+01  ce_labels_joint: 2.04885e-03  kld_vamb_joint: 3.53514e+00  kld_labels_joint: 7.02061e+00  correct_labels_joint: 0.00000e+00  loss: 2.08287e-01
2026-08-13 13:46:05.433 | INFO    | 		Epoch: 210  loss_vamb: 1.04358e-01  ab_vamb: 4.43494e-03  ce_vamb: 0.00000e+00  sse_vamb: 8.30457e-02  kld_vamb: 1.73801e-02  loss_labels: 7.17574e-03  ce_labels_labels: 1.21427e-03  kld_labels: 3.81535e+01  correct_labels_labels: 0.00000e+00  loss_joint: 9.88856e-02  ce_joint: 0.00000e+00  sse_joint: 1.86289e+01  ce_labels_joint: 2.21788e-03  kld_vamb_joint: 3.55159e+00  kld_labels_joint: 7.01735e+00  correct_labels_joint: 0.00000e+00  loss: 2.10420e-01
2026-08-13 13:46:05.718 | INFO    | 		Epoch: 211  loss_vamb: 1.03076e-01  ab_vamb: 4.84690e-03  ce_vamb: 0.00000e+00  sse_vamb: 8.09374e-02  kld_vamb: 1.73750e-02  loss_labels: 7.00731e-03  ce_labels_labels: 1.06413e-03  kld_labels: 3.80364e+01  correct_labels_labels: 0.00000e+00  loss_joint: 9.60239e-02  ce_joint: 0.00000e+00  sse_joint: 1.81177e+01  ce_labels_joint: 1.86235e-03  kld_vamb_joint: 3.55500e+00  kld_labels_joint: 7.02573e+00  correct_labels_joint: 0.00000e+00  loss: 2.06107e-01
2026-08-13 13:46:06.180 | INFO    | 		Epoch: 212  loss_vamb: 1.02277e-01  ab_vamb: 4.38822e-03  ce_vamb: 0.00000e+00  sse_vamb: 8.02954e-02  kld_vamb: 1.73990e-02  loss_labels: 6.66260e-03  ce_labels_labels: 7.00023e-04  kld_labels: 3.81605e+01  correct_labels_labels: 0.00000e+00  loss_joint: 9.63864e-02  ce_joint: 0.00000e+00  sse_joint: 1.79242e+01  ce_labels_joint: 2.13195e-03  kld_vamb_joint: 3.56956e+00  kld_labels_joint: 7.04262e+00  correct_labels_joint: 0.00000e+00  loss: 2.05326e-01
2026-08-13 13:46:06.605 | INFO    | 		Epoch: 213  loss_vamb: 1.02788e-01  ab_vamb: 4.46036e-03  ce_vamb: 0.00000e+00  sse_vamb: 8.10919e-02  kld_vamb: 1.74343e-02  loss_labels: 7.35408e-03  ce_labels_labels: 1.41221e-03  kld_labels: 3.80280e+01  correct_labels_labels: 0.00000e+00  loss_joint: 9.63603e-02  ce_joint: 0.00000e+00  sse_joint: 1.81780e+01  ce_labels_joint: 2.14249e-03  kld_vamb_joint: 3.57844e+00  kld_labels_joint: 7.06309e+00  correct_labels_joint: 0.00000e+00  loss: 2.06503e-01
2026-08-13 13:46:07.022 | INFO    | 		Epoch: 214  loss_vamb: 1.02983e-01  ab_vamb: 4.49327e-03  ce_vamb: 0.00000e+00  sse_vamb: 8.07239e-02  kld_vamb: 1.74635e-02  loss_labels: 6.94447e-03  ce_labels_labels: 9.96199e-04  kld_labels: 3.80689e+01  correct_labels_labels: 0.00000e+00  loss_joint: 9.63987e-02  ce_joint: 0.00000e+00  sse_joint: 1.80958e+01  ce_labels_joint: 1.86079e-03  kld_vamb_joint: 3.56361e+00  kld_labels_joint: 7.06597e+00  correct_labels_joint: 0.00000e+00  loss: 2.06326e-01
2026-08-13 13:46:07.429 | INFO    | 		Epoch: 215  loss_vamb: 1.02558e-01  ab_vamb: 4.53002e-03  ce_vamb: 0.00000e+00  sse_vamb: 8.10582e-02  kld_vamb: 1.74977e-02  loss_labels: 6.82001e-03  ce_labels_labels: 8.89892e-04  kld_labels: 3.79528e+01  correct_labels_labels: 0.00000e+00  loss_joint: 9.78506e-02  ce_joint: 0.00000e+00  sse_joint: 1.82336e+01  ce_labels_joint: 3.27624e-03  kld_vamb_joint: 3.54030e+00  kld_labels_joint: 7.03660e+00  correct_labels_joint: 0.00000e+00  loss: 2.07229e-01
2026-08-13 13:46:07.746 | INFO    | 		Epoch: 216  loss_vamb: 1.02899e-01  ab_vamb: 4.49460e-03  ce_vamb: 0.00000e+00  sse_vamb: 8.07155e-02  kld_vamb: 1.74580e-02  loss_labels: 7.36334e-03  ce_labels_labels: 1.42246e-03  kld_labels: 3.80216e+01  correct_labels_labels: 0.00000e+00  loss_joint: 9.60381e-02  ce_joint: 0.00000e+00  sse_joint: 1.80567e+01  ce_labels_joint: 1.96142e-03  kld_vamb_joint: 3.56574e+00  kld_labels_joint: 7.07265e+00  correct_labels_joint: 0.00000e+00  loss: 2.06301e-01
2026-08-13 13:46:08.152 | INFO    | 		Epoch: 217  loss_vamb: 1.01849e-01  ab_vamb: 4.30598e-03  ce_vamb: 0.00000e+00  sse_vamb: 8.01958e-02  kld_vamb: 1.74786e-02  loss_labels: 6.67439e-03  ce_labels_labels: 7.29348e-04  kld_labels: 3.80483e+01  correct_labels_labels: 0.00000e+00  loss_joint: 9.44576e-02  ce_joint: 0.00000e+00  sse_joint: 1.79067e+01  ce_labels_joint: 1.77737e-03  kld_vamb_joint: 3.54216e+00  kld_labels_joint: 7.04418e+00  correct_labels_joint: 0.00000e+00  loss: 2.02981e-01
2026-08-13 13:46:08.486 | INFO    | 		Epoch: 218  loss_vamb: 1.02410e-01  ab_vamb: 4.66467e-03  ce_vamb: 0.00000e+00  sse_vamb: 8.05258e-02  kld_vamb: 1.75608e-02  loss_labels: 6.82054e-03  ce_labels_labels: 9.06168e-04  kld_labels: 3.78520e+01  correct_labels_labels: 0.00000e+00  loss_joint: 9.68006e-02  ce_joint: 0.00000e+00  sse_joint: 1.80252e+01  ce_labels_joint: 3.50629e-03  kld_vamb_joint: 3.55051e+00  kld_labels_joint: 7.07088e+00  correct_labels_joint: 0.00000e+00  loss: 2.06032e-01
2026-08-13 13:46:08.784 | INFO    | 		Epoch: 219  loss_vamb: 1.03462e-01  ab_vamb: 4.50227e-03  ce_vamb: 0.00000e+00  sse_vamb: 8.17869e-02  kld_vamb: 1.75383e-02  loss_labels: 7.09073e-03  ce_labels_labels: 1.17123e-03  kld_labels: 3.78848e+01  correct_labels_labels: 0.00000e+00  loss_joint: 9.80676e-02  ce_joint: 0.00000e+00  sse_joint: 1.82837e+01  ce_labels_joint: 3.16474e-03  kld_vamb_joint: 3.51822e+00  kld_labels_joint: 7.04826e+00  correct_labels_joint: 0.00000e+00  loss: 2.08621e-01
2026-08-13 13:46:09.360 | INFO    | 		Epoch: 220  loss_vamb: 1.01820e-01  ab_vamb: 4.40931e-03  ce_vamb: 0.00000e+00  sse_vamb: 7.97271e-02  kld_vamb: 1.75694e-02  loss_labels: 6.87057e-03  ce_labels_labels: 9.59558e-04  kld_labels: 3.78305e+01  correct_labels_labels: 0.00000e+00  loss_joint: 9.52416e-02  ce_joint: 0.00000e+00  sse_joint: 1.79656e+01  ce_labels_joint: 1.83160e-03  kld_vamb_joint: 3.56707e+00  kld_labels_joint: 7.13488e+00  correct_labels_joint: 0.00000e+00  loss: 2.03933e-01
2026-08-13 13:46:09.996 | INFO    | 		Epoch: 221  loss_vamb: 1.02066e-01  ab_vamb: 4.49253e-03  ce_vamb: 0.00000e+00  sse_vamb: 7.98230e-02  kld_vamb: 1.75811e-02  loss_labels: 6.93686e-03  ce_labels_labels: 1.04672e-03  kld_labels: 3.76969e+01  correct_labels_labels: 0.00000e+00  loss_joint: 9.59608e-02  ce_joint: 0.00000e+00  sse_joint: 1.80073e+01  ce_labels_joint: 2.14019e-03  kld_vamb_joint: 3.56972e+00  kld_labels_joint: 7.07904e+00  correct_labels_joint: 0.00000e+00  loss: 2.04964e-01
2026-08-13 13:46:10.585 | INFO    | 		Epoch: 222  loss_vamb: 1.01615e-01  ab_vamb: 4.30873e-03  ce_vamb: 0.00000e+00  sse_vamb: 7.93045e-02  kld_vamb: 1.75460e-02  loss_labels: 6.89362e-03  ce_labels_labels: 1.00031e-03  kld_labels: 3.77172e+01  correct_labels_labels: 0.00000e+00  loss_joint: 9.61802e-02  ce_joint: 0.00000e+00  sse_joint: 1.78860e+01  ce_labels_joint: 2.01350e-03  kld_vamb_joint: 3.56735e+00  kld_labels_joint: 7.10286e+00  correct_labels_joint: 0.00000e+00  loss: 2.04689e-01
2026-08-13 13:46:11.164 | INFO    | 		Epoch: 223  loss_vamb: 1.02279e-01  ab_vamb: 4.30262e-03  ce_vamb: 0.00000e+00  sse_vamb: 8.05812e-02  kld_vamb: 1.75595e-02  loss_labels: 6.94023e-03  ce_labels_labels: 1.04307e-03  kld_labels: 3.77418e+01  correct_labels_labels: 0.00000e+00  loss_joint: 9.52715e-02  ce_joint: 0.00000e+00  sse_joint: 1.80133e+01  ce_labels_joint: 1.67687e-03  kld_vamb_joint: 3.56472e+00  kld_labels_joint: 7.10656e+00  correct_labels_joint: 0.00000e+00  loss: 2.04491e-01
2026-08-13 13:46:11.607 | INFO    | 		Epoch: 224  loss_vamb: 1.02392e-01  ab_vamb: 4.37613e-03  ce_vamb: 0.00000e+00  sse_vamb: 8.07787e-02  kld_vamb: 1.75411e-02  loss_labels: 7.14571e-03  ce_labels_labels: 1.25410e-03  kld_labels: 3.77063e+01  correct_labels_labels: 0.00000e+00  loss_joint: 9.66507e-02  ce_joint: 0.00000e+00  sse_joint: 1.81930e+01  ce_labels_joint: 2.01494e-03  kld_vamb_joint: 3.58638e+00  kld_labels_joint: 7.11456e+00  correct_labels_joint: 0.00000e+00  loss: 2.06188e-01
2026-08-13 13:46:12.183 | INFO    | 		Epoch: 225  loss_vamb: 1.02296e-01  ab_vamb: 4.69099e-03  ce_vamb: 0.00000e+00  sse_vamb: 8.00510e-02  kld_vamb: 1.75543e-02  loss_labels: 7.57715e-03  ce_labels_labels: 1.71523e-03  kld_labels: 3.75163e+01  correct_labels_labels: 0.00000e+00  loss_joint: 9.54279e-02  ce_joint: 0.00000e+00  sse_joint: 1.79467e+01  ce_labels_joint: 2.02030e-03  kld_vamb_joint: 3.55660e+00  kld_labels_joint: 7.11035e+00  correct_labels_joint: 0.00000e+00  loss: 2.05301e-01
2026-08-13 13:46:12.778 | INFO    | 		Epoch: 226  loss_vamb: 1.02324e-01  ab_vamb: 4.49176e-03  ce_vamb: 0.00000e+00  sse_vamb: 8.02761e-02  kld_vamb: 1.75565e-02  loss_labels: 7.07222e-03  ce_labels_labels: 1.20271e-03  kld_labels: 3.75648e+01  correct_labels_labels: 0.00000e+00  loss_joint: 9.57954e-02  ce_joint: 0.00000e+00  sse_joint: 1.79439e+01  ce_labels_joint: 2.35083e-03  kld_vamb_joint: 3.56290e+00  kld_labels_joint: 7.12669e+00  correct_labels_joint: 0.00000e+00  loss: 2.05192e-01
2026-08-13 13:46:13.653 | INFO    | 		Epoch: 227  loss_vamb: 1.02001e-01  ab_vamb: 4.36341e-03  ce_vamb: 0.00000e+00  sse_vamb: 8.00817e-02  kld_vamb: 1.75562e-02  loss_labels: 6.73821e-03  ce_labels_labels: 9.00147e-04  kld_labels: 3.73636e+01  correct_labels_labels: 0.00000e+00  loss_joint: 9.53904e-02  ce_joint: 0.00000e+00  sse_joint: 1.79745e+01  ce_labels_joint: 1.94460e-03  kld_vamb_joint: 3.56342e+00  kld_labels_joint: 7.13551e+00  correct_labels_joint: 0.00000e+00  loss: 2.04130e-01
2026-08-13 13:46:14.349 | INFO    | 		Epoch: 228  loss_vamb: 1.02094e-01  ab_vamb: 4.46346e-03  ce_vamb: 0.00000e+00  sse_vamb: 8.00675e-02  kld_vamb: 1.75629e-02  loss_labels: 7.11351e-03  ce_labels_labels: 1.27643e-03  kld_labels: 3.73573e+01  correct_labels_labels: 0.00000e+00  loss_joint: 9.53973e-02  ce_joint: 0.00000e+00  sse_joint: 1.79454e+01  ce_labels_joint: 2.00076e-03  kld_vamb_joint: 3.57085e+00  kld_labels_joint: 7.14174e+00  correct_labels_joint: 0.00000e+00  loss: 2.04605e-01
2026-08-13 13:46:14.937 | INFO    | 		Epoch: 229  loss_vamb: 1.02239e-01  ab_vamb: 4.64404e-03  ce_vamb: 0.00000e+00  sse_vamb: 8.00185e-02  kld_vamb: 1.75763e-02  loss_labels: 7.03587e-03  ce_labels_labels: 1.19312e-03  kld_labels: 3.73936e+01  correct_labels_labels: 0.00000e+00  loss_joint: 9.54270e-02  ce_joint: 0.00000e+00  sse_joint: 1.79170e+01  ce_labels_joint: 2.19129e-03  kld_vamb_joint: 3.56520e+00  kld_labels_joint: 7.14668e+00  correct_labels_joint: 0.00000e+00  loss: 2.04702e-01
2026-08-13 13:46:15.527 | INFO    | 		Epoch: 230  loss_vamb: 1.01692e-01  ab_vamb: 4.20838e-03  ce_vamb: 0.00000e+00  sse_vamb: 7.98975e-02  kld_vamb: 1.75863e-02  loss_labels: 7.07362e-03  ce_labels_labels: 1.23011e-03  kld_labels: 3.73985e+01  correct_labels_labels: 0.00000e+00  loss_joint: 9.57114e-02  ce_joint: 0.00000e+00  sse_joint: 1.79139e+01  ce_labels_joint: 2.72998e-03  kld_vamb_joint: 3.56593e+00  kld_labels_joint: 7.15533e+00  correct_labels_joint: 0.00000e+00  loss: 2.04477e-01
2026-08-13 13:46:16.142 | INFO    | 		Epoch: 231  loss_vamb: 1.01670e-01  ab_vamb: 4.24904e-03  ce_vamb: 0.00000e+00  sse_vamb: 7.98319e-02  kld_vamb: 1.75895e-02  loss_labels: 6.95446e-03  ce_labels_labels: 1.13807e-03  kld_labels: 3.72249e+01  correct_labels_labels: 0.00000e+00  loss_joint: 9.49621e-02  ce_joint: 0.00000e+00  sse_joint: 1.79105e+01  ce_labels_joint: 1.69244e-03  kld_vamb_joint: 3.55651e+00  kld_labels_joint: 7.13335e+00  correct_labels_joint: 0.00000e+00  loss: 2.03587e-01
2026-08-13 13:46:16.953 | INFO    | 		Epoch: 232  loss_vamb: 1.01801e-01  ab_vamb: 4.41839e-03  ce_vamb: 0.00000e+00  sse_vamb: 7.97995e-02  kld_vamb: 1.75835e-02  loss_labels: 6.79144e-03  ce_labels_labels: 9.57901e-04  kld_labels: 3.73347e+01  correct_labels_labels: 0.00000e+00  loss_joint: 9.61260e-02  ce_joint: 0.00000e+00  sse_joint: 1.79737e+01  ce_labels_joint: 2.56880e-03  kld_vamb_joint: 3.55489e+00  kld_labels_joint: 7.12955e+00  correct_labels_joint: 0.00000e+00  loss: 2.04719e-01
2026-08-13 13:46:17.579 | INFO    | 		Epoch: 233  loss_vamb: 1.01551e-01  ab_vamb: 4.34152e-03  ce_vamb: 0.00000e+00  sse_vamb: 7.96364e-02  kld_vamb: 1.75732e-02  loss_labels: 6.75850e-03  ce_labels_labels: 9.39324e-04  kld_labels: 3.72428e+01  correct_labels_labels: 0.00000e+00  loss_joint: 9.52733e-02  ce_joint: 0.00000e+00  sse_joint: 1.78877e+01  ce_labels_joint: 2.26362e-03  kld_vamb_joint: 3.57051e+00  kld_labels_joint: 7.16297e+00  correct_labels_joint: 0.00000e+00  loss: 2.03583e-01
2026-08-13 13:46:18.210 | INFO    | 		Epoch: 234  loss_vamb: 1.01438e-01  ab_vamb: 4.24849e-03  ce_vamb: 0.00000e+00  sse_vamb: 7.96191e-02  kld_vamb: 1.75705e-02  loss_labels: 7.10924e-03  ce_labels_labels: 1.27636e-03  kld_labels: 3.73305e+01  correct_labels_labels: 0.00000e+00  loss_joint: 9.52129e-02  ce_joint: 0.00000e+00  sse_joint: 1.78679e+01  ce_labels_joint: 2.14576e-03  kld_vamb_joint: 3.56892e+00  kld_labels_joint: 7.14608e+00  correct_labels_joint: 0.00000e+00  loss: 2.03760e-01
2026-08-13 13:46:18.901 | INFO    | 		Epoch: 235  loss_vamb: 1.01131e-01  ab_vamb: 4.26257e-03  ce_vamb: 0.00000e+00  sse_vamb: 7.92926e-02  kld_vamb: 1.75756e-02  loss_labels: 6.80892e-03  ce_labels_labels: 9.88804e-04  kld_labels: 3.72487e+01  correct_labels_labels: 0.00000e+00  loss_joint: 9.59886e-02  ce_joint: 0.00000e+00  sse_joint: 1.78653e+01  ce_labels_joint: 2.93036e-03  kld_vamb_joint: 3.57017e+00  kld_labels_joint: 7.17630e+00  correct_labels_joint: 0.00000e+00  loss: 2.03928e-01
2026-08-13 13:46:19.649 | INFO    | 		Epoch: 236  loss_vamb: 1.01613e-01  ab_vamb: 4.37123e-03  ce_vamb: 0.00000e+00  sse_vamb: 7.96537e-02  kld_vamb: 1.75877e-02  loss_labels: 6.96628e-03  ce_labels_labels: 1.14379e-03  kld_labels: 3.72639e+01  correct_labels_labels: 0.00000e+00  loss_joint: 9.49216e-02  ce_joint: 0.00000e+00  sse_joint: 1.78539e+01  ce_labels_joint: 2.14260e-03  kld_vamb_joint: 3.56123e+00  kld_labels_joint: 7.15908e+00  correct_labels_joint: 0.00000e+00  loss: 2.03500e-01
2026-08-13 13:46:20.495 | INFO    | 		Epoch: 237  loss_vamb: 1.01657e-01  ab_vamb: 4.55449e-03  ce_vamb: 0.00000e+00  sse_vamb: 7.94994e-02  kld_vamb: 1.76033e-02  loss_labels: 6.92490e-03  ce_labels_labels: 1.11761e-03  kld_labels: 3.71667e+01  correct_labels_labels: 0.00000e+00  loss_joint: 9.51733e-02  ce_joint: 0.00000e+00  sse_joint: 1.79012e+01  ce_labels_joint: 1.75333e-03  kld_vamb_joint: 3.57265e+00  kld_labels_joint: 7.15874e+00  correct_labels_joint: 0.00000e+00  loss: 2.03755e-01
2026-08-13 13:46:21.294 | INFO    | 		Epoch: 238  loss_vamb: 1.01510e-01  ab_vamb: 4.28889e-03  ce_vamb: 0.00000e+00  sse_vamb: 7.96019e-02  kld_vamb: 1.76194e-02  loss_labels: 6.79087e-03  ce_labels_labels: 9.96574e-04  kld_labels: 3.70835e+01  correct_labels_labels: 0.00000e+00  loss_joint: 9.53714e-02  ce_joint: 0.00000e+00  sse_joint: 1.77949e+01  ce_labels_joint: 2.61602e-03  kld_vamb_joint: 3.56676e+00  kld_labels_joint: 7.18505e+00  correct_labels_joint: 0.00000e+00  loss: 2.03672e-01
2026-08-13 13:46:21.960 | INFO    | 		Epoch: 239  loss_vamb: 1.01528e-01  ab_vamb: 4.34451e-03  ce_vamb: 0.00000e+00  sse_vamb: 7.95575e-02  kld_vamb: 1.76261e-02  loss_labels: 6.85702e-03  ce_labels_labels: 1.07439e-03  kld_labels: 3.70088e+01  correct_labels_labels: 0.00000e+00  loss_joint: 9.50038e-02  ce_joint: 0.00000e+00  sse_joint: 1.78709e+01  ce_labels_joint: 2.11042e-03  kld_vamb_joint: 3.56430e+00  kld_labels_joint: 7.18380e+00  correct_labels_joint: 0.00000e+00  loss: 2.03389e-01
2026-08-13 13:46:22.763 | INFO    | 		Epoch: 240  loss_vamb: 1.01100e-01  ab_vamb: 4.23048e-03  ce_vamb: 0.00000e+00  sse_vamb: 7.92359e-02  kld_vamb: 1.76334e-02  loss_labels: 6.92256e-03  ce_labels_labels: 1.13812e-03  kld_labels: 3.70205e+01  correct_labels_labels: 0.00000e+00  loss_joint: 9.51876e-02  ce_joint: 0.00000e+00  sse_joint: 1.78349e+01  ce_labels_joint: 2.41178e-03  kld_vamb_joint: 3.56826e+00  kld_labels_joint: 7.18306e+00  correct_labels_joint: 0.00000e+00  loss: 2.03210e-01
2026-08-13 13:46:23.457 | INFO    | 		Epoch: 241  loss_vamb: 1.01460e-01  ab_vamb: 4.25756e-03  ce_vamb: 0.00000e+00  sse_vamb: 7.95650e-02  kld_vamb: 1.76373e-02  loss_labels: 7.38964e-03  ce_labels_labels: 1.60184e-03  kld_labels: 3.70419e+01  correct_labels_labels: 0.00000e+00  loss_joint: 9.47953e-02  ce_joint: 0.00000e+00  sse_joint: 1.77767e+01  ce_labels_joint: 2.40876e-03  kld_vamb_joint: 3.56335e+00  kld_labels_joint: 7.19326e+00  correct_labels_joint: 0.00000e+00  loss: 2.03645e-01
2026-08-13 13:46:24.151 | INFO    | 		Epoch: 242  loss_vamb: 1.01199e-01  ab_vamb: 4.28328e-03  ce_vamb: 0.00000e+00  sse_vamb: 7.92725e-02  kld_vamb: 1.76434e-02  loss_labels: 6.70560e-03  ce_labels_labels: 9.19448e-04  kld_labels: 3.70314e+01  correct_labels_labels: 0.00000e+00  loss_joint: 9.47026e-02  ce_joint: 0.00000e+00  sse_joint: 1.77624e+01  ce_labels_joint: 2.32395e-03  kld_vamb_joint: 3.53983e+00  kld_labels_joint: 7.17379e+00  correct_labels_joint: 0.00000e+00  loss: 2.02607e-01
2026-08-13 13:46:24.768 | INFO    | 		Epoch: 243  loss_vamb: 1.01202e-01  ab_vamb: 4.33041e-03  ce_vamb: 0.00000e+00  sse_vamb: 7.92231e-02  kld_vamb: 1.76489e-02  loss_labels: 7.03305e-03  ce_labels_labels: 1.24357e-03  kld_labels: 3.70527e+01  correct_labels_labels: 0.00000e+00  loss_joint: 9.51242e-02  ce_joint: 0.00000e+00  sse_joint: 1.77696e+01  ce_labels_joint: 2.54920e-03  kld_vamb_joint: 3.56589e+00  kld_labels_joint: 7.22293e+00  correct_labels_joint: 0.00000e+00  loss: 2.03360e-01
2026-08-13 13:46:25.321 | INFO    | 		Epoch: 244  loss_vamb: 1.01465e-01  ab_vamb: 4.38662e-03  ce_vamb: 0.00000e+00  sse_vamb: 7.94171e-02  kld_vamb: 1.76611e-02  loss_labels: 6.53013e-03  ce_labels_labels: 7.87478e-04  kld_labels: 3.67530e+01  correct_labels_labels: 0.00000e+00  loss_joint: 9.49316e-02  ce_joint: 0.00000e+00  sse_joint: 1.77717e+01  ce_labels_joint: 2.33299e-03  kld_vamb_joint: 3.56372e+00  kld_labels_joint: 7.23077e+00  correct_labels_joint: 0.00000e+00  loss: 2.02927e-01
2026-08-13 13:46:25.918 | INFO    | 		Epoch: 245  loss_vamb: 1.00954e-01  ab_vamb: 4.10034e-03  ce_vamb: 0.00000e+00  sse_vamb: 7.91793e-02  kld_vamb: 1.76748e-02  loss_labels: 6.60990e-03  ce_labels_labels: 8.70608e-04  kld_labels: 3.67315e+01  correct_labels_labels: 0.00000e+00  loss_joint: 9.41448e-02  ce_joint: 0.00000e+00  sse_joint: 1.77861e+01  ce_labels_joint: 1.78370e-03  kld_vamb_joint: 3.56378e+00  kld_labels_joint: 7.21883e+00  correct_labels_joint: 0.00000e+00  loss: 2.01709e-01
2026-08-13 13:46:26.563 | INFO    | 		Epoch: 246  loss_vamb: 1.00832e-01  ab_vamb: 4.13400e-03  ce_vamb: 0.00000e+00  sse_vamb: 7.90218e-02  kld_vamb: 1.76762e-02  loss_labels: 6.53755e-03  ce_labels_labels: 7.87339e-04  kld_labels: 3.68013e+01  correct_labels_labels: 0.00000e+00  loss_joint: 9.50814e-02  ce_joint: 0.00000e+00  sse_joint: 1.77678e+01  ce_labels_joint: 2.73945e-03  kld_vamb_joint: 3.54604e+00  kld_labels_joint: 7.20668e+00  correct_labels_joint: 0.00000e+00  loss: 2.02451e-01
2026-08-13 13:46:27.277 | INFO    | 		Epoch: 247  loss_vamb: 1.01089e-01  ab_vamb: 4.28077e-03  ce_vamb: 0.00000e+00  sse_vamb: 7.91352e-02  kld_vamb: 1.76729e-02  loss_labels: 7.12304e-03  ce_labels_labels: 1.38591e-03  kld_labels: 3.67177e+01  correct_labels_labels: 0.00000e+00  loss_joint: 9.45678e-02  ce_joint: 0.00000e+00  sse_joint: 1.77100e+01  ce_labels_joint: 2.71291e-03  kld_vamb_joint: 3.56073e+00  kld_labels_joint: 7.23237e+00  correct_labels_joint: 0.00000e+00  loss: 2.02780e-01
2026-08-13 13:46:28.123 | INFO    | 		Epoch: 248  loss_vamb: 1.01140e-01  ab_vamb: 4.18063e-03  ce_vamb: 0.00000e+00  sse_vamb: 7.92918e-02  kld_vamb: 1.76679e-02  loss_labels: 6.81052e-03  ce_labels_labels: 1.06529e-03  kld_labels: 3.67695e+01  correct_labels_labels: 0.00000e+00  loss_joint: 9.46926e-02  ce_joint: 0.00000e+00  sse_joint: 1.77679e+01  ce_labels_joint: 2.12133e-03  kld_vamb_joint: 3.55847e+00  kld_labels_joint: 7.21732e+00  correct_labels_joint: 0.00000e+00  loss: 2.02643e-01
2026-08-13 13:46:28.933 | INFO    | 		Epoch: 249  loss_vamb: 1.01076e-01  ab_vamb: 4.24078e-03  ce_vamb: 0.00000e+00  sse_vamb: 7.91666e-02  kld_vamb: 1.76684e-02  loss_labels: 6.61795e-03  ce_labels_labels: 9.05618e-04  kld_labels: 3.65589e+01  correct_labels_labels: 0.00000e+00  loss_joint: 9.45919e-02  ce_joint: 0.00000e+00  sse_joint: 1.77529e+01  ce_labels_joint: 2.14042e-03  kld_vamb_joint: 3.55957e+00  kld_labels_joint: 7.23098e+00  correct_labels_joint: 0.00000e+00  loss: 2.02285e-01
2026-08-13 13:46:29.705 | INFO    | 		Epoch: 250  loss_vamb: 1.01213e-01  ab_vamb: 4.40709e-03  ce_vamb: 0.00000e+00  sse_vamb: 7.91332e-02  kld_vamb: 1.76730e-02  loss_labels: 6.95618e-03  ce_labels_labels: 1.22373e-03  kld_labels: 3.66877e+01  correct_labels_labels: 0.00000e+00  loss_joint: 9.45206e-02  ce_joint: 0.00000e+00  sse_joint: 1.77388e+01  ce_labels_joint: 2.15976e-03  kld_vamb_joint: 3.56350e+00  kld_labels_joint: 7.24684e+00  correct_labels_joint: 0.00000e+00  loss: 2.02690e-01
2026-08-13 13:46:30.432 | INFO    | 		Epoch: 251  loss_vamb: 1.00859e-01  ab_vamb: 4.37259e-03  ce_vamb: 0.00000e+00  sse_vamb: 7.88079e-02  kld_vamb: 1.76783e-02  loss_labels: 6.71681e-03  ce_labels_labels: 9.97704e-04  kld_labels: 3.66023e+01  correct_labels_labels: 0.00000e+00  loss_joint: 9.38268e-02  ce_joint: 0.00000e+00  sse_joint: 1.77506e+01  ce_labels_joint: 1.74350e-03  kld_vamb_joint: 3.58014e+00  kld_labels_joint: 7.26682e+00  correct_labels_joint: 0.00000e+00  loss: 2.01402e-01
2026-08-13 13:46:31.233 | INFO    | 		Epoch: 252  loss_vamb: 1.00856e-01  ab_vamb: 4.20041e-03  ce_vamb: 0.00000e+00  sse_vamb: 7.89761e-02  kld_vamb: 1.76797e-02  loss_labels: 6.90237e-03  ce_labels_labels: 1.18393e-03  kld_labels: 3.65980e+01  correct_labels_labels: 0.00000e+00  loss_joint: 9.50157e-02  ce_joint: 0.00000e+00  sse_joint: 1.77110e+01  ce_labels_joint: 2.63335e-03  kld_vamb_joint: 3.55552e+00  kld_labels_joint: 7.24655e+00  correct_labels_joint: 0.00000e+00  loss: 2.02774e-01
2026-08-13 13:46:31.839 | INFO    | 		Epoch: 253  loss_vamb: 1.00602e-01  ab_vamb: 4.35471e-03  ce_vamb: 0.00000e+00  sse_vamb: 7.85638e-02  kld_vamb: 1.76834e-02  loss_labels: 7.31247e-03  ce_labels_labels: 1.60039e-03  kld_labels: 3.65573e+01  correct_labels_labels: 0.00000e+00  loss_joint: 9.42179e-02  ce_joint: 0.00000e+00  sse_joint: 1.77170e+01  ce_labels_joint: 2.02661e-03  kld_vamb_joint: 3.57167e+00  kld_labels_joint: 7.25155e+00  correct_labels_joint: 0.00000e+00  loss: 2.02132e-01
2026-08-13 13:46:32.341 | INFO    | 		Epoch: 254  loss_vamb: 1.01132e-01  ab_vamb: 4.33482e-03  ce_vamb: 0.00000e+00  sse_vamb: 7.91127e-02  kld_vamb: 1.76841e-02  loss_labels: 6.68305e-03  ce_labels_labels: 9.66407e-04  kld_labels: 3.65865e+01  correct_labels_labels: 0.00000e+00  loss_joint: 9.44989e-02  ce_joint: 0.00000e+00  sse_joint: 1.77420e+01  ce_labels_joint: 1.97485e-03  kld_vamb_joint: 3.58020e+00  kld_labels_joint: 7.26373e+00  correct_labels_joint: 0.00000e+00  loss: 2.02314e-01
2026-08-13 13:46:33.094 | INFO    | 		Epoch: 255  loss_vamb: 1.00831e-01  ab_vamb: 4.41056e-03  ce_vamb: 0.00000e+00  sse_vamb: 7.87348e-02  kld_vamb: 1.76852e-02  loss_labels: 7.07768e-03  ce_labels_labels: 1.36329e-03  kld_labels: 3.65721e+01  correct_labels_labels: 0.00000e+00  loss_joint: 9.43520e-02  ce_joint: 0.00000e+00  sse_joint: 1.76687e+01  ce_labels_joint: 2.66562e-03  kld_vamb_joint: 3.56858e+00  kld_labels_joint: 7.26505e+00  correct_labels_joint: 0.00000e+00  loss: 2.02260e-01
2026-08-13 13:46:33.918 | INFO    | 		Epoch: 256  loss_vamb: 1.00857e-01  ab_vamb: 4.10269e-03  ce_vamb: 0.00000e+00  sse_vamb: 7.90678e-02  kld_vamb: 1.76863e-02  loss_labels: 6.77667e-03  ce_labels_labels: 1.07061e-03  kld_labels: 3.65188e+01  correct_labels_labels: 0.00000e+00  loss_joint: 9.41728e-02  ce_joint: 0.00000e+00  sse_joint: 1.76656e+01  ce_labels_joint: 2.45420e-03  kld_vamb_joint: 3.56217e+00  kld_labels_joint: 7.26738e+00  correct_labels_joint: 0.00000e+00  loss: 2.01806e-01
2026-08-13 13:46:34.702 | INFO    | 		Epoch: 257  loss_vamb: 1.00581e-01  ab_vamb: 4.11005e-03  ce_vamb: 0.00000e+00  sse_vamb: 7.87826e-02  kld_vamb: 1.76880e-02  loss_labels: 6.84365e-03  ce_labels_labels: 1.14042e-03  kld_labels: 3.65007e+01  correct_labels_labels: 0.00000e+00  loss_joint: 9.42420e-02  ce_joint: 0.00000e+00  sse_joint: 1.76982e+01  ce_labels_joint: 2.21353e-03  kld_vamb_joint: 3.57670e+00  kld_labels_joint: 7.27290e+00  correct_labels_joint: 0.00000e+00  loss: 2.01666e-01
2026-08-13 13:46:35.455 | INFO    | 		Epoch: 258  loss_vamb: 1.00871e-01  ab_vamb: 4.21427e-03  ce_vamb: 0.00000e+00  sse_vamb: 7.89768e-02  kld_vamb: 1.76795e-02  loss_labels: 6.65050e-03  ce_labels_labels: 9.47166e-04  kld_labels: 3.65014e+01  correct_labels_labels: 0.00000e+00  loss_joint: 9.44861e-02  ce_joint: 0.00000e+00  sse_joint: 1.77216e+01  ce_labels_joint: 2.48246e-03  kld_vamb_joint: 3.58288e+00  kld_labels_joint: 7.27864e+00  correct_labels_joint: 0.00000e+00  loss: 2.02007e-01
2026-08-13 13:46:35.980 | INFO    | 		Epoch: 259  loss_vamb: 1.00722e-01  ab_vamb: 4.17674e-03  ce_vamb: 0.00000e+00  sse_vamb: 7.88651e-02  kld_vamb: 1.76804e-02  loss_labels: 6.74952e-03  ce_labels_labels: 1.06802e-03  kld_labels: 3.63616e+01  correct_labels_labels: 0.00000e+00  loss_joint: 9.34040e-02  ce_joint: 0.00000e+00  sse_joint: 1.76517e+01  ce_labels_joint: 1.71212e-03  kld_vamb_joint: 3.57991e+00  kld_labels_joint: 7.27020e+00  correct_labels_joint: 0.00000e+00  loss: 2.00876e-01
2026-08-13 13:46:36.769 | INFO    | 		Epoch: 260  loss_vamb: 1.00460e-01  ab_vamb: 4.17502e-03  ce_vamb: 0.00000e+00  sse_vamb: 7.85982e-02  kld_vamb: 1.76870e-02  loss_labels: 6.52178e-03  ce_labels_labels: 8.29403e-04  kld_labels: 3.64312e+01  correct_labels_labels: 0.00000e+00  loss_joint: 9.41325e-02  ce_joint: 0.00000e+00  sse_joint: 1.76382e+01  ce_labels_joint: 2.31708e-03  kld_vamb_joint: 3.58597e+00  kld_labels_joint: 7.30228e+00  correct_labels_joint: 0.00000e+00  loss: 2.01114e-01
2026-08-13 13:46:37.413 | INFO    | 		Epoch: 261  loss_vamb: 1.00192e-01  ab_vamb: 3.96180e-03  ce_vamb: 0.00000e+00  sse_vamb: 7.85361e-02  kld_vamb: 1.76941e-02  loss_labels: 7.01237e-03  ce_labels_labels: 1.32431e-03  kld_labels: 3.64036e+01  correct_labels_labels: 0.00000e+00  loss_joint: 9.39475e-02  ce_joint: 0.00000e+00  sse_joint: 1.76409e+01  ce_labels_joint: 2.07837e-03  kld_vamb_joint: 3.57275e+00  kld_labels_joint: 7.28382e+00  correct_labels_joint: 0.00000e+00  loss: 2.01152e-01
2026-08-13 13:46:38.147 | INFO    | 		Epoch: 262  loss_vamb: 1.00591e-01  ab_vamb: 4.23921e-03  ce_vamb: 0.00000e+00  sse_vamb: 7.86511e-02  kld_vamb: 1.77003e-02  loss_labels: 6.65604e-03  ce_labels_labels: 9.88609e-04  kld_labels: 3.62716e+01  correct_labels_labels: 0.00000e+00  loss_joint: 9.47454e-02  ce_joint: 0.00000e+00  sse_joint: 1.76272e+01  ce_labels_joint: 2.93533e-03  kld_vamb_joint: 3.58550e+00  kld_labels_joint: 7.29040e+00  correct_labels_joint: 0.00000e+00  loss: 2.01992e-01
2026-08-13 13:46:38.850 | INFO    | 		Epoch: 263  loss_vamb: 1.00579e-01  ab_vamb: 4.19967e-03  ce_vamb: 0.00000e+00  sse_vamb: 7.86717e-02  kld_vamb: 1.77076e-02  loss_labels: 7.08552e-03  ce_labels_labels: 1.42176e-03  kld_labels: 3.62480e+01  correct_labels_labels: 0.00000e+00  loss_joint: 9.38233e-02  ce_joint: 0.00000e+00  sse_joint: 1.76444e+01  ce_labels_joint: 2.06181e-03  kld_vamb_joint: 3.58806e+00  kld_labels_joint: 7.30502e+00  correct_labels_joint: 0.00000e+00  loss: 2.01488e-01
2026-08-13 13:46:39.565 | INFO    | 		Epoch: 264  loss_vamb: 1.00311e-01  ab_vamb: 4.22662e-03  ce_vamb: 0.00000e+00  sse_vamb: 7.83719e-02  kld_vamb: 1.77126e-02  loss_labels: 6.39067e-03  ce_labels_labels: 7.25061e-04  kld_labels: 3.62599e+01  correct_labels_labels: 0.00000e+00  loss_joint: 9.36862e-02  ce_joint: 0.00000e+00  sse_joint: 1.76153e+01  ce_labels_joint: 2.01767e-03  kld_vamb_joint: 3.57329e+00  kld_labels_joint: 7.29691e+00  correct_labels_joint: 0.00000e+00  loss: 2.00388e-01
2026-08-13 13:46:40.193 | INFO    | 		Epoch: 265  loss_vamb: 1.00069e-01  ab_vamb: 3.93760e-03  ce_vamb: 0.00000e+00  sse_vamb: 7.84178e-02  kld_vamb: 1.77137e-02  loss_labels: 6.86856e-03  ce_labels_labels: 1.20205e-03  kld_labels: 3.62657e+01  correct_labels_labels: 0.00000e+00  loss_joint: 9.41816e-02  ce_joint: 0.00000e+00  sse_joint: 1.75803e+01  ce_labels_joint: 2.59909e-03  kld_vamb_joint: 3.56916e+00  kld_labels_joint: 7.29300e+00  correct_labels_joint: 0.00000e+00  loss: 2.01119e-01
2026-08-13 13:46:40.840 | INFO    | 		Epoch: 266  loss_vamb: 1.00297e-01  ab_vamb: 4.15036e-03  ce_vamb: 0.00000e+00  sse_vamb: 7.84343e-02  kld_vamb: 1.77126e-02  loss_labels: 7.04303e-03  ce_labels_labels: 1.38441e-03  kld_labels: 3.62151e+01  correct_labels_labels: 0.00000e+00  loss_joint: 9.35290e-02  ce_joint: 0.00000e+00  sse_joint: 1.75736e+01  ce_labels_joint: 1.97984e-03  kld_vamb_joint: 3.55877e+00  kld_labels_joint: 7.28693e+00  correct_labels_joint: 0.00000e+00  loss: 2.00869e-01
2026-08-13 13:46:41.737 | INFO    | 		Epoch: 267  loss_vamb: 1.00123e-01  ab_vamb: 4.00998e-03  ce_vamb: 0.00000e+00  sse_vamb: 7.84035e-02  kld_vamb: 1.77098e-02  loss_labels: 6.80799e-03  ce_labels_labels: 1.14665e-03  kld_labels: 3.62325e+01  correct_labels_labels: 0.00000e+00  loss_joint: 9.41806e-02  ce_joint: 0.00000e+00  sse_joint: 1.76257e+01  ce_labels_joint: 2.49091e-03  kld_vamb_joint: 3.58228e+00  kld_labels_joint: 7.31328e+00  correct_labels_joint: 0.00000e+00  loss: 2.01112e-01
2026-08-13 13:46:42.603 | INFO    | 		Epoch: 268  loss_vamb: 1.00310e-01  ab_vamb: 4.05664e-03  ce_vamb: 0.00000e+00  sse_vamb: 7.85445e-02  kld_vamb: 1.77090e-02  loss_labels: 7.24328e-03  ce_labels_labels: 1.57323e-03  kld_labels: 3.62883e+01  correct_labels_labels: 0.00000e+00  loss_joint: 9.29799e-02  ce_joint: 0.00000e+00  sse_joint: 1.75884e+01  ce_labels_joint: 1.77585e-03  kld_vamb_joint: 3.57693e+00  kld_labels_joint: 7.31297e+00  correct_labels_joint: 0.00000e+00  loss: 2.00533e-01
2026-08-13 13:46:43.225 | INFO    | 		Epoch: 269  loss_vamb: 1.00499e-01  ab_vamb: 4.29844e-03  ce_vamb: 0.00000e+00  sse_vamb: 7.84931e-02  kld_vamb: 1.77076e-02  loss_labels: 7.45207e-03  ce_labels_labels: 1.78262e-03  kld_labels: 3.62845e+01  correct_labels_labels: 0.00000e+00  loss_joint: 9.32319e-02  ce_joint: 0.00000e+00  sse_joint: 1.75844e+01  ce_labels_joint: 2.12365e-03  kld_vamb_joint: 3.57238e+00  kld_labels_joint: 7.31999e+00  correct_labels_joint: 0.00000e+00  loss: 2.01183e-01
2026-08-13 13:46:43.963 | INFO    | 		Epoch: 270  loss_vamb: 1.00269e-01  ab_vamb: 4.25296e-03  ce_vamb: 0.00000e+00  sse_vamb: 7.83136e-02  kld_vamb: 1.77021e-02  loss_labels: 6.69598e-03  ce_labels_labels: 1.02247e-03  kld_labels: 3.63104e+01  correct_labels_labels: 0.00000e+00  loss_joint: 9.42782e-02  ce_joint: 0.00000e+00  sse_joint: 1.76203e+01  ce_labels_joint: 2.54837e-03  kld_vamb_joint: 3.58015e+00  kld_labels_joint: 7.32322e+00  correct_labels_joint: 0.00000e+00  loss: 2.01243e-01
2026-08-13 13:46:44.667 | INFO    | 		Epoch: 271  loss_vamb: 9.97780e-02  ab_vamb: 3.86829e-03  ce_vamb: 0.00000e+00  sse_vamb: 7.82198e-02  kld_vamb: 1.76899e-02  loss_labels: 7.42551e-03  ce_labels_labels: 1.76213e-03  kld_labels: 3.62457e+01  correct_labels_labels: 0.00000e+00  loss_joint: 9.42379e-02  ce_joint: 0.00000e+00  sse_joint: 1.75522e+01  ce_labels_joint: 2.70686e-03  kld_vamb_joint: 3.59365e+00  kld_labels_joint: 7.33032e+00  correct_labels_joint: 0.00000e+00  loss: 2.01441e-01
2026-08-13 13:46:45.345 | INFO    | 		Epoch: 272  loss_vamb: 1.00058e-01  ab_vamb: 4.14164e-03  ce_vamb: 0.00000e+00  sse_vamb: 7.82408e-02  kld_vamb: 1.76751e-02  loss_labels: 6.51491e-03  ce_labels_labels: 8.21763e-04  kld_labels: 3.64362e+01  correct_labels_labels: 0.00000e+00  loss_joint: 9.47249e-02  ce_joint: 0.00000e+00  sse_joint: 1.75533e+01  ce_labels_joint: 3.50349e-03  kld_vamb_joint: 3.58678e+00  kld_labels_joint: 7.34530e+00  correct_labels_joint: 0.00000e+00  loss: 2.01297e-01
2026-08-13 13:46:45.924 | INFO    | 		Epoch: 273  loss_vamb: 1.00167e-01  ab_vamb: 4.17178e-03  ce_vamb: 0.00000e+00  sse_vamb: 7.83306e-02  kld_vamb: 1.76651e-02  loss_labels: 6.47206e-03  ce_labels_labels: 7.54637e-04  kld_labels: 3.65915e+01  correct_labels_labels: 0.00000e+00  loss_joint: 9.34181e-02  ce_joint: 0.00000e+00  sse_joint: 1.75641e+01  ce_labels_joint: 2.12371e-03  kld_vamb_joint: 3.59929e+00  kld_labels_joint: 7.32611e+00  correct_labels_joint: 0.00000e+00  loss: 2.00058e-01
2026-08-13 13:46:46.520 | INFO    | 		Epoch: 274  loss_vamb: 1.00515e-01  ab_vamb: 4.38937e-03  ce_vamb: 0.00000e+00  sse_vamb: 7.84608e-02  kld_vamb: 1.76650e-02  loss_labels: 6.56006e-03  ce_labels_labels: 8.38953e-04  kld_labels: 3.66151e+01  correct_labels_labels: 0.00000e+00  loss_joint: 9.29540e-02  ce_joint: 0.00000e+00  sse_joint: 1.75324e+01  ce_labels_joint: 1.69713e-03  kld_vamb_joint: 3.59194e+00  kld_labels_joint: 7.31547e+00  correct_labels_joint: 0.00000e+00  loss: 2.00029e-01
2026-08-13 13:46:47.124 | INFO    | 		Epoch: 275  loss_vamb: 1.00302e-01  ab_vamb: 4.21765e-03  ce_vamb: 0.00000e+00  sse_vamb: 7.84115e-02  kld_vamb: 1.76726e-02  loss_labels: 6.42188e-03  ce_labels_labels: 7.24020e-04  kld_labels: 3.64663e+01  correct_labels_labels: 0.00000e+00  loss_joint: 9.31090e-02  ce_joint: 0.00000e+00  sse_joint: 1.75861e+01  ce_labels_joint: 1.73885e-03  kld_vamb_joint: 3.57632e+00  kld_labels_joint: 7.29281e+00  correct_labels_joint: 0.00000e+00  loss: 1.99833e-01
2026-08-13 13:46:47.805 | INFO    | 		Epoch: 276  loss_vamb: 9.99168e-02  ab_vamb: 4.20753e-03  ce_vamb: 0.00000e+00  sse_vamb: 7.80194e-02  kld_vamb: 1.76899e-02  loss_labels: 6.89406e-03  ce_labels_labels: 1.17064e-03  kld_labels: 3.66298e+01  correct_labels_labels: 0.00000e+00  loss_joint: 9.42029e-02  ce_joint: 0.00000e+00  sse_joint: 1.75335e+01  ce_labels_joint: 2.81504e-03  kld_vamb_joint: 3.58568e+00  kld_labels_joint: 7.32290e+00  correct_labels_joint: 0.00000e+00  loss: 2.01014e-01
2026-08-13 13:46:48.446 | INFO    | 		Epoch: 277  loss_vamb: 1.00151e-01  ab_vamb: 4.33152e-03  ce_vamb: 0.00000e+00  sse_vamb: 7.81144e-02  kld_vamb: 1.77051e-02  loss_labels: 6.68954e-03  ce_labels_labels: 9.85498e-04  kld_labels: 3.65059e+01  correct_labels_labels: 0.00000e+00  loss_joint: 9.28571e-02  ce_joint: 0.00000e+00  sse_joint: 1.75189e+01  ce_labels_joint: 1.72830e-03  kld_vamb_joint: 3.59407e+00  kld_labels_joint: 7.32649e+00  correct_labels_joint: 0.00000e+00  loss: 1.99698e-01
2026-08-13 13:46:49.238 | INFO    | 		Epoch: 278  loss_vamb: 1.00054e-01  ab_vamb: 3.89156e-03  ce_vamb: 0.00000e+00  sse_vamb: 7.84402e-02  kld_vamb: 1.77224e-02  loss_labels: 6.53198e-03  ce_labels_labels: 8.27666e-04  kld_labels: 3.65076e+01  correct_labels_labels: 0.00000e+00  loss_joint: 9.34976e-02  ce_joint: 0.00000e+00  sse_joint: 1.75500e+01  ce_labels_joint: 2.20988e-03  kld_vamb_joint: 3.59438e+00  kld_labels_joint: 7.35047e+00  correct_labels_joint: 0.00000e+00  loss: 2.00084e-01
2026-08-13 13:46:50.076 | INFO    | 		Epoch: 279  loss_vamb: 9.98540e-02  ab_vamb: 4.05098e-03  ce_vamb: 0.00000e+00  sse_vamb: 7.80614e-02  kld_vamb: 1.77416e-02  loss_labels: 6.63287e-03  ce_labels_labels: 9.22584e-04  kld_labels: 3.65458e+01  correct_labels_labels: 0.00000e+00  loss_joint: 9.36013e-02  ce_joint: 0.00000e+00  sse_joint: 1.74856e+01  ce_labels_joint: 2.43396e-03  kld_vamb_joint: 3.60847e+00  kld_labels_joint: 7.35340e+00  correct_labels_joint: 0.00000e+00  loss: 2.00088e-01
2026-08-13 13:46:50.897 | INFO    | 		Epoch: 280  loss_vamb: 1.00032e-01  ab_vamb: 4.25298e-03  ce_vamb: 0.00000e+00  sse_vamb: 7.80279e-02  kld_vamb: 1.77510e-02  loss_labels: 7.14293e-03  ce_labels_labels: 1.43830e-03  kld_labels: 3.65096e+01  correct_labels_labels: 0.00000e+00  loss_joint: 9.37581e-02  ce_joint: 0.00000e+00  sse_joint: 1.75201e+01  ce_labels_joint: 2.45713e-03  kld_vamb_joint: 3.58918e+00  kld_labels_joint: 7.33777e+00  correct_labels_joint: 0.00000e+00  loss: 2.00933e-01
2026-08-13 13:46:51.827 | INFO    | 		Epoch: 281  loss_vamb: 1.00017e-01  ab_vamb: 4.18255e-03  ce_vamb: 0.00000e+00  sse_vamb: 7.80726e-02  kld_vamb: 1.77620e-02  loss_labels: 7.24317e-03  ce_labels_labels: 1.53561e-03  kld_labels: 3.65284e+01  correct_labels_labels: 0.00000e+00  loss_joint: 9.41564e-02  ce_joint: 0.00000e+00  sse_joint: 1.76160e+01  ce_labels_joint: 2.21556e-03  kld_vamb_joint: 3.59323e+00  kld_labels_joint: 7.35791e+00  correct_labels_joint: 0.00000e+00  loss: 2.01417e-01
2026-08-13 13:46:52.801 | INFO    | 		Epoch: 282  loss_vamb: 9.94858e-02  ab_vamb: 3.99033e-03  ce_vamb: 0.00000e+00  sse_vamb: 7.77245e-02  kld_vamb: 1.77710e-02  loss_labels: 7.03968e-03  ce_labels_labels: 1.32900e-03  kld_labels: 3.65484e+01  correct_labels_labels: 0.00000e+00  loss_joint: 9.24905e-02  ce_joint: 0.00000e+00  sse_joint: 1.74686e+01  ce_labels_joint: 1.81553e-03  kld_vamb_joint: 3.59366e+00  kld_labels_joint: 7.37012e+00  correct_labels_joint: 0.00000e+00  loss: 1.99016e-01
2026-08-13 13:46:53.712 | INFO    | 		Epoch: 283  loss_vamb: 1.00052e-01  ab_vamb: 4.30074e-03  ce_vamb: 0.00000e+00  sse_vamb: 7.79821e-02  kld_vamb: 1.77688e-02  loss_labels: 6.40798e-03  ce_labels_labels: 7.16280e-04  kld_labels: 3.64269e+01  correct_labels_labels: 0.00000e+00  loss_joint: 9.37062e-02  ce_joint: 0.00000e+00  sse_joint: 1.74921e+01  ce_labels_joint: 2.64112e-03  kld_vamb_joint: 3.59489e+00  kld_labels_joint: 7.35731e+00  correct_labels_joint: 0.00000e+00  loss: 2.00166e-01
2026-08-13 13:46:54.506 | INFO    | 		Epoch: 284  loss_vamb: 9.98298e-02  ab_vamb: 4.12855e-03  ce_vamb: 0.00000e+00  sse_vamb: 7.79343e-02  kld_vamb: 1.77669e-02  loss_labels: 6.84985e-03  ce_labels_labels: 1.15561e-03  kld_labels: 3.64431e+01  correct_labels_labels: 0.00000e+00  loss_joint: 9.26559e-02  ce_joint: 0.00000e+00  sse_joint: 1.74651e+01  ce_labels_joint: 1.90171e-03  kld_vamb_joint: 3.58153e+00  kld_labels_joint: 7.35772e+00  correct_labels_joint: 0.00000e+00  loss: 1.99336e-01
2026-08-13 13:46:55.252 | INFO    | 		Epoch: 285  loss_vamb: 1.00046e-01  ab_vamb: 4.12405e-03  ce_vamb: 0.00000e+00  sse_vamb: 7.81616e-02  kld_vamb: 1.77607e-02  loss_labels: 7.93029e-03  ce_labels_labels: 2.23914e-03  kld_labels: 3.64233e+01  correct_labels_labels: 0.00000e+00  loss_joint: 9.31220e-02  ce_joint: 0.00000e+00  sse_joint: 1.74373e+01  ce_labels_joint: 2.33866e-03  kld_vamb_joint: 3.57644e+00  kld_labels_joint: 7.36196e+00  correct_labels_joint: 0.00000e+00  loss: 2.01099e-01
2026-08-13 13:46:56.116 | INFO    | 		Epoch: 286  loss_vamb: 9.99854e-02  ab_vamb: 4.22001e-03  ce_vamb: 0.00000e+00  sse_vamb: 7.80175e-02  kld_vamb: 1.77479e-02  loss_labels: 6.50065e-03  ce_labels_labels: 8.06595e-04  kld_labels: 3.64419e+01  correct_labels_labels: 0.00000e+00  loss_joint: 9.25405e-02  ce_joint: 0.00000e+00  sse_joint: 1.74401e+01  ce_labels_joint: 1.75882e-03  kld_vamb_joint: 3.60250e+00  kld_labels_joint: 7.38721e+00  correct_labels_joint: 0.00000e+00  loss: 1.99027e-01
2026-08-13 13:46:56.896 | INFO    | 		Epoch: 287  loss_vamb: 9.98561e-02  ab_vamb: 4.05283e-03  ce_vamb: 0.00000e+00  sse_vamb: 7.80614e-02  kld_vamb: 1.77418e-02  loss_labels: 6.93117e-03  ce_labels_labels: 1.24490e-03  kld_labels: 3.63921e+01  correct_labels_labels: 0.00000e+00  loss_joint: 9.24551e-02  ce_joint: 0.00000e+00  sse_joint: 1.74048e+01  ce_labels_joint: 1.87509e-03  kld_vamb_joint: 3.59180e+00  kld_labels_joint: 7.37829e+00  correct_labels_joint: 0.00000e+00  loss: 1.99242e-01
2026-08-13 13:46:57.606 | INFO    | 		Epoch: 288  loss_vamb: 9.99302e-02  ab_vamb: 4.28562e-03  ce_vamb: 0.00000e+00  sse_vamb: 7.78984e-02  kld_vamb: 1.77462e-02  loss_labels: 6.55946e-03  ce_labels_labels: 8.61998e-04  kld_labels: 3.64637e+01  correct_labels_labels: 0.00000e+00  loss_joint: 9.23812e-02  ce_joint: 0.00000e+00  sse_joint: 1.73823e+01  ce_labels_joint: 1.94148e-03  kld_vamb_joint: 3.60114e+00  kld_labels_joint: 7.38712e+00  correct_labels_joint: 0.00000e+00  loss: 1.98871e-01
2026-08-13 13:46:58.222 | INFO    | 		Epoch: 289  loss_vamb: 9.92748e-02  ab_vamb: 3.74755e-03  ce_vamb: 0.00000e+00  sse_vamb: 7.77700e-02  kld_vamb: 1.77573e-02  loss_labels: 6.72916e-03  ce_labels_labels: 1.03862e-03  kld_labels: 3.64194e+01  correct_labels_labels: 0.00000e+00  loss_joint: 9.30642e-02  ce_joint: 0.00000e+00  sse_joint: 1.74556e+01  ce_labels_joint: 2.27594e-03  kld_vamb_joint: 3.60751e+00  kld_labels_joint: 7.39133e+00  correct_labels_joint: 0.00000e+00  loss: 1.99068e-01
2026-08-13 13:46:59.043 | INFO    | 		Epoch: 290  loss_vamb: 9.95690e-02  ab_vamb: 3.94577e-03  ce_vamb: 0.00000e+00  sse_vamb: 7.78535e-02  kld_vamb: 1.77698e-02  loss_labels: 6.71066e-03  ce_labels_labels: 1.02179e-03  kld_labels: 3.64088e+01  correct_labels_labels: 0.00000e+00  loss_joint: 9.27775e-02  ce_joint: 0.00000e+00  sse_joint: 1.74345e+01  ce_labels_joint: 1.93651e-03  kld_vamb_joint: 3.59622e+00  kld_labels_joint: 7.40886e+00  correct_labels_joint: 0.00000e+00  loss: 1.99057e-01
2026-08-13 13:46:59.771 | INFO    | 		Epoch: 291  loss_vamb: 9.97608e-02  ab_vamb: 4.23203e-03  ce_vamb: 0.00000e+00  sse_vamb: 7.77493e-02  kld_vamb: 1.77794e-02  loss_labels: 6.55692e-03  ce_labels_labels: 8.81123e-04  kld_labels: 3.63251e+01  correct_labels_labels: 0.00000e+00  loss_joint: 9.22050e-02  ce_joint: 0.00000e+00  sse_joint: 1.73866e+01  ce_labels_joint: 1.64717e-03  kld_vamb_joint: 3.60135e+00  kld_labels_joint: 7.41321e+00  correct_labels_joint: 0.00000e+00  loss: 1.98523e-01
2026-08-13 13:47:00.743 | INFO    | 		Epoch: 292  loss_vamb: 9.97380e-02  ab_vamb: 4.34185e-03  ce_vamb: 0.00000e+00  sse_vamb: 7.76105e-02  kld_vamb: 1.77856e-02  loss_labels: 6.36458e-03  ce_labels_labels: 6.91673e-04  kld_labels: 3.63066e+01  correct_labels_labels: 0.00000e+00  loss_joint: 9.25407e-02  ce_joint: 0.00000e+00  sse_joint: 1.74150e+01  ce_labels_joint: 2.02113e-03  kld_vamb_joint: 3.59459e+00  kld_labels_joint: 7.39433e+00  correct_labels_joint: 0.00000e+00  loss: 1.98643e-01
2026-08-13 13:47:01.312 | INFO    | 		Epoch: 293  loss_vamb: 9.98760e-02  ab_vamb: 4.17774e-03  ce_vamb: 0.00000e+00  sse_vamb: 7.79079e-02  kld_vamb: 1.77903e-02  loss_labels: 6.72410e-03  ce_labels_labels: 1.07687e-03  kld_labels: 3.61423e+01  correct_labels_labels: 0.00000e+00  loss_joint: 9.22207e-02  ce_joint: 0.00000e+00  sse_joint: 1.73518e+01  ce_labels_joint: 1.66196e-03  kld_vamb_joint: 3.60286e+00  kld_labels_joint: 7.42665e+00  correct_labels_joint: 0.00000e+00  loss: 1.98821e-01
2026-08-13 13:47:01.796 | INFO    | 		Epoch: 294  loss_vamb: 1.00103e-01  ab_vamb: 4.39668e-03  ce_vamb: 0.00000e+00  sse_vamb: 7.79113e-02  kld_vamb: 1.77950e-02  loss_labels: 6.38084e-03  ce_labels_labels: 7.42095e-04  kld_labels: 3.60880e+01  correct_labels_labels: 0.00000e+00  loss_joint: 9.29793e-02  ce_joint: 0.00000e+00  sse_joint: 1.73835e+01  ce_labels_joint: 2.45771e-03  kld_vamb_joint: 3.60167e+00  kld_labels_joint: 7.42177e+00  correct_labels_joint: 0.00000e+00  loss: 1.99463e-01
2026-08-13 13:47:02.576 | INFO    | 		Epoch: 295  loss_vamb: 9.95768e-02  ab_vamb: 4.01768e-03  ce_vamb: 0.00000e+00  sse_vamb: 7.77523e-02  kld_vamb: 1.78068e-02  loss_labels: 6.56944e-03  ce_labels_labels: 9.12664e-04  kld_labels: 3.62034e+01  correct_labels_labels: 0.00000e+00  loss_joint: 9.30107e-02  ce_joint: 0.00000e+00  sse_joint: 1.74779e+01  ce_labels_joint: 1.79264e-03  kld_vamb_joint: 3.60125e+00  kld_labels_joint: 7.42756e+00  correct_labels_joint: 0.00000e+00  loss: 1.99157e-01
2026-08-13 13:47:03.118 | INFO    | 		Epoch: 296  loss_vamb: 9.95838e-02  ab_vamb: 4.08337e-03  ce_vamb: 0.00000e+00  sse_vamb: 7.76792e-02  kld_vamb: 1.78212e-02  loss_labels: 6.70310e-03  ce_labels_labels: 1.06015e-03  kld_labels: 3.61149e+01  correct_labels_labels: 0.00000e+00  loss_joint: 9.23360e-02  ce_joint: 0.00000e+00  sse_joint: 1.73885e+01  ce_labels_joint: 1.78965e-03  kld_vamb_joint: 3.60723e+00  kld_labels_joint: 7.43736e+00  correct_labels_joint: 0.00000e+00  loss: 1.98623e-01
2026-08-13 13:47:03.819 | INFO    | 		Epoch: 297  loss_vamb: 9.93364e-02  ab_vamb: 4.02997e-03  ce_vamb: 0.00000e+00  sse_vamb: 7.74696e-02  kld_vamb: 1.78368e-02  loss_labels: 6.59687e-03  ce_labels_labels: 9.73675e-04  kld_labels: 3.59884e+01  correct_labels_labels: 0.00000e+00  loss_joint: 9.23264e-02  ce_joint: 0.00000e+00  sse_joint: 1.73667e+01  ce_labels_joint: 2.01387e-03  kld_vamb_joint: 3.60621e+00  kld_labels_joint: 7.43555e+00  correct_labels_joint: 0.00000e+00  loss: 1.98260e-01
2026-08-13 13:47:04.393 | INFO    | 		Epoch: 298  loss_vamb: 9.93096e-02  ab_vamb: 4.15629e-03  ce_vamb: 0.00000e+00  sse_vamb: 7.73087e-02  kld_vamb: 1.78446e-02  loss_labels: 6.32583e-03  ce_labels_labels: 7.11971e-04  kld_labels: 3.59287e+01  correct_labels_labels: 0.00000e+00  loss_joint: 9.26186e-02  ce_joint: 0.00000e+00  sse_joint: 1.72889e+01  ce_labels_joint: 2.65622e-03  kld_vamb_joint: 3.59437e+00  kld_labels_joint: 7.45974e+00  correct_labels_joint: 0.00000e+00  loss: 1.98254e-01
2026-08-13 13:47:05.100 | INFO    | 		Epoch: 299  loss_vamb: 9.90075e-02  ab_vamb: 4.04717e-03  ce_vamb: 0.00000e+00  sse_vamb: 7.71092e-02  kld_vamb: 1.78511e-02  loss_labels: 6.64392e-03  ce_labels_labels: 1.02948e-03  kld_labels: 3.59324e+01  correct_labels_labels: 0.00000e+00  loss_joint: 9.20476e-02  ce_joint: 0.00000e+00  sse_joint: 1.73069e+01  ce_labels_joint: 1.85078e-03  kld_vamb_joint: 3.60930e+00  kld_labels_joint: 7.48663e+00  correct_labels_joint: 0.00000e+00  loss: 1.97699e-01
2026-08-13 13:47:05.275 | INFO    | (3396, 32) embedding shape
2026-08-13 13:47:05.354 | INFO    | Clustering
2026-08-13 13:47:05.354 | INFO    | 	Windowsize: 300
2026-08-13 13:47:05.354 | INFO    | 	Min successful thresholds detected: 15
2026-08-13 13:47:05.354 | INFO    | 	Max clusters: None
2026-08-13 13:47:05.354 | INFO    | 	Use CUDA for clustering: False
2026-08-13 13:47:05.354 | INFO    | 	Binsplitter: Defaulting to 'C', but disabled due to incompatible identifiers
2026-08-13 13:47:06.648 | INFO    | 	Clustered 3396 contigs in 624 unsplit bins
2026-08-13 13:47:06.648 | INFO    | 	Wrote cluster file(s) in 0.0 seconds.
2026-08-13 13:47:08.012 | INFO    | 	Wrote 18 bins with 2510 sequences in 1.36 seconds.
2026-08-13 13:47:08.013 | INFO    | 	Clustered contigs in 1.29 seconds.

2026-08-13 13:47:08.022 | INFO    | Completed Vamb in 253.5 seconds.
TaxVAMB done: /mnt/ME5024_PA2/shared/groups/ZHANGLU/Results_of_CAMI2_Other_datasets_other_binning_tools/TaxVAMB/Airways/Airways-2017.12.04_18.56.22_sample_10; finished=Thu Aug 13 13:47:08 HKT 2026
