============================================
TaxVAMB marine multi-sample binning started
Assembly       : 8
FASTA          : /mnt/ME5024_PA2/shared/groups/ZHANGLU/Data-CAMI2-Marine-multi-samples/marine-sample-8.contigs.fasta
Taxonomy       : /mnt/ME5024_PA1/home/csbhzou/CompleteBin-v1.2.2.0-Revision-Version-245NCMAGs-more9010MAGs/scripts/taxvamb_marine_multisample/taxonomy_converted/marine-sample-8.taxvamb.tsv
BAM files      : 10 cross-sample mappings
Output         : /mnt/ME5024_PA2/shared/groups/ZHANGLU/TaxVAMB-CAMI2-Marine-Multi-Sample/marine-sample-8
Node           : workernode4
Started        : Thu Aug 13 11:34:44 HKT 2026
============================================
2026-08-13 11:34:49.333 | INFO    | Starting Vamb version 5.0.4
2026-08-13 11:34:49.333 | INFO    | Random seed is 20260812
2026-08-13 11:34:49.333 | INFO    | Invoked with CLI args: '/mnt/ME5024_PA1/home/csbhzou/miniconda3/envs/taxvamb/bin/vamb bin taxvamb --outdir /mnt/ME5024_PA2/shared/groups/ZHANGLU/TaxVAMB-CAMI2-Marine-Multi-Sample/marine-sample-8 --fasta /mnt/ME5024_PA2/shared/groups/ZHANGLU/Data-CAMI2-Marine-multi-samples/marine-sample-8.contigs.fasta --bamdir /mnt/ME5024_PA2/shared/groups/ZHANGLU/TaxVAMB-CAMI2-Marine-Multi-Sample/marine-sample-8.bamdir --taxonomy /mnt/ME5024_PA1/home/csbhzou/CompleteBin-v1.2.2.0-Revision-Version-245NCMAGs-more9010MAGs/scripts/taxvamb_marine_multisample/taxonomy_converted/marine-sample-8.taxvamb.tsv --minfasta 200000 -m 2000 -p 32 --seed 20260812'
2026-08-13 11:34:49.333 | INFO    | Loading TNF
2026-08-13 11:34:49.333 | INFO    | 	Minimum sequence length: 2000
2026-08-13 11:34:49.333 | INFO    | 	Loading data from FASTA file /mnt/ME5024_PA2/shared/groups/ZHANGLU/Data-CAMI2-Marine-multi-samples/marine-sample-8.contigs.fasta

2026-08-13 11:34:53.682 | WARNING | Binsplit separator (option `-o`) implicitly passed as "C", but sequence identifier "k141_494874" does not contain this separator, or contains it at the very start or end.
A binsplit separator X implies that every sequence identifier is formatted as
[sample identifier][X][sequence identifier], e.g. a binsplit separator of 'C' means that 'S1C19' and '7C11' are valid identifiers.

Skipping binsplitting.

2026-08-13 11:34:53.683 | WARNING | The minimum sequence length has been set to 2000, but 520244 sequences fell below this threshold and was filtered away.
Better results are obtained if the sequence file is filtered to the minimum sequence length before mapping.

2026-08-13 11:34:53.683 | INFO    | 	Kept 120571431 bases in 21047 sequences
2026-08-13 11:34:53.683 | INFO    | 	Processed TNF in 4.35 seconds.

2026-08-13 11:34:53.683 | INFO    | Loading depths
2026-08-13 11:34:53.683 | INFO    | 	Reference hash: e4d31d6a025e1db01e42c4f02145fcdc
2026-08-13 11:34:53.683 | INFO    | 	Parsing 10 BAM files with 32 threads
2026-08-13 11:34:53.683 | INFO    | 	Min identity: 0.0
2026-08-13 11:36:24.833 | INFO    | 	Order of columns is:
2026-08-13 11:36:24.834 | INFO    | 	     0: /mnt/ME5024_PA2/shared/groups/ZHANGLU/TaxVAMB-CAMI2-Marine-Multi-Sample/marine-sample-8.bamdir/marine-sample-c8-r0.sorted.bam
2026-08-13 11:36:24.834 | INFO    | 	     1: /mnt/ME5024_PA2/shared/groups/ZHANGLU/TaxVAMB-CAMI2-Marine-Multi-Sample/marine-sample-8.bamdir/marine-sample-c8-r1.sorted.bam
2026-08-13 11:36:24.834 | INFO    | 	     2: /mnt/ME5024_PA2/shared/groups/ZHANGLU/TaxVAMB-CAMI2-Marine-Multi-Sample/marine-sample-8.bamdir/marine-sample-c8-r2.sorted.bam
2026-08-13 11:36:24.834 | INFO    | 	     3: /mnt/ME5024_PA2/shared/groups/ZHANGLU/TaxVAMB-CAMI2-Marine-Multi-Sample/marine-sample-8.bamdir/marine-sample-c8-r3.sorted.bam
2026-08-13 11:36:24.834 | INFO    | 	     4: /mnt/ME5024_PA2/shared/groups/ZHANGLU/TaxVAMB-CAMI2-Marine-Multi-Sample/marine-sample-8.bamdir/marine-sample-c8-r4.sorted.bam
2026-08-13 11:36:24.834 | INFO    | 	     5: /mnt/ME5024_PA2/shared/groups/ZHANGLU/TaxVAMB-CAMI2-Marine-Multi-Sample/marine-sample-8.bamdir/marine-sample-c8-r5.sorted.bam
2026-08-13 11:36:24.834 | INFO    | 	     6: /mnt/ME5024_PA2/shared/groups/ZHANGLU/TaxVAMB-CAMI2-Marine-Multi-Sample/marine-sample-8.bamdir/marine-sample-c8-r6.sorted.bam
2026-08-13 11:36:24.834 | INFO    | 	     7: /mnt/ME5024_PA2/shared/groups/ZHANGLU/TaxVAMB-CAMI2-Marine-Multi-Sample/marine-sample-8.bamdir/marine-sample-c8-r7.sorted.bam
2026-08-13 11:36:24.834 | INFO    | 	     8: /mnt/ME5024_PA2/shared/groups/ZHANGLU/TaxVAMB-CAMI2-Marine-Multi-Sample/marine-sample-8.bamdir/marine-sample-c8-r8.sorted.bam
2026-08-13 11:36:24.834 | INFO    | 	     9: /mnt/ME5024_PA2/shared/groups/ZHANGLU/TaxVAMB-CAMI2-Marine-Multi-Sample/marine-sample-8.bamdir/marine-sample-c8-r9.sorted.bam
2026-08-13 11:36:24.834 | INFO    | 	Processed abundance in 91.15 seconds.

2026-08-13 11:36:24.834 | INFO    | Predicting taxonomy with Taxometer
2026-08-13 11:36:24.940 | INFO    | 	907 nodes in the graph
2026-08-13 11:36:24.980 | INFO    | 	Created dataloader
2026-08-13 11:36:24.980 | INFO    | Starting training the taxonomy predictor
2026-08-13 11:36:24.980 | INFO    | Using threshold 0.5
2026-08-13 11:36:25.941 | INFO    | 	Network properties:
2026-08-13 11:36:25.941 | INFO    | 	    CUDA: False
2026-08-13 11:36:25.941 | INFO    | 	    Hierarchical loss: flat_softmax
2026-08-13 11:36:25.941 | INFO    | 	    Alpha: 0.15
2026-08-13 11:36:25.941 | INFO    | 	    Beta: 200.0
2026-08-13 11:36:25.941 | INFO    | 	    Dropout: 0.2
2026-08-13 11:36:25.941 | INFO    | 	    N hidden: 512, 512, 512, 512
2026-08-13 11:36:25.941 | INFO    | 	Training properties:
2026-08-13 11:36:25.941 | INFO    | 	    N epochs: 100
2026-08-13 11:36:25.941 | INFO    | 	    Starting batch size: 1024
2026-08-13 11:36:25.941 | INFO    | 	    Batchsteps: None
2026-08-13 11:36:25.941 | INFO    | 	    Learning rate: 0.001
2026-08-13 11:36:25.941 | INFO    | 	    N labels: torch.Size([21047, 10])
Using decoupled weight decay
2026-08-13 11:36:26.907 | INFO    | 	Epoch: 1	CE: 3.6308532	Batchsize: 1024
2026-08-13 11:36:27.860 | INFO    | 	Epoch: 2	CE: 1.0858294	Batchsize: 1024
2026-08-13 11:36:28.800 | INFO    | 	Epoch: 3	CE: 0.6876589	Batchsize: 1024
2026-08-13 11:36:29.743 | INFO    | 	Epoch: 4	CE: 0.5227973	Batchsize: 1024
2026-08-13 11:36:30.695 | INFO    | 	Epoch: 5	CE: 0.4298015	Batchsize: 1024
2026-08-13 11:36:31.692 | INFO    | 	Epoch: 6	CE: 0.3784921	Batchsize: 1024
2026-08-13 11:36:32.625 | INFO    | 	Epoch: 7	CE: 0.3306775	Batchsize: 1024
2026-08-13 11:36:33.583 | INFO    | 	Epoch: 8	CE: 0.3070771	Batchsize: 1024
2026-08-13 11:36:34.532 | INFO    | 	Epoch: 9	CE: 0.2821075	Batchsize: 1024
2026-08-13 11:36:35.496 | INFO    | 	Epoch: 10	CE: 0.2612429	Batchsize: 1024
2026-08-13 11:36:36.467 | INFO    | 	Epoch: 11	CE: 0.2260284	Batchsize: 1024
2026-08-13 11:36:37.410 | INFO    | 	Epoch: 12	CE: 0.2082114	Batchsize: 1024
2026-08-13 11:36:38.423 | INFO    | 	Epoch: 13	CE: 0.1886830	Batchsize: 1024
2026-08-13 11:36:39.368 | INFO    | 	Epoch: 14	CE: 0.1867550	Batchsize: 1024
2026-08-13 11:36:40.334 | INFO    | 	Epoch: 15	CE: 0.1731422	Batchsize: 1024
2026-08-13 11:36:41.295 | INFO    | 	Epoch: 16	CE: 0.1606745	Batchsize: 1024
2026-08-13 11:36:42.280 | INFO    | 	Epoch: 17	CE: 0.1536041	Batchsize: 1024
2026-08-13 11:36:43.223 | INFO    | 	Epoch: 18	CE: 0.1401097	Batchsize: 1024
2026-08-13 11:36:44.209 | INFO    | 	Epoch: 19	CE: 0.1317149	Batchsize: 1024
2026-08-13 11:36:45.181 | INFO    | 	Epoch: 20	CE: 0.1217605	Batchsize: 1024
2026-08-13 11:36:46.134 | INFO    | 	Epoch: 21	CE: 0.1178750	Batchsize: 1024
2026-08-13 11:36:47.061 | INFO    | 	Epoch: 22	CE: 0.1087440	Batchsize: 1024
2026-08-13 11:36:47.991 | INFO    | 	Epoch: 23	CE: 0.1068337	Batchsize: 1024
2026-08-13 11:36:48.948 | INFO    | 	Epoch: 24	CE: 0.1002522	Batchsize: 1024
2026-08-13 11:36:49.913 | INFO    | 	Epoch: 25	CE: 0.0990385	Batchsize: 1024
2026-08-13 11:36:50.855 | INFO    | 	Epoch: 26	CE: 0.0963204	Batchsize: 1024
2026-08-13 11:36:51.840 | INFO    | 	Epoch: 27	CE: 0.0959830	Batchsize: 1024
2026-08-13 11:36:52.770 | INFO    | 	Epoch: 28	CE: 0.0890725	Batchsize: 1024
2026-08-13 11:36:53.713 | INFO    | 	Epoch: 29	CE: 0.0904953	Batchsize: 1024
2026-08-13 11:36:54.658 | INFO    | 	Epoch: 30	CE: 0.0842325	Batchsize: 1024
2026-08-13 11:36:55.639 | INFO    | 	Epoch: 31	CE: 0.0759271	Batchsize: 1024
2026-08-13 11:36:56.583 | INFO    | 	Epoch: 32	CE: 0.0748492	Batchsize: 1024
2026-08-13 11:36:57.546 | INFO    | 	Epoch: 33	CE: 0.0716906	Batchsize: 1024
2026-08-13 11:36:58.526 | INFO    | 	Epoch: 34	CE: 0.0681700	Batchsize: 1024
2026-08-13 11:36:59.485 | INFO    | 	Epoch: 35	CE: 0.0663651	Batchsize: 1024
2026-08-13 11:37:00.456 | INFO    | 	Epoch: 36	CE: 0.0695207	Batchsize: 1024
2026-08-13 11:37:01.407 | INFO    | 	Epoch: 37	CE: 0.0615000	Batchsize: 1024
2026-08-13 11:37:02.338 | INFO    | 	Epoch: 38	CE: 0.0590570	Batchsize: 1024
2026-08-13 11:37:03.295 | INFO    | 	Epoch: 39	CE: 0.0499883	Batchsize: 1024
2026-08-13 11:37:04.223 | INFO    | 	Epoch: 40	CE: 0.0565439	Batchsize: 1024
2026-08-13 11:37:05.176 | INFO    | 	Epoch: 41	CE: 0.0653114	Batchsize: 1024
2026-08-13 11:37:06.133 | INFO    | 	Epoch: 42	CE: 0.0602755	Batchsize: 1024
2026-08-13 11:37:07.075 | INFO    | 	Epoch: 43	CE: 0.0571625	Batchsize: 1024
2026-08-13 11:37:08.093 | INFO    | 	Epoch: 44	CE: 0.0538294	Batchsize: 1024
2026-08-13 11:37:09.036 | INFO    | 	Epoch: 45	CE: 0.0479942	Batchsize: 1024
2026-08-13 11:37:10.008 | INFO    | 	Epoch: 46	CE: 0.0505745	Batchsize: 1024
2026-08-13 11:37:10.950 | INFO    | 	Epoch: 47	CE: 0.0471209	Batchsize: 1024
2026-08-13 11:37:11.956 | INFO    | 	Epoch: 48	CE: 0.0450859	Batchsize: 1024
2026-08-13 11:37:12.933 | INFO    | 	Epoch: 49	CE: 0.0418170	Batchsize: 1024
2026-08-13 11:37:14.008 | INFO    | 	Epoch: 50	CE: 0.0416557	Batchsize: 1024
2026-08-13 11:37:14.930 | INFO    | 	Epoch: 51	CE: 0.0404839	Batchsize: 1024
2026-08-13 11:37:15.884 | INFO    | 	Epoch: 52	CE: 0.0447509	Batchsize: 1024
2026-08-13 11:37:16.875 | INFO    | 	Epoch: 53	CE: 0.0443907	Batchsize: 1024
2026-08-13 11:37:17.819 | INFO    | 	Epoch: 54	CE: 0.0438684	Batchsize: 1024
2026-08-13 11:37:18.792 | INFO    | 	Epoch: 55	CE: 0.0440550	Batchsize: 1024
2026-08-13 11:37:19.757 | INFO    | 	Epoch: 56	CE: 0.0416414	Batchsize: 1024
2026-08-13 11:37:20.734 | INFO    | 	Epoch: 57	CE: 0.0388375	Batchsize: 1024
2026-08-13 11:37:21.744 | INFO    | 	Epoch: 58	CE: 0.0383156	Batchsize: 1024
2026-08-13 11:37:22.691 | INFO    | 	Epoch: 59	CE: 0.0383933	Batchsize: 1024
2026-08-13 11:37:23.629 | INFO    | 	Epoch: 60	CE: 0.0389810	Batchsize: 1024
2026-08-13 11:37:24.606 | INFO    | 	Epoch: 61	CE: 0.0400115	Batchsize: 1024
2026-08-13 11:37:25.578 | INFO    | 	Epoch: 62	CE: 0.0387708	Batchsize: 1024
2026-08-13 11:37:26.565 | INFO    | 	Epoch: 63	CE: 0.0397707	Batchsize: 1024
2026-08-13 11:37:27.593 | INFO    | 	Epoch: 64	CE: 0.0380512	Batchsize: 1024
2026-08-13 11:37:28.535 | INFO    | 	Epoch: 65	CE: 0.0384856	Batchsize: 1024
2026-08-13 11:37:29.476 | INFO    | 	Epoch: 66	CE: 0.0320153	Batchsize: 1024
2026-08-13 11:37:30.436 | INFO    | 	Epoch: 67	CE: 0.0326113	Batchsize: 1024
2026-08-13 11:37:31.396 | INFO    | 	Epoch: 68	CE: 0.0313154	Batchsize: 1024
2026-08-13 11:37:32.356 | INFO    | 	Epoch: 69	CE: 0.0333544	Batchsize: 1024
2026-08-13 11:37:33.302 | INFO    | 	Epoch: 70	CE: 0.0317704	Batchsize: 1024
2026-08-13 11:37:34.277 | INFO    | 	Epoch: 71	CE: 0.0335383	Batchsize: 1024
2026-08-13 11:37:35.249 | INFO    | 	Epoch: 72	CE: 0.0346674	Batchsize: 1024
2026-08-13 11:37:36.207 | INFO    | 	Epoch: 73	CE: 0.0335311	Batchsize: 1024
2026-08-13 11:37:37.145 | INFO    | 	Epoch: 74	CE: 0.0324690	Batchsize: 1024
2026-08-13 11:37:38.278 | INFO    | 	Epoch: 75	CE: 0.0338306	Batchsize: 1024
2026-08-13 11:37:39.237 | INFO    | 	Epoch: 76	CE: 0.0295902	Batchsize: 1024
2026-08-13 11:37:40.192 | INFO    | 	Epoch: 77	CE: 0.0274484	Batchsize: 1024
2026-08-13 11:37:41.164 | INFO    | 	Epoch: 78	CE: 0.0284424	Batchsize: 1024
2026-08-13 11:37:42.101 | INFO    | 	Epoch: 79	CE: 0.0273519	Batchsize: 1024
2026-08-13 11:37:43.061 | INFO    | 	Epoch: 80	CE: 0.0290463	Batchsize: 1024
2026-08-13 11:37:44.027 | INFO    | 	Epoch: 81	CE: 0.0281984	Batchsize: 1024
2026-08-13 11:37:44.984 | INFO    | 	Epoch: 82	CE: 0.0271221	Batchsize: 1024
2026-08-13 11:37:45.937 | INFO    | 	Epoch: 83	CE: 0.0269330	Batchsize: 1024
2026-08-13 11:37:46.866 | INFO    | 	Epoch: 84	CE: 0.0278185	Batchsize: 1024
2026-08-13 11:37:47.866 | INFO    | 	Epoch: 85	CE: 0.0242161	Batchsize: 1024
2026-08-13 11:37:48.825 | INFO    | 	Epoch: 86	CE: 0.0247078	Batchsize: 1024
2026-08-13 11:37:49.772 | INFO    | 	Epoch: 87	CE: 0.0248602	Batchsize: 1024
2026-08-13 11:37:50.722 | INFO    | 	Epoch: 88	CE: 0.0265951	Batchsize: 1024
2026-08-13 11:37:51.758 | INFO    | 	Epoch: 89	CE: 0.0267386	Batchsize: 1024
2026-08-13 11:37:52.703 | INFO    | 	Epoch: 90	CE: 0.0280731	Batchsize: 1024
2026-08-13 11:37:53.677 | INFO    | 	Epoch: 91	CE: 0.0282867	Batchsize: 1024
2026-08-13 11:37:54.786 | INFO    | 	Epoch: 92	CE: 0.0248726	Batchsize: 1024
2026-08-13 11:37:55.771 | INFO    | 	Epoch: 93	CE: 0.0239337	Batchsize: 1024
2026-08-13 11:37:56.730 | INFO    | 	Epoch: 94	CE: 0.0234537	Batchsize: 1024
2026-08-13 11:37:57.696 | INFO    | 	Epoch: 95	CE: 0.0266712	Batchsize: 1024
2026-08-13 11:37:58.771 | INFO    | 	Epoch: 96	CE: 0.0250193	Batchsize: 1024
2026-08-13 11:37:59.727 | INFO    | 	Epoch: 97	CE: 0.0227916	Batchsize: 1024
2026-08-13 11:38:00.725 | INFO    | 	Epoch: 98	CE: 0.0234820	Batchsize: 1024
2026-08-13 11:38:01.708 | INFO    | 	Epoch: 99	CE: 0.0252154	Batchsize: 1024
2026-08-13 11:38:02.670 | INFO    | 	Epoch: 100	CE: 0.0253602	Batchsize: 1024
2026-08-13 11:38:02.681 | INFO    | Finished training the taxonomy predictor in 97.7 seconds.
2026-08-13 11:38:02.681 | INFO    | Writing the taxonomy predictions
2026-08-13 11:38:02.682 | INFO    | Using threshold 0.5
2026-08-13 11:38:05.210 | INFO    | Completed taxonomy predictions in 100.38 seconds.
2026-08-13 11:38:05.398 | INFO    | 	Network properties:
2026-08-13 11:38:05.398 | INFO    | 	    CUDA: False
2026-08-13 11:38:05.398 | INFO    | 	    Alpha: 0.15
2026-08-13 11:38:05.398 | INFO    | 	    Beta: 200.0
2026-08-13 11:38:05.398 | INFO    | 	    Dropout: 0.2
2026-08-13 11:38:05.398 | INFO    | 	    N hidden: 512, 512
2026-08-13 11:38:05.399 | INFO    | 	    N latent: 32
2026-08-13 11:38:05.399 | INFO    | 	Training properties:
2026-08-13 11:38:05.399 | INFO    | 	    N epochs: 300
2026-08-13 11:38:05.399 | INFO    | 	    Starting batch size: 256
2026-08-13 11:38:05.399 | INFO    | 	    Batchsteps: 25, 75, 150, 225
2026-08-13 11:38:05.399 | INFO    | 	    Learning rate: 0.001
2026-08-13 11:38:05.399 | INFO    | 	    N sequences: 21047
2026-08-13 11:38:05.399 | INFO    | 	    N samples: 10
2026-08-13 11:38:09.568 | INFO    | 		Epoch: 0  loss_vamb: 8.68463e-01  ab_vamb: 2.52713e-02  ce_vamb: 7.54210e-01  sse_vamb: 8.10722e-02  kld_vamb: 7.91448e-03  loss_labels: 1.31431e+00  ce_labels_labels: 1.30418e+00  kld_labels: 6.48302e+01  correct_labels_labels: 0.00000e+00  loss_joint: 2.77968e+00  ce_joint: 2.25501e+00  sse_joint: 5.81977e+01  ce_labels_joint: 1.90739e+00  kld_vamb_joint: 2.21965e+00  kld_labels_joint: 1.57907e+00  correct_labels_joint: 0.00000e+00  loss: 4.96245e+00
2026-08-13 11:38:13.821 | INFO    | 		Epoch: 1  loss_vamb: 8.03763e-01  ab_vamb: 8.44476e-03  ce_vamb: 7.32792e-01  sse_vamb: 5.27563e-02  kld_vamb: 9.84595e-03  loss_labels: 2.81528e-01  ce_labels_labels: 2.66682e-01  kld_labels: 9.50116e+01  correct_labels_labels: 0.00000e+00  loss_joint: 1.27777e+00  ce_joint: 2.18210e+00  sse_joint: 4.05536e+01  ce_labels_joint: 4.82494e-01  kld_vamb_joint: 2.57770e+00  kld_labels_joint: 1.93463e+00  correct_labels_joint: 0.00000e+00  loss: 2.36306e+00
2026-08-13 11:38:17.892 | INFO    | 		Epoch: 2  loss_vamb: 7.91603e-01  ab_vamb: 6.74885e-03  ce_vamb: 7.26412e-01  sse_vamb: 4.85021e-02  kld_vamb: 1.00175e-02  loss_labels: 1.64535e-01  ce_labels_labels: 1.48671e-01  kld_labels: 1.01527e+02  correct_labels_labels: 0.00000e+00  loss_joint: 1.05310e+00  ce_joint: 2.16592e+00  sse_joint: 3.80184e+01  ce_labels_joint: 2.69599e-01  kld_vamb_joint: 2.93545e+00  kld_labels_joint: 2.22254e+00  correct_labels_joint: 0.00000e+00  loss: 2.00923e+00
2026-08-13 11:38:22.012 | INFO    | 		Epoch: 3  loss_vamb: 7.85505e-01  ab_vamb: 6.22169e-03  ce_vamb: 7.22305e-01  sse_vamb: 4.68389e-02  kld_vamb: 1.02187e-02  loss_labels: 1.07534e-01  ce_labels_labels: 9.17603e-02  kld_labels: 1.00952e+02  correct_labels_labels: 0.00000e+00  loss_joint: 9.64950e-01  ce_joint: 2.15924e+00  sse_joint: 3.66880e+01  ce_labels_joint: 1.86321e-01  kld_vamb_joint: 3.43791e+00  kld_labels_joint: 2.67960e+00  correct_labels_joint: 0.00000e+00  loss: 1.85799e+00
2026-08-13 11:38:26.156 | INFO    | 		Epoch: 4  loss_vamb: 7.81239e-01  ab_vamb: 5.60194e-03  ce_vamb: 7.19577e-01  sse_vamb: 4.58686e-02  kld_vamb: 1.02685e-02  loss_labels: 7.43053e-02  ce_labels_labels: 5.89483e-02  kld_labels: 9.82849e+01  correct_labels_labels: 0.00000e+00  loss_joint: 9.06726e-01  ce_joint: 2.15406e+00  sse_joint: 3.56739e+01  ce_labels_joint: 1.31899e-01  kld_vamb_joint: 3.92364e+00  kld_labels_joint: 3.13347e+00  correct_labels_joint: 0.00000e+00  loss: 1.76227e+00
2026-08-13 11:38:30.173 | INFO    | 		Epoch: 5  loss_vamb: 7.78574e-01  ab_vamb: 5.39030e-03  ce_vamb: 7.17774e-01  sse_vamb: 4.52054e-02  kld_vamb: 1.02820e-02  loss_labels: 5.53167e-02  ce_labels_labels: 4.03923e-02  kld_labels: 9.55164e+01  correct_labels_labels: 0.00000e+00  loss_joint: 8.78304e-01  ce_joint: 2.15086e+00  sse_joint: 3.50522e+01  ce_labels_joint: 1.05502e-01  kld_vamb_joint: 4.45216e+00  kld_labels_joint: 3.59910e+00  correct_labels_joint: 0.00000e+00  loss: 1.71219e+00
2026-08-13 11:38:34.208 | INFO    | 		Epoch: 6  loss_vamb: 7.76740e-01  ab_vamb: 5.27156e-03  ce_vamb: 7.16631e-01  sse_vamb: 4.46518e-02  kld_vamb: 1.02635e-02  loss_labels: 4.27470e-02  ce_labels_labels: 2.81971e-02  kld_labels: 9.31193e+01  correct_labels_labels: 0.00000e+00  loss_joint: 8.52970e-01  ce_joint: 2.14830e+00  sse_joint: 3.44032e+01  ce_labels_joint: 8.22896e-02  kld_vamb_joint: 4.96065e+00  kld_labels_joint: 4.06227e+00  correct_labels_joint: 0.00000e+00  loss: 1.67246e+00
2026-08-13 11:38:38.323 | INFO    | 		Epoch: 7  loss_vamb: 7.74954e-01  ab_vamb: 5.10371e-03  ce_vamb: 7.15519e-01  sse_vamb: 4.41695e-02  kld_vamb: 1.02413e-02  loss_labels: 3.42811e-02  ce_labels_labels: 2.03992e-02  kld_labels: 8.88439e+01  correct_labels_labels: 0.00000e+00  loss_joint: 8.27950e-01  ce_joint: 2.14595e+00  sse_joint: 3.38221e+01  ce_labels_joint: 5.88627e-02  kld_vamb_joint: 5.45413e+00  kld_labels_joint: 4.58093e+00  correct_labels_joint: 0.00000e+00  loss: 1.63718e+00
2026-08-13 11:38:42.371 | INFO    | 		Epoch: 8  loss_vamb: 7.73685e-01  ab_vamb: 4.97143e-03  ce_vamb: 7.14676e-01  sse_vamb: 4.38624e-02  kld_vamb: 1.02542e-02  loss_labels: 2.63524e-02  ce_labels_labels: 1.29990e-02  kld_labels: 8.54618e+01  correct_labels_labels: 0.00000e+00  loss_joint: 8.13327e-01  ce_joint: 2.14454e+00  sse_joint: 3.34642e+01  ce_labels_joint: 4.53687e-02  kld_vamb_joint: 5.83528e+00  kld_labels_joint: 4.93968e+00  correct_labels_joint: 0.00000e+00  loss: 1.61336e+00
2026-08-13 11:38:46.375 | INFO    | 		Epoch: 9  loss_vamb: 7.72514e-01  ab_vamb: 4.83080e-03  ce_vamb: 7.14194e-01  sse_vamb: 4.34705e-02  kld_vamb: 1.00957e-02  loss_labels: 2.22966e-02  ce_labels_labels: 9.22079e-03  kld_labels: 8.36849e+01  correct_labels_labels: 0.00000e+00  loss_joint: 8.02918e-01  ce_joint: 2.14318e+00  sse_joint: 3.29694e+01  ce_labels_joint: 3.61603e-02  kld_vamb_joint: 6.18938e+00  kld_labels_joint: 5.37002e+00  correct_labels_joint: 0.00000e+00  loss: 1.59773e+00
2026-08-13 11:38:50.382 | INFO    | 		Epoch: 10  loss_vamb: 7.71672e-01  ab_vamb: 4.72975e-03  ce_vamb: 7.13615e-01  sse_vamb: 4.32920e-02  kld_vamb: 1.01135e-02  loss_labels: 1.96312e-02  ce_labels_labels: 6.96435e-03  kld_labels: 8.10680e+01  correct_labels_labels: 0.00000e+00  loss_joint: 7.95455e-01  ce_joint: 2.14205e+00  sse_joint: 3.26305e+01  ce_labels_joint: 2.96620e-02  kld_vamb_joint: 6.41896e+00  kld_labels_joint: 5.58511e+00  correct_labels_joint: 0.00000e+00  loss: 1.58676e+00
2026-08-13 11:38:54.434 | INFO    | 		Epoch: 11  loss_vamb: 7.70866e-01  ab_vamb: 4.59268e-03  ce_vamb: 7.13258e-01  sse_vamb: 4.30074e-02  kld_vamb: 1.00890e-02  loss_labels: 1.60900e-02  ce_labels_labels: 4.39025e-03  kld_labels: 7.48781e+01  correct_labels_labels: 0.00000e+00  loss_joint: 7.92063e-01  ce_joint: 2.14158e+00  sse_joint: 3.24725e+01  ce_labels_joint: 2.65553e-02  kld_vamb_joint: 6.75902e+00  kld_labels_joint: 6.00742e+00  correct_labels_joint: 0.00000e+00  loss: 1.57902e+00
2026-08-13 11:38:58.477 | INFO    | 		Epoch: 12  loss_vamb: 7.70352e-01  ab_vamb: 4.63139e-03  ce_vamb: 7.12804e-01  sse_vamb: 4.29424e-02  kld_vamb: 1.00533e-02  loss_labels: 1.61669e-02  ce_labels_labels: 5.07907e-03  kld_labels: 7.09623e+01  correct_labels_labels: 0.00000e+00  loss_joint: 7.90270e-01  ce_joint: 2.14100e+00  sse_joint: 3.23296e+01  ce_labels_joint: 2.51091e-02  kld_vamb_joint: 7.04213e+00  kld_labels_joint: 6.39000e+00  correct_labels_joint: 0.00000e+00  loss: 1.57679e+00
2026-08-13 11:39:02.431 | INFO    | 		Epoch: 13  loss_vamb: 7.69565e-01  ab_vamb: 4.54448e-03  ce_vamb: 7.12457e-01  sse_vamb: 4.25713e-02  kld_vamb: 1.00693e-02  loss_labels: 1.60439e-02  ce_labels_labels: 5.17402e-03  kld_labels: 6.95673e+01  correct_labels_labels: 0.00000e+00  loss_joint: 7.82457e-01  ce_joint: 2.14011e+00  sse_joint: 3.16325e+01  ce_labels_joint: 1.87344e-02  kld_vamb_joint: 7.17870e+00  kld_labels_joint: 6.62108e+00  correct_labels_joint: 0.00000e+00  loss: 1.56807e+00
2026-08-13 11:39:06.414 | INFO    | 		Epoch: 14  loss_vamb: 7.69001e-01  ab_vamb: 4.44765e-03  ce_vamb: 7.12193e-01  sse_vamb: 4.24313e-02  kld_vamb: 1.00066e-02  loss_labels: 1.62959e-02  ce_labels_labels: 5.35812e-03  kld_labels: 7.00020e+01  correct_labels_labels: 0.00000e+00  loss_joint: 7.84972e-01  ce_joint: 2.13954e+00  sse_joint: 3.16288e+01  ce_labels_joint: 2.13793e-02  kld_vamb_joint: 7.39521e+00  kld_labels_joint: 6.85478e+00  correct_labels_joint: 0.00000e+00  loss: 1.57027e+00
2026-08-13 11:39:10.398 | INFO    | 		Epoch: 15  loss_vamb: 7.68402e-01  ab_vamb: 4.39376e-03  ce_vamb: 7.11875e-01  sse_vamb: 4.22535e-02  kld_vamb: 9.95782e-03  loss_labels: 1.60687e-02  ce_labels_labels: 5.08889e-03  kld_labels: 7.02710e+01  correct_labels_labels: 0.00000e+00  loss_joint: 7.79312e-01  ce_joint: 2.13883e+00  sse_joint: 3.13041e+01  ce_labels_joint: 1.65554e-02  kld_vamb_joint: 7.71588e+00  kld_labels_joint: 7.15089e+00  correct_labels_joint: 0.00000e+00  loss: 1.56378e+00
2026-08-13 11:39:14.469 | INFO    | 		Epoch: 16  loss_vamb: 7.67801e-01  ab_vamb: 4.27126e-03  ce_vamb: 7.11582e-01  sse_vamb: 4.20569e-02  kld_vamb: 9.96638e-03  loss_labels: 1.69468e-02  ce_labels_labels: 5.66815e-03  kld_labels: 7.21831e+01  correct_labels_labels: 0.00000e+00  loss_joint: 7.76985e-01  ce_joint: 2.13834e+00  sse_joint: 3.10797e+01  ce_labels_joint: 1.45782e-02  kld_vamb_joint: 7.91909e+00  kld_labels_joint: 7.31596e+00  correct_labels_joint: 0.00000e+00  loss: 1.56173e+00
2026-08-13 11:39:18.555 | INFO    | 		Epoch: 17  loss_vamb: 7.67556e-01  ab_vamb: 4.24710e-03  ce_vamb: 7.11447e-01  sse_vamb: 4.20043e-02  kld_vamb: 9.93654e-03  loss_labels: 1.63498e-02  ce_labels_labels: 5.39175e-03  kld_labels: 7.01316e+01  correct_labels_labels: 0.00000e+00  loss_joint: 7.81466e-01  ce_joint: 2.13859e+00  sse_joint: 3.09518e+01  ce_labels_joint: 1.93582e-02  kld_vamb_joint: 7.95890e+00  kld_labels_joint: 7.53743e+00  correct_labels_joint: 0.00000e+00  loss: 1.56537e+00
2026-08-13 11:39:22.621 | INFO    | 		Epoch: 18  loss_vamb: 7.67126e-01  ab_vamb: 4.17978e-03  ce_vamb: 7.11254e-01  sse_vamb: 4.18790e-02  kld_vamb: 9.89193e-03  loss_labels: 1.82426e-02  ce_labels_labels: 6.91136e-03  kld_labels: 7.25198e+01  correct_labels_labels: 0.00000e+00  loss_joint: 7.83605e-01  ce_joint: 2.13835e+00  sse_joint: 3.10795e+01  ce_labels_joint: 2.11386e-02  kld_vamb_joint: 8.27501e+00  kld_labels_joint: 7.72761e+00  correct_labels_joint: 0.00000e+00  loss: 1.56897e+00
2026-08-13 11:39:26.744 | INFO    | 		Epoch: 19  loss_vamb: 7.66648e-01  ab_vamb: 4.18318e-03  ce_vamb: 7.11034e-01  sse_vamb: 4.16440e-02  kld_vamb: 9.86522e-03  loss_labels: 1.63157e-02  ce_labels_labels: 4.67855e-03  kld_labels: 7.44778e+01  correct_labels_labels: 0.00000e+00  loss_joint: 7.78444e-01  ce_joint: 2.13777e+00  sse_joint: 3.07182e+01  ce_labels_joint: 1.68874e-02  kld_vamb_joint: 8.53585e+00  kld_labels_joint: 7.93295e+00  correct_labels_joint: 0.00000e+00  loss: 1.56141e+00
2026-08-13 11:39:30.884 | INFO    | 		Epoch: 20  loss_vamb: 7.66227e-01  ab_vamb: 4.06979e-03  ce_vamb: 7.10881e-01  sse_vamb: 4.15556e-02  kld_vamb: 9.80065e-03  loss_labels: 1.57008e-02  ce_labels_labels: 4.61450e-03  kld_labels: 7.09521e+01  correct_labels_labels: 0.00000e+00  loss_joint: 7.79056e-01  ce_joint: 2.13742e+00  sse_joint: 3.05780e+01  ce_labels_joint: 1.76182e-02  kld_vamb_joint: 8.81803e+00  kld_labels_joint: 8.21990e+00  correct_labels_joint: 0.00000e+00  loss: 1.56098e+00
2026-08-13 11:39:34.936 | INFO    | 		Epoch: 21  loss_vamb: 7.66213e-01  ab_vamb: 4.12414e-03  ce_vamb: 7.10756e-01  sse_vamb: 4.15481e-02  kld_vamb: 9.86253e-03  loss_labels: 1.70938e-02  ce_labels_labels: 6.14582e-03  kld_labels: 7.00670e+01  correct_labels_labels: 0.00000e+00  loss_joint: 7.76682e-01  ce_joint: 2.13737e+00  sse_joint: 3.05444e+01  ce_labels_joint: 1.54415e-02  kld_vamb_joint: 9.03193e+00  kld_labels_joint: 8.48901e+00  correct_labels_joint: 0.00000e+00  loss: 1.55999e+00
2026-08-13 11:39:38.950 | INFO    | 		Epoch: 22  loss_vamb: 7.65877e-01  ab_vamb: 4.08403e-03  ce_vamb: 7.10578e-01  sse_vamb: 4.14473e-02  kld_vamb: 9.84457e-03  loss_labels: 1.74557e-02  ce_labels_labels: 6.06737e-03  kld_labels: 7.28855e+01  correct_labels_labels: 0.00000e+00  loss_joint: 7.75476e-01  ce_joint: 2.13685e+00  sse_joint: 3.03148e+01  ce_labels_joint: 1.47099e-02  kld_vamb_joint: 9.21135e+00  kld_labels_joint: 8.66940e+00  correct_labels_joint: 0.00000e+00  loss: 1.55881e+00
2026-08-13 11:39:43.089 | INFO    | 		Epoch: 23  loss_vamb: 7.65529e-01  ab_vamb: 4.08728e-03  ce_vamb: 7.10390e-01  sse_vamb: 4.12550e-02  kld_vamb: 9.87418e-03  loss_labels: 1.83878e-02  ce_labels_labels: 6.68046e-03  kld_labels: 7.49271e+01  correct_labels_labels: 0.00000e+00  loss_joint: 7.73309e-01  ce_joint: 2.13648e+00  sse_joint: 3.00715e+01  ce_labels_joint: 1.30046e-02  kld_vamb_joint: 9.32499e+00  kld_labels_joint: 8.78229e+00  correct_labels_joint: 0.00000e+00  loss: 1.55723e+00
2026-08-13 11:39:47.159 | INFO    | 		Epoch: 24  loss_vamb: 7.65190e-01  ab_vamb: 4.00293e-03  ce_vamb: 7.10237e-01  sse_vamb: 4.12074e-02  kld_vamb: 9.82036e-03  loss_labels: 1.73213e-02  ce_labels_labels: 5.38317e-03  kld_labels: 7.64043e+01  correct_labels_labels: 0.00000e+00  loss_joint: 7.74018e-01  ce_joint: 2.13601e+00  sse_joint: 3.00292e+01  ce_labels_joint: 1.39157e-02  kld_vamb_joint: 9.46108e+00  kld_labels_joint: 8.82341e+00  correct_labels_joint: 0.00000e+00  loss: 1.55653e+00
2026-08-13 11:39:50.494 | INFO    | 		Epoch: 25  loss_vamb: 7.63291e-01  ab_vamb: 3.43833e-03  ce_vamb: 7.09783e-01  sse_vamb: 4.03764e-02  kld_vamb: 9.74659e-03  loss_labels: 1.53795e-02  ce_labels_labels: 3.93354e-03  kld_labels: 7.32541e+01  correct_labels_labels: 0.00000e+00  loss_joint: 7.66161e-01  ce_joint: 2.13428e+00  sse_joint: 2.91905e+01  ce_labels_joint: 8.52105e-03  kld_vamb_joint: 9.49303e+00  kld_labels_joint: 8.91814e+00  correct_labels_joint: 0.00000e+00  loss: 1.54483e+00
2026-08-13 11:39:53.944 | INFO    | 		Epoch: 26  loss_vamb: 7.62674e-01  ab_vamb: 3.36159e-03  ce_vamb: 7.09593e-01  sse_vamb: 4.00345e-02  kld_vamb: 9.71396e-03  loss_labels: 1.21896e-02  ce_labels_labels: 1.78380e-03  kld_labels: 6.65970e+01  correct_labels_labels: 0.00000e+00  loss_joint: 7.62391e-01  ce_joint: 2.13384e+00  sse_joint: 2.88572e+01  ce_labels_joint: 5.35527e-03  kld_vamb_joint: 9.57924e+00  kld_labels_joint: 9.15710e+00  correct_labels_joint: 0.00000e+00  loss: 1.53725e+00
2026-08-13 11:39:57.343 | INFO    | 		Epoch: 27  loss_vamb: 7.62483e-01  ab_vamb: 3.35733e-03  ce_vamb: 7.09529e-01  sse_vamb: 3.99139e-02  kld_vamb: 9.78854e-03  loss_labels: 1.20366e-02  ce_labels_labels: 2.48011e-03  kld_labels: 6.11616e+01  correct_labels_labels: 0.00000e+00  loss_joint: 7.59820e-01  ce_joint: 2.13374e+00  sse_joint: 2.85525e+01  ce_labels_joint: 3.48571e-03  kld_vamb_joint: 9.58704e+00  kld_labels_joint: 9.37797e+00  correct_labels_joint: 0.00000e+00  loss: 1.53434e+00
2026-08-13 11:40:00.524 | INFO    | 		Epoch: 28  loss_vamb: 7.62178e-01  ab_vamb: 3.29806e-03  ce_vamb: 7.09417e-01  sse_vamb: 3.98322e-02  kld_vamb: 9.72489e-03  loss_labels: 1.13259e-02  ce_labels_labels: 2.07514e-03  kld_labels: 5.92051e+01  correct_labels_labels: 0.00000e+00  loss_joint: 7.58429e-01  ce_joint: 2.13319e+00  sse_joint: 2.82275e+01  ce_labels_joint: 2.84721e-03  kld_vamb_joint: 9.53107e+00  kld_labels_joint: 9.40920e+00  correct_labels_joint: 0.00000e+00  loss: 1.53193e+00
2026-08-13 11:40:03.835 | INFO    | 		Epoch: 29  loss_vamb: 7.62030e-01  ab_vamb: 3.24751e-03  ce_vamb: 7.09349e-01  sse_vamb: 3.97205e-02  kld_vamb: 9.73930e-03  loss_labels: 1.09081e-02  ce_labels_labels: 1.99189e-03  kld_labels: 5.70639e+01  correct_labels_labels: 0.00000e+00  loss_joint: 7.57376e-01  ce_joint: 2.13292e+00  sse_joint: 2.80359e+01  ce_labels_joint: 2.14216e-03  kld_vamb_joint: 9.40699e+00  kld_labels_joint: 9.43581e+00  correct_labels_joint: 0.00000e+00  loss: 1.53031e+00
2026-08-13 11:40:07.241 | INFO    | 		Epoch: 30  loss_vamb: 7.62053e-01  ab_vamb: 3.19172e-03  ce_vamb: 7.09321e-01  sse_vamb: 3.97754e-02  kld_vamb: 9.72777e-03  loss_labels: 1.14176e-02  ce_labels_labels: 2.36278e-03  kld_labels: 5.79511e+01  correct_labels_labels: 0.00000e+00  loss_joint: 7.56618e-01  ce_joint: 2.13270e+00  sse_joint: 2.78448e+01  ce_labels_joint: 1.67626e-03  kld_vamb_joint: 9.31916e+00  kld_labels_joint: 9.34099e+00  correct_labels_joint: 0.00000e+00  loss: 1.53009e+00
2026-08-13 11:40:10.694 | INFO    | 		Epoch: 31  loss_vamb: 7.61751e-01  ab_vamb: 3.13470e-03  ce_vamb: 7.09216e-01  sse_vamb: 3.97455e-02  kld_vamb: 9.73020e-03  loss_labels: 1.11439e-02  ce_labels_labels: 1.96361e-03  kld_labels: 5.87536e+01  correct_labels_labels: 0.00000e+00  loss_joint: 7.56112e-01  ce_joint: 2.13256e+00  sse_joint: 2.76634e+01  ce_labels_joint: 1.86296e-03  kld_vamb_joint: 9.21676e+00  kld_labels_joint: 9.22975e+00  correct_labels_joint: 0.00000e+00  loss: 1.52901e+00
2026-08-13 11:40:13.951 | INFO    | 		Epoch: 32  loss_vamb: 7.61856e-01  ab_vamb: 3.29420e-03  ce_vamb: 7.09223e-01  sse_vamb: 3.95446e-02  kld_vamb: 9.75185e-03  loss_labels: 1.06405e-02  ce_labels_labels: 1.60917e-03  kld_labels: 5.78005e+01  correct_labels_labels: 0.00000e+00  loss_joint: 7.55480e-01  ce_joint: 2.13251e+00  sse_joint: 2.74257e+01  ce_labels_joint: 1.42961e-03  kld_vamb_joint: 9.08111e+00  kld_labels_joint: 9.18257e+00  correct_labels_joint: 0.00000e+00  loss: 1.52798e+00
2026-08-13 11:40:17.081 | INFO    | 		Epoch: 33  loss_vamb: 7.61678e-01  ab_vamb: 3.19198e-03  ce_vamb: 7.09145e-01  sse_vamb: 3.94990e-02  kld_vamb: 9.76824e-03  loss_labels: 1.02995e-02  ce_labels_labels: 1.55830e-03  kld_labels: 5.59437e+01  correct_labels_labels: 0.00000e+00  loss_joint: 7.55107e-01  ce_joint: 2.13240e+00  sse_joint: 2.73298e+01  ce_labels_joint: 1.27160e-03  kld_vamb_joint: 8.95949e+00  kld_labels_joint: 9.13920e+00  correct_labels_joint: 0.00000e+00  loss: 1.52708e+00
2026-08-13 11:40:20.610 | INFO    | 		Epoch: 34  loss_vamb: 7.61248e-01  ab_vamb: 3.08653e-03  ce_vamb: 7.09044e-01  sse_vamb: 3.93848e-02  kld_vamb: 9.79869e-03  loss_labels: 1.01011e-02  ce_labels_labels: 1.53090e-03  kld_labels: 5.48490e+01  correct_labels_labels: 0.00000e+00  loss_joint: 7.54247e-01  ce_joint: 2.13211e+00  sse_joint: 2.70996e+01  ce_labels_joint: 1.13284e-03  kld_vamb_joint: 8.83726e+00  kld_labels_joint: 9.08886e+00  correct_labels_joint: 0.00000e+00  loss: 1.52560e+00
2026-08-13 11:40:23.937 | INFO    | 		Epoch: 35  loss_vamb: 7.61157e-01  ab_vamb: 3.15766e-03  ce_vamb: 7.09032e-01  sse_vamb: 3.92454e-02  kld_vamb: 9.79455e-03  loss_labels: 9.99639e-03  ce_labels_labels: 1.74310e-03  kld_labels: 5.28211e+01  correct_labels_labels: 0.00000e+00  loss_joint: 7.54685e-01  ce_joint: 2.13207e+00  sse_joint: 2.69992e+01  ce_labels_joint: 1.62277e-03  kld_vamb_joint: 8.73605e+00  kld_labels_joint: 9.10431e+00  correct_labels_joint: 0.00000e+00  loss: 1.52584e+00
2026-08-13 11:40:27.263 | INFO    | 		Epoch: 36  loss_vamb: 7.61243e-01  ab_vamb: 3.09139e-03  ce_vamb: 7.08966e-01  sse_vamb: 3.93785e-02  kld_vamb: 9.75076e-03  loss_labels: 9.85172e-03  ce_labels_labels: 1.67268e-03  kld_labels: 5.23458e+01  correct_labels_labels: 0.00000e+00  loss_joint: 7.54151e-01  ce_joint: 2.13210e+00  sse_joint: 2.69193e+01  ce_labels_joint: 1.22805e-03  kld_vamb_joint: 8.69714e+00  kld_labels_joint: 9.09529e+00  correct_labels_joint: 0.00000e+00  loss: 1.52524e+00
2026-08-13 11:40:30.466 | INFO    | 		Epoch: 37  loss_vamb: 7.61526e-01  ab_vamb: 3.19067e-03  ce_vamb: 7.09080e-01  sse_vamb: 3.93729e-02  kld_vamb: 9.78768e-03  loss_labels: 1.00947e-02  ce_labels_labels: 1.94775e-03  kld_labels: 5.21405e+01  correct_labels_labels: 0.00000e+00  loss_joint: 7.54215e-01  ce_joint: 2.13232e+00  sse_joint: 2.68858e+01  ce_labels_joint: 1.17781e-03  kld_vamb_joint: 8.55394e+00  kld_labels_joint: 9.01863e+00  correct_labels_joint: 0.00000e+00  loss: 1.52584e+00
2026-08-13 11:40:33.640 | INFO    | 		Epoch: 38  loss_vamb: 7.61070e-01  ab_vamb: 3.13329e-03  ce_vamb: 7.08959e-01  sse_vamb: 3.91811e-02  kld_vamb: 9.78985e-03  loss_labels: 9.88884e-03  ce_labels_labels: 1.62371e-03  kld_labels: 5.28968e+01  correct_labels_labels: 0.00000e+00  loss_joint: 7.54189e-01  ce_joint: 2.13195e+00  sse_joint: 2.67450e+01  ce_labels_joint: 1.68796e-03  kld_vamb_joint: 8.41615e+00  kld_labels_joint: 8.86913e+00  correct_labels_joint: 0.00000e+00  loss: 1.52515e+00
2026-08-13 11:40:36.944 | INFO    | 		Epoch: 39  loss_vamb: 7.60935e-01  ab_vamb: 3.19423e-03  ce_vamb: 7.08892e-01  sse_vamb: 3.91360e-02  kld_vamb: 9.76162e-03  loss_labels: 1.03702e-02  ce_labels_labels: 2.08820e-03  kld_labels: 5.30051e+01  correct_labels_labels: 0.00000e+00  loss_joint: 7.54182e-01  ce_joint: 2.13181e+00  sse_joint: 2.67371e+01  ce_labels_joint: 1.75163e-03  kld_vamb_joint: 8.36197e+00  kld_labels_joint: 8.82185e+00  correct_labels_joint: 0.00000e+00  loss: 1.52549e+00
2026-08-13 11:40:40.484 | INFO    | 		Epoch: 40  loss_vamb: 7.61032e-01  ab_vamb: 3.17726e-03  ce_vamb: 7.08870e-01  sse_vamb: 3.92137e-02  kld_vamb: 9.77108e-03  loss_labels: 1.13965e-02  ce_labels_labels: 2.62959e-03  kld_labels: 5.61079e+01  correct_labels_labels: 0.00000e+00  loss_joint: 7.54398e-01  ce_joint: 2.13185e+00  sse_joint: 2.66844e+01  ce_labels_joint: 2.01718e-03  kld_vamb_joint: 8.25643e+00  kld_labels_joint: 8.65546e+00  correct_labels_joint: 0.00000e+00  loss: 1.52683e+00
2026-08-13 11:40:43.885 | INFO    | 		Epoch: 41  loss_vamb: 7.61045e-01  ab_vamb: 3.21728e-03  ce_vamb: 7.08875e-01  sse_vamb: 3.90288e-02  kld_vamb: 9.81465e-03  loss_labels: 1.06969e-02  ce_labels_labels: 1.91626e-03  kld_labels: 5.61963e+01  correct_labels_labels: 0.00000e+00  loss_joint: 7.54558e-01  ce_joint: 2.13167e+00  sse_joint: 2.66363e+01  ce_labels_joint: 2.19430e-03  kld_vamb_joint: 8.17836e+00  kld_labels_joint: 8.59201e+00  correct_labels_joint: 0.00000e+00  loss: 1.52630e+00
2026-08-13 11:40:47.495 | INFO    | 		Epoch: 42  loss_vamb: 7.60749e-01  ab_vamb: 3.11704e-03  ce_vamb: 7.08765e-01  sse_vamb: 3.90396e-02  kld_vamb: 9.75337e-03  loss_labels: 1.06545e-02  ce_labels_labels: 1.91261e-03  kld_labels: 5.59479e+01  correct_labels_labels: 0.00000e+00  loss_joint: 7.54626e-01  ce_joint: 2.13182e+00  sse_joint: 2.66638e+01  ce_labels_joint: 2.21852e-03  kld_vamb_joint: 8.20579e+00  kld_labels_joint: 8.58023e+00  correct_labels_joint: 0.00000e+00  loss: 1.52603e+00
2026-08-13 11:40:51.193 | INFO    | 		Epoch: 43  loss_vamb: 7.60700e-01  ab_vamb: 3.13894e-03  ce_vamb: 7.08851e-01  sse_vamb: 3.89621e-02  kld_vamb: 9.77184e-03  loss_labels: 1.06445e-02  ce_labels_labels: 1.93388e-03  kld_labels: 5.57481e+01  correct_labels_labels: 0.00000e+00  loss_joint: 7.53622e-01  ce_joint: 2.13171e+00  sse_joint: 2.65526e+01  ce_labels_joint: 1.55005e-03  kld_vamb_joint: 8.08738e+00  kld_labels_joint: 8.51569e+00  correct_labels_joint: 0.00000e+00  loss: 1.52497e+00
2026-08-13 11:40:54.468 | INFO    | 		Epoch: 44  loss_vamb: 7.60315e-01  ab_vamb: 2.96442e-03  ce_vamb: 7.08717e-01  sse_vamb: 3.88892e-02  kld_vamb: 9.76283e-03  loss_labels: 1.00059e-02  ce_labels_labels: 1.46905e-03  kld_labels: 5.46356e+01  correct_labels_labels: 0.00000e+00  loss_joint: 7.53211e-01  ce_joint: 2.13165e+00  sse_joint: 2.64593e+01  ce_labels_joint: 1.37283e-03  kld_vamb_joint: 8.04421e+00  kld_labels_joint: 8.49989e+00  correct_labels_joint: 0.00000e+00  loss: 1.52353e+00
2026-08-13 11:40:57.988 | INFO    | 		Epoch: 45  loss_vamb: 7.60580e-01  ab_vamb: 3.11863e-03  ce_vamb: 7.08709e-01  sse_vamb: 3.89594e-02  kld_vamb: 9.79313e-03  loss_labels: 1.02705e-02  ce_labels_labels: 2.10892e-03  kld_labels: 5.22341e+01  correct_labels_labels: 0.00000e+00  loss_joint: 7.52977e-01  ce_joint: 2.13139e+00  sse_joint: 2.63728e+01  ce_labels_joint: 1.36654e-03  kld_vamb_joint: 7.92469e+00  kld_labels_joint: 8.46744e+00  correct_labels_joint: 0.00000e+00  loss: 1.52383e+00
2026-08-13 11:41:01.492 | INFO    | 		Epoch: 46  loss_vamb: 7.60409e-01  ab_vamb: 2.96056e-03  ce_vamb: 7.08726e-01  sse_vamb: 3.90236e-02  kld_vamb: 9.80198e-03  loss_labels: 1.08900e-02  ce_labels_labels: 2.19134e-03  kld_labels: 5.56713e+01  correct_labels_labels: 0.00000e+00  loss_joint: 7.53301e-01  ce_joint: 2.13151e+00  sse_joint: 2.63794e+01  ce_labels_joint: 1.86294e-03  kld_vamb_joint: 7.88485e+00  kld_labels_joint: 8.31472e+00  correct_labels_joint: 0.00000e+00  loss: 1.52460e+00
2026-08-13 11:41:04.900 | INFO    | 		Epoch: 47  loss_vamb: 7.60259e-01  ab_vamb: 3.06835e-03  ce_vamb: 7.08620e-01  sse_vamb: 3.88004e-02  kld_vamb: 9.81208e-03  loss_labels: 1.05495e-02  ce_labels_labels: 1.87283e-03  kld_labels: 5.55305e+01  correct_labels_labels: 0.00000e+00  loss_joint: 7.52570e-01  ce_joint: 2.13113e+00  sse_joint: 2.62096e+01  ce_labels_joint: 1.44221e-03  kld_vamb_joint: 7.80199e+00  kld_labels_joint: 8.27147e+00  correct_labels_joint: 0.00000e+00  loss: 1.52338e+00
2026-08-13 11:41:08.202 | INFO    | 		Epoch: 48  loss_vamb: 7.60251e-01  ab_vamb: 2.93190e-03  ce_vamb: 7.08642e-01  sse_vamb: 3.88637e-02  kld_vamb: 9.81167e-03  loss_labels: 1.06313e-02  ce_labels_labels: 1.94284e-03  kld_labels: 5.56063e+01  correct_labels_labels: 0.00000e+00  loss_joint: 7.52671e-01  ce_joint: 2.13116e+00  sse_joint: 2.62145e+01  ce_labels_joint: 1.60784e-03  kld_vamb_joint: 7.74973e+00  kld_labels_joint: 8.26988e+00  correct_labels_joint: 0.00000e+00  loss: 1.52355e+00
2026-08-13 11:41:11.434 | INFO    | 		Epoch: 49  loss_vamb: 7.60173e-01  ab_vamb: 2.96034e-03  ce_vamb: 7.08633e-01  sse_vamb: 3.87453e-02  kld_vamb: 9.77115e-03  loss_labels: 1.01906e-02  ce_labels_labels: 1.54885e-03  kld_labels: 5.53072e+01  correct_labels_labels: 0.00000e+00  loss_joint: 7.53333e-01  ce_joint: 2.13121e+00  sse_joint: 2.62174e+01  ce_labels_joint: 2.02572e-03  kld_vamb_joint: 7.73141e+00  kld_labels_joint: 8.25207e+00  correct_labels_joint: 0.00000e+00  loss: 1.52370e+00
2026-08-13 11:41:14.647 | INFO    | 		Epoch: 50  loss_vamb: 7.60224e-01  ab_vamb: 3.14694e-03  ce_vamb: 7.08543e-01  sse_vamb: 3.87382e-02  kld_vamb: 9.76180e-03  loss_labels: 1.03668e-02  ce_labels_labels: 2.10661e-03  kld_labels: 5.28652e+01  correct_labels_labels: 0.00000e+00  loss_joint: 7.53303e-01  ce_joint: 2.13129e+00  sse_joint: 2.62394e+01  ce_labels_joint: 1.92617e-03  kld_vamb_joint: 7.68614e+00  kld_labels_joint: 8.28192e+00  correct_labels_joint: 0.00000e+00  loss: 1.52389e+00
2026-08-13 11:41:17.906 | INFO    | 		Epoch: 51  loss_vamb: 7.60012e-01  ab_vamb: 3.03464e-03  ce_vamb: 7.08488e-01  sse_vamb: 3.86491e-02  kld_vamb: 9.78748e-03  loss_labels: 1.02859e-02  ce_labels_labels: 2.05055e-03  kld_labels: 5.27060e+01  correct_labels_labels: 0.00000e+00  loss_joint: 7.52551e-01  ce_joint: 2.13114e+00  sse_joint: 2.60982e+01  ce_labels_joint: 1.42375e-03  kld_vamb_joint: 7.57549e+00  kld_labels_joint: 8.21415e+00  correct_labels_joint: 0.00000e+00  loss: 1.52285e+00
2026-08-13 11:41:21.445 | INFO    | 		Epoch: 52  loss_vamb: 7.60099e-01  ab_vamb: 3.13897e-03  ce_vamb: 7.08491e-01  sse_vamb: 3.86726e-02  kld_vamb: 9.79511e-03  loss_labels: 1.05536e-02  ce_labels_labels: 2.19166e-03  kld_labels: 5.35166e+01  correct_labels_labels: 0.00000e+00  loss_joint: 7.51999e-01  ce_joint: 2.13096e+00  sse_joint: 2.60568e+01  ce_labels_joint: 1.14871e-03  kld_vamb_joint: 7.52259e+00  kld_labels_joint: 8.15516e+00  correct_labels_joint: 0.00000e+00  loss: 1.52265e+00
2026-08-13 11:41:24.849 | INFO    | 		Epoch: 53  loss_vamb: 7.59896e-01  ab_vamb: 2.95809e-03  ce_vamb: 7.08568e-01  sse_vamb: 3.86059e-02  kld_vamb: 9.82842e-03  loss_labels: 1.02698e-02  ce_labels_labels: 1.70112e-03  kld_labels: 5.48394e+01  correct_labels_labels: 0.00000e+00  loss_joint: 7.51730e-01  ce_joint: 2.13117e+00  sse_joint: 2.58653e+01  ce_labels_joint: 1.26518e-03  kld_vamb_joint: 7.41078e+00  kld_labels_joint: 8.09277e+00  correct_labels_joint: 0.00000e+00  loss: 1.52190e+00
2026-08-13 11:41:28.140 | INFO    | 		Epoch: 54  loss_vamb: 7.59873e-01  ab_vamb: 3.06349e-03  ce_vamb: 7.08422e-01  sse_vamb: 3.85834e-02  kld_vamb: 9.80716e-03  loss_labels: 9.80607e-03  ce_labels_labels: 1.48579e-03  kld_labels: 5.32498e+01  correct_labels_labels: 0.00000e+00  loss_joint: 7.51492e-01  ce_joint: 2.13063e+00  sse_joint: 2.58673e+01  ce_labels_joint: 1.14831e-03  kld_vamb_joint: 7.40210e+00  kld_labels_joint: 8.11018e+00  correct_labels_joint: 0.00000e+00  loss: 1.52117e+00
2026-08-13 11:41:31.459 | INFO    | 		Epoch: 55  loss_vamb: 7.59958e-01  ab_vamb: 3.13685e-03  ce_vamb: 7.08471e-01  sse_vamb: 3.85177e-02  kld_vamb: 9.80878e-03  loss_labels: 9.74030e-03  ce_labels_labels: 1.42036e-03  kld_labels: 5.32476e+01  correct_labels_labels: 0.00000e+00  loss_joint: 7.52693e-01  ce_joint: 2.13104e+00  sse_joint: 2.58134e+01  ce_labels_joint: 2.15580e-03  kld_vamb_joint: 7.35234e+00  kld_labels_joint: 8.08955e+00  correct_labels_joint: 0.00000e+00  loss: 1.52239e+00
2026-08-13 11:41:34.551 | INFO    | 		Epoch: 56  loss_vamb: 7.59947e-01  ab_vamb: 3.15512e-03  ce_vamb: 7.08471e-01  sse_vamb: 3.85062e-02  kld_vamb: 9.83222e-03  loss_labels: 1.00381e-02  ce_labels_labels: 1.94304e-03  kld_labels: 5.18084e+01  correct_labels_labels: 0.00000e+00  loss_joint: 7.54556e-01  ce_joint: 2.13120e+00  sse_joint: 2.60090e+01  ce_labels_joint: 3.59444e-03  kld_vamb_joint: 7.39648e+00  kld_labels_joint: 8.15818e+00  correct_labels_joint: 0.00000e+00  loss: 1.52454e+00
2026-08-13 11:41:37.920 | INFO    | 		Epoch: 57  loss_vamb: 7.59756e-01  ab_vamb: 3.10061e-03  ce_vamb: 7.08325e-01  sse_vamb: 3.85518e-02  kld_vamb: 9.79961e-03  loss_labels: 1.07080e-02  ce_labels_labels: 2.47377e-03  kld_labels: 5.26988e+01  correct_labels_labels: 0.00000e+00  loss_joint: 7.55236e-01  ce_joint: 2.13117e+00  sse_joint: 2.62335e+01  ce_labels_joint: 3.88594e-03  kld_vamb_joint: 7.46237e+00  kld_labels_joint: 8.08460e+00  correct_labels_joint: 0.00000e+00  loss: 1.52570e+00
2026-08-13 11:41:41.110 | INFO    | 		Epoch: 58  loss_vamb: 7.60020e-01  ab_vamb: 3.14303e-03  ce_vamb: 7.08416e-01  sse_vamb: 3.87088e-02  kld_vamb: 9.82703e-03  loss_labels: 1.12398e-02  ce_labels_labels: 2.47738e-03  kld_labels: 5.60795e+01  correct_labels_labels: 0.00000e+00  loss_joint: 7.54465e-01  ce_joint: 2.13141e+00  sse_joint: 2.63646e+01  ce_labels_joint: 2.96118e-03  kld_vamb_joint: 7.43262e+00  kld_labels_joint: 7.97677e+00  correct_labels_joint: 0.00000e+00  loss: 1.52572e+00
2026-08-13 11:41:44.221 | INFO    | 		Epoch: 59  loss_vamb: 7.59749e-01  ab_vamb: 3.14245e-03  ce_vamb: 7.08383e-01  sse_vamb: 3.85091e-02  kld_vamb: 9.79805e-03  loss_labels: 1.10821e-02  ce_labels_labels: 2.10406e-03  kld_labels: 5.74592e+01  correct_labels_labels: 0.00000e+00  loss_joint: 7.61469e-01  ce_joint: 2.13168e+00  sse_joint: 2.66268e+01  ce_labels_joint: 9.36694e-03  kld_vamb_joint: 7.56170e+00  kld_labels_joint: 8.00123e+00  correct_labels_joint: 0.00000e+00  loss: 1.53230e+00
2026-08-13 11:41:47.636 | INFO    | 		Epoch: 60  loss_vamb: 7.60069e-01  ab_vamb: 3.13027e-03  ce_vamb: 7.08390e-01  sse_vamb: 3.87309e-02  kld_vamb: 9.73890e-03  loss_labels: 1.23215e-02  ce_labels_labels: 3.51322e-03  kld_labels: 5.63727e+01  correct_labels_labels: 0.00000e+00  loss_joint: 7.63893e-01  ce_joint: 2.13228e+00  sse_joint: 2.72405e+01  ce_labels_joint: 1.03164e-02  kld_vamb_joint: 7.80004e+00  kld_labels_joint: 8.16065e+00  correct_labels_joint: 0.00000e+00  loss: 1.53628e+00
2026-08-13 11:41:50.799 | INFO    | 		Epoch: 61  loss_vamb: 7.60057e-01  ab_vamb: 3.11858e-03  ce_vamb: 7.08411e-01  sse_vamb: 3.87152e-02  kld_vamb: 9.76762e-03  loss_labels: 1.33313e-02  ce_labels_labels: 3.50471e-03  kld_labels: 6.28904e+01  correct_labels_labels: 0.00000e+00  loss_joint: 7.66719e-01  ce_joint: 2.13246e+00  sse_joint: 2.74679e+01  ce_labels_joint: 1.27060e-02  kld_vamb_joint: 8.04906e+00  kld_labels_joint: 8.21026e+00  correct_labels_joint: 0.00000e+00  loss: 1.54011e+00
2026-08-13 11:41:53.956 | INFO    | 		Epoch: 62  loss_vamb: 7.59847e-01  ab_vamb: 3.10930e-03  ce_vamb: 7.08375e-01  sse_vamb: 3.86731e-02  kld_vamb: 9.72682e-03  loss_labels: 1.28728e-02  ce_labels_labels: 3.01030e-03  kld_labels: 6.31202e+01  correct_labels_labels: 0.00000e+00  loss_joint: 7.67842e-01  ce_joint: 2.13236e+00  sse_joint: 2.77723e+01  ce_labels_joint: 1.33786e-02  kld_vamb_joint: 8.34135e+00  kld_labels_joint: 8.33562e+00  correct_labels_joint: 0.00000e+00  loss: 1.54056e+00
2026-08-13 11:41:57.124 | INFO    | 		Epoch: 63  loss_vamb: 7.59882e-01  ab_vamb: 3.08712e-03  ce_vamb: 7.08390e-01  sse_vamb: 3.86564e-02  kld_vamb: 9.74943e-03  loss_labels: 1.27451e-02  ce_labels_labels: 3.08471e-03  kld_labels: 6.18266e+01  correct_labels_labels: 0.00000e+00  loss_joint: 7.66032e-01  ce_joint: 2.13240e+00  sse_joint: 2.76698e+01  ce_labels_joint: 1.15548e-02  kld_vamb_joint: 8.58346e+00  kld_labels_joint: 8.56166e+00  correct_labels_joint: 0.00000e+00  loss: 1.53866e+00
2026-08-13 11:42:00.589 | INFO    | 		Epoch: 64  loss_vamb: 7.59864e-01  ab_vamb: 3.09193e-03  ce_vamb: 7.08359e-01  sse_vamb: 3.86687e-02  kld_vamb: 9.71387e-03  loss_labels: 1.26514e-02  ce_labels_labels: 3.06096e-03  kld_labels: 6.13789e+01  correct_labels_labels: 0.00000e+00  loss_joint: 7.65627e-01  ce_joint: 2.13217e+00  sse_joint: 2.76302e+01  ce_labels_joint: 1.13201e-02  kld_vamb_joint: 8.70622e+00  kld_labels_joint: 8.75747e+00  correct_labels_joint: 0.00000e+00  loss: 1.53814e+00
2026-08-13 11:42:03.852 | INFO    | 		Epoch: 65  loss_vamb: 7.59722e-01  ab_vamb: 3.05146e-03  ce_vamb: 7.08233e-01  sse_vamb: 3.87018e-02  kld_vamb: 9.71502e-03  loss_labels: 1.31839e-02  ce_labels_labels: 3.46057e-03  kld_labels: 6.22294e+01  correct_labels_labels: 0.00000e+00  loss_joint: 7.64433e-01  ce_joint: 2.13195e+00  sse_joint: 2.76850e+01  ce_labels_joint: 9.94320e-03  kld_vamb_joint: 8.90400e+00  kld_labels_joint: 8.91633e+00  correct_labels_joint: 0.00000e+00  loss: 1.53734e+00
2026-08-13 11:42:07.220 | INFO    | 		Epoch: 66  loss_vamb: 7.59875e-01  ab_vamb: 3.15720e-03  ce_vamb: 7.08344e-01  sse_vamb: 3.86703e-02  kld_vamb: 9.74694e-03  loss_labels: 1.20638e-02  ce_labels_labels: 2.27657e-03  kld_labels: 6.26384e+01  correct_labels_labels: 0.00000e+00  loss_joint: 7.60787e-01  ce_joint: 2.13163e+00  sse_joint: 2.74996e+01  ce_labels_joint: 6.70404e-03  kld_vamb_joint: 9.13060e+00  kld_labels_joint: 9.04487e+00  correct_labels_joint: 0.00000e+00  loss: 1.53273e+00
2026-08-13 11:42:10.688 | INFO    | 		Epoch: 67  loss_vamb: 7.59551e-01  ab_vamb: 3.07628e-03  ce_vamb: 7.08198e-01  sse_vamb: 3.85173e-02  kld_vamb: 9.70042e-03  loss_labels: 1.15658e-02  ce_labels_labels: 2.21040e-03  kld_labels: 5.98747e+01  correct_labels_labels: 0.00000e+00  loss_joint: 7.57312e-01  ce_joint: 2.13176e+00  sse_joint: 2.70366e+01  ce_labels_joint: 3.95764e-03  kld_vamb_joint: 9.07813e+00  kld_labels_joint: 9.12216e+00  correct_labels_joint: 0.00000e+00  loss: 1.52843e+00
2026-08-13 11:42:13.942 | INFO    | 		Epoch: 68  loss_vamb: 7.59293e-01  ab_vamb: 3.01231e-03  ce_vamb: 7.08154e-01  sse_vamb: 3.84285e-02  kld_vamb: 9.72727e-03  loss_labels: 1.14592e-02  ce_labels_labels: 2.14506e-03  kld_labels: 5.96107e+01  correct_labels_labels: 0.00000e+00  loss_joint: 7.57105e-01  ce_joint: 2.13131e+00  sse_joint: 2.68017e+01  ce_labels_joint: 4.44501e-03  kld_vamb_joint: 9.01853e+00  kld_labels_joint: 9.23696e+00  correct_labels_joint: 0.00000e+00  loss: 1.52786e+00
2026-08-13 11:42:17.290 | INFO    | 		Epoch: 69  loss_vamb: 7.59258e-01  ab_vamb: 2.98940e-03  ce_vamb: 7.08190e-01  sse_vamb: 3.83564e-02  kld_vamb: 9.72584e-03  loss_labels: 1.15946e-02  ce_labels_labels: 2.74232e-03  kld_labels: 5.66544e+01  correct_labels_labels: 0.00000e+00  loss_joint: 7.57587e-01  ce_joint: 2.13136e+00  sse_joint: 2.67207e+01  ce_labels_joint: 4.94069e-03  kld_vamb_joint: 9.09174e+00  kld_labels_joint: 9.39818e+00  correct_labels_joint: 0.00000e+00  loss: 1.52844e+00
2026-08-13 11:42:20.579 | INFO    | 		Epoch: 70  loss_vamb: 7.59287e-01  ab_vamb: 2.87096e-03  ce_vamb: 7.08133e-01  sse_vamb: 3.84356e-02  kld_vamb: 9.77280e-03  loss_labels: 1.06533e-02  ce_labels_labels: 1.69079e-03  kld_labels: 5.73603e+01  correct_labels_labels: 0.00000e+00  loss_joint: 7.56845e-01  ce_joint: 2.13125e+00  sse_joint: 2.67544e+01  ce_labels_joint: 4.22562e-03  kld_vamb_joint: 9.16535e+00  kld_labels_joint: 9.39934e+00  correct_labels_joint: 0.00000e+00  loss: 1.52679e+00
2026-08-13 11:42:24.062 | INFO    | 		Epoch: 71  loss_vamb: 7.59326e-01  ab_vamb: 3.07551e-03  ce_vamb: 7.08130e-01  sse_vamb: 3.83459e-02  kld_vamb: 9.78168e-03  loss_labels: 1.16551e-02  ce_labels_labels: 2.64632e-03  kld_labels: 5.76563e+01  correct_labels_labels: 0.00000e+00  loss_joint: 7.54901e-01  ce_joint: 2.13118e+00  sse_joint: 2.64186e+01  ce_labels_joint: 2.78474e-03  kld_vamb_joint: 9.03963e+00  kld_labels_joint: 9.39833e+00  correct_labels_joint: 0.00000e+00  loss: 1.52588e+00
2026-08-13 11:42:27.498 | INFO    | 		Epoch: 72  loss_vamb: 7.59071e-01  ab_vamb: 2.87960e-03  ce_vamb: 7.08076e-01  sse_vamb: 3.83447e-02  kld_vamb: 9.74012e-03  loss_labels: 1.28800e-02  ce_labels_labels: 3.00813e-03  kld_labels: 6.31798e+01  correct_labels_labels: 0.00000e+00  loss_joint: 7.55469e-01  ce_joint: 2.13107e+00  sse_joint: 2.64113e+01  ce_labels_joint: 3.53841e-03  kld_vamb_joint: 9.00519e+00  kld_labels_joint: 9.29548e+00  correct_labels_joint: 0.00000e+00  loss: 1.52742e+00
2026-08-13 11:42:30.723 | INFO    | 		Epoch: 73  loss_vamb: 7.59034e-01  ab_vamb: 2.88724e-03  ce_vamb: 7.08064e-01  sse_vamb: 3.82467e-02  kld_vamb: 9.78517e-03  loss_labels: 1.19778e-02  ce_labels_labels: 2.04910e-03  kld_labels: 6.35437e+01  correct_labels_labels: 0.00000e+00  loss_joint: 7.55428e-01  ce_joint: 2.13067e+00  sse_joint: 2.63870e+01  ce_labels_joint: 3.62687e-03  kld_vamb_joint: 8.98307e+00  kld_labels_joint: 9.22756e+00  correct_labels_joint: 0.00000e+00  loss: 1.52644e+00
2026-08-13 11:42:33.903 | INFO    | 		Epoch: 74  loss_vamb: 7.59079e-01  ab_vamb: 2.94892e-03  ce_vamb: 7.08093e-01  sse_vamb: 3.83082e-02  kld_vamb: 9.72251e-03  loss_labels: 1.11185e-02  ce_labels_labels: 1.84892e-03  kld_labels: 5.93251e+01  correct_labels_labels: 0.00000e+00  loss_joint: 7.55166e-01  ce_joint: 2.13091e+00  sse_joint: 2.63678e+01  ce_labels_joint: 3.21791e-03  kld_vamb_joint: 8.98266e+00  kld_labels_joint: 9.25126e+00  correct_labels_joint: 0.00000e+00  loss: 1.52536e+00
2026-08-13 11:42:36.969 | INFO    | 		Epoch: 75  loss_vamb: 7.57885e-01  ab_vamb: 2.70882e-03  ce_vamb: 7.07804e-01  sse_vamb: 3.77701e-02  kld_vamb: 9.80732e-03  loss_labels: 1.10594e-02  ce_labels_labels: 1.99200e-03  kld_labels: 5.80314e+01  correct_labels_labels: 0.00000e+00  loss_joint: 7.52683e-01  ce_joint: 2.13005e+00  sse_joint: 2.59863e+01  ce_labels_joint: 2.14131e-03  kld_vamb_joint: 8.88640e+00  kld_labels_joint: 9.25079e+00  correct_labels_joint: 0.00000e+00  loss: 1.52163e+00
2026-08-13 11:42:39.833 | INFO    | 		Epoch: 76  loss_vamb: 7.57518e-01  ab_vamb: 2.74672e-03  ce_vamb: 7.07695e-01  sse_vamb: 3.75932e-02  kld_vamb: 9.71673e-03  loss_labels: 1.08672e-02  ce_labels_labels: 1.89555e-03  kld_labels: 5.74184e+01  correct_labels_labels: 0.00000e+00  loss_joint: 7.51372e-01  ce_joint: 2.12990e+00  sse_joint: 2.57513e+01  ce_labels_joint: 1.26915e-03  kld_vamb_joint: 8.86011e+00  kld_labels_joint: 9.22985e+00  correct_labels_joint: 0.00000e+00  loss: 1.51976e+00
2026-08-13 11:42:42.843 | INFO    | 		Epoch: 77  loss_vamb: 7.57758e-01  ab_vamb: 2.67895e-03  ce_vamb: 7.07662e-01  sse_vamb: 3.76248e-02  kld_vamb: 9.65724e-03  loss_labels: 1.01168e-02  ce_labels_labels: 1.39995e-03  kld_labels: 5.57876e+01  correct_labels_labels: 0.00000e+00  loss_joint: 7.51131e-01  ce_joint: 2.12965e+00  sse_joint: 2.55783e+01  ce_labels_joint: 1.07249e-03  kld_vamb_joint: 8.80191e+00  kld_labels_joint: 9.23802e+00  correct_labels_joint: 0.00000e+00  loss: 1.51901e+00
2026-08-13 11:42:45.906 | INFO    | 		Epoch: 78  loss_vamb: 7.57232e-01  ab_vamb: 2.59139e-03  ce_vamb: 7.07597e-01  sse_vamb: 3.74955e-02  kld_vamb: 9.67676e-03  loss_labels: 9.85980e-03  ce_labels_labels: 1.34023e-03  kld_labels: 5.45253e+01  correct_labels_labels: 0.00000e+00  loss_joint: 7.50300e-01  ce_joint: 2.12954e+00  sse_joint: 2.53761e+01  ce_labels_joint: 9.06483e-04  kld_vamb_joint: 8.70830e+00  kld_labels_joint: 9.22778e+00  correct_labels_joint: 0.00000e+00  loss: 1.51739e+00
2026-08-13 11:42:48.779 | INFO    | 		Epoch: 79  loss_vamb: 7.57607e-01  ab_vamb: 2.61965e-03  ce_vamb: 7.07491e-01  sse_vamb: 3.75310e-02  kld_vamb: 9.67510e-03  loss_labels: 9.78760e-03  ce_labels_labels: 1.45183e-03  kld_labels: 5.33489e+01  correct_labels_labels: 0.00000e+00  loss_joint: 7.50299e-01  ce_joint: 2.12893e+00  sse_joint: 2.52770e+01  ce_labels_joint: 8.69578e-04  kld_vamb_joint: 8.62265e+00  kld_labels_joint: 9.21187e+00  correct_labels_joint: 0.00000e+00  loss: 1.51769e+00
2026-08-13 11:42:51.690 | INFO    | 		Epoch: 80  loss_vamb: 7.57543e-01  ab_vamb: 2.65047e-03  ce_vamb: 7.07566e-01  sse_vamb: 3.73355e-02  kld_vamb: 9.66973e-03  loss_labels: 9.73227e-03  ce_labels_labels: 1.53585e-03  kld_labels: 5.24571e+01  correct_labels_labels: 0.00000e+00  loss_joint: 7.49928e-01  ce_joint: 2.12902e+00  sse_joint: 2.51270e+01  ce_labels_joint: 7.00950e-04  kld_vamb_joint: 8.52932e+00  kld_labels_joint: 9.17738e+00  correct_labels_joint: 0.00000e+00  loss: 1.51720e+00
2026-08-13 11:42:54.990 | INFO    | 		Epoch: 81  loss_vamb: 7.57097e-01  ab_vamb: 2.58496e-03  ce_vamb: 7.07485e-01  sse_vamb: 3.73734e-02  kld_vamb: 9.67233e-03  loss_labels: 9.50989e-03  ce_labels_labels: 1.22981e-03  kld_labels: 5.29925e+01  correct_labels_labels: 0.00000e+00  loss_joint: 7.49480e-01  ce_joint: 2.12868e+00  sse_joint: 2.51473e+01  ce_labels_joint: 7.57766e-04  kld_vamb_joint: 8.45850e+00  kld_labels_joint: 9.09356e+00  correct_labels_joint: 0.00000e+00  loss: 1.51609e+00
2026-08-13 11:42:57.904 | INFO    | 		Epoch: 82  loss_vamb: 7.56794e-01  ab_vamb: 2.68419e-03  ce_vamb: 7.07501e-01  sse_vamb: 3.74513e-02  kld_vamb: 9.66049e-03  loss_labels: 9.44082e-03  ce_labels_labels: 1.29103e-03  kld_labels: 5.21586e+01  correct_labels_labels: 0.00000e+00  loss_joint: 7.49105e-01  ce_joint: 2.12883e+00  sse_joint: 2.51312e+01  ce_labels_joint: 7.51525e-04  kld_vamb_joint: 8.38858e+00  kld_labels_joint: 9.06378e+00  correct_labels_joint: 0.00000e+00  loss: 1.51534e+00
2026-08-13 11:43:01.223 | INFO    | 		Epoch: 83  loss_vamb: 7.57673e-01  ab_vamb: 2.60969e-03  ce_vamb: 7.07636e-01  sse_vamb: 3.74801e-02  kld_vamb: 9.67912e-03  loss_labels: 9.03299e-03  ce_labels_labels: 1.02437e-03  kld_labels: 5.12552e+01  correct_labels_labels: 0.00000e+00  loss_joint: 7.49579e-01  ce_joint: 2.12913e+00  sse_joint: 2.49858e+01  ce_labels_joint: 6.37671e-04  kld_vamb_joint: 8.32982e+00  kld_labels_joint: 9.04850e+00  correct_labels_joint: 0.00000e+00  loss: 1.51628e+00
2026-08-13 11:43:04.439 | INFO    | 		Epoch: 84  loss_vamb: 7.57179e-01  ab_vamb: 2.65442e-03  ce_vamb: 7.07435e-01  sse_vamb: 3.73359e-02  kld_vamb: 9.73706e-03  loss_labels: 9.20031e-03  ce_labels_labels: 1.39001e-03  kld_labels: 4.99859e+01  correct_labels_labels: 0.00000e+00  loss_joint: 7.49368e-01  ce_joint: 2.12878e+00  sse_joint: 2.49439e+01  ce_labels_joint: 9.56634e-04  kld_vamb_joint: 8.22919e+00  kld_labels_joint: 9.05800e+00  correct_labels_joint: 0.00000e+00  loss: 1.51575e+00
2026-08-13 11:43:07.398 | INFO    | 		Epoch: 85  loss_vamb: 7.57386e-01  ab_vamb: 2.62964e-03  ce_vamb: 7.07478e-01  sse_vamb: 3.73816e-02  kld_vamb: 9.71006e-03  loss_labels: 8.51608e-03  ce_labels_labels: 8.76243e-04  kld_labels: 4.88950e+01  correct_labels_labels: 0.00000e+00  loss_joint: 7.49477e-01  ce_joint: 2.12861e+00  sse_joint: 2.48582e+01  ce_labels_joint: 1.05760e-03  kld_vamb_joint: 8.16887e+00  kld_labels_joint: 9.04522e+00  correct_labels_joint: 0.00000e+00  loss: 1.51538e+00
2026-08-13 11:43:10.742 | INFO    | 		Epoch: 86  loss_vamb: 7.57311e-01  ab_vamb: 2.52722e-03  ce_vamb: 7.07582e-01  sse_vamb: 3.73334e-02  kld_vamb: 9.74752e-03  loss_labels: 8.78870e-03  ce_labels_labels: 1.32850e-03  kld_labels: 4.77453e+01  correct_labels_labels: 0.00000e+00  loss_joint: 7.48764e-01  ce_joint: 2.12894e+00  sse_joint: 2.47131e+01  ce_labels_joint: 5.64594e-04  kld_vamb_joint: 8.06821e+00  kld_labels_joint: 9.03781e+00  correct_labels_joint: 0.00000e+00  loss: 1.51486e+00
2026-08-13 11:43:13.920 | INFO    | 		Epoch: 87  loss_vamb: 7.56928e-01  ab_vamb: 2.61533e-03  ce_vamb: 7.07521e-01  sse_vamb: 3.73012e-02  kld_vamb: 9.72740e-03  loss_labels: 8.95373e-03  ce_labels_labels: 1.49030e-03  kld_labels: 4.77660e+01  correct_labels_labels: 0.00000e+00  loss_joint: 7.48657e-01  ce_joint: 2.12890e+00  sse_joint: 2.47015e+01  ce_labels_joint: 8.96694e-04  kld_vamb_joint: 7.99401e+00  kld_labels_joint: 8.99955e+00  correct_labels_joint: 0.00000e+00  loss: 1.51454e+00
2026-08-13 11:43:17.054 | INFO    | 		Epoch: 88  loss_vamb: 7.57075e-01  ab_vamb: 2.53395e-03  ce_vamb: 7.07615e-01  sse_vamb: 3.73444e-02  kld_vamb: 9.73731e-03  loss_labels: 8.58830e-03  ce_labels_labels: 1.14283e-03  kld_labels: 4.76511e+01  correct_labels_labels: 0.00000e+00  loss_joint: 7.48639e-01  ce_joint: 2.12901e+00  sse_joint: 2.47071e+01  ce_labels_joint: 7.49770e-04  kld_vamb_joint: 7.94666e+00  kld_labels_joint: 8.97627e+00  correct_labels_joint: 0.00000e+00  loss: 1.51430e+00
2026-08-13 11:43:20.047 | INFO    | 		Epoch: 89  loss_vamb: 7.57053e-01  ab_vamb: 2.58658e-03  ce_vamb: 7.07672e-01  sse_vamb: 3.72172e-02  kld_vamb: 9.76156e-03  loss_labels: 8.90981e-03  ce_labels_labels: 1.36726e-03  kld_labels: 4.82723e+01  correct_labels_labels: 0.00000e+00  loss_joint: 7.48242e-01  ce_joint: 2.12897e+00  sse_joint: 2.45704e+01  ce_labels_joint: 5.34203e-04  kld_vamb_joint: 7.87104e+00  kld_labels_joint: 8.89377e+00  correct_labels_joint: 0.00000e+00  loss: 1.51420e+00
2026-08-13 11:43:22.950 | INFO    | 		Epoch: 90  loss_vamb: 7.57068e-01  ab_vamb: 2.62528e-03  ce_vamb: 7.07446e-01  sse_vamb: 3.71781e-02  kld_vamb: 9.77975e-03  loss_labels: 8.86264e-03  ce_labels_labels: 1.24098e-03  kld_labels: 4.87786e+01  correct_labels_labels: 0.00000e+00  loss_joint: 7.48481e-01  ce_joint: 2.12866e+00  sse_joint: 2.45741e+01  ce_labels_joint: 7.64105e-04  kld_vamb_joint: 7.80267e+00  kld_labels_joint: 8.82631e+00  correct_labels_joint: 0.00000e+00  loss: 1.51441e+00
2026-08-13 11:43:25.799 | INFO    | 		Epoch: 91  loss_vamb: 7.56966e-01  ab_vamb: 2.60508e-03  ce_vamb: 7.07380e-01  sse_vamb: 3.72315e-02  kld_vamb: 9.75452e-03  loss_labels: 8.77058e-03  ce_labels_labels: 1.18864e-03  kld_labels: 4.85244e+01  correct_labels_labels: 0.00000e+00  loss_joint: 7.48017e-01  ce_joint: 2.12848e+00  sse_joint: 2.44956e+01  ce_labels_joint: 5.22736e-04  kld_vamb_joint: 7.72571e+00  kld_labels_joint: 8.78609e+00  correct_labels_joint: 0.00000e+00  loss: 1.51375e+00
2026-08-13 11:43:28.870 | INFO    | 		Epoch: 92  loss_vamb: 7.56886e-01  ab_vamb: 2.57376e-03  ce_vamb: 7.07513e-01  sse_vamb: 3.71842e-02  kld_vamb: 9.72073e-03  loss_labels: 8.82225e-03  ce_labels_labels: 1.27535e-03  kld_labels: 4.83002e+01  correct_labels_labels: 0.00000e+00  loss_joint: 7.47917e-01  ce_joint: 2.12863e+00  sse_joint: 2.44137e+01  ce_labels_joint: 6.41445e-04  kld_vamb_joint: 7.66174e+00  kld_labels_joint: 8.73407e+00  correct_labels_joint: 0.00000e+00  loss: 1.51363e+00
2026-08-13 11:43:32.473 | INFO    | 		Epoch: 93  loss_vamb: 7.57012e-01  ab_vamb: 2.56766e-03  ce_vamb: 7.07481e-01  sse_vamb: 3.70920e-02  kld_vamb: 9.76160e-03  loss_labels: 8.88258e-03  ce_labels_labels: 1.39290e-03  kld_labels: 4.79339e+01  correct_labels_labels: 0.00000e+00  loss_joint: 7.48079e-01  ce_joint: 2.12863e+00  sse_joint: 2.44003e+01  ce_labels_joint: 6.04765e-04  kld_vamb_joint: 7.60963e+00  kld_labels_joint: 8.68771e+00  correct_labels_joint: 0.00000e+00  loss: 1.51397e+00
2026-08-13 11:43:35.364 | INFO    | 		Epoch: 94  loss_vamb: 7.56926e-01  ab_vamb: 2.62254e-03  ce_vamb: 7.07434e-01  sse_vamb: 3.71637e-02  kld_vamb: 9.74307e-03  loss_labels: 8.51460e-03  ce_labels_labels: 9.75409e-04  kld_labels: 4.82508e+01  correct_labels_labels: 0.00000e+00  loss_joint: 7.47739e-01  ce_joint: 2.12850e+00  sse_joint: 2.43700e+01  ce_labels_joint: 4.46383e-04  kld_vamb_joint: 7.53691e+00  kld_labels_joint: 8.61163e+00  correct_labels_joint: 0.00000e+00  loss: 1.51318e+00
2026-08-13 11:43:38.574 | INFO    | 		Epoch: 95  loss_vamb: 7.56792e-01  ab_vamb: 2.62656e-03  ce_vamb: 7.07270e-01  sse_vamb: 3.71916e-02  kld_vamb: 9.71765e-03  loss_labels: 8.36032e-03  ce_labels_labels: 1.02881e-03  kld_labels: 4.69216e+01  correct_labels_labels: 0.00000e+00  loss_joint: 7.47411e-01  ce_joint: 2.12816e+00  sse_joint: 2.43116e+01  ce_labels_joint: 4.21232e-04  kld_vamb_joint: 7.46257e+00  kld_labels_joint: 8.61849e+00  correct_labels_joint: 0.00000e+00  loss: 1.51256e+00
2026-08-13 11:43:41.472 | INFO    | 		Epoch: 96  loss_vamb: 7.56572e-01  ab_vamb: 2.56642e-03  ce_vamb: 7.07446e-01  sse_vamb: 3.71587e-02  kld_vamb: 9.71961e-03  loss_labels: 8.32415e-03  ce_labels_labels: 1.08427e-03  kld_labels: 4.63353e+01  correct_labels_labels: 0.00000e+00  loss_joint: 7.47225e-01  ce_joint: 2.12834e+00  sse_joint: 2.42914e+01  ce_labels_joint: 5.46057e-04  kld_vamb_joint: 7.40837e+00  kld_labels_joint: 8.59266e+00  correct_labels_joint: 0.00000e+00  loss: 1.51212e+00
2026-08-13 11:43:44.563 | INFO    | 		Epoch: 97  loss_vamb: 7.56723e-01  ab_vamb: 2.62164e-03  ce_vamb: 7.07431e-01  sse_vamb: 3.70923e-02  kld_vamb: 9.78724e-03  loss_labels: 8.13902e-03  ce_labels_labels: 9.91692e-04  kld_labels: 4.57429e+01  correct_labels_labels: 0.00000e+00  loss_joint: 7.47328e-01  ce_joint: 2.12859e+00  sse_joint: 2.42552e+01  ce_labels_joint: 4.56586e-04  kld_vamb_joint: 7.34599e+00  kld_labels_joint: 8.57779e+00  correct_labels_joint: 0.00000e+00  loss: 1.51219e+00
2026-08-13 11:43:47.643 | INFO    | 		Epoch: 98  loss_vamb: 7.56814e-01  ab_vamb: 2.58025e-03  ce_vamb: 7.07480e-01  sse_vamb: 3.70665e-02  kld_vamb: 9.75234e-03  loss_labels: 8.59748e-03  ce_labels_labels: 1.43714e-03  kld_labels: 4.58261e+01  correct_labels_labels: 0.00000e+00  loss_joint: 7.47521e-01  ce_joint: 2.12863e+00  sse_joint: 2.41807e+01  ce_labels_joint: 6.47878e-04  kld_vamb_joint: 7.29302e+00  kld_labels_joint: 8.52954e+00  correct_labels_joint: 0.00000e+00  loss: 1.51293e+00
2026-08-13 11:43:50.564 | INFO    | 		Epoch: 99  loss_vamb: 7.56805e-01  ab_vamb: 2.63062e-03  ce_vamb: 7.07323e-01  sse_vamb: 3.71492e-02  kld_vamb: 9.80490e-03  loss_labels: 8.51072e-03  ce_labels_labels: 1.28066e-03  kld_labels: 4.62724e+01  correct_labels_labels: 0.00000e+00  loss_joint: 7.47577e-01  ce_joint: 2.12819e+00  sse_joint: 2.41931e+01  ce_labels_joint: 8.44544e-04  kld_vamb_joint: 7.24182e+00  kld_labels_joint: 8.44918e+00  correct_labels_joint: 0.00000e+00  loss: 1.51289e+00
2026-08-13 11:43:54.456 | INFO    | 		Epoch: 100  loss_vamb: 7.56762e-01  ab_vamb: 2.55517e-03  ce_vamb: 7.07353e-01  sse_vamb: 3.70656e-02  kld_vamb: 9.79620e-03  loss_labels: 8.75828e-03  ce_labels_labels: 1.44732e-03  kld_labels: 4.67902e+01  correct_labels_labels: 0.00000e+00  loss_joint: 7.47554e-01  ce_joint: 2.12839e+00  sse_joint: 2.42043e+01  ce_labels_joint: 6.85788e-04  kld_vamb_joint: 7.18742e+00  kld_labels_joint: 8.36446e+00  correct_labels_joint: 0.00000e+00  loss: 1.51307e+00
2026-08-13 11:43:57.361 | INFO    | 		Epoch: 101  loss_vamb: 7.56808e-01  ab_vamb: 2.55662e-03  ce_vamb: 7.07513e-01  sse_vamb: 3.71313e-02  kld_vamb: 9.77060e-03  loss_labels: 8.99847e-03  ce_labels_labels: 1.67203e-03  kld_labels: 4.68893e+01  correct_labels_labels: 0.00000e+00  loss_joint: 7.47204e-01  ce_joint: 2.12874e+00  sse_joint: 2.42017e+01  ce_labels_joint: 4.19819e-04  kld_vamb_joint: 7.13700e+00  kld_labels_joint: 8.31080e+00  correct_labels_joint: 0.00000e+00  loss: 1.51301e+00
2026-08-13 11:44:00.563 | INFO    | 		Epoch: 102  loss_vamb: 7.57018e-01  ab_vamb: 2.63020e-03  ce_vamb: 7.07364e-01  sse_vamb: 3.70911e-02  kld_vamb: 9.75614e-03  loss_labels: 8.60215e-03  ce_labels_labels: 1.25726e-03  kld_labels: 4.70073e+01  correct_labels_labels: 0.00000e+00  loss_joint: 7.47414e-01  ce_joint: 2.12822e+00  sse_joint: 2.41211e+01  ce_labels_joint: 5.63521e-04  kld_vamb_joint: 7.06512e+00  kld_labels_joint: 8.27411e+00  correct_labels_joint: 0.00000e+00  loss: 1.51303e+00
2026-08-13 11:44:03.321 | INFO    | 		Epoch: 103  loss_vamb: 7.56481e-01  ab_vamb: 2.65193e-03  ce_vamb: 7.07181e-01  sse_vamb: 3.70264e-02  kld_vamb: 9.81204e-03  loss_labels: 8.19673e-03  ce_labels_labels: 1.00135e-03  kld_labels: 4.60504e+01  correct_labels_labels: 0.00000e+00  loss_joint: 7.47196e-01  ce_joint: 2.12802e+00  sse_joint: 2.40985e+01  ce_labels_joint: 8.01509e-04  kld_vamb_joint: 7.01916e+00  kld_labels_joint: 8.28480e+00  correct_labels_joint: 0.00000e+00  loss: 1.51187e+00
2026-08-13 11:44:06.328 | INFO    | 		Epoch: 104  loss_vamb: 7.56877e-01  ab_vamb: 2.60179e-03  ce_vamb: 7.07527e-01  sse_vamb: 3.69452e-02  kld_vamb: 9.78532e-03  loss_labels: 8.44818e-03  ce_labels_labels: 1.25463e-03  kld_labels: 4.60388e+01  correct_labels_labels: 0.00000e+00  loss_joint: 7.47520e-01  ce_joint: 2.12884e+00  sse_joint: 2.41042e+01  ce_labels_joint: 7.31000e-04  kld_vamb_joint: 6.97163e+00  kld_labels_joint: 8.22581e+00  correct_labels_joint: 0.00000e+00  loss: 1.51284e+00
2026-08-13 11:44:10.001 | INFO    | 		Epoch: 105  loss_vamb: 7.56269e-01  ab_vamb: 2.54886e-03  ce_vamb: 7.07270e-01  sse_vamb: 3.70646e-02  kld_vamb: 9.71877e-03  loss_labels: 8.42544e-03  ce_labels_labels: 1.20731e-03  kld_labels: 4.61960e+01  correct_labels_labels: 0.00000e+00  loss_joint: 7.47063e-01  ce_joint: 2.12827e+00  sse_joint: 2.40957e+01  ce_labels_joint: 7.99197e-04  kld_vamb_joint: 6.94012e+00  kld_labels_joint: 8.17986e+00  correct_labels_joint: 0.00000e+00  loss: 1.51176e+00
2026-08-13 11:44:12.742 | INFO    | 		Epoch: 106  loss_vamb: 7.56494e-01  ab_vamb: 2.60293e-03  ce_vamb: 7.07301e-01  sse_vamb: 3.70275e-02  kld_vamb: 9.70416e-03  loss_labels: 8.84638e-03  ce_labels_labels: 1.61585e-03  kld_labels: 4.62754e+01  correct_labels_labels: 0.00000e+00  loss_joint: 7.47228e-01  ce_joint: 2.12824e+00  sse_joint: 2.41118e+01  ce_labels_joint: 7.57640e-04  kld_vamb_joint: 6.93143e+00  kld_labels_joint: 8.16217e+00  correct_labels_joint: 0.00000e+00  loss: 1.51257e+00
2026-08-13 11:44:15.634 | INFO    | 		Epoch: 107  loss_vamb: 7.56716e-01  ab_vamb: 2.59469e-03  ce_vamb: 7.07362e-01  sse_vamb: 3.68844e-02  kld_vamb: 9.76792e-03  loss_labels: 9.06175e-03  ce_labels_labels: 1.67822e-03  kld_labels: 4.72546e+01  correct_labels_labels: 0.00000e+00  loss_joint: 7.47562e-01  ce_joint: 2.12817e+00  sse_joint: 2.40731e+01  ce_labels_joint: 1.04509e-03  kld_vamb_joint: 6.91355e+00  kld_labels_joint: 8.11831e+00  correct_labels_joint: 0.00000e+00  loss: 1.51334e+00
2026-08-13 11:44:18.408 | INFO    | 		Epoch: 108  loss_vamb: 7.56840e-01  ab_vamb: 2.53486e-03  ce_vamb: 7.07444e-01  sse_vamb: 3.69802e-02  kld_vamb: 9.81040e-03  loss_labels: 8.66253e-03  ce_labels_labels: 1.22576e-03  kld_labels: 4.75953e+01  correct_labels_labels: 0.00000e+00  loss_joint: 7.47271e-01  ce_joint: 2.12849e+00  sse_joint: 2.40823e+01  ce_labels_joint: 6.67097e-04  kld_vamb_joint: 6.85169e+00  kld_labels_joint: 8.06756e+00  correct_labels_joint: 0.00000e+00  loss: 1.51277e+00
2026-08-13 11:44:21.201 | INFO    | 		Epoch: 109  loss_vamb: 7.56722e-01  ab_vamb: 2.53819e-03  ce_vamb: 7.07467e-01  sse_vamb: 3.70061e-02  kld_vamb: 9.77795e-03  loss_labels: 8.88639e-03  ce_labels_labels: 1.33986e-03  kld_labels: 4.82978e+01  correct_labels_labels: 0.00000e+00  loss_joint: 7.47130e-01  ce_joint: 2.12866e+00  sse_joint: 2.40923e+01  ce_labels_joint: 6.17367e-04  kld_vamb_joint: 6.83051e+00  kld_labels_joint: 7.99495e+00  correct_labels_joint: 0.00000e+00  loss: 1.51274e+00
2026-08-13 11:44:23.979 | INFO    | 		Epoch: 110  loss_vamb: 7.56716e-01  ab_vamb: 2.58035e-03  ce_vamb: 7.07402e-01  sse_vamb: 3.69613e-02  kld_vamb: 9.78394e-03  loss_labels: 8.96290e-03  ce_labels_labels: 1.33924e-03  kld_labels: 4.87914e+01  correct_labels_labels: 0.00000e+00  loss_joint: 7.46570e-01  ce_joint: 2.12829e+00  sse_joint: 2.39200e+01  ce_labels_joint: 3.65675e-04  kld_vamb_joint: 6.76150e+00  kld_labels_joint: 7.95234e+00  correct_labels_joint: 0.00000e+00  loss: 1.51225e+00
2026-08-13 11:44:26.967 | INFO    | 		Epoch: 111  loss_vamb: 7.56555e-01  ab_vamb: 2.53482e-03  ce_vamb: 7.07262e-01  sse_vamb: 3.69443e-02  kld_vamb: 9.75152e-03  loss_labels: 8.54408e-03  ce_labels_labels: 1.02139e-03  kld_labels: 4.81452e+01  correct_labels_labels: 0.00000e+00  loss_joint: 7.46970e-01  ce_joint: 2.12779e+00  sse_joint: 2.39269e+01  ce_labels_joint: 8.32251e-04  kld_vamb_joint: 6.69491e+00  kld_labels_joint: 7.94356e+00  correct_labels_joint: 0.00000e+00  loss: 1.51207e+00
2026-08-13 11:44:30.050 | INFO    | 		Epoch: 112  loss_vamb: 7.56557e-01  ab_vamb: 2.54899e-03  ce_vamb: 7.07316e-01  sse_vamb: 3.69223e-02  kld_vamb: 9.78300e-03  loss_labels: 8.59075e-03  ce_labels_labels: 1.19070e-03  kld_labels: 4.73603e+01  correct_labels_labels: 0.00000e+00  loss_joint: 7.47038e-01  ce_joint: 2.12815e+00  sse_joint: 2.39078e+01  ce_labels_joint: 8.98833e-04  kld_vamb_joint: 6.65235e+00  kld_labels_joint: 7.92895e+00  correct_labels_joint: 0.00000e+00  loss: 1.51219e+00
2026-08-13 11:44:33.095 | INFO    | 		Epoch: 113  loss_vamb: 7.56448e-01  ab_vamb: 2.72146e-03  ce_vamb: 7.07323e-01  sse_vamb: 3.69512e-02  kld_vamb: 9.81526e-03  loss_labels: 8.97980e-03  ce_labels_labels: 1.62615e-03  kld_labels: 4.70634e+01  correct_labels_labels: 0.00000e+00  loss_joint: 7.46776e-01  ce_joint: 2.12846e+00  sse_joint: 2.38931e+01  ce_labels_joint: 7.56472e-04  kld_vamb_joint: 6.64724e+00  kld_labels_joint: 7.91450e+00  correct_labels_joint: 0.00000e+00  loss: 1.51220e+00
2026-08-13 11:44:36.530 | INFO    | 		Epoch: 114  loss_vamb: 7.56584e-01  ab_vamb: 2.58667e-03  ce_vamb: 7.07284e-01  sse_vamb: 3.69089e-02  kld_vamb: 9.78474e-03  loss_labels: 8.68458e-03  ce_labels_labels: 1.28619e-03  kld_labels: 4.73497e+01  correct_labels_labels: 0.00000e+00  loss_joint: 7.47202e-01  ce_joint: 2.12794e+00  sse_joint: 2.39074e+01  ce_labels_joint: 1.10606e-03  kld_vamb_joint: 6.65615e+00  kld_labels_joint: 7.89541e+00  correct_labels_joint: 0.00000e+00  loss: 1.51247e+00
2026-08-13 11:44:39.412 | INFO    | 		Epoch: 115  loss_vamb: 7.56499e-01  ab_vamb: 2.55416e-03  ce_vamb: 7.07265e-01  sse_vamb: 3.67999e-02  kld_vamb: 9.81996e-03  loss_labels: 9.00918e-03  ce_labels_labels: 1.66298e-03  kld_labels: 4.70157e+01  correct_labels_labels: 0.00000e+00  loss_joint: 7.46784e-01  ce_joint: 2.12803e+00  sse_joint: 2.39288e+01  ce_labels_joint: 5.59981e-04  kld_vamb_joint: 6.63963e+00  kld_labels_joint: 7.88045e+00  correct_labels_joint: 0.00000e+00  loss: 1.51229e+00
2026-08-13 11:44:42.383 | INFO    | 		Epoch: 116  loss_vamb: 7.56278e-01  ab_vamb: 2.53613e-03  ce_vamb: 7.07202e-01  sse_vamb: 3.68908e-02  kld_vamb: 9.72361e-03  loss_labels: 8.80441e-03  ce_labels_labels: 1.35847e-03  kld_labels: 4.76540e+01  correct_labels_labels: 0.00000e+00  loss_joint: 7.46816e-01  ce_joint: 2.12796e+00  sse_joint: 2.39060e+01  ce_labels_joint: 7.90641e-04  kld_vamb_joint: 6.61159e+00  kld_labels_joint: 7.84553e+00  correct_labels_joint: 0.00000e+00  loss: 1.51190e+00
2026-08-13 11:44:45.794 | INFO    | 		Epoch: 117  loss_vamb: 7.56381e-01  ab_vamb: 2.48744e-03  ce_vamb: 7.07228e-01  sse_vamb: 3.69364e-02  kld_vamb: 9.79166e-03  loss_labels: 9.50929e-03  ce_labels_labels: 1.91208e-03  kld_labels: 4.86222e+01  correct_labels_labels: 0.00000e+00  loss_joint: 7.47017e-01  ce_joint: 2.12807e+00  sse_joint: 2.39502e+01  ce_labels_joint: 9.73068e-04  kld_vamb_joint: 6.58454e+00  kld_labels_joint: 7.80400e+00  correct_labels_joint: 0.00000e+00  loss: 1.51291e+00
2026-08-13 11:44:49.085 | INFO    | 		Epoch: 118  loss_vamb: 7.56659e-01  ab_vamb: 2.66760e-03  ce_vamb: 7.07258e-01  sse_vamb: 3.69599e-02  kld_vamb: 9.84780e-03  loss_labels: 9.38251e-03  ce_labels_labels: 1.64399e-03  kld_labels: 4.95265e+01  correct_labels_labels: 0.00000e+00  loss_joint: 7.47371e-01  ce_joint: 2.12806e+00  sse_joint: 2.39903e+01  ce_labels_joint: 1.20478e-03  kld_vamb_joint: 6.57946e+00  kld_labels_joint: 7.77099e+00  correct_labels_joint: 0.00000e+00  loss: 1.51341e+00
2026-08-13 11:44:52.368 | INFO    | 		Epoch: 119  loss_vamb: 7.56177e-01  ab_vamb: 2.53033e-03  ce_vamb: 7.07209e-01  sse_vamb: 3.68549e-02  kld_vamb: 9.85095e-03  loss_labels: 8.98065e-03  ce_labels_labels: 1.23527e-03  kld_labels: 4.95705e+01  correct_labels_labels: 0.00000e+00  loss_joint: 7.46933e-01  ce_joint: 2.12823e+00  sse_joint: 2.39864e+01  ce_labels_joint: 9.49511e-04  kld_vamb_joint: 6.55926e+00  kld_labels_joint: 7.75280e+00  correct_labels_joint: 0.00000e+00  loss: 1.51209e+00
2026-08-13 11:44:55.276 | INFO    | 		Epoch: 120  loss_vamb: 7.56549e-01  ab_vamb: 2.62847e-03  ce_vamb: 7.07299e-01  sse_vamb: 3.68014e-02  kld_vamb: 9.77458e-03  loss_labels: 8.62666e-03  ce_labels_labels: 9.50705e-04  kld_labels: 4.91261e+01  correct_labels_labels: 0.00000e+00  loss_joint: 7.47639e-01  ce_joint: 2.12809e+00  sse_joint: 2.40184e+01  ce_labels_joint: 1.27035e-03  kld_vamb_joint: 6.61470e+00  kld_labels_joint: 7.78468e+00  correct_labels_joint: 0.00000e+00  loss: 1.51281e+00
2026-08-13 11:44:58.428 | INFO    | 		Epoch: 121  loss_vamb: 7.56237e-01  ab_vamb: 2.49126e-03  ce_vamb: 7.07243e-01  sse_vamb: 3.68512e-02  kld_vamb: 9.73002e-03  loss_labels: 8.86582e-03  ce_labels_labels: 1.32484e-03  kld_labels: 4.82622e+01  correct_labels_labels: 0.00000e+00  loss_joint: 7.47558e-01  ce_joint: 2.12817e+00  sse_joint: 2.40631e+01  ce_labels_joint: 1.27349e-03  kld_vamb_joint: 6.64424e+00  kld_labels_joint: 7.81725e+00  correct_labels_joint: 0.00000e+00  loss: 1.51266e+00
2026-08-13 11:45:01.343 | INFO    | 		Epoch: 122  loss_vamb: 7.56509e-01  ab_vamb: 2.50330e-03  ce_vamb: 7.07221e-01  sse_vamb: 3.68868e-02  kld_vamb: 9.79088e-03  loss_labels: 9.20161e-03  ce_labels_labels: 1.64739e-03  kld_labels: 4.83470e+01  correct_labels_labels: 0.00000e+00  loss_joint: 7.48332e-01  ce_joint: 2.12810e+00  sse_joint: 2.40657e+01  ce_labels_joint: 1.90118e-03  kld_vamb_joint: 6.60811e+00  kld_labels_joint: 7.78768e+00  correct_labels_joint: 0.00000e+00  loss: 1.51404e+00
2026-08-13 11:45:04.372 | INFO    | 		Epoch: 123  loss_vamb: 7.56623e-01  ab_vamb: 2.60034e-03  ce_vamb: 7.07400e-01  sse_vamb: 3.68772e-02  kld_vamb: 9.83806e-03  loss_labels: 9.65054e-03  ce_labels_labels: 2.05101e-03  kld_labels: 4.86370e+01  correct_labels_labels: 0.00000e+00  loss_joint: 7.49156e-01  ce_joint: 2.12873e+00  sse_joint: 2.41247e+01  ce_labels_joint: 2.51350e-03  kld_vamb_joint: 6.62621e+00  kld_labels_joint: 7.81476e+00  correct_labels_joint: 0.00000e+00  loss: 1.51543e+00
2026-08-13 11:45:07.503 | INFO    | 		Epoch: 124  loss_vamb: 7.56508e-01  ab_vamb: 2.61291e-03  ce_vamb: 7.07313e-01  sse_vamb: 3.67935e-02  kld_vamb: 9.80606e-03  loss_labels: 8.61593e-03  ce_labels_labels: 1.09968e-03  kld_labels: 4.81040e+01  correct_labels_labels: 0.00000e+00  loss_joint: 7.48802e-01  ce_joint: 2.12834e+00  sse_joint: 2.41013e+01  ce_labels_joint: 2.27955e-03  kld_vamb_joint: 6.61694e+00  kld_labels_joint: 7.80702e+00  correct_labels_joint: 0.00000e+00  loss: 1.51393e+00
2026-08-13 11:45:10.339 | INFO    | 		Epoch: 125  loss_vamb: 7.56383e-01  ab_vamb: 2.61450e-03  ce_vamb: 7.07302e-01  sse_vamb: 3.67964e-02  kld_vamb: 9.78074e-03  loss_labels: 9.42352e-03  ce_labels_labels: 2.06824e-03  kld_labels: 4.70738e+01  correct_labels_labels: 0.00000e+00  loss_joint: 7.48757e-01  ce_joint: 2.12825e+00  sse_joint: 2.41895e+01  ce_labels_joint: 2.12095e-03  kld_vamb_joint: 6.70311e+00  kld_labels_joint: 7.86225e+00  correct_labels_joint: 0.00000e+00  loss: 1.51456e+00
2026-08-13 11:45:13.507 | INFO    | 		Epoch: 126  loss_vamb: 7.56494e-01  ab_vamb: 2.58337e-03  ce_vamb: 7.07449e-01  sse_vamb: 3.67755e-02  kld_vamb: 9.82116e-03  loss_labels: 9.67391e-03  ce_labels_labels: 2.17320e-03  kld_labels: 4.80046e+01  correct_labels_labels: 0.00000e+00  loss_joint: 7.48413e-01  ce_joint: 2.12889e+00  sse_joint: 2.41905e+01  ce_labels_joint: 1.62133e-03  kld_vamb_joint: 6.70499e+00  kld_labels_joint: 7.84356e+00  correct_labels_joint: 0.00000e+00  loss: 1.51458e+00
2026-08-13 11:45:16.559 | INFO    | 		Epoch: 127  loss_vamb: 7.56650e-01  ab_vamb: 2.57686e-03  ce_vamb: 7.07281e-01  sse_vamb: 3.68000e-02  kld_vamb: 9.81629e-03  loss_labels: 9.53171e-03  ce_labels_labels: 1.75033e-03  kld_labels: 4.98008e+01  correct_labels_labels: 0.00000e+00  loss_joint: 7.47814e-01  ce_joint: 2.12817e+00  sse_joint: 2.41342e+01  ce_labels_joint: 1.18691e-03  kld_vamb_joint: 6.69947e+00  kld_labels_joint: 7.78376e+00  correct_labels_joint: 0.00000e+00  loss: 1.51400e+00
2026-08-13 11:45:19.922 | INFO    | 		Epoch: 128  loss_vamb: 7.56266e-01  ab_vamb: 2.55214e-03  ce_vamb: 7.07186e-01  sse_vamb: 3.67674e-02  kld_vamb: 9.76610e-03  loss_labels: 9.27804e-03  ce_labels_labels: 1.50289e-03  kld_labels: 4.97610e+01  correct_labels_labels: 0.00000e+00  loss_joint: 7.48466e-01  ce_joint: 2.12796e+00  sse_joint: 2.41413e+01  ce_labels_joint: 2.07616e-03  kld_vamb_joint: 6.67193e+00  kld_labels_joint: 7.75791e+00  correct_labels_joint: 0.00000e+00  loss: 1.51401e+00
2026-08-13 11:45:22.843 | INFO    | 		Epoch: 129  loss_vamb: 7.56307e-01  ab_vamb: 2.56713e-03  ce_vamb: 7.07245e-01  sse_vamb: 3.68652e-02  kld_vamb: 9.84064e-03  loss_labels: 9.05755e-03  ce_labels_labels: 1.25630e-03  kld_labels: 4.99280e+01  correct_labels_labels: 0.00000e+00  loss_joint: 7.48363e-01  ce_joint: 2.12803e+00  sse_joint: 2.42174e+01  ce_labels_joint: 1.99139e-03  kld_vamb_joint: 6.63393e+00  kld_labels_joint: 7.72569e+00  correct_labels_joint: 0.00000e+00  loss: 1.51373e+00
2026-08-13 11:45:25.647 | INFO    | 		Epoch: 130  loss_vamb: 7.56835e-01  ab_vamb: 2.61645e-03  ce_vamb: 7.07494e-01  sse_vamb: 3.67947e-02  kld_vamb: 9.80568e-03  loss_labels: 9.77233e-03  ce_labels_labels: 2.06631e-03  kld_labels: 4.93186e+01  correct_labels_labels: 0.00000e+00  loss_joint: 7.48611e-01  ce_joint: 2.12911e+00  sse_joint: 2.41298e+01  ce_labels_joint: 1.58339e-03  kld_vamb_joint: 6.63521e+00  kld_labels_joint: 7.77885e+00  correct_labels_joint: 0.00000e+00  loss: 1.51522e+00
2026-08-13 11:45:28.700 | INFO    | 		Epoch: 131  loss_vamb: 7.56439e-01  ab_vamb: 2.56806e-03  ce_vamb: 7.07261e-01  sse_vamb: 3.68237e-02  kld_vamb: 9.81272e-03  loss_labels: 8.77707e-03  ce_labels_labels: 1.06364e-03  kld_labels: 4.93659e+01  correct_labels_labels: 0.00000e+00  loss_joint: 7.49022e-01  ce_joint: 2.12839e+00  sse_joint: 2.42753e+01  ce_labels_joint: 2.23199e-03  kld_vamb_joint: 6.66520e+00  kld_labels_joint: 7.79125e+00  correct_labels_joint: 0.00000e+00  loss: 1.51424e+00
2026-08-13 11:45:31.964 | INFO    | 		Epoch: 132  loss_vamb: 7.56435e-01  ab_vamb: 2.56234e-03  ce_vamb: 7.07186e-01  sse_vamb: 3.68679e-02  kld_vamb: 9.82571e-03  loss_labels: 8.45191e-03  ce_labels_labels: 1.01243e-03  kld_labels: 4.76126e+01  correct_labels_labels: 0.00000e+00  loss_joint: 7.48501e-01  ce_joint: 2.12840e+00  sse_joint: 2.42522e+01  ce_labels_joint: 1.63097e-03  kld_vamb_joint: 6.70049e+00  kld_labels_joint: 7.88578e+00  correct_labels_joint: 0.00000e+00  loss: 1.51339e+00
2026-08-13 11:45:34.960 | INFO    | 		Epoch: 133  loss_vamb: 7.56521e-01  ab_vamb: 2.56661e-03  ce_vamb: 7.07097e-01  sse_vamb: 3.67562e-02  kld_vamb: 9.85293e-03  loss_labels: 8.87886e-03  ce_labels_labels: 1.63672e-03  kld_labels: 4.63498e+01  correct_labels_labels: 0.00000e+00  loss_joint: 7.48848e-01  ce_joint: 2.12799e+00  sse_joint: 2.41987e+01  ce_labels_joint: 1.93938e-03  kld_vamb_joint: 6.68811e+00  kld_labels_joint: 7.92095e+00  correct_labels_joint: 0.00000e+00  loss: 1.51425e+00
2026-08-13 11:45:38.093 | INFO    | 		Epoch: 134  loss_vamb: 7.56261e-01  ab_vamb: 2.54669e-03  ce_vamb: 7.07187e-01  sse_vamb: 3.68512e-02  kld_vamb: 9.80237e-03  loss_labels: 8.66441e-03  ce_labels_labels: 1.24563e-03  kld_labels: 4.74802e+01  correct_labels_labels: 0.00000e+00  loss_joint: 7.48807e-01  ce_joint: 2.12830e+00  sse_joint: 2.42648e+01  ce_labels_joint: 2.15346e-03  kld_vamb_joint: 6.73942e+00  kld_labels_joint: 7.86823e+00  correct_labels_joint: 0.00000e+00  loss: 1.51373e+00
2026-08-13 11:45:41.079 | INFO    | 		Epoch: 135  loss_vamb: 7.56513e-01  ab_vamb: 2.56603e-03  ce_vamb: 7.07146e-01  sse_vamb: 3.66880e-02  kld_vamb: 9.78607e-03  loss_labels: 8.46082e-03  ce_labels_labels: 9.85609e-04  kld_labels: 4.78414e+01  correct_labels_labels: 0.00000e+00  loss_joint: 7.48588e-01  ce_joint: 2.12805e+00  sse_joint: 2.41341e+01  ce_labels_joint: 1.72611e-03  kld_vamb_joint: 6.75530e+00  kld_labels_joint: 7.89381e+00  correct_labels_joint: 0.00000e+00  loss: 1.51356e+00
2026-08-13 11:45:44.030 | INFO    | 		Epoch: 136  loss_vamb: 7.56335e-01  ab_vamb: 2.59194e-03  ce_vamb: 7.07187e-01  sse_vamb: 3.67335e-02  kld_vamb: 9.80746e-03  loss_labels: 9.79373e-03  ce_labels_labels: 2.13295e-03  kld_labels: 4.90290e+01  correct_labels_labels: 0.00000e+00  loss_joint: 7.47622e-01  ce_joint: 2.12806e+00  sse_joint: 2.40527e+01  ce_labels_joint: 1.19079e-03  kld_vamb_joint: 6.72895e+00  kld_labels_joint: 7.86541e+00  correct_labels_joint: 0.00000e+00  loss: 1.51375e+00
2026-08-13 11:45:46.818 | INFO    | 		Epoch: 137  loss_vamb: 7.56174e-01  ab_vamb: 2.52785e-03  ce_vamb: 7.07189e-01  sse_vamb: 3.67847e-02  kld_vamb: 9.77442e-03  loss_labels: 8.98058e-03  ce_labels_labels: 1.12413e-03  kld_labels: 5.02813e+01  correct_labels_labels: 0.00000e+00  loss_joint: 7.47703e-01  ce_joint: 2.12799e+00  sse_joint: 2.40578e+01  ce_labels_joint: 1.46177e-03  kld_vamb_joint: 6.70604e+00  kld_labels_joint: 7.81724e+00  correct_labels_joint: 0.00000e+00  loss: 1.51286e+00
2026-08-13 11:45:49.630 | INFO    | 		Epoch: 138  loss_vamb: 7.56397e-01  ab_vamb: 2.58488e-03  ce_vamb: 7.07272e-01  sse_vamb: 3.68198e-02  kld_vamb: 9.81259e-03  loss_labels: 9.44031e-03  ce_labels_labels: 1.67415e-03  kld_labels: 4.97034e+01  correct_labels_labels: 0.00000e+00  loss_joint: 7.47104e-01  ce_joint: 2.12826e+00  sse_joint: 2.40796e+01  ce_labels_joint: 7.04510e-04  kld_vamb_joint: 6.67561e+00  kld_labels_joint: 7.80882e+00  correct_labels_joint: 0.00000e+00  loss: 1.51294e+00
2026-08-13 11:45:52.474 | INFO    | 		Epoch: 139  loss_vamb: 7.56485e-01  ab_vamb: 2.51266e-03  ce_vamb: 7.07213e-01  sse_vamb: 3.67654e-02  kld_vamb: 9.83398e-03  loss_labels: 8.93353e-03  ce_labels_labels: 1.19206e-03  kld_labels: 4.95454e+01  correct_labels_labels: 0.00000e+00  loss_joint: 7.46950e-01  ce_joint: 2.12807e+00  sse_joint: 2.39293e+01  ce_labels_joint: 6.82754e-04  kld_vamb_joint: 6.61880e+00  kld_labels_joint: 7.82413e+00  correct_labels_joint: 0.00000e+00  loss: 1.51237e+00
2026-08-13 11:45:55.608 | INFO    | 		Epoch: 140  loss_vamb: 7.55848e-01  ab_vamb: 2.52316e-03  ce_vamb: 7.07081e-01  sse_vamb: 3.67357e-02  kld_vamb: 9.76142e-03  loss_labels: 9.56646e-03  ce_labels_labels: 1.92661e-03  kld_labels: 4.88951e+01  correct_labels_labels: 0.00000e+00  loss_joint: 7.46438e-01  ce_joint: 2.12750e+00  sse_joint: 2.38613e+01  ce_labels_joint: 8.78728e-04  kld_vamb_joint: 6.57556e+00  kld_labels_joint: 7.80553e+00  correct_labels_joint: 0.00000e+00  loss: 1.51185e+00
2026-08-13 11:45:58.812 | INFO    | 		Epoch: 141  loss_vamb: 7.56079e-01  ab_vamb: 2.54693e-03  ce_vamb: 7.07093e-01  sse_vamb: 3.66277e-02  kld_vamb: 9.86596e-03  loss_labels: 8.69406e-03  ce_labels_labels: 9.36969e-04  kld_labels: 4.96454e+01  correct_labels_labels: 0.00000e+00  loss_joint: 7.46718e-01  ce_joint: 2.12766e+00  sse_joint: 2.38248e+01  ce_labels_joint: 1.00904e-03  kld_vamb_joint: 6.56561e+00  kld_labels_joint: 7.78742e+00  correct_labels_joint: 0.00000e+00  loss: 1.51149e+00
2026-08-13 11:46:01.866 | INFO    | 		Epoch: 142  loss_vamb: 7.55856e-01  ab_vamb: 2.47283e-03  ce_vamb: 7.07214e-01  sse_vamb: 3.65982e-02  kld_vamb: 9.82945e-03  loss_labels: 8.66584e-03  ce_labels_labels: 1.03797e-03  kld_labels: 4.88183e+01  correct_labels_labels: 0.00000e+00  loss_joint: 7.46284e-01  ce_joint: 2.12792e+00  sse_joint: 2.38310e+01  ce_labels_joint: 6.53609e-04  kld_vamb_joint: 6.54814e+00  kld_labels_joint: 7.78091e+00  correct_labels_joint: 0.00000e+00  loss: 1.51081e+00
2026-08-13 11:46:04.982 | INFO    | 		Epoch: 143  loss_vamb: 7.55765e-01  ab_vamb: 2.45148e-03  ce_vamb: 7.07001e-01  sse_vamb: 3.65836e-02  kld_vamb: 9.81895e-03  loss_labels: 9.01875e-03  ce_labels_labels: 1.45563e-03  kld_labels: 4.84040e+01  correct_labels_labels: 0.00000e+00  loss_joint: 7.45936e-01  ce_joint: 2.12733e+00  sse_joint: 2.36936e+01  ce_labels_joint: 5.65695e-04  kld_vamb_joint: 6.49002e+00  kld_labels_joint: 7.74516e+00  correct_labels_joint: 0.00000e+00  loss: 1.51072e+00
2026-08-13 11:46:08.239 | INFO    | 		Epoch: 144  loss_vamb: 7.56069e-01  ab_vamb: 2.63239e-03  ce_vamb: 7.07111e-01  sse_vamb: 3.65596e-02  kld_vamb: 9.84461e-03  loss_labels: 8.53328e-03  ce_labels_labels: 1.09281e-03  kld_labels: 4.76190e+01  correct_labels_labels: 0.00000e+00  loss_joint: 7.46517e-01  ce_joint: 2.12771e+00  sse_joint: 2.36287e+01  ce_labels_joint: 1.03865e-03  kld_vamb_joint: 6.42695e+00  kld_labels_joint: 7.75955e+00  correct_labels_joint: 0.00000e+00  loss: 1.51112e+00
2026-08-13 11:46:11.090 | INFO    | 		Epoch: 145  loss_vamb: 7.56014e-01  ab_vamb: 2.55839e-03  ce_vamb: 7.07185e-01  sse_vamb: 3.65615e-02  kld_vamb: 9.76364e-03  loss_labels: 8.68368e-03  ce_labels_labels: 1.34560e-03  kld_labels: 4.69637e+01  correct_labels_labels: 0.00000e+00  loss_joint: 7.47538e-01  ce_joint: 2.12803e+00  sse_joint: 2.37232e+01  ce_labels_joint: 1.77577e-03  kld_vamb_joint: 6.43955e+00  kld_labels_joint: 7.76141e+00  correct_labels_joint: 0.00000e+00  loss: 1.51224e+00
2026-08-13 11:46:13.960 | INFO    | 		Epoch: 146  loss_vamb: 7.55750e-01  ab_vamb: 2.52627e-03  ce_vamb: 7.06985e-01  sse_vamb: 3.65386e-02  kld_vamb: 9.83821e-03  loss_labels: 8.18080e-03  ce_labels_labels: 9.39778e-04  kld_labels: 4.63425e+01  correct_labels_labels: 0.00000e+00  loss_joint: 7.46719e-01  ce_joint: 2.12744e+00  sse_joint: 2.37353e+01  ce_labels_joint: 1.33744e-03  kld_vamb_joint: 6.41137e+00  kld_labels_joint: 7.79950e+00  correct_labels_joint: 0.00000e+00  loss: 1.51065e+00
2026-08-13 11:46:16.891 | INFO    | 		Epoch: 147  loss_vamb: 7.56063e-01  ab_vamb: 2.56096e-03  ce_vamb: 7.07145e-01  sse_vamb: 3.64963e-02  kld_vamb: 9.79001e-03  loss_labels: 8.17791e-03  ce_labels_labels: 1.03149e-03  kld_labels: 4.57371e+01  correct_labels_labels: 0.00000e+00  loss_joint: 7.47259e-01  ce_joint: 2.12777e+00  sse_joint: 2.38057e+01  ce_labels_joint: 1.24703e-03  kld_vamb_joint: 6.46136e+00  kld_labels_joint: 7.79837e+00  correct_labels_joint: 0.00000e+00  loss: 1.51150e+00
2026-08-13 11:46:20.137 | INFO    | 		Epoch: 148  loss_vamb: 7.56096e-01  ab_vamb: 2.48863e-03  ce_vamb: 7.07138e-01  sse_vamb: 3.65664e-02  kld_vamb: 9.84681e-03  loss_labels: 8.18470e-03  ce_labels_labels: 1.06488e-03  kld_labels: 4.55669e+01  correct_labels_labels: 0.00000e+00  loss_joint: 7.47638e-01  ce_joint: 2.12800e+00  sse_joint: 2.39063e+01  ce_labels_joint: 1.48705e-03  kld_vamb_joint: 6.47346e+00  kld_labels_joint: 7.77452e+00  correct_labels_joint: 0.00000e+00  loss: 1.51192e+00
2026-08-13 11:46:23.099 | INFO    | 		Epoch: 149  loss_vamb: 7.56420e-01  ab_vamb: 2.58771e-03  ce_vamb: 7.07241e-01  sse_vamb: 3.66058e-02  kld_vamb: 9.85902e-03  loss_labels: 8.14210e-03  ce_labels_labels: 9.06582e-04  kld_labels: 4.63073e+01  correct_labels_labels: 0.00000e+00  loss_joint: 7.47963e-01  ce_joint: 2.12829e+00  sse_joint: 2.38343e+01  ce_labels_joint: 1.71068e-03  kld_vamb_joint: 6.44577e+00  kld_labels_joint: 7.76122e+00  correct_labels_joint: 0.00000e+00  loss: 1.51252e+00
2026-08-13 11:46:25.751 | INFO    | 		Epoch: 150  loss_vamb: 7.55941e-01  ab_vamb: 2.49837e-03  ce_vamb: 7.07104e-01  sse_vamb: 3.63870e-02  kld_vamb: 9.87143e-03  loss_labels: 9.00723e-03  ce_labels_labels: 1.84386e-03  kld_labels: 4.58456e+01  correct_labels_labels: 0.00000e+00  loss_joint: 7.47454e-01  ce_joint: 2.12771e+00  sse_joint: 2.36892e+01  ce_labels_joint: 1.73380e-03  kld_vamb_joint: 6.43078e+00  kld_labels_joint: 7.80283e+00  correct_labels_joint: 0.00000e+00  loss: 1.51240e+00
2026-08-13 11:46:28.465 | INFO    | 		Epoch: 151  loss_vamb: 7.55615e-01  ab_vamb: 2.45124e-03  ce_vamb: 7.06988e-01  sse_vamb: 3.62165e-02  kld_vamb: 9.81769e-03  loss_labels: 8.11187e-03  ce_labels_labels: 9.42414e-04  kld_labels: 4.58845e+01  correct_labels_labels: 0.00000e+00  loss_joint: 7.46526e-01  ce_joint: 2.12760e+00  sse_joint: 2.36055e+01  ce_labels_joint: 9.45789e-04  kld_vamb_joint: 6.43154e+00  kld_labels_joint: 7.78244e+00  correct_labels_joint: 0.00000e+00  loss: 1.51025e+00
2026-08-13 11:46:31.346 | INFO    | 		Epoch: 152  loss_vamb: 7.55156e-01  ab_vamb: 2.34791e-03  ce_vamb: 7.06813e-01  sse_vamb: 3.63288e-02  kld_vamb: 9.79406e-03  loss_labels: 8.04436e-03  ce_labels_labels: 9.04846e-04  kld_labels: 4.56929e+01  correct_labels_labels: 0.00000e+00  loss_joint: 7.46180e-01  ce_joint: 2.12666e+00  sse_joint: 2.36670e+01  ce_labels_joint: 1.14399e-03  kld_vamb_joint: 6.43738e+00  kld_labels_joint: 7.75190e+00  correct_labels_joint: 0.00000e+00  loss: 1.50938e+00
2026-08-13 11:46:34.305 | INFO    | 		Epoch: 153  loss_vamb: 7.55291e-01  ab_vamb: 2.36282e-03  ce_vamb: 7.06791e-01  sse_vamb: 3.62139e-02  kld_vamb: 9.77815e-03  loss_labels: 8.35038e-03  ce_labels_labels: 1.29943e-03  kld_labels: 4.51261e+01  correct_labels_labels: 0.00000e+00  loss_joint: 7.45715e-01  ce_joint: 2.12682e+00  sse_joint: 2.35211e+01  ce_labels_joint: 6.06786e-04  kld_vamb_joint: 6.41720e+00  kld_labels_joint: 7.75358e+00  correct_labels_joint: 0.00000e+00  loss: 1.50936e+00
2026-08-13 11:46:37.007 | INFO    | 		Epoch: 154  loss_vamb: 7.55460e-01  ab_vamb: 2.41308e-03  ce_vamb: 7.06755e-01  sse_vamb: 3.61502e-02  kld_vamb: 9.76018e-03  loss_labels: 7.56817e-03  ce_labels_labels: 5.69832e-04  kld_labels: 4.47893e+01  correct_labels_labels: 0.00000e+00  loss_joint: 7.45571e-01  ce_joint: 2.12687e+00  sse_joint: 2.34177e+01  ce_labels_joint: 4.12503e-04  kld_vamb_joint: 6.40156e+00  kld_labels_joint: 7.76340e+00  correct_labels_joint: 0.00000e+00  loss: 1.50860e+00
2026-08-13 11:46:39.882 | INFO    | 		Epoch: 155  loss_vamb: 7.55283e-01  ab_vamb: 2.38566e-03  ce_vamb: 7.06889e-01  sse_vamb: 3.63289e-02  kld_vamb: 9.78554e-03  loss_labels: 8.18426e-03  ce_labels_labels: 1.26043e-03  kld_labels: 4.43125e+01  correct_labels_labels: 0.00000e+00  loss_joint: 7.45283e-01  ce_joint: 2.12715e+00  sse_joint: 2.34407e+01  ce_labels_joint: 4.18515e-04  kld_vamb_joint: 6.35912e+00  kld_labels_joint: 7.76748e+00  correct_labels_joint: 0.00000e+00  loss: 1.50875e+00
2026-08-13 11:46:42.599 | INFO    | 		Epoch: 156  loss_vamb: 7.54738e-01  ab_vamb: 2.37199e-03  ce_vamb: 7.06679e-01  sse_vamb: 3.61096e-02  kld_vamb: 9.77999e-03  loss_labels: 7.76580e-03  ce_labels_labels: 8.88742e-04  kld_labels: 4.40132e+01  correct_labels_labels: 0.00000e+00  loss_joint: 7.44907e-01  ce_joint: 2.12652e+00  sse_joint: 2.33314e+01  ce_labels_joint: 5.84635e-04  kld_vamb_joint: 6.32422e+00  kld_labels_joint: 7.75475e+00  correct_labels_joint: 0.00000e+00  loss: 1.50741e+00
2026-08-13 11:46:45.272 | INFO    | 		Epoch: 157  loss_vamb: 7.55167e-01  ab_vamb: 2.43549e-03  ce_vamb: 7.06799e-01  sse_vamb: 3.61358e-02  kld_vamb: 9.77415e-03  loss_labels: 7.94131e-03  ce_labels_labels: 1.13399e-03  kld_labels: 4.35669e+01  correct_labels_labels: 0.00000e+00  loss_joint: 7.45160e-01  ce_joint: 2.12661e+00  sse_joint: 2.33084e+01  ce_labels_joint: 5.80869e-04  kld_vamb_joint: 6.32634e+00  kld_labels_joint: 7.78451e+00  correct_labels_joint: 0.00000e+00  loss: 1.50827e+00
2026-08-13 11:46:48.017 | INFO    | 		Epoch: 158  loss_vamb: 7.55003e-01  ab_vamb: 2.38107e-03  ce_vamb: 7.06806e-01  sse_vamb: 3.61550e-02  kld_vamb: 9.78587e-03  loss_labels: 7.80815e-03  ce_labels_labels: 1.08691e-03  kld_labels: 4.30159e+01  correct_labels_labels: 0.00000e+00  loss_joint: 7.44916e-01  ce_joint: 2.12681e+00  sse_joint: 2.32664e+01  ce_labels_joint: 5.65502e-04  kld_vamb_joint: 6.28999e+00  kld_labels_joint: 7.78262e+00  correct_labels_joint: 0.00000e+00  loss: 1.50773e+00
2026-08-13 11:46:50.724 | INFO    | 		Epoch: 159  loss_vamb: 7.55074e-01  ab_vamb: 2.35988e-03  ce_vamb: 7.06857e-01  sse_vamb: 3.60471e-02  kld_vamb: 9.79008e-03  loss_labels: 8.05245e-03  ce_labels_labels: 1.34702e-03  kld_labels: 4.29148e+01  correct_labels_labels: 0.00000e+00  loss_joint: 7.45168e-01  ce_joint: 2.12700e+00  sse_joint: 2.32608e+01  ce_labels_joint: 5.82532e-04  kld_vamb_joint: 6.26148e+00  kld_labels_joint: 7.76371e+00  correct_labels_joint: 0.00000e+00  loss: 1.50829e+00
2026-08-13 11:46:53.488 | INFO    | 		Epoch: 160  loss_vamb: 7.55351e-01  ab_vamb: 2.44812e-03  ce_vamb: 7.06896e-01  sse_vamb: 3.61154e-02  kld_vamb: 9.81801e-03  loss_labels: 7.53206e-03  ce_labels_labels: 7.44897e-04  kld_labels: 4.34378e+01  correct_labels_labels: 0.00000e+00  loss_joint: 7.45274e-01  ce_joint: 2.12700e+00  sse_joint: 2.32786e+01  ce_labels_joint: 5.86920e-04  kld_vamb_joint: 6.23805e+00  kld_labels_joint: 7.72431e+00  correct_labels_joint: 0.00000e+00  loss: 1.50816e+00
2026-08-13 11:46:56.170 | INFO    | 		Epoch: 161  loss_vamb: 7.55738e-01  ab_vamb: 2.38922e-03  ce_vamb: 7.06861e-01  sse_vamb: 3.61086e-02  kld_vamb: 9.84572e-03  loss_labels: 7.73349e-03  ce_labels_labels: 9.03192e-04  kld_labels: 4.37139e+01  correct_labels_labels: 0.00000e+00  loss_joint: 7.45126e-01  ce_joint: 2.12696e+00  sse_joint: 2.31666e+01  ce_labels_joint: 2.35893e-04  kld_vamb_joint: 6.18490e+00  kld_labels_joint: 7.69733e+00  correct_labels_joint: 0.00000e+00  loss: 1.50860e+00
2026-08-13 11:46:58.852 | INFO    | 		Epoch: 162  loss_vamb: 7.54886e-01  ab_vamb: 2.38161e-03  ce_vamb: 7.06824e-01  sse_vamb: 3.60353e-02  kld_vamb: 9.84289e-03  loss_labels: 7.64644e-03  ce_labels_labels: 8.52587e-04  kld_labels: 4.34807e+01  correct_labels_labels: 0.00000e+00  loss_joint: 7.44649e-01  ce_joint: 2.12681e+00  sse_joint: 2.31758e+01  ce_labels_joint: 4.56219e-04  kld_vamb_joint: 6.15965e+00  kld_labels_joint: 7.68264e+00  correct_labels_joint: 0.00000e+00  loss: 1.50718e+00
2026-08-13 11:47:01.628 | INFO    | 		Epoch: 163  loss_vamb: 7.55427e-01  ab_vamb: 2.36751e-03  ce_vamb: 7.06794e-01  sse_vamb: 3.60163e-02  kld_vamb: 9.82454e-03  loss_labels: 8.25650e-03  ce_labels_labels: 1.51849e-03  kld_labels: 4.31233e+01  correct_labels_labels: 0.00000e+00  loss_joint: 7.44893e-01  ce_joint: 2.12669e+00  sse_joint: 2.30991e+01  ce_labels_joint: 3.12460e-04  kld_vamb_joint: 6.13281e+00  kld_labels_joint: 7.67469e+00  correct_labels_joint: 0.00000e+00  loss: 1.50858e+00
2026-08-13 11:47:04.347 | INFO    | 		Epoch: 164  loss_vamb: 7.55240e-01  ab_vamb: 2.32736e-03  ce_vamb: 7.06856e-01  sse_vamb: 3.60744e-02  kld_vamb: 9.81089e-03  loss_labels: 7.77472e-03  ce_labels_labels: 1.04087e-03  kld_labels: 4.30967e+01  correct_labels_labels: 0.00000e+00  loss_joint: 7.44696e-01  ce_joint: 2.12677e+00  sse_joint: 2.30419e+01  ce_labels_joint: 5.10905e-04  kld_vamb_joint: 6.11125e+00  kld_labels_joint: 7.67072e+00  correct_labels_joint: 0.00000e+00  loss: 1.50771e+00
2026-08-13 11:47:07.025 | INFO    | 		Epoch: 165  loss_vamb: 7.54797e-01  ab_vamb: 2.40593e-03  ce_vamb: 7.06846e-01  sse_vamb: 3.60843e-02  kld_vamb: 9.78876e-03  loss_labels: 7.66550e-03  ce_labels_labels: 9.12301e-04  kld_labels: 4.32205e+01  correct_labels_labels: 0.00000e+00  loss_joint: 7.44460e-01  ce_joint: 2.12687e+00  sse_joint: 2.30914e+01  ce_labels_joint: 5.80203e-04  kld_vamb_joint: 6.09240e+00  kld_labels_joint: 7.64683e+00  correct_labels_joint: 0.00000e+00  loss: 1.50692e+00
2026-08-13 11:47:09.957 | INFO    | 		Epoch: 166  loss_vamb: 7.55000e-01  ab_vamb: 2.38075e-03  ce_vamb: 7.06808e-01  sse_vamb: 3.61176e-02  kld_vamb: 9.80872e-03  loss_labels: 7.73704e-03  ce_labels_labels: 1.00933e-03  kld_labels: 4.30573e+01  correct_labels_labels: 0.00000e+00  loss_joint: 7.44219e-01  ce_joint: 2.12654e+00  sse_joint: 2.30349e+01  ce_labels_joint: 3.21048e-04  kld_vamb_joint: 6.05886e+00  kld_labels_joint: 7.65209e+00  correct_labels_joint: 0.00000e+00  loss: 1.50696e+00
2026-08-13 11:47:12.756 | INFO    | 		Epoch: 167  loss_vamb: 7.55100e-01  ab_vamb: 2.30925e-03  ce_vamb: 7.06724e-01  sse_vamb: 3.60864e-02  kld_vamb: 9.83916e-03  loss_labels: 7.76865e-03  ce_labels_labels: 1.12633e-03  kld_labels: 4.25108e+01  correct_labels_labels: 0.00000e+00  loss_joint: 7.44482e-01  ce_joint: 2.12646e+00  sse_joint: 2.29985e+01  ce_labels_joint: 4.21252e-04  kld_vamb_joint: 6.02113e+00  kld_labels_joint: 7.65481e+00  correct_labels_joint: 0.00000e+00  loss: 1.50735e+00
2026-08-13 11:47:15.531 | INFO    | 		Epoch: 168  loss_vamb: 7.55088e-01  ab_vamb: 2.33273e-03  ce_vamb: 7.06850e-01  sse_vamb: 3.60258e-02  kld_vamb: 9.84369e-03  loss_labels: 8.17196e-03  ce_labels_labels: 1.55493e-03  kld_labels: 4.23490e+01  correct_labels_labels: 0.00000e+00  loss_joint: 7.44512e-01  ce_joint: 2.12688e+00  sse_joint: 2.30133e+01  ce_labels_joint: 4.16945e-04  kld_vamb_joint: 6.00032e+00  kld_labels_joint: 7.64838e+00  correct_labels_joint: 0.00000e+00  loss: 1.50777e+00
2026-08-13 11:47:18.385 | INFO    | 		Epoch: 169  loss_vamb: 7.55093e-01  ab_vamb: 2.39689e-03  ce_vamb: 7.06838e-01  sse_vamb: 3.59549e-02  kld_vamb: 9.81304e-03  loss_labels: 7.57622e-03  ce_labels_labels: 9.54752e-04  kld_labels: 4.23774e+01  correct_labels_labels: 0.00000e+00  loss_joint: 7.44660e-01  ce_joint: 2.12670e+00  sse_joint: 2.29805e+01  ce_labels_joint: 5.78929e-04  kld_vamb_joint: 5.98367e+00  kld_labels_joint: 7.61944e+00  correct_labels_joint: 0.00000e+00  loss: 1.50733e+00
2026-08-13 11:47:21.124 | INFO    | 		Epoch: 170  loss_vamb: 7.54927e-01  ab_vamb: 2.33832e-03  ce_vamb: 7.06762e-01  sse_vamb: 3.60441e-02  kld_vamb: 9.77775e-03  loss_labels: 7.79344e-03  ce_labels_labels: 1.13010e-03  kld_labels: 4.26454e+01  correct_labels_labels: 0.00000e+00  loss_joint: 7.44443e-01  ce_joint: 2.12660e+00  sse_joint: 2.29737e+01  ce_labels_joint: 5.87773e-04  kld_vamb_joint: 5.98524e+00  kld_labels_joint: 7.59709e+00  correct_labels_joint: 0.00000e+00  loss: 1.50716e+00
2026-08-13 11:47:23.927 | INFO    | 		Epoch: 171  loss_vamb: 7.54589e-01  ab_vamb: 2.32908e-03  ce_vamb: 7.06736e-01  sse_vamb: 3.61049e-02  kld_vamb: 9.78155e-03  loss_labels: 7.61090e-03  ce_labels_labels: 9.25245e-04  kld_labels: 4.27882e+01  correct_labels_labels: 0.00000e+00  loss_joint: 7.44166e-01  ce_joint: 2.12649e+00  sse_joint: 2.29891e+01  ce_labels_joint: 6.64275e-04  kld_vamb_joint: 5.98159e+00  kld_labels_joint: 7.58688e+00  correct_labels_joint: 0.00000e+00  loss: 1.50637e+00
2026-08-13 11:47:26.585 | INFO    | 		Epoch: 172  loss_vamb: 7.54902e-01  ab_vamb: 2.34001e-03  ce_vamb: 7.06799e-01  sse_vamb: 3.59971e-02  kld_vamb: 9.80571e-03  loss_labels: 7.45214e-03  ce_labels_labels: 7.49272e-04  kld_labels: 4.28984e+01  correct_labels_labels: 0.00000e+00  loss_joint: 7.44138e-01  ce_joint: 2.12663e+00  sse_joint: 2.29687e+01  ce_labels_joint: 2.87217e-04  kld_vamb_joint: 5.97147e+00  kld_labels_joint: 7.56842e+00  correct_labels_joint: 0.00000e+00  loss: 1.50649e+00
2026-08-13 11:47:29.505 | INFO    | 		Epoch: 173  loss_vamb: 7.55120e-01  ab_vamb: 2.33091e-03  ce_vamb: 7.06827e-01  sse_vamb: 3.59941e-02  kld_vamb: 9.81091e-03  loss_labels: 8.12939e-03  ce_labels_labels: 1.47024e-03  kld_labels: 4.26186e+01  correct_labels_labels: 0.00000e+00  loss_joint: 7.44431e-01  ce_joint: 2.12674e+00  sse_joint: 2.29388e+01  ce_labels_joint: 4.26211e-04  kld_vamb_joint: 5.92162e+00  kld_labels_joint: 7.53733e+00  correct_labels_joint: 0.00000e+00  loss: 1.50768e+00
2026-08-13 11:47:32.314 | INFO    | 		Epoch: 174  loss_vamb: 7.55236e-01  ab_vamb: 2.32221e-03  ce_vamb: 7.06796e-01  sse_vamb: 3.60063e-02  kld_vamb: 9.83840e-03  loss_labels: 7.91234e-03  ce_labels_labels: 1.20106e-03  kld_labels: 4.29522e+01  correct_labels_labels: 0.00000e+00  loss_joint: 7.44620e-01  ce_joint: 2.12659e+00  sse_joint: 2.29189e+01  ce_labels_joint: 5.89166e-04  kld_vamb_joint: 5.89415e+00  kld_labels_joint: 7.50344e+00  correct_labels_joint: 0.00000e+00  loss: 1.50777e+00
2026-08-13 11:47:34.939 | INFO    | 		Epoch: 175  loss_vamb: 7.54838e-01  ab_vamb: 2.27177e-03  ce_vamb: 7.06779e-01  sse_vamb: 3.60134e-02  kld_vamb: 9.82133e-03  loss_labels: 7.50444e-03  ce_labels_labels: 7.31415e-04  kld_labels: 4.33474e+01  correct_labels_labels: 0.00000e+00  loss_joint: 7.44172e-01  ce_joint: 2.12652e+00  sse_joint: 2.28961e+01  ce_labels_joint: 4.72389e-04  kld_vamb_joint: 5.91114e+00  kld_labels_joint: 7.49331e+00  correct_labels_joint: 0.00000e+00  loss: 1.50651e+00
2026-08-13 11:47:37.621 | INFO    | 		Epoch: 176  loss_vamb: 7.54655e-01  ab_vamb: 2.34228e-03  ce_vamb: 7.06636e-01  sse_vamb: 3.59773e-02  kld_vamb: 9.82467e-03  loss_labels: 7.97871e-03  ce_labels_labels: 1.26861e-03  kld_labels: 4.29446e+01  correct_labels_labels: 0.00000e+00  loss_joint: 7.44141e-01  ce_joint: 2.12617e+00  sse_joint: 2.29105e+01  ce_labels_joint: 6.31156e-04  kld_vamb_joint: 5.90527e+00  kld_labels_joint: 7.52268e+00  correct_labels_joint: 0.00000e+00  loss: 1.50677e+00
2026-08-13 11:47:40.478 | INFO    | 		Epoch: 177  loss_vamb: 7.55171e-01  ab_vamb: 2.29203e-03  ce_vamb: 7.06809e-01  sse_vamb: 3.59196e-02  kld_vamb: 9.85931e-03  loss_labels: 7.50356e-03  ce_labels_labels: 8.82515e-04  kld_labels: 4.23747e+01  correct_labels_labels: 0.00000e+00  loss_joint: 7.44410e-01  ce_joint: 2.12682e+00  sse_joint: 2.28236e+01  ce_labels_joint: 4.26895e-04  kld_vamb_joint: 5.88216e+00  kld_labels_joint: 7.51534e+00  correct_labels_joint: 0.00000e+00  loss: 1.50709e+00
2026-08-13 11:47:43.305 | INFO    | 		Epoch: 178  loss_vamb: 7.54937e-01  ab_vamb: 2.29671e-03  ce_vamb: 7.06725e-01  sse_vamb: 3.59942e-02  kld_vamb: 9.82160e-03  loss_labels: 8.01208e-03  ce_labels_labels: 1.46865e-03  kld_labels: 4.18779e+01  correct_labels_labels: 0.00000e+00  loss_joint: 7.44020e-01  ce_joint: 2.12640e+00  sse_joint: 2.28582e+01  ce_labels_joint: 2.72622e-04  kld_vamb_joint: 5.85779e+00  kld_labels_joint: 7.50495e+00  correct_labels_joint: 0.00000e+00  loss: 1.50697e+00
2026-08-13 11:47:45.986 | INFO    | 		Epoch: 179  loss_vamb: 7.54736e-01  ab_vamb: 2.41355e-03  ce_vamb: 7.06660e-01  sse_vamb: 3.60379e-02  kld_vamb: 9.83934e-03  loss_labels: 7.52240e-03  ce_labels_labels: 9.66156e-04  kld_labels: 4.19600e+01  correct_labels_labels: 0.00000e+00  loss_joint: 7.43898e-01  ce_joint: 2.12626e+00  sse_joint: 2.28561e+01  ce_labels_joint: 5.36481e-04  kld_vamb_joint: 5.83497e+00  kld_labels_joint: 7.48094e+00  correct_labels_joint: 0.00000e+00  loss: 1.50616e+00
2026-08-13 11:47:49.004 | INFO    | 		Epoch: 180  loss_vamb: 7.54834e-01  ab_vamb: 2.29159e-03  ce_vamb: 7.06784e-01  sse_vamb: 3.59299e-02  kld_vamb: 9.88014e-03  loss_labels: 8.09158e-03  ce_labels_labels: 1.44347e-03  kld_labels: 4.25479e+01  correct_labels_labels: 0.00000e+00  loss_joint: 7.44080e-01  ce_joint: 2.12664e+00  sse_joint: 2.28124e+01  ce_labels_joint: 5.47608e-04  kld_vamb_joint: 5.80590e+00  kld_labels_joint: 7.45249e+00  correct_labels_joint: 0.00000e+00  loss: 1.50701e+00
2026-08-13 11:47:51.787 | INFO    | 		Epoch: 181  loss_vamb: 7.54690e-01  ab_vamb: 2.41011e-03  ce_vamb: 7.06664e-01  sse_vamb: 3.58540e-02  kld_vamb: 9.82661e-03  loss_labels: 7.75450e-03  ce_labels_labels: 1.03914e-03  kld_labels: 4.29783e+01  correct_labels_labels: 0.00000e+00  loss_joint: 7.43780e-01  ce_joint: 2.12636e+00  sse_joint: 2.28044e+01  ce_labels_joint: 3.00961e-04  kld_vamb_joint: 5.80377e+00  kld_labels_joint: 7.41065e+00  correct_labels_joint: 0.00000e+00  loss: 1.50622e+00
2026-08-13 11:47:54.670 | INFO    | 		Epoch: 182  loss_vamb: 7.54819e-01  ab_vamb: 2.37026e-03  ce_vamb: 7.06827e-01  sse_vamb: 3.59463e-02  kld_vamb: 9.78956e-03  loss_labels: 7.46315e-03  ce_labels_labels: 7.13989e-04  kld_labels: 4.31947e+01  correct_labels_labels: 0.00000e+00  loss_joint: 7.43937e-01  ce_joint: 2.12670e+00  sse_joint: 2.28213e+01  ce_labels_joint: 3.90263e-04  kld_vamb_joint: 5.79686e+00  kld_labels_joint: 7.37899e+00  correct_labels_joint: 0.00000e+00  loss: 1.50622e+00
2026-08-13 11:47:57.609 | INFO    | 		Epoch: 183  loss_vamb: 7.54782e-01  ab_vamb: 2.25887e-03  ce_vamb: 7.06761e-01  sse_vamb: 3.59968e-02  kld_vamb: 9.82658e-03  loss_labels: 7.76020e-03  ce_labels_labels: 1.07347e-03  kld_labels: 4.27950e+01  correct_labels_labels: 0.00000e+00  loss_joint: 7.44027e-01  ce_joint: 2.12658e+00  sse_joint: 2.28025e+01  ce_labels_joint: 5.09164e-04  kld_vamb_joint: 5.78407e+00  kld_labels_joint: 7.39059e+00  correct_labels_joint: 0.00000e+00  loss: 1.50657e+00
2026-08-13 11:48:00.393 | INFO    | 		Epoch: 184  loss_vamb: 7.55002e-01  ab_vamb: 2.32034e-03  ce_vamb: 7.06893e-01  sse_vamb: 3.59021e-02  kld_vamb: 9.82748e-03  loss_labels: 7.68405e-03  ce_labels_labels: 1.04698e-03  kld_labels: 4.24773e+01  correct_labels_labels: 0.00000e+00  loss_joint: 7.43931e-01  ce_joint: 2.12684e+00  sse_joint: 2.27325e+01  ce_labels_joint: 3.66598e-04  kld_vamb_joint: 5.77718e+00  kld_labels_joint: 7.38164e+00  correct_labels_joint: 0.00000e+00  loss: 1.50662e+00
2026-08-13 11:48:03.626 | INFO    | 		Epoch: 185  loss_vamb: 7.54331e-01  ab_vamb: 2.26902e-03  ce_vamb: 7.06811e-01  sse_vamb: 3.59930e-02  kld_vamb: 9.85513e-03  loss_labels: 7.69806e-03  ce_labels_labels: 1.09798e-03  kld_labels: 4.22405e+01  correct_labels_labels: 0.00000e+00  loss_joint: 7.43173e-01  ce_joint: 2.12628e+00  sse_joint: 2.27466e+01  ce_labels_joint: 4.43366e-04  kld_vamb_joint: 5.75136e+00  kld_labels_joint: 7.39187e+00  correct_labels_joint: 0.00000e+00  loss: 1.50520e+00
2026-08-13 11:48:06.418 | INFO    | 		Epoch: 186  loss_vamb: 7.54554e-01  ab_vamb: 2.23579e-03  ce_vamb: 7.06645e-01  sse_vamb: 3.58710e-02  kld_vamb: 9.84561e-03  loss_labels: 7.63212e-03  ce_labels_labels: 1.03888e-03  kld_labels: 4.21967e+01  correct_labels_labels: 0.00000e+00  loss_joint: 7.43656e-01  ce_joint: 2.12621e+00  sse_joint: 2.27481e+01  ce_labels_joint: 3.85338e-04  kld_vamb_joint: 5.72912e+00  kld_labels_joint: 7.38195e+00  correct_labels_joint: 0.00000e+00  loss: 1.50584e+00
2026-08-13 11:48:09.243 | INFO    | 		Epoch: 187  loss_vamb: 7.54623e-01  ab_vamb: 2.31095e-03  ce_vamb: 7.06693e-01  sse_vamb: 3.59070e-02  kld_vamb: 9.79878e-03  loss_labels: 7.65992e-03  ce_labels_labels: 1.14039e-03  kld_labels: 4.17250e+01  correct_labels_labels: 0.00000e+00  loss_joint: 7.43691e-01  ce_joint: 2.12599e+00  sse_joint: 2.27349e+01  ce_labels_joint: 5.68343e-04  kld_vamb_joint: 5.72655e+00  kld_labels_joint: 7.39102e+00  correct_labels_joint: 0.00000e+00  loss: 1.50597e+00
2026-08-13 11:48:12.255 | INFO    | 		Epoch: 188  loss_vamb: 7.54796e-01  ab_vamb: 2.27913e-03  ce_vamb: 7.06723e-01  sse_vamb: 3.59277e-02  kld_vamb: 9.83345e-03  loss_labels: 7.58785e-03  ce_labels_labels: 1.12663e-03  kld_labels: 4.13518e+01  correct_labels_labels: 0.00000e+00  loss_joint: 7.43794e-01  ce_joint: 2.12633e+00  sse_joint: 2.27363e+01  ce_labels_joint: 4.31762e-04  kld_vamb_joint: 5.72120e+00  kld_labels_joint: 7.41045e+00  correct_labels_joint: 0.00000e+00  loss: 1.50618e+00
2026-08-13 11:48:15.014 | INFO    | 		Epoch: 189  loss_vamb: 7.54983e-01  ab_vamb: 2.36331e-03  ce_vamb: 7.06715e-01  sse_vamb: 3.59730e-02  kld_vamb: 9.84932e-03  loss_labels: 7.27724e-03  ce_labels_labels: 8.13949e-04  kld_labels: 4.13651e+01  correct_labels_labels: 0.00000e+00  loss_joint: 7.44005e-01  ce_joint: 2.12636e+00  sse_joint: 2.27467e+01  ce_labels_joint: 4.85902e-04  kld_vamb_joint: 5.70843e+00  kld_labels_joint: 7.40219e+00  correct_labels_joint: 0.00000e+00  loss: 1.50627e+00
2026-08-13 11:48:17.671 | INFO    | 		Epoch: 190  loss_vamb: 7.54819e-01  ab_vamb: 2.34382e-03  ce_vamb: 7.06770e-01  sse_vamb: 3.58320e-02  kld_vamb: 9.86504e-03  loss_labels: 7.43075e-03  ce_labels_labels: 9.29672e-04  kld_labels: 4.16069e+01  correct_labels_labels: 0.00000e+00  loss_joint: 7.43752e-01  ce_joint: 2.12661e+00  sse_joint: 2.27031e+01  ce_labels_joint: 3.42942e-04  kld_vamb_joint: 5.67511e+00  kld_labels_joint: 7.37175e+00  correct_labels_joint: 0.00000e+00  loss: 1.50600e+00
2026-08-13 11:48:20.447 | INFO    | 		Epoch: 191  loss_vamb: 7.54838e-01  ab_vamb: 2.30585e-03  ce_vamb: 7.06828e-01  sse_vamb: 3.59152e-02  kld_vamb: 9.83565e-03  loss_labels: 7.77556e-03  ce_labels_labels: 1.24844e-03  kld_labels: 4.17736e+01  correct_labels_labels: 0.00000e+00  loss_joint: 7.43570e-01  ce_joint: 2.12653e+00  sse_joint: 2.26688e+01  ce_labels_joint: 3.44599e-04  kld_vamb_joint: 5.65692e+00  kld_labels_joint: 7.34350e+00  correct_labels_joint: 0.00000e+00  loss: 1.50618e+00
2026-08-13 11:48:23.336 | INFO    | 		Epoch: 192  loss_vamb: 7.54842e-01  ab_vamb: 2.27699e-03  ce_vamb: 7.06791e-01  sse_vamb: 3.59008e-02  kld_vamb: 9.84327e-03  loss_labels: 7.40186e-03  ce_labels_labels: 8.83276e-04  kld_labels: 4.17189e+01  correct_labels_labels: 0.00000e+00  loss_joint: 7.43581e-01  ce_joint: 2.12650e+00  sse_joint: 2.26519e+01  ce_labels_joint: 3.12225e-04  kld_vamb_joint: 5.62947e+00  kld_labels_joint: 7.35107e+00  correct_labels_joint: 0.00000e+00  loss: 1.50583e+00
2026-08-13 11:48:26.041 | INFO    | 		Epoch: 193  loss_vamb: 7.54752e-01  ab_vamb: 2.30522e-03  ce_vamb: 7.06801e-01  sse_vamb: 3.58861e-02  kld_vamb: 9.83003e-03  loss_labels: 7.73702e-03  ce_labels_labels: 1.23319e-03  kld_labels: 4.16245e+01  correct_labels_labels: 0.00000e+00  loss_joint: 7.43478e-01  ce_joint: 2.12643e+00  sse_joint: 2.26881e+01  ce_labels_joint: 2.74865e-04  kld_vamb_joint: 5.61397e+00  kld_labels_joint: 7.33266e+00  correct_labels_joint: 0.00000e+00  loss: 1.50597e+00
2026-08-13 11:48:28.859 | INFO    | 		Epoch: 194  loss_vamb: 7.54640e-01  ab_vamb: 2.23884e-03  ce_vamb: 7.06670e-01  sse_vamb: 3.59150e-02  kld_vamb: 9.84657e-03  loss_labels: 7.38074e-03  ce_labels_labels: 8.11497e-04  kld_labels: 4.20431e+01  correct_labels_labels: 0.00000e+00  loss_joint: 7.43670e-01  ce_joint: 2.12619e+00  sse_joint: 2.26423e+01  ce_labels_joint: 5.96735e-04  kld_vamb_joint: 5.58618e+00  kld_labels_joint: 7.30391e+00  correct_labels_joint: 0.00000e+00  loss: 1.50569e+00
2026-08-13 11:48:31.570 | INFO    | 		Epoch: 195  loss_vamb: 7.54254e-01  ab_vamb: 2.39641e-03  ce_vamb: 7.06721e-01  sse_vamb: 3.58449e-02  kld_vamb: 9.84242e-03  loss_labels: 7.36774e-03  ce_labels_labels: 7.68873e-04  kld_labels: 4.22328e+01  correct_labels_labels: 0.00000e+00  loss_joint: 7.43084e-01  ce_joint: 2.12638e+00  sse_joint: 2.26592e+01  ce_labels_joint: 3.95641e-04  kld_vamb_joint: 5.57914e+00  kld_labels_joint: 7.28501e+00  correct_labels_joint: 0.00000e+00  loss: 1.50471e+00
2026-08-13 11:48:34.333 | INFO    | 		Epoch: 196  loss_vamb: 7.54907e-01  ab_vamb: 2.35047e-03  ce_vamb: 7.06759e-01  sse_vamb: 3.58067e-02  kld_vamb: 9.82569e-03  loss_labels: 7.17731e-03  ce_labels_labels: 6.32094e-04  kld_labels: 4.18894e+01  correct_labels_labels: 0.00000e+00  loss_joint: 7.43768e-01  ce_joint: 2.12618e+00  sse_joint: 2.26315e+01  ce_labels_joint: 4.57499e-04  kld_vamb_joint: 5.58249e+00  kld_labels_joint: 7.30365e+00  correct_labels_joint: 0.00000e+00  loss: 1.50585e+00
2026-08-13 11:48:37.211 | INFO    | 		Epoch: 197  loss_vamb: 7.54739e-01  ab_vamb: 2.31583e-03  ce_vamb: 7.06719e-01  sse_vamb: 3.59072e-02  kld_vamb: 9.83531e-03  loss_labels: 7.55580e-03  ce_labels_labels: 1.11474e-03  kld_labels: 4.12228e+01  correct_labels_labels: 0.00000e+00  loss_joint: 7.43470e-01  ce_joint: 2.12631e+00  sse_joint: 2.26741e+01  ce_labels_joint: 3.41930e-04  kld_vamb_joint: 5.55126e+00  kld_labels_joint: 7.30612e+00  correct_labels_joint: 0.00000e+00  loss: 1.50576e+00
2026-08-13 11:48:40.128 | INFO    | 		Epoch: 198  loss_vamb: 7.54443e-01  ab_vamb: 2.32857e-03  ce_vamb: 7.06693e-01  sse_vamb: 3.59106e-02  kld_vamb: 9.84965e-03  loss_labels: 7.89924e-03  ce_labels_labels: 1.44915e-03  kld_labels: 4.12805e+01  correct_labels_labels: 0.00000e+00  loss_joint: 7.43356e-01  ce_joint: 2.12617e+00  sse_joint: 2.26319e+01  ce_labels_joint: 5.64863e-04  kld_vamb_joint: 5.53571e+00  kld_labels_joint: 7.29823e+00  correct_labels_joint: 0.00000e+00  loss: 1.50570e+00
2026-08-13 11:48:42.975 | INFO    | 		Epoch: 199  loss_vamb: 7.54736e-01  ab_vamb: 2.31135e-03  ce_vamb: 7.06676e-01  sse_vamb: 3.57113e-02  kld_vamb: 9.87816e-03  loss_labels: 7.43160e-03  ce_labels_labels: 9.23534e-04  kld_labels: 4.16516e+01  correct_labels_labels: 0.00000e+00  loss_joint: 7.43693e-01  ce_joint: 2.12629e+00  sse_joint: 2.25418e+01  ce_labels_joint: 5.54447e-04  kld_vamb_joint: 5.52728e+00  kld_labels_joint: 7.27786e+00  correct_labels_joint: 0.00000e+00  loss: 1.50586e+00
2026-08-13 11:48:45.852 | INFO    | 		Epoch: 200  loss_vamb: 7.54762e-01  ab_vamb: 2.30850e-03  ce_vamb: 7.06796e-01  sse_vamb: 3.58252e-02  kld_vamb: 9.83944e-03  loss_labels: 7.62837e-03  ce_labels_labels: 1.14846e-03  kld_labels: 4.14714e+01  correct_labels_labels: 0.00000e+00  loss_joint: 7.43838e-01  ce_joint: 2.12646e+00  sse_joint: 2.26087e+01  ce_labels_joint: 6.69190e-04  kld_vamb_joint: 5.54078e+00  kld_labels_joint: 7.28889e+00  correct_labels_joint: 0.00000e+00  loss: 1.50623e+00
2026-08-13 11:48:48.750 | INFO    | 		Epoch: 201  loss_vamb: 7.54647e-01  ab_vamb: 2.37615e-03  ce_vamb: 7.06755e-01  sse_vamb: 3.58284e-02  kld_vamb: 9.84735e-03  loss_labels: 7.56567e-03  ce_labels_labels: 1.09040e-03  kld_labels: 4.14417e+01  correct_labels_labels: 0.00000e+00  loss_joint: 7.43631e-01  ce_joint: 2.12660e+00  sse_joint: 2.25996e+01  ce_labels_joint: 5.21648e-04  kld_vamb_joint: 5.55580e+00  kld_labels_joint: 7.30491e+00  correct_labels_joint: 0.00000e+00  loss: 1.50584e+00
2026-08-13 11:48:51.522 | INFO    | 		Epoch: 202  loss_vamb: 7.54520e-01  ab_vamb: 2.21560e-03  ce_vamb: 7.06790e-01  sse_vamb: 3.58179e-02  kld_vamb: 9.85817e-03  loss_labels: 7.59117e-03  ce_labels_labels: 1.05717e-03  kld_labels: 4.18176e+01  correct_labels_labels: 0.00000e+00  loss_joint: 7.43579e-01  ce_joint: 2.12635e+00  sse_joint: 2.26359e+01  ce_labels_joint: 5.81456e-04  kld_vamb_joint: 5.54269e+00  kld_labels_joint: 7.29530e+00  correct_labels_joint: 0.00000e+00  loss: 1.50569e+00
2026-08-13 11:48:54.387 | INFO    | 		Epoch: 203  loss_vamb: 7.54123e-01  ab_vamb: 2.34058e-03  ce_vamb: 7.06514e-01  sse_vamb: 3.58014e-02  kld_vamb: 9.86472e-03  loss_labels: 7.80082e-03  ce_labels_labels: 1.20770e-03  kld_labels: 4.21960e+01  correct_labels_labels: 0.00000e+00  loss_joint: 7.42912e-01  ce_joint: 2.12575e+00  sse_joint: 2.25824e+01  ce_labels_joint: 4.33415e-04  kld_vamb_joint: 5.52624e+00  kld_labels_joint: 7.26077e+00  correct_labels_joint: 0.00000e+00  loss: 1.50484e+00
2026-08-13 11:48:57.052 | INFO    | 		Epoch: 204  loss_vamb: 7.54462e-01  ab_vamb: 2.26188e-03  ce_vamb: 7.06685e-01  sse_vamb: 3.58786e-02  kld_vamb: 9.85759e-03  loss_labels: 7.46112e-03  ce_labels_labels: 8.57428e-04  kld_labels: 4.22636e+01  correct_labels_labels: 0.00000e+00  loss_joint: 7.43127e-01  ce_joint: 2.12621e+00  sse_joint: 2.25999e+01  ce_labels_joint: 3.17950e-04  kld_vamb_joint: 5.51370e+00  kld_labels_joint: 7.24363e+00  correct_labels_joint: 0.00000e+00  loss: 1.50505e+00
2026-08-13 11:48:59.770 | INFO    | 		Epoch: 205  loss_vamb: 7.54641e-01  ab_vamb: 2.33541e-03  ce_vamb: 7.06733e-01  sse_vamb: 3.58084e-02  kld_vamb: 9.86259e-03  loss_labels: 7.59608e-03  ce_labels_labels: 1.01012e-03  kld_labels: 4.21502e+01  correct_labels_labels: 0.00000e+00  loss_joint: 7.43179e-01  ce_joint: 2.12632e+00  sse_joint: 2.25060e+01  ce_labels_joint: 3.08378e-04  kld_vamb_joint: 5.48953e+00  kld_labels_joint: 7.23813e+00  correct_labels_joint: 0.00000e+00  loss: 1.50542e+00
2026-08-13 11:49:02.509 | INFO    | 		Epoch: 206  loss_vamb: 7.54528e-01  ab_vamb: 2.37144e-03  ce_vamb: 7.06507e-01  sse_vamb: 3.58730e-02  kld_vamb: 9.88497e-03  loss_labels: 7.46292e-03  ce_labels_labels: 9.33155e-04  kld_labels: 4.17905e+01  correct_labels_labels: 0.00000e+00  loss_joint: 7.43151e-01  ce_joint: 2.12570e+00  sse_joint: 2.25699e+01  ce_labels_joint: 3.83840e-04  kld_vamb_joint: 5.46190e+00  kld_labels_joint: 7.24763e+00  correct_labels_joint: 0.00000e+00  loss: 1.50514e+00
2026-08-13 11:49:05.224 | INFO    | 		Epoch: 207  loss_vamb: 7.54575e-01  ab_vamb: 2.31579e-03  ce_vamb: 7.06723e-01  sse_vamb: 3.57631e-02  kld_vamb: 9.89783e-03  loss_labels: 7.76003e-03  ce_labels_labels: 1.22602e-03  kld_labels: 4.18177e+01  correct_labels_labels: 0.00000e+00  loss_joint: 7.43355e-01  ce_joint: 2.12623e+00  sse_joint: 2.25364e+01  ce_labels_joint: 4.69018e-04  kld_vamb_joint: 5.44772e+00  kld_labels_joint: 7.21515e+00  correct_labels_joint: 0.00000e+00  loss: 1.50569e+00
2026-08-13 11:49:07.992 | INFO    | 		Epoch: 208  loss_vamb: 7.55001e-01  ab_vamb: 2.33685e-03  ce_vamb: 7.06743e-01  sse_vamb: 3.57429e-02  kld_vamb: 9.86030e-03  loss_labels: 7.63189e-03  ce_labels_labels: 1.05433e-03  kld_labels: 4.20964e+01  correct_labels_labels: 0.00000e+00  loss_joint: 7.43893e-01  ce_joint: 2.12645e+00  sse_joint: 2.24346e+01  ce_labels_joint: 6.63198e-04  kld_vamb_joint: 5.44517e+00  kld_labels_joint: 7.19538e+00  correct_labels_joint: 0.00000e+00  loss: 1.50653e+00
2026-08-13 11:49:10.679 | INFO    | 		Epoch: 209  loss_vamb: 7.54882e-01  ab_vamb: 2.29836e-03  ce_vamb: 7.06873e-01  sse_vamb: 3.57218e-02  kld_vamb: 9.89488e-03  loss_labels: 8.06119e-03  ce_labels_labels: 1.39118e-03  kld_labels: 4.26881e+01  correct_labels_labels: 0.00000e+00  loss_joint: 7.43732e-01  ce_joint: 2.12660e+00  sse_joint: 2.25212e+01  ce_labels_joint: 5.89712e-04  kld_vamb_joint: 5.46342e+00  kld_labels_joint: 7.20361e+00  correct_labels_joint: 0.00000e+00  loss: 1.50667e+00
2026-08-13 11:49:13.370 | INFO    | 		Epoch: 210  loss_vamb: 7.54969e-01  ab_vamb: 2.25281e-03  ce_vamb: 7.06687e-01  sse_vamb: 3.57092e-02  kld_vamb: 9.89701e-03  loss_labels: 7.77400e-03  ce_labels_labels: 1.01299e-03  kld_labels: 4.32705e+01  correct_labels_labels: 0.00000e+00  loss_joint: 7.43850e-01  ce_joint: 2.12623e+00  sse_joint: 2.25545e+01  ce_labels_joint: 5.19305e-04  kld_vamb_joint: 5.45633e+00  kld_labels_joint: 7.17129e+00  correct_labels_joint: 0.00000e+00  loss: 1.50659e+00
2026-08-13 11:49:16.179 | INFO    | 		Epoch: 211  loss_vamb: 7.54685e-01  ab_vamb: 2.31220e-03  ce_vamb: 7.06713e-01  sse_vamb: 3.57504e-02  kld_vamb: 9.85097e-03  loss_labels: 7.75472e-03  ce_labels_labels: 1.02783e-03  kld_labels: 4.30521e+01  correct_labels_labels: 0.00000e+00  loss_joint: 7.43476e-01  ce_joint: 2.12618e+00  sse_joint: 2.25597e+01  ce_labels_joint: 5.07542e-04  kld_vamb_joint: 5.46204e+00  kld_labels_joint: 7.17259e+00  correct_labels_joint: 0.00000e+00  loss: 1.50592e+00
2026-08-13 11:49:18.881 | INFO    | 		Epoch: 212  loss_vamb: 7.54662e-01  ab_vamb: 2.38668e-03  ce_vamb: 7.06808e-01  sse_vamb: 3.57803e-02  kld_vamb: 9.87276e-03  loss_labels: 7.48627e-03  ce_labels_labels: 8.05506e-04  kld_labels: 4.27569e+01  correct_labels_labels: 0.00000e+00  loss_joint: 7.43657e-01  ce_joint: 2.12639e+00  sse_joint: 2.25431e+01  ce_labels_joint: 7.93724e-04  kld_vamb_joint: 5.46167e+00  kld_labels_joint: 7.20221e+00  correct_labels_joint: 0.00000e+00  loss: 1.50581e+00
2026-08-13 11:49:21.873 | INFO    | 		Epoch: 213  loss_vamb: 7.54386e-01  ab_vamb: 2.33297e-03  ce_vamb: 7.06618e-01  sse_vamb: 3.57146e-02  kld_vamb: 9.94075e-03  loss_labels: 7.49097e-03  ce_labels_labels: 8.91380e-04  kld_labels: 4.22374e+01  correct_labels_labels: 0.00000e+00  loss_joint: 7.43054e-01  ce_joint: 2.12605e+00  sse_joint: 2.25484e+01  ce_labels_joint: 3.59764e-04  kld_vamb_joint: 5.44921e+00  kld_labels_joint: 7.20430e+00  correct_labels_joint: 0.00000e+00  loss: 1.50493e+00
2026-08-13 11:49:24.513 | INFO    | 		Epoch: 214  loss_vamb: 7.54729e-01  ab_vamb: 2.32835e-03  ce_vamb: 7.06721e-01  sse_vamb: 3.56963e-02  kld_vamb: 9.88853e-03  loss_labels: 7.88455e-03  ce_labels_labels: 1.35670e-03  kld_labels: 4.17782e+01  correct_labels_labels: 0.00000e+00  loss_joint: 7.43478e-01  ce_joint: 2.12617e+00  sse_joint: 2.25578e+01  ce_labels_joint: 4.16817e-04  kld_vamb_joint: 5.45854e+00  kld_labels_joint: 7.20357e+00  correct_labels_joint: 0.00000e+00  loss: 1.50609e+00
2026-08-13 11:49:27.272 | INFO    | 		Epoch: 215  loss_vamb: 7.55091e-01  ab_vamb: 2.35255e-03  ce_vamb: 7.06782e-01  sse_vamb: 3.56991e-02  kld_vamb: 9.87734e-03  loss_labels: 7.37648e-03  ce_labels_labels: 8.90450e-04  kld_labels: 4.15106e+01  correct_labels_labels: 0.00000e+00  loss_joint: 7.43775e-01  ce_joint: 2.12642e+00  sse_joint: 2.25061e+01  ce_labels_joint: 4.31402e-04  kld_vamb_joint: 5.45025e+00  kld_labels_joint: 7.20398e+00  correct_labels_joint: 0.00000e+00  loss: 1.50624e+00
2026-08-13 11:49:30.014 | INFO    | 		Epoch: 216  loss_vamb: 7.54472e-01  ab_vamb: 2.30805e-03  ce_vamb: 7.06655e-01  sse_vamb: 3.57898e-02  kld_vamb: 9.90881e-03  loss_labels: 7.54539e-03  ce_labels_labels: 1.03753e-03  kld_labels: 4.16503e+01  correct_labels_labels: 0.00000e+00  loss_joint: 7.42854e-01  ce_joint: 2.12612e+00  sse_joint: 2.25026e+01  ce_labels_joint: 2.38570e-04  kld_vamb_joint: 5.41009e+00  kld_labels_joint: 7.19777e+00  correct_labels_joint: 0.00000e+00  loss: 1.50487e+00
2026-08-13 11:49:32.804 | INFO    | 		Epoch: 217  loss_vamb: 7.54863e-01  ab_vamb: 2.35685e-03  ce_vamb: 7.06696e-01  sse_vamb: 3.57493e-02  kld_vamb: 9.92924e-03  loss_labels: 7.43327e-03  ce_labels_labels: 9.16232e-04  kld_labels: 4.17091e+01  correct_labels_labels: 0.00000e+00  loss_joint: 7.43417e-01  ce_joint: 2.12622e+00  sse_joint: 2.24515e+01  ce_labels_joint: 4.64608e-04  kld_vamb_joint: 5.38797e+00  kld_labels_joint: 7.18402e+00  correct_labels_joint: 0.00000e+00  loss: 1.50571e+00
2026-08-13 11:49:35.595 | INFO    | 		Epoch: 218  loss_vamb: 7.54774e-01  ab_vamb: 2.33448e-03  ce_vamb: 7.06658e-01  sse_vamb: 3.57143e-02  kld_vamb: 9.91540e-03  loss_labels: 7.44555e-03  ce_labels_labels: 9.40985e-04  kld_labels: 4.16292e+01  correct_labels_labels: 0.00000e+00  loss_joint: 7.43446e-01  ce_joint: 2.12627e+00  sse_joint: 2.24325e+01  ce_labels_joint: 5.12854e-04  kld_vamb_joint: 5.38500e+00  kld_labels_joint: 7.18029e+00  correct_labels_joint: 0.00000e+00  loss: 1.50567e+00
2026-08-13 11:49:38.215 | INFO    | 		Epoch: 219  loss_vamb: 7.54228e-01  ab_vamb: 2.24981e-03  ce_vamb: 7.06595e-01  sse_vamb: 3.57627e-02  kld_vamb: 9.84461e-03  loss_labels: 8.36762e-03  ce_labels_labels: 1.87562e-03  kld_labels: 4.15488e+01  correct_labels_labels: 0.00000e+00  loss_joint: 7.43054e-01  ce_joint: 2.12592e+00  sse_joint: 2.24617e+01  ce_labels_joint: 5.72402e-04  kld_vamb_joint: 5.39677e+00  kld_labels_joint: 7.19010e+00  correct_labels_joint: 0.00000e+00  loss: 1.50565e+00
2026-08-13 11:49:40.864 | INFO    | 		Epoch: 220  loss_vamb: 7.54718e-01  ab_vamb: 2.38787e-03  ce_vamb: 7.06656e-01  sse_vamb: 3.56085e-02  kld_vamb: 9.88602e-03  loss_labels: 7.63768e-03  ce_labels_labels: 1.13293e-03  kld_labels: 4.16304e+01  correct_labels_labels: 0.00000e+00  loss_joint: 7.43772e-01  ce_joint: 2.12591e+00  sse_joint: 2.24044e+01  ce_labels_joint: 9.92864e-04  kld_vamb_joint: 5.39867e+00  kld_labels_joint: 7.18641e+00  correct_labels_joint: 0.00000e+00  loss: 1.50613e+00
2026-08-13 11:49:43.511 | INFO    | 		Epoch: 221  loss_vamb: 7.54367e-01  ab_vamb: 2.32051e-03  ce_vamb: 7.06541e-01  sse_vamb: 3.57354e-02  kld_vamb: 9.88523e-03  loss_labels: 7.83090e-03  ce_labels_labels: 1.26375e-03  kld_labels: 4.20298e+01  correct_labels_labels: 0.00000e+00  loss_joint: 7.43381e-01  ce_joint: 2.12589e+00  sse_joint: 2.24779e+01  ce_labels_joint: 7.97885e-04  kld_vamb_joint: 5.41416e+00  kld_labels_joint: 7.18135e+00  correct_labels_joint: 0.00000e+00  loss: 1.50558e+00
2026-08-13 11:49:46.349 | INFO    | 		Epoch: 222  loss_vamb: 7.54478e-01  ab_vamb: 2.29090e-03  ce_vamb: 7.06725e-01  sse_vamb: 3.56312e-02  kld_vamb: 9.87695e-03  loss_labels: 7.23925e-03  ce_labels_labels: 6.26027e-04  kld_labels: 4.23246e+01  correct_labels_labels: 0.00000e+00  loss_joint: 7.43592e-01  ce_joint: 2.12641e+00  sse_joint: 2.25121e+01  ce_labels_joint: 6.78433e-04  kld_vamb_joint: 5.43537e+00  kld_labels_joint: 7.16967e+00  correct_labels_joint: 0.00000e+00  loss: 1.50531e+00
2026-08-13 11:49:49.230 | INFO    | 		Epoch: 223  loss_vamb: 7.54489e-01  ab_vamb: 2.32185e-03  ce_vamb: 7.06627e-01  sse_vamb: 3.56246e-02  kld_vamb: 9.90731e-03  loss_labels: 8.27910e-03  ce_labels_labels: 1.73840e-03  kld_labels: 4.18605e+01  correct_labels_labels: 0.00000e+00  loss_joint: 7.43465e-01  ce_joint: 2.12599e+00  sse_joint: 2.25266e+01  ce_labels_joint: 6.31312e-04  kld_vamb_joint: 5.43209e+00  kld_labels_joint: 7.19029e+00  correct_labels_joint: 0.00000e+00  loss: 1.50623e+00
2026-08-13 11:49:52.126 | INFO    | 		Epoch: 224  loss_vamb: 7.55072e-01  ab_vamb: 2.33476e-03  ce_vamb: 7.06795e-01  sse_vamb: 3.56738e-02  kld_vamb: 9.91308e-03  loss_labels: 7.87911e-03  ce_labels_labels: 1.35424e-03  kld_labels: 4.17592e+01  correct_labels_labels: 0.00000e+00  loss_joint: 7.44821e-01  ce_joint: 2.12646e+00  sse_joint: 2.24526e+01  ce_labels_joint: 1.58653e-03  kld_vamb_joint: 5.43694e+00  kld_labels_joint: 7.19626e+00  correct_labels_joint: 0.00000e+00  loss: 1.50777e+00
2026-08-13 11:49:54.842 | INFO    | 		Epoch: 225  loss_vamb: 7.54145e-01  ab_vamb: 2.25799e-03  ce_vamb: 7.06474e-01  sse_vamb: 3.55628e-02  kld_vamb: 9.95428e-03  loss_labels: 7.38550e-03  ce_labels_labels: 8.01778e-04  kld_labels: 4.21358e+01  correct_labels_labels: 0.00000e+00  loss_joint: 7.43210e-01  ce_joint: 2.12565e+00  sse_joint: 2.24581e+01  ce_labels_joint: 6.87399e-04  kld_vamb_joint: 5.44205e+00  kld_labels_joint: 7.19753e+00  correct_labels_joint: 0.00000e+00  loss: 1.50474e+00
2026-08-13 11:49:57.704 | INFO    | 		Epoch: 226  loss_vamb: 7.54487e-01  ab_vamb: 2.22370e-03  ce_vamb: 7.06538e-01  sse_vamb: 3.55015e-02  kld_vamb: 9.94160e-03  loss_labels: 7.46010e-03  ce_labels_labels: 8.56749e-04  kld_labels: 4.22614e+01  correct_labels_labels: 0.00000e+00  loss_joint: 7.43865e-01  ce_joint: 2.12589e+00  sse_joint: 2.24421e+01  ce_labels_joint: 9.29817e-04  kld_vamb_joint: 5.46484e+00  kld_labels_joint: 7.20660e+00  correct_labels_joint: 0.00000e+00  loss: 1.50581e+00
2026-08-13 11:50:00.390 | INFO    | 		Epoch: 227  loss_vamb: 7.53960e-01  ab_vamb: 2.25928e-03  ce_vamb: 7.06547e-01  sse_vamb: 3.54278e-02  kld_vamb: 9.91511e-03  loss_labels: 7.43115e-03  ce_labels_labels: 8.32432e-04  kld_labels: 4.22318e+01  correct_labels_labels: 0.00000e+00  loss_joint: 7.43403e-01  ce_joint: 2.12593e+00  sse_joint: 2.24625e+01  ce_labels_joint: 8.61101e-04  kld_vamb_joint: 5.46362e+00  kld_labels_joint: 7.19272e+00  correct_labels_joint: 0.00000e+00  loss: 1.50479e+00
2026-08-13 11:50:03.083 | INFO    | 		Epoch: 228  loss_vamb: 7.54193e-01  ab_vamb: 2.24450e-03  ce_vamb: 7.06508e-01  sse_vamb: 3.54552e-02  kld_vamb: 9.88186e-03  loss_labels: 7.98916e-03  ce_labels_labels: 1.39772e-03  kld_labels: 4.21852e+01  correct_labels_labels: 0.00000e+00  loss_joint: 7.43405e-01  ce_joint: 2.12572e+00  sse_joint: 2.24314e+01  ce_labels_joint: 7.30486e-04  kld_vamb_joint: 5.47740e+00  kld_labels_joint: 7.18450e+00  correct_labels_joint: 0.00000e+00  loss: 1.50559e+00
2026-08-13 11:50:05.803 | INFO    | 		Epoch: 229  loss_vamb: 7.54361e-01  ab_vamb: 2.20829e-03  ce_vamb: 7.06703e-01  sse_vamb: 3.54813e-02  kld_vamb: 9.85473e-03  loss_labels: 7.36872e-03  ce_labels_labels: 7.86363e-04  kld_labels: 4.21271e+01  correct_labels_labels: 0.00000e+00  loss_joint: 7.43243e-01  ce_joint: 2.12612e+00  sse_joint: 2.24216e+01  ce_labels_joint: 5.10779e-04  kld_vamb_joint: 5.48535e+00  kld_labels_joint: 7.18019e+00  correct_labels_joint: 0.00000e+00  loss: 1.50497e+00
2026-08-13 11:50:08.526 | INFO    | 		Epoch: 230  loss_vamb: 7.54349e-01  ab_vamb: 2.17595e-03  ce_vamb: 7.06583e-01  sse_vamb: 3.55724e-02  kld_vamb: 9.84106e-03  loss_labels: 7.26796e-03  ce_labels_labels: 7.04991e-04  kld_labels: 4.20030e+01  correct_labels_labels: 0.00000e+00  loss_joint: 7.43484e-01  ce_joint: 2.12599e+00  sse_joint: 2.24568e+01  ce_labels_joint: 6.76275e-04  kld_vamb_joint: 5.48582e+00  kld_labels_joint: 7.17479e+00  correct_labels_joint: 0.00000e+00  loss: 1.50510e+00
2026-08-13 11:50:11.164 | INFO    | 		Epoch: 231  loss_vamb: 7.54221e-01  ab_vamb: 2.18737e-03  ce_vamb: 7.06525e-01  sse_vamb: 3.55124e-02  kld_vamb: 9.85955e-03  loss_labels: 7.53027e-03  ce_labels_labels: 9.86072e-04  kld_labels: 4.18828e+01  correct_labels_labels: 0.00000e+00  loss_joint: 7.42925e-01  ce_joint: 2.12577e+00  sse_joint: 2.24074e+01  ce_labels_joint: 3.08512e-04  kld_vamb_joint: 5.48306e+00  kld_labels_joint: 7.17631e+00  correct_labels_joint: 0.00000e+00  loss: 1.50468e+00
2026-08-13 11:50:13.941 | INFO    | 		Epoch: 232  loss_vamb: 7.54208e-01  ab_vamb: 2.15322e-03  ce_vamb: 7.06597e-01  sse_vamb: 3.55500e-02  kld_vamb: 9.85833e-03  loss_labels: 7.23123e-03  ce_labels_labels: 7.05672e-04  kld_labels: 4.17636e+01  correct_labels_labels: 0.00000e+00  loss_joint: 7.42937e-01  ce_joint: 2.12606e+00  sse_joint: 2.23714e+01  ce_labels_joint: 3.27796e-04  kld_vamb_joint: 5.48039e+00  kld_labels_joint: 7.18200e+00  correct_labels_joint: 0.00000e+00  loss: 1.50438e+00
2026-08-13 11:50:16.890 | INFO    | 		Epoch: 233  loss_vamb: 7.53674e-01  ab_vamb: 2.22077e-03  ce_vamb: 7.06397e-01  sse_vamb: 3.55570e-02  kld_vamb: 9.86583e-03  loss_labels: 7.15669e-03  ce_labels_labels: 6.61827e-04  kld_labels: 4.15671e+01  correct_labels_labels: 0.00000e+00  loss_joint: 7.42382e-01  ce_joint: 2.12548e+00  sse_joint: 2.24173e+01  ce_labels_joint: 3.23684e-04  kld_vamb_joint: 5.46918e+00  kld_labels_joint: 7.18609e+00  correct_labels_joint: 0.00000e+00  loss: 1.50321e+00
2026-08-13 11:50:19.616 | INFO    | 		Epoch: 234  loss_vamb: 7.54357e-01  ab_vamb: 2.14863e-03  ce_vamb: 7.06473e-01  sse_vamb: 3.54485e-02  kld_vamb: 9.85532e-03  loss_labels: 7.10954e-03  ce_labels_labels: 6.70691e-04  kld_labels: 4.12087e+01  correct_labels_labels: 0.00000e+00  loss_joint: 7.43969e-01  ce_joint: 2.12549e+00  sse_joint: 2.23079e+01  ce_labels_joint: 1.26797e-03  kld_vamb_joint: 5.45028e+00  kld_labels_joint: 7.18598e+00  correct_labels_joint: 0.00000e+00  loss: 1.50544e+00
2026-08-13 11:50:22.436 | INFO    | 		Epoch: 235  loss_vamb: 7.53786e-01  ab_vamb: 2.20032e-03  ce_vamb: 7.06365e-01  sse_vamb: 3.54479e-02  kld_vamb: 9.84867e-03  loss_labels: 7.90324e-03  ce_labels_labels: 1.51019e-03  kld_labels: 4.09155e+01  correct_labels_labels: 0.00000e+00  loss_joint: 7.42468e-01  ce_joint: 2.12524e+00  sse_joint: 2.23331e+01  ce_labels_joint: 3.76583e-04  kld_vamb_joint: 5.45085e+00  kld_labels_joint: 7.18978e+00  correct_labels_joint: 0.00000e+00  loss: 1.50416e+00
2026-08-13 11:50:25.424 | INFO    | 		Epoch: 236  loss_vamb: 7.54101e-01  ab_vamb: 2.21367e-03  ce_vamb: 7.06601e-01  sse_vamb: 3.54151e-02  kld_vamb: 9.85673e-03  loss_labels: 6.76870e-03  ce_labels_labels: 3.99072e-04  kld_labels: 4.07656e+01  correct_labels_labels: 0.00000e+00  loss_joint: 7.42713e-01  ce_joint: 2.12586e+00  sse_joint: 2.22872e+01  ce_labels_joint: 3.06200e-04  kld_vamb_joint: 5.44724e+00  kld_labels_joint: 7.19401e+00  correct_labels_joint: 0.00000e+00  loss: 1.50358e+00
2026-08-13 11:50:28.342 | INFO    | 		Epoch: 237  loss_vamb: 7.54013e-01  ab_vamb: 2.17958e-03  ce_vamb: 7.06584e-01  sse_vamb: 3.54301e-02  kld_vamb: 9.87244e-03  loss_labels: 6.89138e-03  ce_labels_labels: 5.86884e-04  kld_labels: 4.03488e+01  correct_labels_labels: 0.00000e+00  loss_joint: 7.42450e-01  ce_joint: 2.12578e+00  sse_joint: 2.23306e+01  ce_labels_joint: 1.38034e-04  kld_vamb_joint: 5.44125e+00  kld_labels_joint: 7.21441e+00  correct_labels_joint: 0.00000e+00  loss: 1.50335e+00
2026-08-13 11:50:30.945 | INFO    | 		Epoch: 238  loss_vamb: 7.54163e-01  ab_vamb: 2.18854e-03  ce_vamb: 7.06540e-01  sse_vamb: 3.54803e-02  kld_vamb: 9.88549e-03  loss_labels: 6.87467e-03  ce_labels_labels: 6.56892e-04  kld_labels: 3.97938e+01  correct_labels_labels: 0.00000e+00  loss_joint: 7.42528e-01  ce_joint: 2.12567e+00  sse_joint: 2.22794e+01  ce_labels_joint: 1.92759e-04  kld_vamb_joint: 5.42241e+00  kld_labels_joint: 7.24085e+00  correct_labels_joint: 0.00000e+00  loss: 1.50357e+00
2026-08-13 11:50:33.691 | INFO    | 		Epoch: 239  loss_vamb: 7.54059e-01  ab_vamb: 2.23468e-03  ce_vamb: 7.06633e-01  sse_vamb: 3.54327e-02  kld_vamb: 9.88456e-03  loss_labels: 7.04299e-03  ce_labels_labels: 9.06521e-04  kld_labels: 3.92734e+01  correct_labels_labels: 0.00000e+00  loss_joint: 7.42879e-01  ce_joint: 2.12593e+00  sse_joint: 2.22695e+01  ce_labels_joint: 6.81263e-04  kld_vamb_joint: 5.40736e+00  kld_labels_joint: 7.25196e+00  correct_labels_joint: 0.00000e+00  loss: 1.50398e+00
2026-08-13 11:50:36.508 | INFO    | 		Epoch: 240  loss_vamb: 7.53849e-01  ab_vamb: 2.21382e-03  ce_vamb: 7.06441e-01  sse_vamb: 3.54682e-02  kld_vamb: 9.89612e-03  loss_labels: 7.38493e-03  ce_labels_labels: 1.31066e-03  kld_labels: 3.88753e+01  correct_labels_labels: 0.00000e+00  loss_joint: 7.42195e-01  ce_joint: 2.12536e+00  sse_joint: 2.22377e+01  ce_labels_joint: 2.29494e-04  kld_vamb_joint: 5.39181e+00  kld_labels_joint: 7.26167e+00  correct_labels_joint: 0.00000e+00  loss: 1.50343e+00
2026-08-13 11:50:39.379 | INFO    | 		Epoch: 241  loss_vamb: 7.53914e-01  ab_vamb: 2.14575e-03  ce_vamb: 7.06403e-01  sse_vamb: 3.53423e-02  kld_vamb: 9.90262e-03  loss_labels: 6.84108e-03  ce_labels_labels: 7.92098e-04  kld_labels: 3.87135e+01  correct_labels_labels: 0.00000e+00  loss_joint: 7.42552e-01  ce_joint: 2.12540e+00  sse_joint: 2.22270e+01  ce_labels_joint: 3.84367e-04  kld_vamb_joint: 5.37452e+00  kld_labels_joint: 7.25702e+00  correct_labels_joint: 0.00000e+00  loss: 1.50331e+00
2026-08-13 11:50:42.108 | INFO    | 		Epoch: 242  loss_vamb: 7.53874e-01  ab_vamb: 2.21625e-03  ce_vamb: 7.06520e-01  sse_vamb: 3.54179e-02  kld_vamb: 9.86282e-03  loss_labels: 6.80624e-03  ce_labels_labels: 7.76644e-04  kld_labels: 3.85894e+01  correct_labels_labels: 0.00000e+00  loss_joint: 7.42456e-01  ce_joint: 2.12584e+00  sse_joint: 2.21727e+01  ce_labels_joint: 3.99596e-04  kld_vamb_joint: 5.37418e+00  kld_labels_joint: 7.24927e+00  correct_labels_joint: 0.00000e+00  loss: 1.50314e+00
2026-08-13 11:50:44.943 | INFO    | 		Epoch: 243  loss_vamb: 7.53918e-01  ab_vamb: 2.23793e-03  ce_vamb: 7.06438e-01  sse_vamb: 3.54360e-02  kld_vamb: 9.86744e-03  loss_labels: 6.88257e-03  ce_labels_labels: 8.49024e-04  kld_labels: 3.86147e+01  correct_labels_labels: 0.00000e+00  loss_joint: 7.42312e-01  ce_joint: 2.12537e+00  sse_joint: 2.21612e+01  ce_labels_joint: 3.41851e-04  kld_vamb_joint: 5.36846e+00  kld_labels_joint: 7.26149e+00  correct_labels_joint: 0.00000e+00  loss: 1.50311e+00
2026-08-13 11:50:47.693 | INFO    | 		Epoch: 244  loss_vamb: 7.53880e-01  ab_vamb: 2.17975e-03  ce_vamb: 7.06521e-01  sse_vamb: 3.54480e-02  kld_vamb: 9.88380e-03  loss_labels: 6.79871e-03  ce_labels_labels: 7.63387e-04  kld_labels: 3.86261e+01  correct_labels_labels: 0.00000e+00  loss_joint: 7.42257e-01  ce_joint: 2.12568e+00  sse_joint: 2.22080e+01  ce_labels_joint: 2.63309e-04  kld_vamb_joint: 5.34898e+00  kld_labels_joint: 7.24133e+00  correct_labels_joint: 0.00000e+00  loss: 1.50294e+00
2026-08-13 11:50:50.349 | INFO    | 		Epoch: 245  loss_vamb: 7.53980e-01  ab_vamb: 2.20476e-03  ce_vamb: 7.06451e-01  sse_vamb: 3.53711e-02  kld_vamb: 9.89477e-03  loss_labels: 7.08405e-03  ce_labels_labels: 1.05203e-03  kld_labels: 3.86049e+01  correct_labels_labels: 0.00000e+00  loss_joint: 7.42148e-01  ce_joint: 2.12522e+00  sse_joint: 2.21463e+01  ce_labels_joint: 1.89850e-04  kld_vamb_joint: 5.33675e+00  kld_labels_joint: 7.23474e+00  correct_labels_joint: 0.00000e+00  loss: 1.50321e+00
2026-08-13 11:50:52.934 | INFO    | 		Epoch: 246  loss_vamb: 7.54303e-01  ab_vamb: 2.19202e-03  ce_vamb: 7.06598e-01  sse_vamb: 3.54522e-02  kld_vamb: 9.88334e-03  loss_labels: 7.59513e-03  ce_labels_labels: 1.54297e-03  kld_labels: 3.87338e+01  correct_labels_labels: 0.00000e+00  loss_joint: 7.42638e-01  ce_joint: 2.12576e+00  sse_joint: 2.21277e+01  ce_labels_joint: 4.12906e-04  kld_vamb_joint: 5.32463e+00  kld_labels_joint: 7.23537e+00  correct_labels_joint: 0.00000e+00  loss: 1.50454e+00
2026-08-13 11:50:55.652 | INFO    | 		Epoch: 247  loss_vamb: 7.54206e-01  ab_vamb: 2.21165e-03  ce_vamb: 7.06607e-01  sse_vamb: 3.54291e-02  kld_vamb: 9.89270e-03  loss_labels: 6.92830e-03  ce_labels_labels: 8.23172e-04  kld_labels: 3.90728e+01  correct_labels_labels: 0.00000e+00  loss_joint: 7.42727e-01  ce_joint: 2.12583e+00  sse_joint: 2.21350e+01  ce_labels_joint: 5.50695e-04  kld_vamb_joint: 5.30573e+00  kld_labels_joint: 7.21916e+00  correct_labels_joint: 0.00000e+00  loss: 1.50386e+00
2026-08-13 11:50:58.446 | INFO    | 		Epoch: 248  loss_vamb: 7.53636e-01  ab_vamb: 2.14580e-03  ce_vamb: 7.06367e-01  sse_vamb: 3.53940e-02  kld_vamb: 9.93478e-03  loss_labels: 6.79107e-03  ce_labels_labels: 6.64146e-04  kld_labels: 3.92123e+01  correct_labels_labels: 0.00000e+00  loss_joint: 7.41966e-01  ce_joint: 2.12518e+00  sse_joint: 2.21669e+01  ce_labels_joint: 2.60190e-04  kld_vamb_joint: 5.28731e+00  kld_labels_joint: 7.20657e+00  correct_labels_joint: 0.00000e+00  loss: 1.50239e+00
2026-08-13 11:51:01.239 | INFO    | 		Epoch: 249  loss_vamb: 7.54023e-01  ab_vamb: 2.15375e-03  ce_vamb: 7.06512e-01  sse_vamb: 3.53543e-02  kld_vamb: 9.91862e-03  loss_labels: 6.97948e-03  ce_labels_labels: 8.53121e-04  kld_labels: 3.92087e+01  correct_labels_labels: 0.00000e+00  loss_joint: 7.42389e-01  ce_joint: 2.12573e+00  sse_joint: 2.21156e+01  ce_labels_joint: 2.62778e-04  kld_vamb_joint: 5.27756e+00  kld_labels_joint: 7.20736e+00  correct_labels_joint: 0.00000e+00  loss: 1.50339e+00
2026-08-13 11:51:03.828 | INFO    | 		Epoch: 250  loss_vamb: 7.53819e-01  ab_vamb: 2.17160e-03  ce_vamb: 7.06332e-01  sse_vamb: 3.54088e-02  kld_vamb: 9.89679e-03  loss_labels: 7.92520e-03  ce_labels_labels: 1.80822e-03  kld_labels: 3.91486e+01  correct_labels_labels: 0.00000e+00  loss_joint: 7.42213e-01  ce_joint: 2.12499e+00  sse_joint: 2.21121e+01  ce_labels_joint: 4.34436e-04  kld_vamb_joint: 5.25713e+00  kld_labels_joint: 7.18254e+00  correct_labels_joint: 0.00000e+00  loss: 1.50396e+00
2026-08-13 11:51:06.671 | INFO    | 		Epoch: 251  loss_vamb: 7.54122e-01  ab_vamb: 2.22131e-03  ce_vamb: 7.06598e-01  sse_vamb: 3.54116e-02  kld_vamb: 9.89397e-03  loss_labels: 6.73941e-03  ce_labels_labels: 6.30454e-04  kld_labels: 3.90973e+01  correct_labels_labels: 0.00000e+00  loss_joint: 7.42786e-01  ce_joint: 2.12591e+00  sse_joint: 2.21273e+01  ce_labels_joint: 7.23503e-04  kld_vamb_joint: 5.25638e+00  kld_labels_joint: 7.18964e+00  correct_labels_joint: 0.00000e+00  loss: 1.50365e+00
2026-08-13 11:51:09.437 | INFO    | 		Epoch: 252  loss_vamb: 7.54218e-01  ab_vamb: 2.13546e-03  ce_vamb: 7.06584e-01  sse_vamb: 3.52693e-02  kld_vamb: 9.92327e-03  loss_labels: 6.80445e-03  ce_labels_labels: 7.24238e-04  kld_labels: 3.89133e+01  correct_labels_labels: 0.00000e+00  loss_joint: 7.42584e-01  ce_joint: 2.12581e+00  sse_joint: 2.20866e+01  ce_labels_joint: 2.97723e-04  kld_vamb_joint: 5.25803e+00  kld_labels_joint: 7.19724e+00  correct_labels_joint: 0.00000e+00  loss: 1.50361e+00
2026-08-13 11:51:12.265 | INFO    | 		Epoch: 253  loss_vamb: 7.53725e-01  ab_vamb: 2.15589e-03  ce_vamb: 7.06335e-01  sse_vamb: 3.54010e-02  kld_vamb: 9.91523e-03  loss_labels: 6.74721e-03  ce_labels_labels: 6.84882e-04  kld_labels: 3.87989e+01  correct_labels_labels: 0.00000e+00  loss_joint: 7.42559e-01  ce_joint: 2.12535e+00  sse_joint: 2.21365e+01  ce_labels_joint: 7.53407e-04  kld_vamb_joint: 5.25691e+00  kld_labels_joint: 7.19238e+00  correct_labels_joint: 0.00000e+00  loss: 1.50303e+00
2026-08-13 11:51:14.885 | INFO    | 		Epoch: 254  loss_vamb: 7.53871e-01  ab_vamb: 2.22041e-03  ce_vamb: 7.06417e-01  sse_vamb: 3.54113e-02  kld_vamb: 9.87286e-03  loss_labels: 7.21024e-03  ce_labels_labels: 1.14466e-03  kld_labels: 3.88197e+01  correct_labels_labels: 0.00000e+00  loss_joint: 7.42075e-01  ce_joint: 2.12531e+00  sse_joint: 2.21000e+01  ce_labels_joint: 3.21982e-04  kld_vamb_joint: 5.26173e+00  kld_labels_joint: 7.19472e+00  correct_labels_joint: 0.00000e+00  loss: 1.50316e+00
2026-08-13 11:51:17.540 | INFO    | 		Epoch: 255  loss_vamb: 7.53840e-01  ab_vamb: 2.20558e-03  ce_vamb: 7.06491e-01  sse_vamb: 3.53249e-02  kld_vamb: 9.85966e-03  loss_labels: 6.81242e-03  ce_labels_labels: 7.28419e-04  kld_labels: 3.89376e+01  correct_labels_labels: 0.00000e+00  loss_joint: 7.42310e-01  ce_joint: 2.12552e+00  sse_joint: 2.21307e+01  ce_labels_joint: 3.79790e-04  kld_vamb_joint: 5.26753e+00  kld_labels_joint: 7.18774e+00  correct_labels_joint: 0.00000e+00  loss: 1.50296e+00
2026-08-13 11:51:20.177 | INFO    | 		Epoch: 256  loss_vamb: 7.53699e-01  ab_vamb: 2.20867e-03  ce_vamb: 7.06301e-01  sse_vamb: 3.54042e-02  kld_vamb: 9.84455e-03  loss_labels: 6.80684e-03  ce_labels_labels: 7.25698e-04  kld_labels: 3.89193e+01  correct_labels_labels: 0.00000e+00  loss_joint: 7.42149e-01  ce_joint: 2.12483e+00  sse_joint: 2.21414e+01  ce_labels_joint: 4.38153e-04  kld_vamb_joint: 5.28215e+00  kld_labels_joint: 7.19824e+00  correct_labels_joint: 0.00000e+00  loss: 1.50266e+00
2026-08-13 11:51:23.090 | INFO    | 		Epoch: 257  loss_vamb: 7.53628e-01  ab_vamb: 2.13879e-03  ce_vamb: 7.06543e-01  sse_vamb: 3.53058e-02  kld_vamb: 9.86197e-03  loss_labels: 6.51111e-03  ce_labels_labels: 4.55005e-04  kld_labels: 3.87591e+01  correct_labels_labels: 0.00000e+00  loss_joint: 7.42172e-01  ce_joint: 2.12571e+00  sse_joint: 2.20599e+01  ce_labels_joint: 4.77185e-04  kld_vamb_joint: 5.26691e+00  kld_labels_joint: 7.19596e+00  correct_labels_joint: 0.00000e+00  loss: 1.50231e+00
2026-08-13 11:51:25.781 | INFO    | 		Epoch: 258  loss_vamb: 7.54419e-01  ab_vamb: 2.19353e-03  ce_vamb: 7.06643e-01  sse_vamb: 3.53378e-02  kld_vamb: 9.88304e-03  loss_labels: 6.92248e-03  ce_labels_labels: 9.06700e-04  kld_labels: 3.85010e+01  correct_labels_labels: 0.00000e+00  loss_joint: 7.43165e-01  ce_joint: 2.12608e+00  sse_joint: 2.20626e+01  ce_labels_joint: 7.60980e-04  kld_vamb_joint: 5.25238e+00  kld_labels_joint: 7.20201e+00  correct_labels_joint: 0.00000e+00  loss: 1.50451e+00
2026-08-13 11:51:28.579 | INFO    | 		Epoch: 259  loss_vamb: 7.53657e-01  ab_vamb: 2.17854e-03  ce_vamb: 7.06436e-01  sse_vamb: 3.53887e-02  kld_vamb: 9.87962e-03  loss_labels: 6.44021e-03  ce_labels_labels: 4.46493e-04  kld_labels: 3.83598e+01  correct_labels_labels: 0.00000e+00  loss_joint: 7.42392e-01  ce_joint: 2.12525e+00  sse_joint: 2.20893e+01  ce_labels_joint: 8.01336e-04  kld_vamb_joint: 5.25219e+00  kld_labels_joint: 7.21058e+00  correct_labels_joint: 0.00000e+00  loss: 1.50249e+00
2026-08-13 11:51:31.320 | INFO    | 		Epoch: 260  loss_vamb: 7.54027e-01  ab_vamb: 2.20808e-03  ce_vamb: 7.06468e-01  sse_vamb: 3.54325e-02  kld_vamb: 9.88432e-03  loss_labels: 7.08208e-03  ce_labels_labels: 1.11897e-03  kld_labels: 3.81639e+01  correct_labels_labels: 0.00000e+00  loss_joint: 7.42284e-01  ce_joint: 2.12534e+00  sse_joint: 2.20892e+01  ce_labels_joint: 4.07300e-04  kld_vamb_joint: 5.25436e+00  kld_labels_joint: 7.21542e+00  correct_labels_joint: 0.00000e+00  loss: 1.50339e+00
2026-08-13 11:51:34.184 | INFO    | 		Epoch: 261  loss_vamb: 7.53789e-01  ab_vamb: 2.23615e-03  ce_vamb: 7.06383e-01  sse_vamb: 3.54242e-02  kld_vamb: 9.90831e-03  loss_labels: 6.74904e-03  ce_labels_labels: 8.00039e-04  kld_labels: 3.80736e+01  correct_labels_labels: 0.00000e+00  loss_joint: 7.41919e-01  ce_joint: 2.12510e+00  sse_joint: 2.20772e+01  ce_labels_joint: 3.07382e-04  kld_vamb_joint: 5.26071e+00  kld_labels_joint: 7.22801e+00  correct_labels_joint: 0.00000e+00  loss: 1.50246e+00
2026-08-13 11:51:36.773 | INFO    | 		Epoch: 262  loss_vamb: 7.53762e-01  ab_vamb: 2.10780e-03  ce_vamb: 7.06420e-01  sse_vamb: 3.53539e-02  kld_vamb: 9.91064e-03  loss_labels: 7.05606e-03  ce_labels_labels: 1.11168e-03  kld_labels: 3.80440e+01  correct_labels_labels: 0.00000e+00  loss_joint: 7.41997e-01  ce_joint: 2.12529e+00  sse_joint: 2.20565e+01  ce_labels_joint: 2.93784e-04  kld_vamb_joint: 5.24881e+00  kld_labels_joint: 7.22211e+00  correct_labels_joint: 0.00000e+00  loss: 1.50282e+00
2026-08-13 11:51:39.819 | INFO    | 		Epoch: 263  loss_vamb: 7.53703e-01  ab_vamb: 2.20932e-03  ce_vamb: 7.06425e-01  sse_vamb: 3.53864e-02  kld_vamb: 9.89885e-03  loss_labels: 7.25264e-03  ce_labels_labels: 1.28099e-03  kld_labels: 3.82186e+01  correct_labels_labels: 0.00000e+00  loss_joint: 7.41960e-01  ce_joint: 2.12518e+00  sse_joint: 2.21172e+01  ce_labels_joint: 2.95162e-04  kld_vamb_joint: 5.24419e+00  kld_labels_joint: 7.21155e+00  correct_labels_joint: 0.00000e+00  loss: 1.50292e+00
2026-08-13 11:51:42.530 | INFO    | 		Epoch: 264  loss_vamb: 7.53759e-01  ab_vamb: 2.15694e-03  ce_vamb: 7.06492e-01  sse_vamb: 3.53094e-02  kld_vamb: 9.89829e-03  loss_labels: 6.74417e-03  ce_labels_labels: 6.99168e-04  kld_labels: 3.86880e+01  correct_labels_labels: 0.00000e+00  loss_joint: 7.42058e-01  ce_joint: 2.12539e+00  sse_joint: 2.20602e+01  ce_labels_joint: 3.52838e-04  kld_vamb_joint: 5.23009e+00  kld_labels_joint: 7.19253e+00  correct_labels_joint: 0.00000e+00  loss: 1.50256e+00
2026-08-13 11:51:45.410 | INFO    | 		Epoch: 265  loss_vamb: 7.53716e-01  ab_vamb: 2.17282e-03  ce_vamb: 7.06460e-01  sse_vamb: 3.53016e-02  kld_vamb: 9.88554e-03  loss_labels: 7.05294e-03  ce_labels_labels: 9.66590e-04  kld_labels: 3.89526e+01  correct_labels_labels: 0.00000e+00  loss_joint: 7.42044e-01  ce_joint: 2.12533e+00  sse_joint: 2.20332e+01  ce_labels_joint: 4.01029e-04  kld_vamb_joint: 5.22084e+00  kld_labels_joint: 7.17667e+00  correct_labels_joint: 0.00000e+00  loss: 1.50281e+00
2026-08-13 11:51:48.263 | INFO    | 		Epoch: 266  loss_vamb: 7.53984e-01  ab_vamb: 2.19947e-03  ce_vamb: 7.06436e-01  sse_vamb: 3.53883e-02  kld_vamb: 9.87551e-03  loss_labels: 7.03479e-03  ce_labels_labels: 9.35698e-04  kld_labels: 3.90342e+01  correct_labels_labels: 0.00000e+00  loss_joint: 7.42514e-01  ce_joint: 2.12512e+00  sse_joint: 2.20397e+01  ce_labels_joint: 7.16759e-04  kld_vamb_joint: 5.21159e+00  kld_labels_joint: 7.15751e+00  correct_labels_joint: 0.00000e+00  loss: 1.50353e+00
2026-08-13 11:51:50.897 | INFO    | 		Epoch: 267  loss_vamb: 7.54116e-01  ab_vamb: 2.24966e-03  ce_vamb: 7.06520e-01  sse_vamb: 3.53296e-02  kld_vamb: 9.88506e-03  loss_labels: 6.92568e-03  ce_labels_labels: 8.09942e-04  kld_labels: 3.91407e+01  correct_labels_labels: 0.00000e+00  loss_joint: 7.42210e-01  ce_joint: 2.12574e+00  sse_joint: 2.19759e+01  ce_labels_joint: 2.98622e-04  kld_vamb_joint: 5.20468e+00  kld_labels_joint: 7.15021e+00  correct_labels_joint: 0.00000e+00  loss: 1.50325e+00
2026-08-13 11:51:53.547 | INFO    | 		Epoch: 268  loss_vamb: 7.54017e-01  ab_vamb: 2.21845e-03  ce_vamb: 7.06426e-01  sse_vamb: 3.53344e-02  kld_vamb: 9.94327e-03  loss_labels: 6.62584e-03  ce_labels_labels: 4.99622e-04  kld_labels: 3.92078e+01  correct_labels_labels: 0.00000e+00  loss_joint: 7.42509e-01  ce_joint: 2.12535e+00  sse_joint: 2.20298e+01  ce_labels_joint: 6.44070e-04  kld_vamb_joint: 5.19309e+00  kld_labels_joint: 7.13675e+00  correct_labels_joint: 0.00000e+00  loss: 1.50315e+00
2026-08-13 11:51:56.133 | INFO    | 		Epoch: 269  loss_vamb: 7.53540e-01  ab_vamb: 2.17257e-03  ce_vamb: 7.06357e-01  sse_vamb: 3.53130e-02  kld_vamb: 9.94228e-03  loss_labels: 6.56633e-03  ce_labels_labels: 4.60796e-04  kld_labels: 3.90754e+01  correct_labels_labels: 0.00000e+00  loss_joint: 7.41817e-01  ce_joint: 2.12525e+00  sse_joint: 2.20532e+01  ce_labels_joint: 2.99741e-04  kld_vamb_joint: 5.18415e+00  kld_labels_joint: 7.13888e+00  correct_labels_joint: 0.00000e+00  loss: 1.50192e+00
2026-08-13 11:51:58.762 | INFO    | 		Epoch: 270  loss_vamb: 7.53913e-01  ab_vamb: 2.17523e-03  ce_vamb: 7.06424e-01  sse_vamb: 3.53490e-02  kld_vamb: 9.92671e-03  loss_labels: 6.83415e-03  ce_labels_labels: 7.53467e-04  kld_labels: 3.89163e+01  correct_labels_labels: 0.00000e+00  loss_joint: 7.42261e-01  ce_joint: 2.12530e+00  sse_joint: 2.20699e+01  ce_labels_joint: 4.31180e-04  kld_vamb_joint: 5.19416e+00  kld_labels_joint: 7.13416e+00  correct_labels_joint: 0.00000e+00  loss: 1.50301e+00
2026-08-13 11:52:01.688 | INFO    | 		Epoch: 271  loss_vamb: 7.53785e-01  ab_vamb: 2.11833e-03  ce_vamb: 7.06230e-01  sse_vamb: 3.52781e-02  kld_vamb: 9.89591e-03  loss_labels: 6.70122e-03  ce_labels_labels: 6.56382e-04  kld_labels: 3.86870e+01  correct_labels_labels: 0.00000e+00  loss_joint: 7.42118e-01  ce_joint: 2.12474e+00  sse_joint: 2.20201e+01  ce_labels_joint: 3.58140e-04  kld_vamb_joint: 5.18488e+00  kld_labels_joint: 7.13386e+00  correct_labels_joint: 0.00000e+00  loss: 1.50260e+00
2026-08-13 11:52:04.293 | INFO    | 		Epoch: 272  loss_vamb: 7.53748e-01  ab_vamb: 2.20805e-03  ce_vamb: 7.06395e-01  sse_vamb: 3.53356e-02  kld_vamb: 9.88946e-03  loss_labels: 6.70208e-03  ce_labels_labels: 7.03797e-04  kld_labels: 3.83890e+01  correct_labels_labels: 0.00000e+00  loss_joint: 7.41852e-01  ce_joint: 2.12520e+00  sse_joint: 2.19969e+01  ce_labels_joint: 2.93761e-04  kld_vamb_joint: 5.18432e+00  kld_labels_joint: 7.14817e+00  correct_labels_joint: 0.00000e+00  loss: 1.50230e+00
2026-08-13 11:52:06.878 | INFO    | 		Epoch: 273  loss_vamb: 7.53820e-01  ab_vamb: 2.16287e-03  ce_vamb: 7.06444e-01  sse_vamb: 3.52947e-02  kld_vamb: 9.87083e-03  loss_labels: 6.80953e-03  ce_labels_labels: 8.44484e-04  kld_labels: 3.81763e+01  correct_labels_labels: 0.00000e+00  loss_joint: 7.42050e-01  ce_joint: 2.12544e+00  sse_joint: 2.20183e+01  ce_labels_joint: 2.69773e-04  kld_vamb_joint: 5.18748e+00  kld_labels_joint: 7.14773e+00  correct_labels_joint: 0.00000e+00  loss: 1.50268e+00
2026-08-13 11:52:09.509 | INFO    | 		Epoch: 274  loss_vamb: 7.53565e-01  ab_vamb: 2.13895e-03  ce_vamb: 7.06456e-01  sse_vamb: 3.53091e-02  kld_vamb: 9.88463e-03  loss_labels: 6.37115e-03  ce_labels_labels: 4.51489e-04  kld_labels: 3.78858e+01  correct_labels_labels: 0.00000e+00  loss_joint: 7.42106e-01  ce_joint: 2.12546e+00  sse_joint: 2.19648e+01  ce_labels_joint: 6.63640e-04  kld_vamb_joint: 5.18367e+00  kld_labels_joint: 7.16619e+00  correct_labels_joint: 0.00000e+00  loss: 1.50204e+00
2026-08-13 11:52:12.130 | INFO    | 		Epoch: 275  loss_vamb: 7.53632e-01  ab_vamb: 2.13155e-03  ce_vamb: 7.06422e-01  sse_vamb: 3.52733e-02  kld_vamb: 9.89381e-03  loss_labels: 6.89222e-03  ce_labels_labels: 1.01149e-03  kld_labels: 3.76367e+01  correct_labels_labels: 0.00000e+00  loss_joint: 7.42003e-01  ce_joint: 2.12531e+00  sse_joint: 2.20283e+01  ce_labels_joint: 3.62539e-04  kld_vamb_joint: 5.19409e+00  kld_labels_joint: 7.18107e+00  correct_labels_joint: 0.00000e+00  loss: 1.50253e+00
2026-08-13 11:52:14.717 | INFO    | 		Epoch: 276  loss_vamb: 7.53498e-01  ab_vamb: 2.17436e-03  ce_vamb: 7.06414e-01  sse_vamb: 3.52780e-02  kld_vamb: 9.88480e-03  loss_labels: 6.60998e-03  ce_labels_labels: 7.37981e-04  kld_labels: 3.75808e+01  correct_labels_labels: 0.00000e+00  loss_joint: 7.42039e-01  ce_joint: 2.12533e+00  sse_joint: 2.20326e+01  ce_labels_joint: 5.75871e-04  kld_vamb_joint: 5.19529e+00  kld_labels_joint: 7.17758e+00  correct_labels_joint: 0.00000e+00  loss: 1.50215e+00
2026-08-13 11:52:17.371 | INFO    | 		Epoch: 277  loss_vamb: 7.54017e-01  ab_vamb: 2.17011e-03  ce_vamb: 7.06495e-01  sse_vamb: 3.52565e-02  kld_vamb: 9.85685e-03  loss_labels: 6.30402e-03  ce_labels_labels: 4.32133e-04  kld_labels: 3.75801e+01  correct_labels_labels: 0.00000e+00  loss_joint: 7.42481e-01  ce_joint: 2.12557e+00  sse_joint: 2.20012e+01  ce_labels_joint: 4.82066e-04  kld_vamb_joint: 5.19734e+00  kld_labels_joint: 7.17977e+00  correct_labels_joint: 0.00000e+00  loss: 1.50280e+00
2026-08-13 11:52:20.003 | INFO    | 		Epoch: 278  loss_vamb: 7.53651e-01  ab_vamb: 2.15122e-03  ce_vamb: 7.06454e-01  sse_vamb: 3.53382e-02  kld_vamb: 9.86971e-03  loss_labels: 6.91081e-03  ce_labels_labels: 1.07296e-03  kld_labels: 3.73622e+01  correct_labels_labels: 0.00000e+00  loss_joint: 7.42150e-01  ce_joint: 2.12535e+00  sse_joint: 2.20354e+01  ce_labels_joint: 5.67603e-04  kld_vamb_joint: 5.19345e+00  kld_labels_joint: 7.19397e+00  correct_labels_joint: 0.00000e+00  loss: 1.50271e+00
2026-08-13 11:52:22.999 | INFO    | 		Epoch: 279  loss_vamb: 7.53953e-01  ab_vamb: 2.14578e-03  ce_vamb: 7.06464e-01  sse_vamb: 3.53251e-02  kld_vamb: 9.86762e-03  loss_labels: 6.64433e-03  ce_labels_labels: 7.78964e-04  kld_labels: 3.75383e+01  correct_labels_labels: 0.00000e+00  loss_joint: 7.42136e-01  ce_joint: 2.12532e+00  sse_joint: 2.19994e+01  ce_labels_joint: 3.54925e-04  kld_vamb_joint: 5.18288e+00  kld_labels_joint: 7.18269e+00  correct_labels_joint: 0.00000e+00  loss: 1.50273e+00
2026-08-13 11:52:25.598 | INFO    | 		Epoch: 280  loss_vamb: 7.53558e-01  ab_vamb: 2.11510e-03  ce_vamb: 7.06505e-01  sse_vamb: 3.53543e-02  kld_vamb: 9.88690e-03  loss_labels: 7.07950e-03  ce_labels_labels: 1.16537e-03  kld_labels: 3.78505e+01  correct_labels_labels: 0.00000e+00  loss_joint: 7.41705e-01  ce_joint: 2.12554e+00  sse_joint: 2.20069e+01  ce_labels_joint: 2.73147e-04  kld_vamb_joint: 5.17960e+00  kld_labels_joint: 7.16801e+00  correct_labels_joint: 0.00000e+00  loss: 1.50234e+00
2026-08-13 11:52:28.212 | INFO    | 		Epoch: 281  loss_vamb: 7.53607e-01  ab_vamb: 2.19002e-03  ce_vamb: 7.06532e-01  sse_vamb: 3.51878e-02  kld_vamb: 9.89832e-03  loss_labels: 6.96345e-03  ce_labels_labels: 1.01615e-03  kld_labels: 3.80627e+01  correct_labels_labels: 0.00000e+00  loss_joint: 7.42001e-01  ce_joint: 2.12567e+00  sse_joint: 2.19876e+01  ce_labels_joint: 4.27319e-04  kld_vamb_joint: 5.17014e+00  kld_labels_joint: 7.15406e+00  correct_labels_joint: 0.00000e+00  loss: 1.50257e+00
2026-08-13 11:52:30.906 | INFO    | 		Epoch: 282  loss_vamb: 7.53565e-01  ab_vamb: 2.15221e-03  ce_vamb: 7.06405e-01  sse_vamb: 3.52252e-02  kld_vamb: 9.89699e-03  loss_labels: 6.81138e-03  ce_labels_labels: 8.47431e-04  kld_labels: 3.81693e+01  correct_labels_labels: 0.00000e+00  loss_joint: 7.41997e-01  ce_joint: 2.12532e+00  sse_joint: 2.20570e+01  ce_labels_joint: 3.31379e-04  kld_vamb_joint: 5.17130e+00  kld_labels_joint: 7.14572e+00  correct_labels_joint: 0.00000e+00  loss: 1.50237e+00
2026-08-13 11:52:33.497 | INFO    | 		Epoch: 283  loss_vamb: 7.53898e-01  ab_vamb: 2.19539e-03  ce_vamb: 7.06537e-01  sse_vamb: 3.52667e-02  kld_vamb: 9.86807e-03  loss_labels: 6.81602e-03  ce_labels_labels: 8.38783e-04  kld_labels: 3.82543e+01  correct_labels_labels: 0.00000e+00  loss_joint: 7.42224e-01  ce_joint: 2.12554e+00  sse_joint: 2.20168e+01  ce_labels_joint: 4.25430e-04  kld_vamb_joint: 5.16683e+00  kld_labels_joint: 7.13742e+00  correct_labels_joint: 0.00000e+00  loss: 1.50294e+00
2026-08-13 11:52:36.662 | INFO    | 		Epoch: 284  loss_vamb: 7.53960e-01  ab_vamb: 2.14690e-03  ce_vamb: 7.06581e-01  sse_vamb: 3.51822e-02  kld_vamb: 9.89265e-03  loss_labels: 6.92167e-03  ce_labels_labels: 9.37826e-04  kld_labels: 3.82966e+01  correct_labels_labels: 0.00000e+00  loss_joint: 7.42204e-01  ce_joint: 2.12573e+00  sse_joint: 2.19455e+01  ce_labels_joint: 3.26849e-04  kld_vamb_joint: 5.15728e+00  kld_labels_joint: 7.13198e+00  correct_labels_joint: 0.00000e+00  loss: 1.50309e+00
2026-08-13 11:52:39.664 | INFO    | 		Epoch: 285  loss_vamb: 7.53804e-01  ab_vamb: 2.20980e-03  ce_vamb: 7.06335e-01  sse_vamb: 3.52218e-02  kld_vamb: 9.91310e-03  loss_labels: 6.84466e-03  ce_labels_labels: 8.52466e-04  kld_labels: 3.83500e+01  correct_labels_labels: 0.00000e+00  loss_joint: 7.42016e-01  ce_joint: 2.12487e+00  sse_joint: 2.19415e+01  ce_labels_joint: 4.78042e-04  kld_vamb_joint: 5.14390e+00  kld_labels_joint: 7.13601e+00  correct_labels_joint: 0.00000e+00  loss: 1.50266e+00
2026-08-13 11:52:42.391 | INFO    | 		Epoch: 286  loss_vamb: 7.54195e-01  ab_vamb: 2.16750e-03  ce_vamb: 7.06487e-01  sse_vamb: 3.53582e-02  kld_vamb: 9.92151e-03  loss_labels: 6.71289e-03  ce_labels_labels: 7.23564e-04  kld_labels: 3.83317e+01  correct_labels_labels: 0.00000e+00  loss_joint: 7.42332e-01  ce_joint: 2.12557e+00  sse_joint: 2.19711e+01  ce_labels_joint: 3.85790e-04  kld_vamb_joint: 5.13760e+00  kld_labels_joint: 7.15146e+00  correct_labels_joint: 0.00000e+00  loss: 1.50324e+00
2026-08-13 11:52:45.543 | INFO    | 		Epoch: 287  loss_vamb: 7.53788e-01  ab_vamb: 2.19030e-03  ce_vamb: 7.06279e-01  sse_vamb: 3.52062e-02  kld_vamb: 9.93286e-03  loss_labels: 6.58631e-03  ce_labels_labels: 6.14642e-04  kld_labels: 3.82187e+01  correct_labels_labels: 0.00000e+00  loss_joint: 7.42021e-01  ce_joint: 2.12478e+00  sse_joint: 2.19304e+01  ce_labels_joint: 4.80560e-04  kld_vamb_joint: 5.13058e+00  kld_labels_joint: 7.14825e+00  correct_labels_joint: 0.00000e+00  loss: 1.50240e+00
2026-08-13 11:52:48.480 | INFO    | 		Epoch: 288  loss_vamb: 7.53457e-01  ab_vamb: 2.18652e-03  ce_vamb: 7.06438e-01  sse_vamb: 3.53914e-02  kld_vamb: 9.95314e-03  loss_labels: 6.86904e-03  ce_labels_labels: 9.02971e-04  kld_labels: 3.81828e+01  correct_labels_labels: 0.00000e+00  loss_joint: 7.41679e-01  ce_joint: 2.12542e+00  sse_joint: 2.19900e+01  ce_labels_joint: 4.72534e-04  kld_vamb_joint: 5.11599e+00  kld_labels_joint: 7.14558e+00  correct_labels_joint: 0.00000e+00  loss: 1.50201e+00
2026-08-13 11:52:51.293 | INFO    | 		Epoch: 289  loss_vamb: 7.53377e-01  ab_vamb: 2.13144e-03  ce_vamb: 7.06308e-01  sse_vamb: 3.51511e-02  kld_vamb: 9.94964e-03  loss_labels: 6.57011e-03  ce_labels_labels: 6.13861e-04  kld_labels: 3.81200e+01  correct_labels_labels: 0.00000e+00  loss_joint: 7.41622e-01  ce_joint: 2.12503e+00  sse_joint: 2.19132e+01  ce_labels_joint: 2.98574e-04  kld_vamb_joint: 5.10637e+00  kld_labels_joint: 7.14125e+00  correct_labels_joint: 0.00000e+00  loss: 1.50157e+00
2026-08-13 11:52:53.987 | INFO    | 		Epoch: 290  loss_vamb: 7.53950e-01  ab_vamb: 2.19699e-03  ce_vamb: 7.06456e-01  sse_vamb: 3.51775e-02  kld_vamb: 9.90727e-03  loss_labels: 6.91291e-03  ce_labels_labels: 9.76242e-04  kld_labels: 3.79947e+01  correct_labels_labels: 0.00000e+00  loss_joint: 7.42101e-01  ce_joint: 2.12540e+00  sse_joint: 2.19023e+01  ce_labels_joint: 3.75936e-04  kld_vamb_joint: 5.11834e+00  kld_labels_joint: 7.14574e+00  correct_labels_joint: 0.00000e+00  loss: 1.50296e+00
2026-08-13 11:52:56.715 | INFO    | 		Epoch: 291  loss_vamb: 7.53467e-01  ab_vamb: 2.21396e-03  ce_vamb: 7.06376e-01  sse_vamb: 3.52450e-02  kld_vamb: 9.87487e-03  loss_labels: 6.58837e-03  ce_labels_labels: 6.48576e-04  kld_labels: 3.80147e+01  correct_labels_labels: 0.00000e+00  loss_joint: 7.41639e-01  ce_joint: 2.12530e+00  sse_joint: 2.19115e+01  ce_labels_joint: 3.13254e-04  kld_vamb_joint: 5.11453e+00  kld_labels_joint: 7.13021e+00  correct_labels_joint: 0.00000e+00  loss: 1.50170e+00
2026-08-13 11:52:59.409 | INFO    | 		Epoch: 292  loss_vamb: 7.53538e-01  ab_vamb: 2.17140e-03  ce_vamb: 7.06413e-01  sse_vamb: 3.51632e-02  kld_vamb: 9.89099e-03  loss_labels: 7.00890e-03  ce_labels_labels: 1.06859e-03  kld_labels: 3.80180e+01  correct_labels_labels: 0.00000e+00  loss_joint: 7.41514e-01  ce_joint: 2.12518e+00  sse_joint: 2.18783e+01  ce_labels_joint: 2.20620e-04  kld_vamb_joint: 5.10307e+00  kld_labels_joint: 7.12732e+00  correct_labels_joint: 0.00000e+00  loss: 1.50206e+00
2026-08-13 11:53:02.076 | INFO    | 		Epoch: 293  loss_vamb: 7.53714e-01  ab_vamb: 2.22068e-03  ce_vamb: 7.06450e-01  sse_vamb: 3.52047e-02  kld_vamb: 9.90082e-03  loss_labels: 7.57462e-03  ce_labels_labels: 1.58217e-03  kld_labels: 3.83517e+01  correct_labels_labels: 0.00000e+00  loss_joint: 7.41546e-01  ce_joint: 2.12517e+00  sse_joint: 2.18978e+01  ce_labels_joint: 1.76199e-04  kld_vamb_joint: 5.09530e+00  kld_labels_joint: 7.12130e+00  correct_labels_joint: 0.00000e+00  loss: 1.50283e+00
2026-08-13 11:53:04.774 | INFO    | 		Epoch: 294  loss_vamb: 7.53591e-01  ab_vamb: 2.15043e-03  ce_vamb: 7.06352e-01  sse_vamb: 3.53198e-02  kld_vamb: 9.91372e-03  loss_labels: 6.92873e-03  ce_labels_labels: 8.84982e-04  kld_labels: 3.86800e+01  correct_labels_labels: 0.00000e+00  loss_joint: 7.41550e-01  ce_joint: 2.12526e+00  sse_joint: 2.18756e+01  ce_labels_joint: 2.59477e-04  kld_vamb_joint: 5.08744e+00  kld_labels_joint: 7.10813e+00  correct_labels_joint: 0.00000e+00  loss: 1.50207e+00
2026-08-13 11:53:07.441 | INFO    | 		Epoch: 295  loss_vamb: 7.53450e-01  ab_vamb: 2.18644e-03  ce_vamb: 7.06257e-01  sse_vamb: 3.52500e-02  kld_vamb: 9.92030e-03  loss_labels: 6.61446e-03  ce_labels_labels: 5.57795e-04  kld_labels: 3.87626e+01  correct_labels_labels: 0.00000e+00  loss_joint: 7.41359e-01  ce_joint: 2.12483e+00  sse_joint: 2.18533e+01  ce_labels_joint: 2.80300e-04  kld_vamb_joint: 5.07386e+00  kld_labels_joint: 7.09468e+00  correct_labels_joint: 0.00000e+00  loss: 1.50142e+00
2026-08-13 11:53:10.077 | INFO    | 		Epoch: 296  loss_vamb: 7.53500e-01  ab_vamb: 2.18817e-03  ce_vamb: 7.06391e-01  sse_vamb: 3.52841e-02  kld_vamb: 9.90540e-03  loss_labels: 6.56153e-03  ce_labels_labels: 4.99946e-04  kld_labels: 3.87942e+01  correct_labels_labels: 0.00000e+00  loss_joint: 7.41453e-01  ce_joint: 2.12522e+00  sse_joint: 2.19055e+01  ce_labels_joint: 2.14186e-04  kld_vamb_joint: 5.06865e+00  kld_labels_joint: 7.09252e+00  correct_labels_joint: 0.00000e+00  loss: 1.50151e+00
2026-08-13 11:53:12.822 | INFO    | 		Epoch: 297  loss_vamb: 7.53836e-01  ab_vamb: 2.16060e-03  ce_vamb: 7.06417e-01  sse_vamb: 3.52286e-02  kld_vamb: 9.92902e-03  loss_labels: 6.74766e-03  ce_labels_labels: 7.17002e-04  kld_labels: 3.85962e+01  correct_labels_labels: 0.00000e+00  loss_joint: 7.41745e-01  ce_joint: 2.12493e+00  sse_joint: 2.18652e+01  ce_labels_joint: 3.50360e-04  kld_vamb_joint: 5.04772e+00  kld_labels_joint: 7.08977e+00  correct_labels_joint: 0.00000e+00  loss: 1.50233e+00
2026-08-13 11:53:15.623 | INFO    | 		Epoch: 298  loss_vamb: 7.53495e-01  ab_vamb: 2.15295e-03  ce_vamb: 7.06377e-01  sse_vamb: 3.52253e-02  kld_vamb: 9.93815e-03  loss_labels: 6.77054e-03  ce_labels_labels: 7.59600e-04  kld_labels: 3.84700e+01  correct_labels_labels: 0.00000e+00  loss_joint: 7.41465e-01  ce_joint: 2.12509e+00  sse_joint: 2.18432e+01  ce_labels_joint: 3.55809e-04  kld_vamb_joint: 5.05272e+00  kld_labels_joint: 7.09349e+00  correct_labels_joint: 0.00000e+00  loss: 1.50173e+00
2026-08-13 11:53:18.280 | INFO    | 		Epoch: 299  loss_vamb: 7.53868e-01  ab_vamb: 2.15854e-03  ce_vamb: 7.06428e-01  sse_vamb: 3.52391e-02  kld_vamb: 9.93408e-03  loss_labels: 6.57736e-03  ce_labels_labels: 5.92518e-04  kld_labels: 3.83030e+01  correct_labels_labels: 0.00000e+00  loss_joint: 7.41775e-01  ce_joint: 2.12514e+00  sse_joint: 2.18308e+01  ce_labels_joint: 3.34599e-04  kld_vamb_joint: 5.05271e+00  kld_labels_joint: 7.10081e+00  correct_labels_joint: 0.00000e+00  loss: 1.50222e+00
2026-08-13 11:53:18.981 | INFO    | (21047, 32) embedding shape
2026-08-13 11:53:19.466 | INFO    | Clustering
2026-08-13 11:53:19.466 | INFO    | 	Windowsize: 300
2026-08-13 11:53:19.466 | INFO    | 	Min successful thresholds detected: 15
2026-08-13 11:53:19.466 | INFO    | 	Max clusters: None
2026-08-13 11:53:19.466 | INFO    | 	Use CUDA for clustering: False
2026-08-13 11:53:19.466 | INFO    | 	Binsplitter: Defaulting to 'C', but disabled due to incompatible identifiers
2026-08-13 11:53:23.238 | INFO    | 	Clustered 21047 contigs in 2026 unsplit bins
2026-08-13 11:53:23.238 | INFO    | 	Wrote cluster file(s) in 0.01 seconds.
2026-08-13 11:53:27.208 | INFO    | 	Wrote 59 bins with 17774 sequences in 3.97 seconds.
2026-08-13 11:53:27.208 | INFO    | 	Clustered contigs in 3.76 seconds.

2026-08-13 11:53:27.232 | INFO    | Completed Vamb in 1117.9 seconds.
Finished: Thu Aug 13 11:53:27 HKT 2026
