TaxVAMB: sample=Airways-2017.12.04_18.56.22_sample_26, threads=32, started=Thu Aug 13 13:47:56 HKT 2026
2026-08-13 13:47:59.040 | INFO    | Starting Vamb version 5.0.4
2026-08-13 13:47:59.041 | INFO    | Random seed is 22947244827954383
2026-08-13 13:47:59.041 | INFO    | Invoked with CLI args: '/mnt/ME5024_PA1/home/csbhzou/miniconda3/envs/taxvamb/bin/vamb bin taxvamb --outdir /mnt/ME5024_PA2/shared/groups/ZHANGLU/Results_of_CAMI2_Other_datasets_other_binning_tools/TaxVAMB/Airways/Airways-2017.12.04_18.56.22_sample_26 --fasta /mnt/ME5024_PA2/shared/groups/ZHANGLU/Data-CAMI2-others-datasets/Airways-2017.12.04_18.56.22_sample_26.contigs.fasta --bamdir /mnt/ME5024_PA2/shared/groups/ZHANGLU/TaxVAMB-Taxonomy-TSV/Airways-2017.12.04_18.56.22_sample_26/bamdir --taxonomy /mnt/ME5024_PA2/shared/groups/ZHANGLU/TaxVAMB-Taxonomy-TSV/Airways-2017.12.04_18.56.22_sample_26/Airways-2017.12.04_18.56.22_sample_26.taxonomy.tsv --minfasta 200000 -m 2000 -p 32'
2026-08-13 13:47:59.041 | INFO    | Loading TNF
2026-08-13 13:47:59.041 | INFO    | 	Minimum sequence length: 2000
2026-08-13 13:47:59.041 | INFO    | 	Loading data from FASTA file /mnt/ME5024_PA2/shared/groups/ZHANGLU/Data-CAMI2-others-datasets/Airways-2017.12.04_18.56.22_sample_26.contigs.fasta

2026-08-13 13:48:00.138 | WARNING | Binsplit separator (option `-o`) implicitly passed as "C", but sequence identifier "NODE_1_length_357370_cov_19.271242" does not contain this separator, or contains it at the very start or end.
A binsplit separator X implies that every sequence identifier is formatted as
[sample identifier][X][sequence identifier], e.g. a binsplit separator of 'C' means that 'S1C19' and '7C11' are valid identifiers.

Skipping binsplitting.

2026-08-13 13:48:00.138 | WARNING | The minimum sequence length has been set to 2000, but 168212 sequences fell below this threshold and was filtered away.
Better results are obtained if the sequence file is filtered to the minimum sequence length before mapping.

2026-08-13 13:48:00.138 | INFO    | 	Kept 46464823 bases in 4226 sequences
2026-08-13 13:48:00.138 | INFO    | 	Processed TNF in 1.1 seconds.

2026-08-13 13:48:00.138 | INFO    | Loading depths
2026-08-13 13:48:00.138 | INFO    | 	Reference hash: 0b46e03fc4e8d265668cc3364bdcbf5b
2026-08-13 13:48:00.138 | INFO    | 	Parsing 1 BAM files with 32 threads
2026-08-13 13:48:00.138 | INFO    | 	Min identity: 0.0
2026-08-13 13:48:27.211 | INFO    | 	Order of columns is:
2026-08-13 13:48:27.212 | INFO    | 	     0: /mnt/ME5024_PA2/shared/groups/ZHANGLU/TaxVAMB-Taxonomy-TSV/Airways-2017.12.04_18.56.22_sample_26/bamdir/Airways-2017.12.04_18.56.22_sample_26.sorted.bam
2026-08-13 13:48:27.212 | INFO    | 	Processed abundance in 27.07 seconds.

2026-08-13 13:48:27.212 | INFO    | Predicting taxonomy with Taxometer
2026-08-13 13:48:27.234 | INFO    | 	176 nodes in the graph
2026-08-13 13:48:27.246 | INFO    | 	Created dataloader
2026-08-13 13:48:27.246 | INFO    | Starting training the taxonomy predictor
2026-08-13 13:48:27.246 | INFO    | Using threshold 0.5
2026-08-13 13:48:28.118 | INFO    | 	Network properties:
2026-08-13 13:48:28.118 | INFO    | 	    CUDA: False
2026-08-13 13:48:28.119 | INFO    | 	    Hierarchical loss: flat_softmax
2026-08-13 13:48:28.119 | INFO    | 	    Alpha: 0.5
2026-08-13 13:48:28.119 | INFO    | 	    Beta: 200.0
2026-08-13 13:48:28.119 | INFO    | 	    Dropout: 0.2
2026-08-13 13:48:28.119 | INFO    | 	    N hidden: 512, 512, 512, 512
2026-08-13 13:48:28.119 | INFO    | 	Training properties:
2026-08-13 13:48:28.119 | INFO    | 	    N epochs: 100
2026-08-13 13:48:28.119 | INFO    | 	    Starting batch size: 1024
2026-08-13 13:48:28.119 | INFO    | 	    Batchsteps: None
2026-08-13 13:48:28.119 | INFO    | 	    Learning rate: 0.001
2026-08-13 13:48:28.119 | INFO    | 	    N labels: torch.Size([4226, 1])
Using decoupled weight decay
2026-08-13 13:48:28.396 | INFO    | 	Epoch: 1	CE: 3.5327070	Batchsize: 1024
2026-08-13 13:48:28.657 | INFO    | 	Epoch: 2	CE: 2.7892080	Batchsize: 1024
2026-08-13 13:48:28.948 | INFO    | 	Epoch: 3	CE: 1.3665000	Batchsize: 1024
2026-08-13 13:48:29.209 | INFO    | 	Epoch: 4	CE: 1.0815305	Batchsize: 1024
2026-08-13 13:48:29.472 | INFO    | 	Epoch: 5	CE: 0.7226715	Batchsize: 1024
2026-08-13 13:48:29.738 | INFO    | 	Epoch: 6	CE: 0.5704493	Batchsize: 1024
2026-08-13 13:48:30.011 | INFO    | 	Epoch: 7	CE: 0.4936214	Batchsize: 1024
2026-08-13 13:48:30.321 | INFO    | 	Epoch: 8	CE: 0.4146682	Batchsize: 1024
2026-08-13 13:48:30.584 | INFO    | 	Epoch: 9	CE: 0.3755030	Batchsize: 1024
2026-08-13 13:48:30.838 | INFO    | 	Epoch: 10	CE: 0.3308373	Batchsize: 1024
2026-08-13 13:48:31.099 | INFO    | 	Epoch: 11	CE: 0.2950726	Batchsize: 1024
2026-08-13 13:48:31.353 | INFO    | 	Epoch: 12	CE: 0.2647376	Batchsize: 1024
2026-08-13 13:48:31.609 | INFO    | 	Epoch: 13	CE: 0.2493790	Batchsize: 1024
2026-08-13 13:48:31.912 | INFO    | 	Epoch: 14	CE: 0.2243123	Batchsize: 1024
2026-08-13 13:48:32.166 | INFO    | 	Epoch: 15	CE: 0.2077207	Batchsize: 1024
2026-08-13 13:48:32.428 | INFO    | 	Epoch: 16	CE: 0.1826349	Batchsize: 1024
2026-08-13 13:48:32.703 | INFO    | 	Epoch: 17	CE: 0.1952107	Batchsize: 1024
2026-08-13 13:48:32.961 | INFO    | 	Epoch: 18	CE: 0.1761905	Batchsize: 1024
2026-08-13 13:48:33.230 | INFO    | 	Epoch: 19	CE: 0.1667609	Batchsize: 1024
2026-08-13 13:48:33.480 | INFO    | 	Epoch: 20	CE: 0.1466620	Batchsize: 1024
2026-08-13 13:48:33.730 | INFO    | 	Epoch: 21	CE: 0.1504560	Batchsize: 1024
2026-08-13 13:48:33.993 | INFO    | 	Epoch: 22	CE: 0.1386817	Batchsize: 1024
2026-08-13 13:48:34.340 | INFO    | 	Epoch: 23	CE: 0.1288822	Batchsize: 1024
2026-08-13 13:48:34.627 | INFO    | 	Epoch: 24	CE: 0.1232787	Batchsize: 1024
2026-08-13 13:48:34.918 | INFO    | 	Epoch: 25	CE: 0.1139925	Batchsize: 1024
2026-08-13 13:48:35.167 | INFO    | 	Epoch: 26	CE: 0.1075063	Batchsize: 1024
2026-08-13 13:48:35.455 | INFO    | 	Epoch: 27	CE: 0.0954292	Batchsize: 1024
2026-08-13 13:48:35.711 | INFO    | 	Epoch: 28	CE: 0.0996727	Batchsize: 1024
2026-08-13 13:48:35.977 | INFO    | 	Epoch: 29	CE: 0.0832803	Batchsize: 1024
2026-08-13 13:48:36.237 | INFO    | 	Epoch: 30	CE: 0.0880254	Batchsize: 1024
2026-08-13 13:48:36.554 | INFO    | 	Epoch: 31	CE: 0.0851553	Batchsize: 1024
2026-08-13 13:48:36.874 | INFO    | 	Epoch: 32	CE: 0.0844541	Batchsize: 1024
2026-08-13 13:48:37.133 | INFO    | 	Epoch: 33	CE: 0.0793389	Batchsize: 1024
2026-08-13 13:48:37.385 | INFO    | 	Epoch: 34	CE: 0.0666108	Batchsize: 1024
2026-08-13 13:48:37.636 | INFO    | 	Epoch: 35	CE: 0.0636964	Batchsize: 1024
2026-08-13 13:48:37.892 | INFO    | 	Epoch: 36	CE: 0.0574615	Batchsize: 1024
2026-08-13 13:48:38.167 | INFO    | 	Epoch: 37	CE: 0.0554965	Batchsize: 1024
2026-08-13 13:48:38.431 | INFO    | 	Epoch: 38	CE: 0.0519572	Batchsize: 1024
2026-08-13 13:48:38.704 | INFO    | 	Epoch: 39	CE: 0.0533282	Batchsize: 1024
2026-08-13 13:48:38.961 | INFO    | 	Epoch: 40	CE: 0.0504827	Batchsize: 1024
2026-08-13 13:48:39.215 | INFO    | 	Epoch: 41	CE: 0.0537854	Batchsize: 1024
2026-08-13 13:48:39.617 | INFO    | 	Epoch: 42	CE: 0.0471375	Batchsize: 1024
2026-08-13 13:48:39.874 | INFO    | 	Epoch: 43	CE: 0.0438094	Batchsize: 1024
2026-08-13 13:48:40.130 | INFO    | 	Epoch: 44	CE: 0.0423742	Batchsize: 1024
2026-08-13 13:48:40.376 | INFO    | 	Epoch: 45	CE: 0.0416360	Batchsize: 1024
2026-08-13 13:48:40.657 | INFO    | 	Epoch: 46	CE: 0.0472779	Batchsize: 1024
2026-08-13 13:48:40.922 | INFO    | 	Epoch: 47	CE: 0.0394377	Batchsize: 1024
2026-08-13 13:48:41.176 | INFO    | 	Epoch: 48	CE: 0.0442686	Batchsize: 1024
2026-08-13 13:48:41.421 | INFO    | 	Epoch: 49	CE: 0.0468224	Batchsize: 1024
2026-08-13 13:48:41.714 | INFO    | 	Epoch: 50	CE: 0.0442618	Batchsize: 1024
2026-08-13 13:48:42.016 | INFO    | 	Epoch: 51	CE: 0.0436454	Batchsize: 1024
2026-08-13 13:48:42.302 | INFO    | 	Epoch: 52	CE: 0.0349563	Batchsize: 1024
2026-08-13 13:48:42.573 | INFO    | 	Epoch: 53	CE: 0.0368009	Batchsize: 1024
2026-08-13 13:48:42.887 | INFO    | 	Epoch: 54	CE: 0.0463677	Batchsize: 1024
2026-08-13 13:48:43.140 | INFO    | 	Epoch: 55	CE: 0.0378094	Batchsize: 1024
2026-08-13 13:48:43.392 | INFO    | 	Epoch: 56	CE: 0.0416654	Batchsize: 1024
2026-08-13 13:48:43.684 | INFO    | 	Epoch: 57	CE: 0.0334988	Batchsize: 1024
2026-08-13 13:48:43.931 | INFO    | 	Epoch: 58	CE: 0.0408084	Batchsize: 1024
2026-08-13 13:48:44.200 | INFO    | 	Epoch: 59	CE: 0.0322791	Batchsize: 1024
2026-08-13 13:48:44.470 | INFO    | 	Epoch: 60	CE: 0.0417206	Batchsize: 1024
2026-08-13 13:48:44.730 | INFO    | 	Epoch: 61	CE: 0.0277024	Batchsize: 1024
2026-08-13 13:48:45.161 | INFO    | 	Epoch: 62	CE: 0.0387678	Batchsize: 1024
2026-08-13 13:48:45.455 | INFO    | 	Epoch: 63	CE: 0.0259705	Batchsize: 1024
2026-08-13 13:48:45.694 | INFO    | 	Epoch: 64	CE: 0.0317111	Batchsize: 1024
2026-08-13 13:48:45.942 | INFO    | 	Epoch: 65	CE: 0.0235988	Batchsize: 1024
2026-08-13 13:48:46.207 | INFO    | 	Epoch: 66	CE: 0.0322881	Batchsize: 1024
2026-08-13 13:48:46.481 | INFO    | 	Epoch: 67	CE: 0.0259192	Batchsize: 1024
2026-08-13 13:48:46.733 | INFO    | 	Epoch: 68	CE: 0.0302772	Batchsize: 1024
2026-08-13 13:48:47.025 | INFO    | 	Epoch: 69	CE: 0.0274204	Batchsize: 1024
2026-08-13 13:48:47.376 | INFO    | 	Epoch: 70	CE: 0.0216506	Batchsize: 1024
2026-08-13 13:48:47.632 | INFO    | 	Epoch: 71	CE: 0.0242173	Batchsize: 1024
2026-08-13 13:48:47.890 | INFO    | 	Epoch: 72	CE: 0.0278659	Batchsize: 1024
2026-08-13 13:48:48.215 | INFO    | 	Epoch: 73	CE: 0.0215695	Batchsize: 1024
2026-08-13 13:48:48.458 | INFO    | 	Epoch: 74	CE: 0.0271315	Batchsize: 1024
2026-08-13 13:48:48.720 | INFO    | 	Epoch: 75	CE: 0.0235645	Batchsize: 1024
2026-08-13 13:48:49.003 | INFO    | 	Epoch: 76	CE: 0.0215003	Batchsize: 1024
2026-08-13 13:48:49.274 | INFO    | 	Epoch: 77	CE: 0.0248116	Batchsize: 1024
2026-08-13 13:48:49.536 | INFO    | 	Epoch: 78	CE: 0.0214500	Batchsize: 1024
2026-08-13 13:48:49.800 | INFO    | 	Epoch: 79	CE: 0.0229523	Batchsize: 1024
2026-08-13 13:48:50.053 | INFO    | 	Epoch: 80	CE: 0.0178347	Batchsize: 1024
2026-08-13 13:48:50.305 | INFO    | 	Epoch: 81	CE: 0.0213077	Batchsize: 1024
2026-08-13 13:48:50.550 | INFO    | 	Epoch: 82	CE: 0.0200176	Batchsize: 1024
2026-08-13 13:48:50.864 | INFO    | 	Epoch: 83	CE: 0.0231186	Batchsize: 1024
2026-08-13 13:48:51.133 | INFO    | 	Epoch: 84	CE: 0.0180019	Batchsize: 1024
2026-08-13 13:48:51.457 | INFO    | 	Epoch: 85	CE: 0.0213090	Batchsize: 1024
2026-08-13 13:48:51.716 | INFO    | 	Epoch: 86	CE: 0.0159021	Batchsize: 1024
2026-08-13 13:48:51.979 | INFO    | 	Epoch: 87	CE: 0.0240697	Batchsize: 1024
2026-08-13 13:48:52.294 | INFO    | 	Epoch: 88	CE: 0.0137323	Batchsize: 1024
2026-08-13 13:48:52.547 | INFO    | 	Epoch: 89	CE: 0.0111499	Batchsize: 1024
2026-08-13 13:48:52.825 | INFO    | 	Epoch: 90	CE: 0.0120594	Batchsize: 1024
2026-08-13 13:48:53.109 | INFO    | 	Epoch: 91	CE: 0.0238931	Batchsize: 1024
2026-08-13 13:48:53.343 | INFO    | 	Epoch: 92	CE: 0.0140925	Batchsize: 1024
2026-08-13 13:48:53.859 | INFO    | 	Epoch: 93	CE: 0.0144264	Batchsize: 1024
2026-08-13 13:48:54.095 | INFO    | 	Epoch: 94	CE: 0.0150106	Batchsize: 1024
2026-08-13 13:48:54.338 | INFO    | 	Epoch: 95	CE: 0.0120500	Batchsize: 1024
2026-08-13 13:48:54.658 | INFO    | 	Epoch: 96	CE: 0.0120517	Batchsize: 1024
2026-08-13 13:48:54.922 | INFO    | 	Epoch: 97	CE: 0.0099564	Batchsize: 1024
2026-08-13 13:48:55.164 | INFO    | 	Epoch: 98	CE: 0.0159422	Batchsize: 1024
2026-08-13 13:48:55.409 | INFO    | 	Epoch: 99	CE: 0.0112117	Batchsize: 1024
2026-08-13 13:48:55.661 | INFO    | 	Epoch: 100	CE: 0.0178634	Batchsize: 1024
2026-08-13 13:48:55.670 | INFO    | Finished training the taxonomy predictor in 28.42 seconds.
2026-08-13 13:48:55.670 | INFO    | Writing the taxonomy predictions
2026-08-13 13:48:55.670 | INFO    | Using threshold 0.5
2026-08-13 13:48:55.985 | INFO    | Completed taxonomy predictions in 28.77 seconds.
2026-08-13 13:48:56.030 | INFO    | 	Network properties:
2026-08-13 13:48:56.030 | INFO    | 	    CUDA: False
2026-08-13 13:48:56.030 | INFO    | 	    Alpha: 0.5
2026-08-13 13:48:56.030 | INFO    | 	    Beta: 200.0
2026-08-13 13:48:56.031 | INFO    | 	    Dropout: 0.0
2026-08-13 13:48:56.031 | INFO    | 	    N hidden: 256, 256
2026-08-13 13:48:56.031 | INFO    | 	    N latent: 32
2026-08-13 13:48:56.031 | INFO    | 	Training properties:
2026-08-13 13:48:56.031 | INFO    | 	    N epochs: 300
2026-08-13 13:48:56.031 | INFO    | 	    Starting batch size: 256
2026-08-13 13:48:56.031 | INFO    | 	    Batchsteps: 25, 75, 150, 225
2026-08-13 13:48:56.031 | INFO    | 	    Learning rate: 0.001
2026-08-13 13:48:56.031 | INFO    | 	    N sequences: 4226
2026-08-13 13:48:56.031 | INFO    | 	    N samples: 1
2026-08-13 13:48:56.777 | INFO    | 		Epoch: 0  loss_vamb: 6.48543e-01  ab_vamb: 2.33868e-01  ce_vamb: 0.00000e+00  sse_vamb: 4.12770e-01  kld_vamb: 2.91053e-03  loss_labels: 1.68582e+00  ce_labels_labels: 1.68026e+00  kld_labels: 3.55691e+01  correct_labels_labels: 0.00000e+00  loss_joint: 3.17173e+00  ce_joint: 0.00000e+00  sse_joint: 8.55281e+01  ce_labels_joint: 2.50725e+00  kld_vamb_joint: 8.37763e-01  kld_labels_joint: 1.17172e+00  correct_labels_joint: 0.00000e+00  loss: 5.50609e+00
2026-08-13 13:48:57.511 | INFO    | 		Epoch: 1  loss_vamb: 3.28141e-01  ab_vamb: 7.44380e-02  ce_vamb: 0.00000e+00  sse_vamb: 2.48131e-01  kld_vamb: 5.64261e-03  loss_labels: 3.97999e-01  ce_labels_labels: 3.87416e-01  kld_labels: 6.77349e+01  correct_labels_labels: 0.00000e+00  loss_joint: 1.15434e+00  ce_joint: 0.00000e+00  sse_joint: 4.97287e+01  ce_labels_joint: 8.15558e-01  kld_vamb_joint: 1.71109e+00  kld_labels_joint: 1.61825e+00  correct_labels_joint: 0.00000e+00  loss: 1.88048e+00
2026-08-13 13:48:58.242 | INFO    | 		Epoch: 2  loss_vamb: 2.60114e-01  ab_vamb: 5.03857e-02  ce_vamb: 0.00000e+00  sse_vamb: 2.02217e-01  kld_vamb: 7.59578e-03  loss_labels: 3.03639e-01  ce_labels_labels: 2.91846e-01  kld_labels: 7.54754e+01  correct_labels_labels: 0.00000e+00  loss_joint: 7.87907e-01  ce_joint: 0.00000e+00  sse_joint: 4.24390e+01  ce_labels_joint: 5.26443e-01  kld_vamb_joint: 1.88518e+00  kld_labels_joint: 1.75032e+00  correct_labels_joint: 0.00000e+00  loss: 1.35166e+00
2026-08-13 13:48:58.980 | INFO    | 		Epoch: 3  loss_vamb: 2.25712e-01  ab_vamb: 3.17651e-02  ce_vamb: 0.00000e+00  sse_vamb: 1.84995e-01  kld_vamb: 9.02311e-03  loss_labels: 2.46136e-01  ce_labels_labels: 2.34020e-01  kld_labels: 7.75474e+01  correct_labels_labels: 0.00000e+00  loss_joint: 6.37661e-01  ce_joint: 0.00000e+00  sse_joint: 3.97394e+01  ce_labels_joint: 4.04916e-01  kld_vamb_joint: 1.99418e+00  kld_labels_joint: 1.79181e+00  correct_labels_joint: 0.00000e+00  loss: 1.10951e+00
2026-08-13 13:48:59.778 | INFO    | 		Epoch: 4  loss_vamb: 2.09899e-01  ab_vamb: 2.34628e-02  ce_vamb: 0.00000e+00  sse_vamb: 1.76598e-01  kld_vamb: 9.86639e-03  loss_labels: 1.99180e-01  ce_labels_labels: 1.87098e-01  kld_labels: 7.73206e+01  correct_labels_labels: 0.00000e+00  loss_joint: 5.44532e-01  ce_joint: 0.00000e+00  sse_joint: 3.79061e+01  ce_labels_joint: 3.26870e-01  kld_vamb_joint: 2.07348e+00  kld_labels_joint: 1.90146e+00  correct_labels_joint: 0.00000e+00  loss: 9.53611e-01
2026-08-13 13:49:00.548 | INFO    | 		Epoch: 5  loss_vamb: 2.02420e-01  ab_vamb: 2.14255e-02  ce_vamb: 0.00000e+00  sse_vamb: 1.70520e-01  kld_vamb: 1.04995e-02  loss_labels: 1.57101e-01  ce_labels_labels: 1.45151e-01  kld_labels: 7.64802e+01  correct_labels_labels: 0.00000e+00  loss_joint: 4.78249e-01  ce_joint: 0.00000e+00  sse_joint: 3.65180e+01  ce_labels_joint: 2.71946e-01  kld_vamb_joint: 2.11901e+00  kld_labels_joint: 2.03285e+00  correct_labels_joint: 0.00000e+00  loss: 8.37770e-01
2026-08-13 13:49:01.357 | INFO    | 		Epoch: 6  loss_vamb: 1.96299e-01  ab_vamb: 1.92289e-02  ce_vamb: 0.00000e+00  sse_vamb: 1.66281e-01  kld_vamb: 1.07995e-02  loss_labels: 1.21012e-01  ce_labels_labels: 1.09237e-01  kld_labels: 7.53598e+01  correct_labels_labels: 0.00000e+00  loss_joint: 4.34215e-01  ce_joint: 0.00000e+00  sse_joint: 3.56774e+01  ce_labels_joint: 2.33183e-01  kld_vamb_joint: 2.18918e+00  kld_labels_joint: 2.13149e+00  correct_labels_joint: 0.00000e+00  loss: 7.51527e-01
2026-08-13 13:49:02.084 | INFO    | 		Epoch: 7  loss_vamb: 1.90582e-01  ab_vamb: 1.81604e-02  ce_vamb: 0.00000e+00  sse_vamb: 1.61339e-01  kld_vamb: 1.11168e-02  loss_labels: 9.71999e-02  ce_labels_labels: 8.56296e-02  kld_labels: 7.40499e+01  correct_labels_labels: 0.00000e+00  loss_joint: 3.97415e-01  ce_joint: 0.00000e+00  sse_joint: 3.49166e+01  ce_labels_joint: 2.04002e-01  kld_vamb_joint: 2.24614e+00  kld_labels_joint: 2.26761e+00  correct_labels_joint: 0.00000e+00  loss: 6.85197e-01
2026-08-13 13:49:02.856 | INFO    | 		Epoch: 8  loss_vamb: 1.85320e-01  ab_vamb: 1.62270e-02  ce_vamb: 0.00000e+00  sse_vamb: 1.57798e-01  kld_vamb: 1.13230e-02  loss_labels: 7.40048e-02  ce_labels_labels: 6.25512e-02  kld_labels: 7.33027e+01  correct_labels_labels: 0.00000e+00  loss_joint: 3.60794e-01  ce_joint: 0.00000e+00  sse_joint: 3.44774e+01  ce_labels_joint: 1.69915e-01  kld_vamb_joint: 2.32259e+00  kld_labels_joint: 2.34586e+00  correct_labels_joint: 0.00000e+00  loss: 6.20119e-01
2026-08-13 13:49:03.584 | INFO    | 		Epoch: 9  loss_vamb: 1.81418e-01  ab_vamb: 1.58548e-02  ce_vamb: 0.00000e+00  sse_vamb: 1.54049e-01  kld_vamb: 1.15315e-02  loss_labels: 6.02344e-02  ce_labels_labels: 4.89863e-02  kld_labels: 7.19875e+01  correct_labels_labels: 0.00000e+00  loss_joint: 3.30452e-01  ce_joint: 0.00000e+00  sse_joint: 3.39016e+01  ce_labels_joint: 1.43528e-01  kld_vamb_joint: 2.40159e+00  kld_labels_joint: 2.44640e+00  correct_labels_joint: 0.00000e+00  loss: 5.72105e-01
2026-08-13 13:49:04.315 | INFO    | 		Epoch: 10  loss_vamb: 1.78507e-01  ab_vamb: 1.56656e-02  ce_vamb: 0.00000e+00  sse_vamb: 1.51132e-01  kld_vamb: 1.17207e-02  loss_labels: 4.65214e-02  ce_labels_labels: 3.54300e-02  kld_labels: 7.09850e+01  correct_labels_labels: 0.00000e+00  loss_joint: 3.02474e-01  ce_joint: 0.00000e+00  sse_joint: 3.32852e+01  ce_labels_joint: 1.19282e-01  kld_vamb_joint: 2.47774e+00  kld_labels_joint: 2.54818e+00  correct_labels_joint: 0.00000e+00  loss: 5.27503e-01
2026-08-13 13:49:05.050 | INFO    | 		Epoch: 11  loss_vamb: 1.74333e-01  ab_vamb: 1.51423e-02  ce_vamb: 0.00000e+00  sse_vamb: 1.47267e-01  kld_vamb: 1.19378e-02  loss_labels: 4.03987e-02  ce_labels_labels: 2.95022e-02  kld_labels: 6.97380e+01  correct_labels_labels: 0.00000e+00  loss_joint: 2.78691e-01  ce_joint: 0.00000e+00  sse_joint: 3.28628e+01  ce_labels_joint: 9.84735e-02  kld_vamb_joint: 2.52896e+00  kld_labels_joint: 2.63872e+00  correct_labels_joint: 0.00000e+00  loss: 4.93423e-01
2026-08-13 13:49:05.785 | INFO    | 		Epoch: 12  loss_vamb: 1.71574e-01  ab_vamb: 1.47163e-02  ce_vamb: 0.00000e+00  sse_vamb: 1.44814e-01  kld_vamb: 1.20734e-02  loss_labels: 3.04123e-02  ce_labels_labels: 1.96796e-02  kld_labels: 6.86892e+01  correct_labels_labels: 0.00000e+00  loss_joint: 2.68977e-01  ce_joint: 0.00000e+00  sse_joint: 3.25092e+01  ce_labels_joint: 9.01634e-02  kld_vamb_joint: 2.60731e+00  kld_labels_joint: 2.75974e+00  correct_labels_joint: 0.00000e+00  loss: 4.70963e-01
2026-08-13 13:49:06.546 | INFO    | 		Epoch: 13  loss_vamb: 1.69686e-01  ab_vamb: 1.47414e-02  ce_vamb: 0.00000e+00  sse_vamb: 1.42722e-01  kld_vamb: 1.22657e-02  loss_labels: 2.68616e-02  ce_labels_labels: 1.62991e-02  kld_labels: 6.75998e+01  correct_labels_labels: 0.00000e+00  loss_joint: 2.51164e-01  ce_joint: 0.00000e+00  sse_joint: 3.20221e+01  ce_labels_joint: 7.60667e-02  kld_vamb_joint: 2.64287e+00  kld_labels_joint: 2.84049e+00  correct_labels_joint: 0.00000e+00  loss: 4.47711e-01
2026-08-13 13:49:07.287 | INFO    | 		Epoch: 14  loss_vamb: 1.67585e-01  ab_vamb: 1.45419e-02  ce_vamb: 0.00000e+00  sse_vamb: 1.40583e-01  kld_vamb: 1.24896e-02  loss_labels: 2.27011e-02  ce_labels_labels: 1.23299e-02  kld_labels: 6.63762e+01  correct_labels_labels: 0.00000e+00  loss_joint: 2.37997e-01  ce_joint: 0.00000e+00  sse_joint: 3.15591e+01  ce_labels_joint: 6.27145e-02  kld_vamb_joint: 2.73265e+00  kld_labels_joint: 2.93376e+00  correct_labels_joint: 0.00000e+00  loss: 4.28283e-01
2026-08-13 13:49:08.096 | INFO    | 		Epoch: 15  loss_vamb: 1.64306e-01  ab_vamb: 1.39151e-02  ce_vamb: 0.00000e+00  sse_vamb: 1.37747e-01  kld_vamb: 1.26772e-02  loss_labels: 1.88656e-02  ce_labels_labels: 8.66533e-03  kld_labels: 6.52819e+01  correct_labels_labels: 0.00000e+00  loss_joint: 2.25172e-01  ce_joint: 0.00000e+00  sse_joint: 3.11861e+01  ce_labels_joint: 5.53381e-02  kld_vamb_joint: 2.77713e+00  kld_labels_joint: 3.05376e+00  correct_labels_joint: 0.00000e+00  loss: 4.08344e-01
2026-08-13 13:49:08.886 | INFO    | 		Epoch: 16  loss_vamb: 1.60553e-01  ab_vamb: 1.20066e-02  ce_vamb: 0.00000e+00  sse_vamb: 1.35665e-01  kld_vamb: 1.29064e-02  loss_labels: 1.70451e-02  ce_labels_labels: 7.02736e-03  kld_labels: 6.41136e+01  correct_labels_labels: 0.00000e+00  loss_joint: 2.10436e-01  ce_joint: 0.00000e+00  sse_joint: 3.06742e+01  ce_labels_joint: 4.47154e-02  kld_vamb_joint: 2.77799e+00  kld_labels_joint: 3.10826e+00  correct_labels_joint: 0.00000e+00  loss: 3.88035e-01
2026-08-13 13:49:09.643 | INFO    | 		Epoch: 17  loss_vamb: 1.59027e-01  ab_vamb: 1.20693e-02  ce_vamb: 0.00000e+00  sse_vamb: 1.33939e-01  kld_vamb: 1.30366e-02  loss_labels: 1.55328e-02  ce_labels_labels: 5.88637e-03  kld_labels: 6.17372e+01  correct_labels_labels: 0.00000e+00  loss_joint: 1.99574e-01  ce_joint: 0.00000e+00  sse_joint: 3.01813e+01  ce_labels_joint: 3.59026e-02  kld_vamb_joint: 2.83065e+00  kld_labels_joint: 3.21607e+00  correct_labels_joint: 0.00000e+00  loss: 3.74134e-01
2026-08-13 13:49:10.383 | INFO    | 		Epoch: 18  loss_vamb: 1.57355e-01  ab_vamb: 1.15824e-02  ce_vamb: 0.00000e+00  sse_vamb: 1.32599e-01  kld_vamb: 1.31939e-02  loss_labels: 1.54766e-02  ce_labels_labels: 6.15243e-03  kld_labels: 5.96744e+01  correct_labels_labels: 0.00000e+00  loss_joint: 1.91363e-01  ce_joint: 0.00000e+00  sse_joint: 2.98293e+01  ce_labels_joint: 3.00695e-02  kld_vamb_joint: 2.87093e+00  kld_labels_joint: 3.33892e+00  correct_labels_joint: 0.00000e+00  loss: 3.64194e-01
2026-08-13 13:49:11.136 | INFO    | 		Epoch: 19  loss_vamb: 1.56711e-01  ab_vamb: 1.23230e-02  ce_vamb: 0.00000e+00  sse_vamb: 1.30943e-01  kld_vamb: 1.34444e-02  loss_labels: 1.38123e-02  ce_labels_labels: 4.81215e-03  kld_labels: 5.76007e+01  correct_labels_labels: 0.00000e+00  loss_joint: 1.84015e-01  ce_joint: 0.00000e+00  sse_joint: 2.93883e+01  ce_labels_joint: 2.61831e-02  kld_vamb_joint: 2.93829e+00  kld_labels_joint: 3.52727e+00  correct_labels_joint: 0.00000e+00  loss: 3.54538e-01
2026-08-13 13:49:11.871 | INFO    | 		Epoch: 20  loss_vamb: 1.55800e-01  ab_vamb: 1.28681e-02  ce_vamb: 0.00000e+00  sse_vamb: 1.29326e-01  kld_vamb: 1.36147e-02  loss_labels: 1.40337e-02  ce_labels_labels: 5.11665e-03  kld_labels: 5.70694e+01  correct_labels_labels: 0.00000e+00  loss_joint: 1.83284e-01  ce_joint: 0.00000e+00  sse_joint: 2.90554e+01  ce_labels_joint: 2.47581e-02  kld_vamb_joint: 2.93734e+00  kld_labels_joint: 3.59080e+00  correct_labels_joint: 0.00000e+00  loss: 3.53117e-01
2026-08-13 13:49:12.625 | INFO    | 		Epoch: 21  loss_vamb: 1.55514e-01  ab_vamb: 1.40415e-02  ce_vamb: 0.00000e+00  sse_vamb: 1.27770e-01  kld_vamb: 1.37343e-02  loss_labels: 1.20714e-02  ce_labels_labels: 3.28776e-03  kld_labels: 5.62151e+01  correct_labels_labels: 0.00000e+00  loss_joint: 1.77452e-01  ce_joint: 0.00000e+00  sse_joint: 2.88254e+01  ce_labels_joint: 2.13248e-02  kld_vamb_joint: 2.98717e+00  kld_labels_joint: 3.71727e+00  correct_labels_joint: 0.00000e+00  loss: 3.45037e-01
2026-08-13 13:49:13.389 | INFO    | 		Epoch: 22  loss_vamb: 1.54053e-01  ab_vamb: 1.32255e-02  ce_vamb: 0.00000e+00  sse_vamb: 1.26938e-01  kld_vamb: 1.39262e-02  loss_labels: 1.25040e-02  ce_labels_labels: 4.05659e-03  kld_labels: 5.40636e+01  correct_labels_labels: 0.00000e+00  loss_joint: 1.76950e-01  ce_joint: 0.00000e+00  sse_joint: 2.83739e+01  ce_labels_joint: 2.20040e-02  kld_vamb_joint: 3.01314e+00  kld_labels_joint: 3.88809e+00  correct_labels_joint: 0.00000e+00  loss: 3.43506e-01
2026-08-13 13:49:14.126 | INFO    | 		Epoch: 23  loss_vamb: 1.51978e-01  ab_vamb: 1.29756e-02  ce_vamb: 0.00000e+00  sse_vamb: 1.25029e-01  kld_vamb: 1.39998e-02  loss_labels: 1.20527e-02  ce_labels_labels: 3.77153e-03  kld_labels: 5.29993e+01  correct_labels_labels: 0.00000e+00  loss_joint: 1.69461e-01  ce_joint: 0.00000e+00  sse_joint: 2.82001e+01  ce_labels_joint: 1.65021e-02  kld_vamb_joint: 3.04133e+00  kld_labels_joint: 3.96764e+00  correct_labels_joint: 0.00000e+00  loss: 3.33492e-01
2026-08-13 13:49:14.869 | INFO    | 		Epoch: 24  loss_vamb: 1.50302e-01  ab_vamb: 1.18548e-02  ce_vamb: 0.00000e+00  sse_vamb: 1.24296e-01  kld_vamb: 1.41587e-02  loss_labels: 1.12506e-02  ce_labels_labels: 3.11507e-03  kld_labels: 5.20676e+01  correct_labels_labels: 0.00000e+00  loss_joint: 1.64915e-01  ce_joint: 0.00000e+00  sse_joint: 2.78748e+01  ce_labels_joint: 1.52292e-02  kld_vamb_joint: 3.06435e+00  kld_labels_joint: 4.09351e+00  correct_labels_joint: 0.00000e+00  loss: 3.26467e-01
2026-08-13 13:49:15.555 | INFO    | 		Epoch: 25  loss_vamb: 1.46010e-01  ab_vamb: 1.09544e-02  ce_vamb: 0.00000e+00  sse_vamb: 1.20933e-01  kld_vamb: 1.41919e-02  loss_labels: 1.05260e-02  ce_labels_labels: 2.53296e-03  kld_labels: 5.11554e+01  correct_labels_labels: 0.00000e+00  loss_joint: 1.72472e-01  ce_joint: 0.00000e+00  sse_joint: 2.71605e+01  ce_labels_joint: 2.72553e-02  kld_vamb_joint: 3.08111e+00  kld_labels_joint: 4.23972e+00  correct_labels_joint: 0.00000e+00  loss: 3.29008e-01
2026-08-13 13:49:16.231 | INFO    | 		Epoch: 26  loss_vamb: 1.44722e-01  ab_vamb: 1.07821e-02  ce_vamb: 0.00000e+00  sse_vamb: 1.19464e-01  kld_vamb: 1.44176e-02  loss_labels: 1.05530e-02  ce_labels_labels: 2.68177e-03  kld_labels: 5.03757e+01  correct_labels_labels: 0.00000e+00  loss_joint: 1.66506e-01  ce_joint: 0.00000e+00  sse_joint: 2.69075e+01  ce_labels_joint: 2.28806e-02  kld_vamb_joint: 3.08587e+00  kld_labels_joint: 4.26127e+00  correct_labels_joint: 0.00000e+00  loss: 3.21781e-01
2026-08-13 13:49:16.964 | INFO    | 		Epoch: 27  loss_vamb: 1.40457e-01  ab_vamb: 8.15844e-03  ce_vamb: 0.00000e+00  sse_vamb: 1.17959e-01  kld_vamb: 1.44789e-02  loss_labels: 1.04049e-02  ce_labels_labels: 2.61060e-03  kld_labels: 4.98837e+01  correct_labels_labels: 0.00000e+00  loss_joint: 1.54133e-01  ce_joint: 0.00000e+00  sse_joint: 2.67362e+01  ce_labels_joint: 1.30296e-02  kld_vamb_joint: 3.09926e+00  kld_labels_joint: 4.30709e+00  correct_labels_joint: 0.00000e+00  loss: 3.04995e-01
2026-08-13 13:49:17.693 | INFO    | 		Epoch: 28  loss_vamb: 1.42817e-01  ab_vamb: 9.54039e-03  ce_vamb: 0.00000e+00  sse_vamb: 1.18912e-01  kld_vamb: 1.44599e-02  loss_labels: 1.01874e-02  ce_labels_labels: 2.42941e-03  kld_labels: 4.96511e+01  correct_labels_labels: 0.00000e+00  loss_joint: 1.54770e-01  ce_joint: 0.00000e+00  sse_joint: 2.67097e+01  ce_labels_joint: 1.24886e-02  kld_vamb_joint: 3.08868e+00  kld_labels_joint: 4.33964e+00  correct_labels_joint: 0.00000e+00  loss: 3.07774e-01
2026-08-13 13:49:18.423 | INFO    | 		Epoch: 29  loss_vamb: 1.42471e-01  ab_vamb: 1.00759e-02  ce_vamb: 0.00000e+00  sse_vamb: 1.17877e-01  kld_vamb: 1.44935e-02  loss_labels: 1.10573e-02  ce_labels_labels: 3.30055e-03  kld_labels: 4.96430e+01  correct_labels_labels: 0.00000e+00  loss_joint: 1.52508e-01  ce_joint: 0.00000e+00  sse_joint: 2.65763e+01  ce_labels_joint: 1.07758e-02  kld_vamb_joint: 3.14426e+00  kld_labels_joint: 4.38400e+00  correct_labels_joint: 0.00000e+00  loss: 3.06036e-01
2026-08-13 13:49:19.240 | INFO    | 		Epoch: 30  loss_vamb: 1.40042e-01  ab_vamb: 7.99833e-03  ce_vamb: 0.00000e+00  sse_vamb: 1.17422e-01  kld_vamb: 1.45523e-02  loss_labels: 9.46729e-03  ce_labels_labels: 1.76116e-03  kld_labels: 4.93192e+01  correct_labels_labels: 0.00000e+00  loss_joint: 1.50130e-01  ce_joint: 0.00000e+00  sse_joint: 2.65521e+01  ce_labels_joint: 1.00716e-02  kld_vamb_joint: 3.12673e+00  kld_labels_joint: 4.42481e+00  correct_labels_joint: 0.00000e+00  loss: 2.99640e-01
2026-08-13 13:49:19.991 | INFO    | 		Epoch: 31  loss_vamb: 1.38527e-01  ab_vamb: 8.31407e-03  ce_vamb: 0.00000e+00  sse_vamb: 1.15617e-01  kld_vamb: 1.45305e-02  loss_labels: 1.05644e-02  ce_labels_labels: 2.93712e-03  kld_labels: 4.88144e+01  correct_labels_labels: 0.00000e+00  loss_joint: 1.47038e-01  ce_joint: 0.00000e+00  sse_joint: 2.59714e+01  ce_labels_joint: 9.27605e-03  kld_vamb_joint: 3.14794e+00  kld_labels_joint: 4.51546e+00  correct_labels_joint: 0.00000e+00  loss: 2.96130e-01
2026-08-13 13:49:20.736 | INFO    | 		Epoch: 32  loss_vamb: 1.37711e-01  ab_vamb: 7.97499e-03  ce_vamb: 0.00000e+00  sse_vamb: 1.15144e-01  kld_vamb: 1.46155e-02  loss_labels: 9.65438e-03  ce_labels_labels: 2.14106e-03  kld_labels: 4.80853e+01  correct_labels_labels: 0.00000e+00  loss_joint: 1.46465e-01  ce_joint: 0.00000e+00  sse_joint: 2.58237e+01  ce_labels_joint: 1.02497e-02  kld_vamb_joint: 3.12969e+00  kld_labels_joint: 4.53368e+00  correct_labels_joint: 0.00000e+00  loss: 2.93830e-01
2026-08-13 13:49:21.678 | INFO    | 		Epoch: 33  loss_vamb: 1.36596e-01  ab_vamb: 7.48253e-03  ce_vamb: 0.00000e+00  sse_vamb: 1.14439e-01  kld_vamb: 1.47113e-02  loss_labels: 9.42049e-03  ce_labels_labels: 2.05329e-03  kld_labels: 4.71501e+01  correct_labels_labels: 0.00000e+00  loss_joint: 1.44112e-01  ce_joint: 0.00000e+00  sse_joint: 2.58409e+01  ce_labels_joint: 8.27268e-03  kld_vamb_joint: 3.12664e+00  kld_labels_joint: 4.60178e+00  correct_labels_joint: 0.00000e+00  loss: 2.90128e-01
2026-08-13 13:49:22.447 | INFO    | 		Epoch: 34  loss_vamb: 1.36267e-01  ab_vamb: 7.15740e-03  ce_vamb: 0.00000e+00  sse_vamb: 1.14342e-01  kld_vamb: 1.47164e-02  loss_labels: 9.54843e-03  ce_labels_labels: 2.24374e-03  kld_labels: 4.67500e+01  correct_labels_labels: 0.00000e+00  loss_joint: 1.43450e-01  ce_joint: 0.00000e+00  sse_joint: 2.58003e+01  ce_labels_joint: 8.36805e-03  kld_vamb_joint: 3.13181e+00  kld_labels_joint: 4.67086e+00  correct_labels_joint: 0.00000e+00  loss: 2.89265e-01
2026-08-13 13:49:23.251 | INFO    | 		Epoch: 35  loss_vamb: 1.36544e-01  ab_vamb: 8.38203e-03  ce_vamb: 0.00000e+00  sse_vamb: 1.13192e-01  kld_vamb: 1.47310e-02  loss_labels: 9.28554e-03  ce_labels_labels: 1.99711e-03  kld_labels: 4.66460e+01  correct_labels_labels: 0.00000e+00  loss_joint: 1.42843e-01  ce_joint: 0.00000e+00  sse_joint: 2.55623e+01  ce_labels_joint: 8.04312e-03  kld_vamb_joint: 3.15896e+00  kld_labels_joint: 4.68877e+00  correct_labels_joint: 0.00000e+00  loss: 2.88673e-01
2026-08-13 13:49:23.999 | INFO    | 		Epoch: 36  loss_vamb: 1.36224e-01  ab_vamb: 8.39964e-03  ce_vamb: 0.00000e+00  sse_vamb: 1.12928e-01  kld_vamb: 1.48080e-02  loss_labels: 8.89487e-03  ce_labels_labels: 1.69374e-03  kld_labels: 4.60873e+01  correct_labels_labels: 0.00000e+00  loss_joint: 1.40588e-01  ce_joint: 0.00000e+00  sse_joint: 2.53825e+01  ce_labels_joint: 6.93029e-03  kld_vamb_joint: 3.14145e+00  kld_labels_joint: 4.72714e+00  correct_labels_joint: 0.00000e+00  loss: 2.85707e-01
2026-08-13 13:49:24.740 | INFO    | 		Epoch: 37  loss_vamb: 1.34469e-01  ab_vamb: 7.30687e-03  ce_vamb: 0.00000e+00  sse_vamb: 1.12284e-01  kld_vamb: 1.48805e-02  loss_labels: 9.27270e-03  ce_labels_labels: 2.18734e-03  kld_labels: 4.53463e+01  correct_labels_labels: 0.00000e+00  loss_joint: 1.39346e-01  ce_joint: 0.00000e+00  sse_joint: 2.53127e+01  ce_labels_joint: 7.26932e-03  kld_vamb_joint: 3.16823e+00  kld_labels_joint: 4.81781e+00  correct_labels_joint: 0.00000e+00  loss: 2.83088e-01
2026-08-13 13:49:25.499 | INFO    | 		Epoch: 38  loss_vamb: 1.35429e-01  ab_vamb: 7.23923e-03  ce_vamb: 0.00000e+00  sse_vamb: 1.13259e-01  kld_vamb: 1.49477e-02  loss_labels: 8.93733e-03  ce_labels_labels: 1.91843e-03  kld_labels: 4.49209e+01  correct_labels_labels: 0.00000e+00  loss_joint: 1.40240e-01  ce_joint: 0.00000e+00  sse_joint: 2.54049e+01  ce_labels_joint: 6.39250e-03  kld_vamb_joint: 3.16526e+00  kld_labels_joint: 4.87402e+00  correct_labels_joint: 0.00000e+00  loss: 2.84607e-01
2026-08-13 13:49:26.250 | INFO    | 		Epoch: 39  loss_vamb: 1.32855e-01  ab_vamb: 6.40560e-03  ce_vamb: 0.00000e+00  sse_vamb: 1.11420e-01  kld_vamb: 1.50165e-02  loss_labels: 8.98823e-03  ce_labels_labels: 2.05571e-03  kld_labels: 4.43682e+01  correct_labels_labels: 0.00000e+00  loss_joint: 1.39164e-01  ce_joint: 0.00000e+00  sse_joint: 2.50783e+01  ce_labels_joint: 8.00241e-03  kld_vamb_joint: 3.17181e+00  kld_labels_joint: 4.93375e+00  correct_labels_joint: 0.00000e+00  loss: 2.81007e-01
2026-08-13 13:49:27.016 | INFO    | 		Epoch: 40  loss_vamb: 1.33723e-01  ab_vamb: 7.25319e-03  ce_vamb: 0.00000e+00  sse_vamb: 1.11499e-01  kld_vamb: 1.49667e-02  loss_labels: 8.58172e-03  ce_labels_labels: 1.73275e-03  kld_labels: 4.38334e+01  correct_labels_labels: 0.00000e+00  loss_joint: 1.38562e-01  ce_joint: 0.00000e+00  sse_joint: 2.50675e+01  ce_labels_joint: 7.41818e-03  kld_vamb_joint: 3.23554e+00  kld_labels_joint: 5.00910e+00  correct_labels_joint: 0.00000e+00  loss: 2.80867e-01
2026-08-13 13:49:27.808 | INFO    | 		Epoch: 41  loss_vamb: 1.33129e-01  ab_vamb: 7.17392e-03  ce_vamb: 0.00000e+00  sse_vamb: 1.11044e-01  kld_vamb: 1.50356e-02  loss_labels: 8.95418e-03  ce_labels_labels: 2.18341e-03  kld_labels: 4.33329e+01  correct_labels_labels: 0.00000e+00  loss_joint: 1.36000e-01  ce_joint: 0.00000e+00  sse_joint: 2.48834e+01  ce_labels_joint: 5.78909e-03  kld_vamb_joint: 3.21848e+00  kld_labels_joint: 5.04044e+00  correct_labels_joint: 0.00000e+00  loss: 2.78083e-01
2026-08-13 13:49:28.554 | INFO    | 		Epoch: 42  loss_vamb: 1.32752e-01  ab_vamb: 6.93016e-03  ce_vamb: 0.00000e+00  sse_vamb: 1.10682e-01  kld_vamb: 1.52255e-02  loss_labels: 8.41114e-03  ce_labels_labels: 1.70750e-03  kld_labels: 4.29033e+01  correct_labels_labels: 0.00000e+00  loss_joint: 1.36745e-01  ce_joint: 0.00000e+00  sse_joint: 2.48391e+01  ce_labels_joint: 5.83436e-03  kld_vamb_joint: 3.18056e+00  kld_labels_joint: 5.09608e+00  correct_labels_joint: 0.00000e+00  loss: 2.77908e-01
2026-08-13 13:49:29.307 | INFO    | 		Epoch: 43  loss_vamb: 1.31825e-01  ab_vamb: 7.25119e-03  ce_vamb: 0.00000e+00  sse_vamb: 1.09596e-01  kld_vamb: 1.52019e-02  loss_labels: 8.37675e-03  ce_labels_labels: 1.74627e-03  kld_labels: 4.24350e+01  correct_labels_labels: 0.00000e+00  loss_joint: 1.36329e-01  ce_joint: 0.00000e+00  sse_joint: 2.46818e+01  ce_labels_joint: 6.84792e-03  kld_vamb_joint: 3.21951e+00  kld_labels_joint: 5.12907e+00  correct_labels_joint: 0.00000e+00  loss: 2.76531e-01
2026-08-13 13:49:30.043 | INFO    | 		Epoch: 44  loss_vamb: 1.33415e-01  ab_vamb: 8.50970e-03  ce_vamb: 0.00000e+00  sse_vamb: 1.09760e-01  kld_vamb: 1.51918e-02  loss_labels: 8.29921e-03  ce_labels_labels: 1.70357e-03  kld_labels: 4.22121e+01  correct_labels_labels: 0.00000e+00  loss_joint: 1.35636e-01  ce_joint: 0.00000e+00  sse_joint: 2.47680e+01  ce_labels_joint: 4.78489e-03  kld_vamb_joint: 3.24973e+00  kld_labels_joint: 5.19310e+00  correct_labels_joint: 0.00000e+00  loss: 2.77351e-01
2026-08-13 13:49:30.781 | INFO    | 		Epoch: 45  loss_vamb: 1.32224e-01  ab_vamb: 8.32303e-03  ce_vamb: 0.00000e+00  sse_vamb: 1.08692e-01  kld_vamb: 1.52816e-02  loss_labels: 9.61544e-03  ce_labels_labels: 2.99784e-03  kld_labels: 4.23526e+01  correct_labels_labels: 0.00000e+00  loss_joint: 1.36704e-01  ce_joint: 0.00000e+00  sse_joint: 2.44039e+01  ce_labels_joint: 7.63179e-03  kld_vamb_joint: 3.23941e+00  kld_labels_joint: 5.24579e+00  correct_labels_joint: 0.00000e+00  loss: 2.78544e-01
2026-08-13 13:49:31.597 | INFO    | 		Epoch: 46  loss_vamb: 1.31249e-01  ab_vamb: 7.84881e-03  ce_vamb: 0.00000e+00  sse_vamb: 1.07789e-01  kld_vamb: 1.54608e-02  loss_labels: 8.43213e-03  ce_labels_labels: 1.67759e-03  kld_labels: 4.32290e+01  correct_labels_labels: 0.00000e+00  loss_joint: 1.34164e-01  ce_joint: 0.00000e+00  sse_joint: 2.44147e+01  ce_labels_joint: 5.71532e-03  kld_vamb_joint: 3.23339e+00  kld_labels_joint: 5.28816e+00  correct_labels_joint: 0.00000e+00  loss: 2.73845e-01
2026-08-13 13:49:32.342 | INFO    | 		Epoch: 47  loss_vamb: 1.30559e-01  ab_vamb: 7.50827e-03  ce_vamb: 0.00000e+00  sse_vamb: 1.07438e-01  kld_vamb: 1.55602e-02  loss_labels: 8.39922e-03  ce_labels_labels: 1.61593e-03  kld_labels: 4.34130e+01  correct_labels_labels: 0.00000e+00  loss_joint: 1.32788e-01  ce_joint: 0.00000e+00  sse_joint: 2.43105e+01  ce_labels_joint: 5.54198e-03  kld_vamb_joint: 3.23049e+00  kld_labels_joint: 5.32496e+00  correct_labels_joint: 0.00000e+00  loss: 2.71747e-01
2026-08-13 13:49:33.194 | INFO    | 		Epoch: 48  loss_vamb: 1.31316e-01  ab_vamb: 8.02916e-03  ce_vamb: 0.00000e+00  sse_vamb: 1.07682e-01  kld_vamb: 1.56007e-02  loss_labels: 9.37503e-03  ce_labels_labels: 2.63910e-03  kld_labels: 4.31099e+01  correct_labels_labels: 0.00000e+00  loss_joint: 1.33525e-01  ce_joint: 0.00000e+00  sse_joint: 2.42906e+01  ce_labels_joint: 6.06644e-03  kld_vamb_joint: 3.26059e+00  kld_labels_joint: 5.37901e+00  correct_labels_joint: 0.00000e+00  loss: 2.74216e-01
2026-08-13 13:49:33.928 | INFO    | 		Epoch: 49  loss_vamb: 1.29740e-01  ab_vamb: 6.76198e-03  ce_vamb: 0.00000e+00  sse_vamb: 1.07565e-01  kld_vamb: 1.55186e-02  loss_labels: 8.26404e-03  ce_labels_labels: 1.64067e-03  kld_labels: 4.23896e+01  correct_labels_labels: 0.00000e+00  loss_joint: 1.32234e-01  ce_joint: 0.00000e+00  sse_joint: 2.42025e+01  ce_labels_joint: 5.76442e-03  kld_vamb_joint: 3.29584e+00  kld_labels_joint: 5.44666e+00  correct_labels_joint: 0.00000e+00  loss: 2.70238e-01
2026-08-13 13:49:34.723 | INFO    | 		Epoch: 50  loss_vamb: 1.29150e-01  ab_vamb: 7.69751e-03  ce_vamb: 0.00000e+00  sse_vamb: 1.06043e-01  kld_vamb: 1.56021e-02  loss_labels: 8.38725e-03  ce_labels_labels: 1.89070e-03  kld_labels: 4.15780e+01  correct_labels_labels: 0.00000e+00  loss_joint: 1.31380e-01  ce_joint: 0.00000e+00  sse_joint: 2.39238e+01  ce_labels_joint: 5.14795e-03  kld_vamb_joint: 3.29557e+00  kld_labels_joint: 5.50676e+00  correct_labels_joint: 0.00000e+00  loss: 2.68918e-01
2026-08-13 13:49:35.517 | INFO    | 		Epoch: 51  loss_vamb: 1.27794e-01  ab_vamb: 6.84254e-03  ce_vamb: 0.00000e+00  sse_vamb: 1.05372e-01  kld_vamb: 1.57050e-02  loss_labels: 8.36650e-03  ce_labels_labels: 1.90661e-03  kld_labels: 4.13433e+01  correct_labels_labels: 0.00000e+00  loss_joint: 1.29595e-01  ce_joint: 0.00000e+00  sse_joint: 2.39098e+01  ce_labels_joint: 5.06569e-03  kld_vamb_joint: 3.28978e+00  kld_labels_joint: 5.50320e+00  correct_labels_joint: 0.00000e+00  loss: 2.65756e-01
2026-08-13 13:49:36.263 | INFO    | 		Epoch: 52  loss_vamb: 1.31801e-01  ab_vamb: 1.01467e-02  ce_vamb: 0.00000e+00  sse_vamb: 1.05940e-01  kld_vamb: 1.57223e-02  loss_labels: 8.24499e-03  ce_labels_labels: 1.70406e-03  kld_labels: 4.18619e+01  correct_labels_labels: 0.00000e+00  loss_joint: 1.35264e-01  ce_joint: 0.00000e+00  sse_joint: 2.39247e+01  ce_labels_joint: 6.52513e-03  kld_vamb_joint: 3.29307e+00  kld_labels_joint: 5.51627e+00  correct_labels_joint: 0.00000e+00  loss: 2.75309e-01
2026-08-13 13:49:37.129 | INFO    | 		Epoch: 53  loss_vamb: 1.27840e-01  ab_vamb: 6.88037e-03  ce_vamb: 0.00000e+00  sse_vamb: 1.05076e-01  kld_vamb: 1.58022e-02  loss_labels: 8.32187e-03  ce_labels_labels: 1.75871e-03  kld_labels: 4.20042e+01  correct_labels_labels: 0.00000e+00  loss_joint: 1.32005e-01  ce_joint: 0.00000e+00  sse_joint: 2.38012e+01  ce_labels_joint: 7.02659e-03  kld_vamb_joint: 3.32283e+00  kld_labels_joint: 5.57387e+00  correct_labels_joint: 0.00000e+00  loss: 2.68168e-01
2026-08-13 13:49:37.878 | INFO    | 		Epoch: 54  loss_vamb: 1.27662e-01  ab_vamb: 7.14778e-03  ce_vamb: 0.00000e+00  sse_vamb: 1.04599e-01  kld_vamb: 1.59619e-02  loss_labels: 8.05935e-03  ce_labels_labels: 1.46844e-03  kld_labels: 4.21818e+01  correct_labels_labels: 0.00000e+00  loss_joint: 1.30340e-01  ce_joint: 0.00000e+00  sse_joint: 2.37066e+01  ce_labels_joint: 5.69103e-03  kld_vamb_joint: 3.29708e+00  kld_labels_joint: 5.57775e+00  correct_labels_joint: 0.00000e+00  loss: 2.66061e-01
2026-08-13 13:49:38.623 | INFO    | 		Epoch: 55  loss_vamb: 1.26706e-01  ab_vamb: 6.92226e-03  ce_vamb: 0.00000e+00  sse_vamb: 1.03833e-01  kld_vamb: 1.59454e-02  loss_labels: 8.32822e-03  ce_labels_labels: 1.80249e-03  kld_labels: 4.17647e+01  correct_labels_labels: 0.00000e+00  loss_joint: 1.28337e-01  ce_joint: 0.00000e+00  sse_joint: 2.35392e+01  ce_labels_joint: 4.36713e-03  kld_vamb_joint: 3.32206e+00  kld_labels_joint: 5.60847e+00  correct_labels_joint: 0.00000e+00  loss: 2.63371e-01
2026-08-13 13:49:39.357 | INFO    | 		Epoch: 56  loss_vamb: 1.26270e-01  ab_vamb: 6.88670e-03  ce_vamb: 0.00000e+00  sse_vamb: 1.03466e-01  kld_vamb: 1.59827e-02  loss_labels: 8.57885e-03  ce_labels_labels: 2.15013e-03  kld_labels: 4.11438e+01  correct_labels_labels: 0.00000e+00  loss_joint: 1.27280e-01  ce_joint: 0.00000e+00  sse_joint: 2.34136e+01  ce_labels_joint: 4.95979e-03  kld_vamb_joint: 3.33662e+00  kld_labels_joint: 5.68853e+00  correct_labels_joint: 0.00000e+00  loss: 2.62129e-01
2026-08-13 13:49:40.113 | INFO    | 		Epoch: 57  loss_vamb: 1.26657e-01  ab_vamb: 7.13607e-03  ce_vamb: 0.00000e+00  sse_vamb: 1.03493e-01  kld_vamb: 1.60316e-02  loss_labels: 7.72935e-03  ce_labels_labels: 1.35148e-03  kld_labels: 4.08183e+01  correct_labels_labels: 0.00000e+00  loss_joint: 1.28881e-01  ce_joint: 0.00000e+00  sse_joint: 2.34372e+01  ce_labels_joint: 5.89141e-03  kld_vamb_joint: 3.32510e+00  kld_labels_joint: 5.72157e+00  correct_labels_joint: 0.00000e+00  loss: 2.63268e-01
2026-08-13 13:49:40.865 | INFO    | 		Epoch: 58  loss_vamb: 1.25414e-01  ab_vamb: 7.01506e-03  ce_vamb: 0.00000e+00  sse_vamb: 1.02148e-01  kld_vamb: 1.61172e-02  loss_labels: 8.80602e-03  ce_labels_labels: 2.45075e-03  kld_labels: 4.06737e+01  correct_labels_labels: 0.00000e+00  loss_joint: 1.26941e-01  ce_joint: 0.00000e+00  sse_joint: 2.31905e+01  ce_labels_joint: 5.17004e-03  kld_vamb_joint: 3.34047e+00  kld_labels_joint: 5.79740e+00  correct_labels_joint: 0.00000e+00  loss: 2.61160e-01
2026-08-13 13:49:41.632 | INFO    | 		Epoch: 59  loss_vamb: 1.24639e-01  ab_vamb: 6.56840e-03  ce_vamb: 0.00000e+00  sse_vamb: 1.01890e-01  kld_vamb: 1.62457e-02  loss_labels: 8.71201e-03  ce_labels_labels: 2.22577e-03  kld_labels: 4.15119e+01  correct_labels_labels: 0.00000e+00  loss_joint: 1.26238e-01  ce_joint: 0.00000e+00  sse_joint: 2.32311e+01  ce_labels_joint: 4.45575e-03  kld_vamb_joint: 3.35124e+00  kld_labels_joint: 5.83220e+00  correct_labels_joint: 0.00000e+00  loss: 2.59589e-01
2026-08-13 13:49:42.372 | INFO    | 		Epoch: 60  loss_vamb: 1.25478e-01  ab_vamb: 7.90071e-03  ce_vamb: 0.00000e+00  sse_vamb: 1.01176e-01  kld_vamb: 1.62653e-02  loss_labels: 8.21459e-03  ce_labels_labels: 1.57370e-03  kld_labels: 4.25017e+01  correct_labels_labels: 0.00000e+00  loss_joint: 1.26720e-01  ce_joint: 0.00000e+00  sse_joint: 2.29826e+01  ce_labels_joint: 5.21479e-03  kld_vamb_joint: 3.35260e+00  kld_labels_joint: 5.83533e+00  correct_labels_joint: 0.00000e+00  loss: 2.60412e-01
2026-08-13 13:49:43.113 | INFO    | 		Epoch: 61  loss_vamb: 1.24951e-01  ab_vamb: 7.35045e-03  ce_vamb: 0.00000e+00  sse_vamb: 1.01459e-01  kld_vamb: 1.62968e-02  loss_labels: 8.27472e-03  ce_labels_labels: 1.60090e-03  kld_labels: 4.27124e+01  correct_labels_labels: 0.00000e+00  loss_joint: 1.23745e-01  ce_joint: 0.00000e+00  sse_joint: 2.29770e+01  ce_labels_joint: 3.66805e-03  kld_vamb_joint: 3.35071e+00  kld_labels_joint: 5.83684e+00  correct_labels_joint: 0.00000e+00  loss: 2.56971e-01
2026-08-13 13:49:43.845 | INFO    | 		Epoch: 62  loss_vamb: 1.24539e-01  ab_vamb: 6.98944e-03  ce_vamb: 0.00000e+00  sse_vamb: 1.01224e-01  kld_vamb: 1.63293e-02  loss_labels: 8.12354e-03  ce_labels_labels: 1.52025e-03  kld_labels: 4.22610e+01  correct_labels_labels: 0.00000e+00  loss_joint: 1.24264e-01  ce_joint: 0.00000e+00  sse_joint: 2.29295e+01  ce_labels_joint: 4.34271e-03  kld_vamb_joint: 3.36636e+00  kld_labels_joint: 5.88792e+00  correct_labels_joint: 0.00000e+00  loss: 2.56927e-01
2026-08-13 13:49:44.603 | INFO    | 		Epoch: 63  loss_vamb: 1.25284e-01  ab_vamb: 5.95724e-03  ce_vamb: 0.00000e+00  sse_vamb: 1.02961e-01  kld_vamb: 1.63749e-02  loss_labels: 7.47737e-03  ce_labels_labels: 1.02392e-03  kld_labels: 4.13021e+01  correct_labels_labels: 0.00000e+00  loss_joint: 1.25486e-01  ce_joint: 0.00000e+00  sse_joint: 2.33074e+01  ce_labels_joint: 4.34963e-03  kld_vamb_joint: 3.37422e+00  kld_labels_joint: 5.94822e+00  correct_labels_joint: 0.00000e+00  loss: 2.58247e-01
2026-08-13 13:49:45.343 | INFO    | 		Epoch: 64  loss_vamb: 1.24904e-01  ab_vamb: 7.68081e-03  ce_vamb: 0.00000e+00  sse_vamb: 1.00855e-01  kld_vamb: 1.64475e-02  loss_labels: 7.64801e-03  ce_labels_labels: 1.40264e-03  kld_labels: 3.99703e+01  correct_labels_labels: 0.00000e+00  loss_joint: 1.27501e-01  ce_joint: 0.00000e+00  sse_joint: 2.28564e+01  ce_labels_joint: 6.82513e-03  kld_vamb_joint: 3.38032e+00  kld_labels_joint: 6.03031e+00  correct_labels_joint: 0.00000e+00  loss: 2.60053e-01
2026-08-13 13:49:46.143 | INFO    | 		Epoch: 65  loss_vamb: 1.23317e-01  ab_vamb: 6.91110e-03  ce_vamb: 0.00000e+00  sse_vamb: 9.99194e-02  kld_vamb: 1.64202e-02  loss_labels: 7.16769e-03  ce_labels_labels: 1.06701e-03  kld_labels: 3.90444e+01  correct_labels_labels: 0.00000e+00  loss_joint: 1.22858e-01  ce_joint: 0.00000e+00  sse_joint: 2.26173e+01  ce_labels_joint: 3.97910e-03  kld_vamb_joint: 3.40846e+00  kld_labels_joint: 6.09809e+00  correct_labels_joint: 0.00000e+00  loss: 2.53343e-01
2026-08-13 13:49:46.896 | INFO    | 		Epoch: 66  loss_vamb: 1.23466e-01  ab_vamb: 7.13418e-03  ce_vamb: 0.00000e+00  sse_vamb: 9.97760e-02  kld_vamb: 1.65297e-02  loss_labels: 7.17502e-03  ce_labels_labels: 1.16399e-03  kld_labels: 3.84706e+01  correct_labels_labels: 0.00000e+00  loss_joint: 1.24447e-01  ce_joint: 0.00000e+00  sse_joint: 2.27103e+01  ce_labels_joint: 4.78598e-03  kld_vamb_joint: 3.37045e+00  kld_labels_joint: 6.12508e+00  correct_labels_joint: 0.00000e+00  loss: 2.55088e-01
2026-08-13 13:49:47.782 | INFO    | 		Epoch: 67  loss_vamb: 1.23553e-01  ab_vamb: 7.19698e-03  ce_vamb: 0.00000e+00  sse_vamb: 9.98627e-02  kld_vamb: 1.66281e-02  loss_labels: 7.61144e-03  ce_labels_labels: 1.66824e-03  kld_labels: 3.80365e+01  correct_labels_labels: 0.00000e+00  loss_joint: 1.26215e-01  ce_joint: 0.00000e+00  sse_joint: 2.26186e+01  ce_labels_joint: 6.88426e-03  kld_vamb_joint: 3.42044e+00  kld_labels_joint: 6.20782e+00  correct_labels_joint: 0.00000e+00  loss: 2.57379e-01
2026-08-13 13:49:48.536 | INFO    | 		Epoch: 68  loss_vamb: 1.23557e-01  ab_vamb: 7.12067e-03  ce_vamb: 0.00000e+00  sse_vamb: 9.96391e-02  kld_vamb: 1.67159e-02  loss_labels: 7.32301e-03  ce_labels_labels: 1.36394e-03  kld_labels: 3.81381e+01  correct_labels_labels: 0.00000e+00  loss_joint: 1.23507e-01  ce_joint: 0.00000e+00  sse_joint: 2.26579e+01  ce_labels_joint: 4.00898e-03  kld_vamb_joint: 3.44212e+00  kld_labels_joint: 6.22610e+00  correct_labels_joint: 0.00000e+00  loss: 2.54387e-01
2026-08-13 13:49:49.346 | INFO    | 		Epoch: 69  loss_vamb: 1.24180e-01  ab_vamb: 8.34972e-03  ce_vamb: 0.00000e+00  sse_vamb: 9.90389e-02  kld_vamb: 1.67446e-02  loss_labels: 7.31846e-03  ce_labels_labels: 1.30461e-03  kld_labels: 3.84887e+01  correct_labels_labels: 0.00000e+00  loss_joint: 1.26124e-01  ce_joint: 0.00000e+00  sse_joint: 2.26444e+01  ce_labels_joint: 5.46168e-03  kld_vamb_joint: 3.44365e+00  kld_labels_joint: 6.24747e+00  correct_labels_joint: 0.00000e+00  loss: 2.57623e-01
2026-08-13 13:49:50.124 | INFO    | 		Epoch: 70  loss_vamb: 1.21978e-01  ab_vamb: 6.29376e-03  ce_vamb: 0.00000e+00  sse_vamb: 9.89412e-02  kld_vamb: 1.68040e-02  loss_labels: 7.29908e-03  ce_labels_labels: 1.25814e-03  kld_labels: 3.86621e+01  correct_labels_labels: 0.00000e+00  loss_joint: 1.22019e-01  ce_joint: 0.00000e+00  sse_joint: 2.24718e+01  ce_labels_joint: 4.90523e-03  kld_vamb_joint: 3.45502e+00  kld_labels_joint: 6.31184e+00  correct_labels_joint: 0.00000e+00  loss: 2.51295e-01
2026-08-13 13:49:50.890 | INFO    | 		Epoch: 71  loss_vamb: 1.21961e-01  ab_vamb: 6.95783e-03  ce_vamb: 0.00000e+00  sse_vamb: 9.79484e-02  kld_vamb: 1.68915e-02  loss_labels: 7.47036e-03  ce_labels_labels: 1.37484e-03  kld_labels: 3.90113e+01  correct_labels_labels: 0.00000e+00  loss_joint: 1.21136e-01  ce_joint: 0.00000e+00  sse_joint: 2.22386e+01  ce_labels_joint: 3.58170e-03  kld_vamb_joint: 3.47993e+00  kld_labels_joint: 6.38570e+00  correct_labels_joint: 0.00000e+00  loss: 2.50568e-01
2026-08-13 13:49:51.652 | INFO    | 		Epoch: 72  loss_vamb: 1.23088e-01  ab_vamb: 8.02682e-03  ce_vamb: 0.00000e+00  sse_vamb: 9.82285e-02  kld_vamb: 1.68977e-02  loss_labels: 7.28378e-03  ce_labels_labels: 1.19727e-03  kld_labels: 3.89537e+01  correct_labels_labels: 0.00000e+00  loss_joint: 1.23211e-01  ce_joint: 0.00000e+00  sse_joint: 2.22930e+01  ce_labels_joint: 5.42337e-03  kld_vamb_joint: 3.46950e+00  kld_labels_joint: 6.40705e+00  correct_labels_joint: 0.00000e+00  loss: 2.53583e-01
2026-08-13 13:49:52.432 | INFO    | 		Epoch: 73  loss_vamb: 1.24819e-01  ab_vamb: 9.84489e-03  ce_vamb: 0.00000e+00  sse_vamb: 9.79645e-02  kld_vamb: 1.68756e-02  loss_labels: 7.27631e-03  ce_labels_labels: 1.28163e-03  kld_labels: 3.83660e+01  correct_labels_labels: 0.00000e+00  loss_joint: 1.22426e-01  ce_joint: 0.00000e+00  sse_joint: 2.20626e+01  ce_labels_joint: 4.77660e-03  kld_vamb_joint: 3.50254e+00  kld_labels_joint: 6.45793e+00  correct_labels_joint: 0.00000e+00  loss: 2.54522e-01
2026-08-13 13:49:53.170 | INFO    | 		Epoch: 74  loss_vamb: 1.21710e-01  ab_vamb: 7.13090e-03  ce_vamb: 0.00000e+00  sse_vamb: 9.76245e-02  kld_vamb: 1.69741e-02  loss_labels: 6.71356e-03  ce_labels_labels: 7.95465e-04  kld_labels: 3.78758e+01  correct_labels_labels: 0.00000e+00  loss_joint: 1.22414e-01  ce_joint: 0.00000e+00  sse_joint: 2.20912e+01  ce_labels_joint: 5.87667e-03  kld_vamb_joint: 3.50128e+00  kld_labels_joint: 6.48451e+00  correct_labels_joint: 0.00000e+00  loss: 2.50837e-01
2026-08-13 13:49:53.801 | INFO    | 		Epoch: 75  loss_vamb: 1.19043e-01  ab_vamb: 5.78478e-03  ce_vamb: 0.00000e+00  sse_vamb: 9.61743e-02  kld_vamb: 1.70796e-02  loss_labels: 7.17116e-03  ce_labels_labels: 1.34377e-03  kld_labels: 3.72953e+01  correct_labels_labels: 0.00000e+00  loss_joint: 1.17512e-01  ce_joint: 0.00000e+00  sse_joint: 2.18442e+01  ce_labels_joint: 3.82569e-03  kld_vamb_joint: 3.51862e+00  kld_labels_joint: 6.54483e+00  correct_labels_joint: 0.00000e+00  loss: 2.43727e-01
2026-08-13 13:49:54.539 | INFO    | 		Epoch: 76  loss_vamb: 1.17538e-01  ab_vamb: 5.22830e-03  ce_vamb: 0.00000e+00  sse_vamb: 9.51688e-02  kld_vamb: 1.71473e-02  loss_labels: 7.12786e-03  ce_labels_labels: 1.34988e-03  kld_labels: 3.69791e+01  correct_labels_labels: 0.00000e+00  loss_joint: 1.16626e-01  ce_joint: 0.00000e+00  sse_joint: 2.17287e+01  ce_labels_joint: 3.57641e-03  kld_vamb_joint: 3.49488e+00  kld_labels_joint: 6.56058e+00  correct_labels_joint: 0.00000e+00  loss: 2.41291e-01
2026-08-13 13:49:55.289 | INFO    | 		Epoch: 77  loss_vamb: 1.17481e-01  ab_vamb: 4.91846e-03  ce_vamb: 0.00000e+00  sse_vamb: 9.55537e-02  kld_vamb: 1.70645e-02  loss_labels: 6.88895e-03  ce_labels_labels: 1.13544e-03  kld_labels: 3.68224e+01  correct_labels_labels: 0.00000e+00  loss_joint: 1.15555e-01  ce_joint: 0.00000e+00  sse_joint: 2.15888e+01  ce_labels_joint: 3.54465e-03  kld_vamb_joint: 3.51592e+00  kld_labels_joint: 6.56887e+00  correct_labels_joint: 0.00000e+00  loss: 2.39925e-01
2026-08-13 13:49:56.034 | INFO    | 		Epoch: 78  loss_vamb: 1.17615e-01  ab_vamb: 5.40250e-03  ce_vamb: 0.00000e+00  sse_vamb: 9.51104e-02  kld_vamb: 1.70518e-02  loss_labels: 7.08064e-03  ce_labels_labels: 1.32916e-03  kld_labels: 3.68095e+01  correct_labels_labels: 0.00000e+00  loss_joint: 1.15808e-01  ce_joint: 0.00000e+00  sse_joint: 2.16583e+01  ce_labels_joint: 2.89070e-03  kld_vamb_joint: 3.49823e+00  kld_labels_joint: 6.56666e+00  correct_labels_joint: 0.00000e+00  loss: 2.40504e-01
2026-08-13 13:49:56.768 | INFO    | 		Epoch: 79  loss_vamb: 1.16787e-01  ab_vamb: 5.17995e-03  ce_vamb: 0.00000e+00  sse_vamb: 9.47348e-02  kld_vamb: 1.69827e-02  loss_labels: 6.98228e-03  ce_labels_labels: 1.22619e-03  kld_labels: 3.68390e+01  correct_labels_labels: 0.00000e+00  loss_joint: 1.14588e-01  ce_joint: 0.00000e+00  sse_joint: 2.15701e+01  ce_labels_joint: 2.63592e-03  kld_vamb_joint: 3.52899e+00  kld_labels_joint: 6.59846e+00  correct_labels_joint: 0.00000e+00  loss: 2.38357e-01
2026-08-13 13:49:57.408 | INFO    | 		Epoch: 80  loss_vamb: 1.17028e-01  ab_vamb: 5.31630e-03  ce_vamb: 0.00000e+00  sse_vamb: 9.47577e-02  kld_vamb: 1.70168e-02  loss_labels: 6.82125e-03  ce_labels_labels: 1.08186e-03  kld_labels: 3.67321e+01  correct_labels_labels: 0.00000e+00  loss_joint: 1.14237e-01  ce_joint: 0.00000e+00  sse_joint: 2.13882e+01  ce_labels_joint: 2.63894e-03  kld_vamb_joint: 3.52952e+00  kld_labels_joint: 6.62168e+00  correct_labels_joint: 0.00000e+00  loss: 2.38086e-01
2026-08-13 13:49:58.153 | INFO    | 		Epoch: 81  loss_vamb: 1.17459e-01  ab_vamb: 5.36026e-03  ce_vamb: 0.00000e+00  sse_vamb: 9.53782e-02  kld_vamb: 1.70215e-02  loss_labels: 6.94170e-03  ce_labels_labels: 1.21016e-03  kld_labels: 3.66819e+01  correct_labels_labels: 0.00000e+00  loss_joint: 1.14460e-01  ce_joint: 0.00000e+00  sse_joint: 2.15098e+01  ce_labels_joint: 2.82821e-03  kld_vamb_joint: 3.52650e+00  kld_labels_joint: 6.63868e+00  correct_labels_joint: 0.00000e+00  loss: 2.38861e-01
2026-08-13 13:49:58.858 | INFO    | 		Epoch: 82  loss_vamb: 1.17015e-01  ab_vamb: 5.28927e-03  ce_vamb: 0.00000e+00  sse_vamb: 9.45339e-02  kld_vamb: 1.71028e-02  loss_labels: 7.13300e-03  ce_labels_labels: 1.42042e-03  kld_labels: 3.65605e+01  correct_labels_labels: 0.00000e+00  loss_joint: 1.14070e-01  ce_joint: 0.00000e+00  sse_joint: 2.14296e+01  ce_labels_joint: 2.42846e-03  kld_vamb_joint: 3.52363e+00  kld_labels_joint: 6.66718e+00  correct_labels_joint: 0.00000e+00  loss: 2.38218e-01
2026-08-13 13:49:59.553 | INFO    | 		Epoch: 83  loss_vamb: 1.15961e-01  ab_vamb: 4.92720e-03  ce_vamb: 0.00000e+00  sse_vamb: 9.39530e-02  kld_vamb: 1.71426e-02  loss_labels: 6.90457e-03  ce_labels_labels: 1.17932e-03  kld_labels: 3.66416e+01  correct_labels_labels: 0.00000e+00  loss_joint: 1.12789e-01  ce_joint: 0.00000e+00  sse_joint: 2.12220e+01  ce_labels_joint: 2.66767e-03  kld_vamb_joint: 3.52100e+00  kld_labels_joint: 6.69993e+00  correct_labels_joint: 0.00000e+00  loss: 2.35654e-01
2026-08-13 13:50:00.223 | INFO    | 		Epoch: 84  loss_vamb: 1.15711e-01  ab_vamb: 4.92096e-03  ce_vamb: 0.00000e+00  sse_vamb: 9.36848e-02  kld_vamb: 1.71775e-02  loss_labels: 7.37787e-03  ce_labels_labels: 1.67738e-03  kld_labels: 3.64831e+01  correct_labels_labels: 0.00000e+00  loss_joint: 1.12866e-01  ce_joint: 0.00000e+00  sse_joint: 2.12436e+01  ce_labels_joint: 2.54666e-03  kld_vamb_joint: 3.50004e+00  kld_labels_joint: 6.70523e+00  correct_labels_joint: 0.00000e+00  loss: 2.35955e-01
2026-08-13 13:50:00.983 | INFO    | 		Epoch: 85  loss_vamb: 1.15776e-01  ab_vamb: 4.84986e-03  ce_vamb: 0.00000e+00  sse_vamb: 9.39318e-02  kld_vamb: 1.71343e-02  loss_labels: 7.12709e-03  ce_labels_labels: 1.39311e-03  kld_labels: 3.66975e+01  correct_labels_labels: 0.00000e+00  loss_joint: 1.12408e-01  ce_joint: 0.00000e+00  sse_joint: 2.12738e+01  ce_labels_joint: 1.98760e-03  kld_vamb_joint: 3.50174e+00  kld_labels_joint: 6.70643e+00  correct_labels_joint: 0.00000e+00  loss: 2.35311e-01
2026-08-13 13:50:01.774 | INFO    | 		Epoch: 86  loss_vamb: 1.15709e-01  ab_vamb: 4.85078e-03  ce_vamb: 0.00000e+00  sse_vamb: 9.37732e-02  kld_vamb: 1.71121e-02  loss_labels: 7.32230e-03  ce_labels_labels: 1.54850e-03  kld_labels: 3.69523e+01  correct_labels_labels: 0.00000e+00  loss_joint: 1.12139e-01  ce_joint: 0.00000e+00  sse_joint: 2.11139e+01  ce_labels_joint: 2.14287e-03  kld_vamb_joint: 3.50665e+00  kld_labels_joint: 6.74390e+00  correct_labels_joint: 0.00000e+00  loss: 2.35171e-01
2026-08-13 13:50:02.483 | INFO    | 		Epoch: 87  loss_vamb: 1.15890e-01  ab_vamb: 5.38961e-03  ce_vamb: 0.00000e+00  sse_vamb: 9.33500e-02  kld_vamb: 1.71191e-02  loss_labels: 6.51304e-03  ce_labels_labels: 7.55906e-04  kld_labels: 3.68457e+01  correct_labels_labels: 0.00000e+00  loss_joint: 1.12277e-01  ce_joint: 0.00000e+00  sse_joint: 2.10838e+01  ce_labels_joint: 2.34935e-03  kld_vamb_joint: 3.50579e+00  kld_labels_joint: 6.76649e+00  correct_labels_joint: 0.00000e+00  loss: 2.34680e-01
2026-08-13 13:50:03.084 | INFO    | 		Epoch: 88  loss_vamb: 1.15465e-01  ab_vamb: 4.95571e-03  ce_vamb: 0.00000e+00  sse_vamb: 9.33398e-02  kld_vamb: 1.71734e-02  loss_labels: 6.54307e-03  ce_labels_labels: 8.38399e-04  kld_labels: 3.65099e+01  correct_labels_labels: 0.00000e+00  loss_joint: 1.11533e-01  ce_joint: 0.00000e+00  sse_joint: 2.10501e+01  ce_labels_joint: 2.44384e-03  kld_vamb_joint: 3.51377e+00  kld_labels_joint: 6.80617e+00  correct_labels_joint: 0.00000e+00  loss: 2.33541e-01
2026-08-13 13:50:03.851 | INFO    | 		Epoch: 89  loss_vamb: 1.15014e-01  ab_vamb: 4.66770e-03  ce_vamb: 0.00000e+00  sse_vamb: 9.33276e-02  kld_vamb: 1.72253e-02  loss_labels: 7.28409e-03  ce_labels_labels: 1.60993e-03  kld_labels: 3.63146e+01  correct_labels_labels: 0.00000e+00  loss_joint: 1.11049e-01  ce_joint: 0.00000e+00  sse_joint: 2.09887e+01  ce_labels_joint: 2.21536e-03  kld_vamb_joint: 3.47737e+00  kld_labels_joint: 6.81240e+00  correct_labels_joint: 0.00000e+00  loss: 2.33347e-01
2026-08-13 13:50:04.643 | INFO    | 		Epoch: 90  loss_vamb: 1.17148e-01  ab_vamb: 6.56651e-03  ce_vamb: 0.00000e+00  sse_vamb: 9.33751e-02  kld_vamb: 1.72336e-02  loss_labels: 6.64957e-03  ce_labels_labels: 1.00709e-03  kld_labels: 3.61119e+01  correct_labels_labels: 0.00000e+00  loss_joint: 1.13317e-01  ce_joint: 0.00000e+00  sse_joint: 2.10141e+01  ce_labels_joint: 2.97552e-03  kld_vamb_joint: 3.49469e+00  kld_labels_joint: 6.83914e+00  correct_labels_joint: 0.00000e+00  loss: 2.37115e-01
2026-08-13 13:50:05.404 | INFO    | 		Epoch: 91  loss_vamb: 1.15851e-01  ab_vamb: 5.92161e-03  ce_vamb: 0.00000e+00  sse_vamb: 9.26018e-02  kld_vamb: 1.73140e-02  loss_labels: 6.64381e-03  ce_labels_labels: 1.03586e-03  kld_labels: 3.58908e+01  correct_labels_labels: 0.00000e+00  loss_joint: 1.11188e-01  ce_joint: 0.00000e+00  sse_joint: 2.08413e+01  ce_labels_joint: 2.03945e-03  kld_vamb_joint: 3.49364e+00  kld_labels_joint: 6.88918e+00  correct_labels_joint: 0.00000e+00  loss: 2.33683e-01
2026-08-13 13:50:06.082 | INFO    | 		Epoch: 92  loss_vamb: 1.15389e-01  ab_vamb: 5.36352e-03  ce_vamb: 0.00000e+00  sse_vamb: 9.27990e-02  kld_vamb: 1.73329e-02  loss_labels: 6.58314e-03  ce_labels_labels: 9.70639e-04  kld_labels: 3.59200e+01  correct_labels_labels: 0.00000e+00  loss_joint: 1.11273e-01  ce_joint: 0.00000e+00  sse_joint: 2.09244e+01  ce_labels_joint: 2.74071e-03  kld_vamb_joint: 3.50686e+00  kld_labels_joint: 6.88843e+00  correct_labels_joint: 0.00000e+00  loss: 2.33245e-01
2026-08-13 13:50:06.669 | INFO    | 		Epoch: 93  loss_vamb: 1.15908e-01  ab_vamb: 5.50913e-03  ce_vamb: 0.00000e+00  sse_vamb: 9.30014e-02  kld_vamb: 1.73893e-02  loss_labels: 6.75863e-03  ce_labels_labels: 1.16005e-03  kld_labels: 3.58309e+01  correct_labels_labels: 0.00000e+00  loss_joint: 1.11227e-01  ce_joint: 0.00000e+00  sse_joint: 2.09489e+01  ce_labels_joint: 2.22841e-03  kld_vamb_joint: 3.48151e+00  kld_labels_joint: 6.87640e+00  correct_labels_joint: 0.00000e+00  loss: 2.33893e-01
2026-08-13 13:50:07.399 | INFO    | 		Epoch: 94  loss_vamb: 1.16403e-01  ab_vamb: 6.27305e-03  ce_vamb: 0.00000e+00  sse_vamb: 9.27519e-02  kld_vamb: 1.73719e-02  loss_labels: 7.02760e-03  ce_labels_labels: 1.43841e-03  kld_labels: 3.57708e+01  correct_labels_labels: 0.00000e+00  loss_joint: 1.11166e-01  ce_joint: 0.00000e+00  sse_joint: 2.07309e+01  ce_labels_joint: 2.51850e-03  kld_vamb_joint: 3.49080e+00  kld_labels_joint: 6.91790e+00  correct_labels_joint: 0.00000e+00  loss: 2.34597e-01
2026-08-13 13:50:08.133 | INFO    | 		Epoch: 95  loss_vamb: 1.14560e-01  ab_vamb: 4.67853e-03  ce_vamb: 0.00000e+00  sse_vamb: 9.23624e-02  kld_vamb: 1.74344e-02  loss_labels: 6.63107e-03  ce_labels_labels: 1.03938e-03  kld_labels: 3.57868e+01  correct_labels_labels: 0.00000e+00  loss_joint: 1.10307e-01  ce_joint: 0.00000e+00  sse_joint: 2.07708e+01  ce_labels_joint: 2.41826e-03  kld_vamb_joint: 3.49541e+00  kld_labels_joint: 6.95038e+00  correct_labels_joint: 0.00000e+00  loss: 2.31498e-01
2026-08-13 13:50:08.874 | INFO    | 		Epoch: 96  loss_vamb: 1.14145e-01  ab_vamb: 4.76368e-03  ce_vamb: 0.00000e+00  sse_vamb: 9.20658e-02  kld_vamb: 1.74417e-02  loss_labels: 6.61402e-03  ce_labels_labels: 1.02914e-03  kld_labels: 3.57432e+01  correct_labels_labels: 0.00000e+00  loss_joint: 1.09414e-01  ce_joint: 0.00000e+00  sse_joint: 2.06737e+01  ce_labels_joint: 2.29925e-03  kld_vamb_joint: 3.50370e+00  kld_labels_joint: 6.96090e+00  correct_labels_joint: 0.00000e+00  loss: 2.30173e-01
2026-08-13 13:50:09.672 | INFO    | 		Epoch: 97  loss_vamb: 1.14252e-01  ab_vamb: 4.86813e-03  ce_vamb: 0.00000e+00  sse_vamb: 9.19693e-02  kld_vamb: 1.74195e-02  loss_labels: 6.88706e-03  ce_labels_labels: 1.32120e-03  kld_labels: 3.56215e+01  correct_labels_labels: 0.00000e+00  loss_joint: 1.09958e-01  ce_joint: 0.00000e+00  sse_joint: 2.07064e+01  ce_labels_joint: 2.44048e-03  kld_vamb_joint: 3.50046e+00  kld_labels_joint: 6.96096e+00  correct_labels_joint: 0.00000e+00  loss: 2.31096e-01
2026-08-13 13:50:10.423 | INFO    | 		Epoch: 98  loss_vamb: 1.14087e-01  ab_vamb: 4.86101e-03  ce_vamb: 0.00000e+00  sse_vamb: 9.17161e-02  kld_vamb: 1.74510e-02  loss_labels: 6.72339e-03  ce_labels_labels: 1.13266e-03  kld_labels: 3.57807e+01  correct_labels_labels: 0.00000e+00  loss_joint: 1.09289e-01  ce_joint: 0.00000e+00  sse_joint: 2.06544e+01  ce_labels_joint: 1.97269e-03  kld_vamb_joint: 3.49860e+00  kld_labels_joint: 6.94994e+00  correct_labels_joint: 0.00000e+00  loss: 2.30099e-01
2026-08-13 13:50:11.098 | INFO    | 		Epoch: 99  loss_vamb: 1.13769e-01  ab_vamb: 4.48948e-03  ce_vamb: 0.00000e+00  sse_vamb: 9.20448e-02  kld_vamb: 1.74255e-02  loss_labels: 6.60871e-03  ce_labels_labels: 9.85249e-04  kld_labels: 3.59902e+01  correct_labels_labels: 0.00000e+00  loss_joint: 1.09289e-01  ce_joint: 0.00000e+00  sse_joint: 2.07090e+01  ce_labels_joint: 2.35783e-03  kld_vamb_joint: 3.51447e+00  kld_labels_joint: 6.97573e+00  correct_labels_joint: 0.00000e+00  loss: 2.29667e-01
2026-08-13 13:50:11.776 | INFO    | 		Epoch: 100  loss_vamb: 1.14172e-01  ab_vamb: 4.93487e-03  ce_vamb: 0.00000e+00  sse_vamb: 9.18513e-02  kld_vamb: 1.73994e-02  loss_labels: 7.33053e-03  ce_labels_labels: 1.72391e-03  kld_labels: 3.58824e+01  correct_labels_labels: 0.00000e+00  loss_joint: 1.09917e-01  ce_joint: 0.00000e+00  sse_joint: 2.06270e+01  ce_labels_joint: 2.88912e-03  kld_vamb_joint: 3.52430e+00  kld_labels_joint: 6.99767e+00  correct_labels_joint: 0.00000e+00  loss: 2.31419e-01
2026-08-13 13:50:12.528 | INFO    | 		Epoch: 101  loss_vamb: 1.14264e-01  ab_vamb: 5.46974e-03  ce_vamb: 0.00000e+00  sse_vamb: 9.14050e-02  kld_vamb: 1.74258e-02  loss_labels: 7.53803e-03  ce_labels_labels: 1.91603e-03  kld_labels: 3.59808e+01  correct_labels_labels: 0.00000e+00  loss_joint: 1.10332e-01  ce_joint: 0.00000e+00  sse_joint: 2.05640e+01  ce_labels_joint: 2.86106e-03  kld_vamb_joint: 3.52857e+00  kld_labels_joint: 7.02506e+00  correct_labels_joint: 0.00000e+00  loss: 2.32134e-01
2026-08-13 13:50:13.196 | INFO    | 		Epoch: 102  loss_vamb: 1.14188e-01  ab_vamb: 5.33646e-03  ce_vamb: 0.00000e+00  sse_vamb: 9.14435e-02  kld_vamb: 1.74229e-02  loss_labels: 6.78113e-03  ce_labels_labels: 1.12302e-03  kld_labels: 3.62119e+01  correct_labels_labels: 0.00000e+00  loss_joint: 1.08922e-01  ce_joint: 0.00000e+00  sse_joint: 2.04950e+01  ce_labels_joint: 2.29696e-03  kld_vamb_joint: 3.51161e+00  kld_labels_joint: 7.04016e+00  correct_labels_joint: 0.00000e+00  loss: 2.29891e-01
2026-08-13 13:50:13.891 | INFO    | 		Epoch: 103  loss_vamb: 1.14492e-01  ab_vamb: 5.54248e-03  ce_vamb: 0.00000e+00  sse_vamb: 9.14712e-02  kld_vamb: 1.74590e-02  loss_labels: 6.52785e-03  ce_labels_labels: 8.58625e-04  kld_labels: 3.62831e+01  correct_labels_labels: 0.00000e+00  loss_joint: 1.08798e-01  ce_joint: 0.00000e+00  sse_joint: 2.04341e+01  ce_labels_joint: 2.20922e-03  kld_vamb_joint: 3.52827e+00  kld_labels_joint: 7.05398e+00  correct_labels_joint: 0.00000e+00  loss: 2.29818e-01
2026-08-13 13:50:14.620 | INFO    | 		Epoch: 104  loss_vamb: 1.14929e-01  ab_vamb: 6.41266e-03  ce_vamb: 0.00000e+00  sse_vamb: 9.11038e-02  kld_vamb: 1.74314e-02  loss_labels: 6.54887e-03  ce_labels_labels: 8.90913e-04  kld_labels: 3.62109e+01  correct_labels_labels: 0.00000e+00  loss_joint: 1.09257e-01  ce_joint: 0.00000e+00  sse_joint: 2.04337e+01  ce_labels_joint: 1.95794e-03  kld_vamb_joint: 3.52461e+00  kld_labels_joint: 7.07518e+00  correct_labels_joint: 0.00000e+00  loss: 2.30735e-01
2026-08-13 13:50:15.363 | INFO    | 		Epoch: 105  loss_vamb: 1.13987e-01  ab_vamb: 5.08005e-03  ce_vamb: 0.00000e+00  sse_vamb: 9.13692e-02  kld_vamb: 1.75033e-02  loss_labels: 6.55530e-03  ce_labels_labels: 9.47168e-04  kld_labels: 3.58921e+01  correct_labels_labels: 0.00000e+00  loss_joint: 1.08876e-01  ce_joint: 0.00000e+00  sse_joint: 2.04530e+01  ce_labels_joint: 2.64192e-03  kld_vamb_joint: 3.53602e+00  kld_labels_joint: 7.10586e+00  correct_labels_joint: 0.00000e+00  loss: 2.29419e-01
2026-08-13 13:50:16.142 | INFO    | 		Epoch: 106  loss_vamb: 1.15040e-01  ab_vamb: 6.32613e-03  ce_vamb: 0.00000e+00  sse_vamb: 9.11903e-02  kld_vamb: 1.75830e-02  loss_labels: 7.06144e-03  ce_labels_labels: 1.48744e-03  kld_labels: 3.56736e+01  correct_labels_labels: 0.00000e+00  loss_joint: 1.10191e-01  ce_joint: 0.00000e+00  sse_joint: 2.03690e+01  ce_labels_joint: 3.04806e-03  kld_vamb_joint: 3.53200e+00  kld_labels_joint: 7.13630e+00  correct_labels_joint: 0.00000e+00  loss: 2.32293e-01
2026-08-13 13:50:16.857 | INFO    | 		Epoch: 107  loss_vamb: 1.14411e-01  ab_vamb: 5.97952e-03  ce_vamb: 0.00000e+00  sse_vamb: 9.07583e-02  kld_vamb: 1.76162e-02  loss_labels: 7.24393e-03  ce_labels_labels: 1.70487e-03  kld_labels: 3.54500e+01  correct_labels_labels: 0.00000e+00  loss_joint: 1.10036e-01  ce_joint: 0.00000e+00  sse_joint: 2.02768e+01  ce_labels_joint: 3.47712e-03  kld_vamb_joint: 3.48953e+00  kld_labels_joint: 7.10129e+00  correct_labels_joint: 0.00000e+00  loss: 2.31691e-01
2026-08-13 13:50:17.569 | INFO    | 		Epoch: 108  loss_vamb: 1.13535e-01  ab_vamb: 5.45804e-03  ce_vamb: 0.00000e+00  sse_vamb: 9.05382e-02  kld_vamb: 1.76415e-02  loss_labels: 6.25478e-03  ce_labels_labels: 6.59345e-04  kld_labels: 3.58108e+01  correct_labels_labels: 0.00000e+00  loss_joint: 1.09404e-01  ce_joint: 0.00000e+00  sse_joint: 2.03787e+01  ce_labels_joint: 3.38006e-03  kld_vamb_joint: 3.52092e+00  kld_labels_joint: 7.13136e+00  correct_labels_joint: 0.00000e+00  loss: 2.29194e-01
2026-08-13 13:50:18.298 | INFO    | 		Epoch: 109  loss_vamb: 1.13372e-01  ab_vamb: 5.36354e-03  ce_vamb: 0.00000e+00  sse_vamb: 9.03040e-02  kld_vamb: 1.76779e-02  loss_labels: 7.02901e-03  ce_labels_labels: 1.45443e-03  kld_labels: 3.56773e+01  correct_labels_labels: 0.00000e+00  loss_joint: 1.07024e-01  ce_joint: 0.00000e+00  sse_joint: 2.01786e+01  ce_labels_joint: 1.80294e-03  kld_vamb_joint: 3.50435e+00  kld_labels_joint: 7.11897e+00  correct_labels_joint: 0.00000e+00  loss: 2.27425e-01
2026-08-13 13:50:18.996 | INFO    | 		Epoch: 110  loss_vamb: 1.13621e-01  ab_vamb: 5.69783e-03  ce_vamb: 0.00000e+00  sse_vamb: 9.02228e-02  kld_vamb: 1.76778e-02  loss_labels: 6.33070e-03  ce_labels_labels: 7.24561e-04  kld_labels: 3.58793e+01  correct_labels_labels: 0.00000e+00  loss_joint: 1.08868e-01  ce_joint: 0.00000e+00  sse_joint: 2.02466e+01  ce_labels_joint: 2.64856e-03  kld_vamb_joint: 3.52334e+00  kld_labels_joint: 7.15765e+00  correct_labels_joint: 0.00000e+00  loss: 2.28820e-01
2026-08-13 13:50:19.721 | INFO    | 		Epoch: 111  loss_vamb: 1.13767e-01  ab_vamb: 5.69698e-03  ce_vamb: 0.00000e+00  sse_vamb: 9.04237e-02  kld_vamb: 1.76783e-02  loss_labels: 6.60332e-03  ce_labels_labels: 1.04500e-03  kld_labels: 3.55732e+01  correct_labels_labels: 0.00000e+00  loss_joint: 1.08534e-01  ce_joint: 0.00000e+00  sse_joint: 2.02534e+01  ce_labels_joint: 2.54269e-03  kld_vamb_joint: 3.51558e+00  kld_labels_joint: 7.14189e+00  correct_labels_joint: 0.00000e+00  loss: 2.28904e-01
2026-08-13 13:50:20.441 | INFO    | 		Epoch: 112  loss_vamb: 1.13964e-01  ab_vamb: 6.00856e-03  ce_vamb: 0.00000e+00  sse_vamb: 9.02566e-02  kld_vamb: 1.76504e-02  loss_labels: 6.57127e-03  ce_labels_labels: 1.00103e-03  kld_labels: 3.56495e+01  correct_labels_labels: 0.00000e+00  loss_joint: 1.09147e-01  ce_joint: 0.00000e+00  sse_joint: 2.02341e+01  ce_labels_joint: 2.57332e-03  kld_vamb_joint: 3.54712e+00  kld_labels_joint: 7.21271e+00  correct_labels_joint: 0.00000e+00  loss: 2.29682e-01
2026-08-13 13:50:21.205 | INFO    | 		Epoch: 113  loss_vamb: 1.12921e-01  ab_vamb: 5.34495e-03  ce_vamb: 0.00000e+00  sse_vamb: 8.99573e-02  kld_vamb: 1.76333e-02  loss_labels: 6.46227e-03  ce_labels_labels: 8.82852e-04  kld_labels: 3.57083e+01  correct_labels_labels: 0.00000e+00  loss_joint: 1.07822e-01  ce_joint: 0.00000e+00  sse_joint: 2.02714e+01  ce_labels_joint: 2.29568e-03  kld_vamb_joint: 3.55220e+00  kld_labels_joint: 7.23057e+00  correct_labels_joint: 0.00000e+00  loss: 2.27205e-01
2026-08-13 13:50:21.931 | INFO    | 		Epoch: 114  loss_vamb: 1.13956e-01  ab_vamb: 6.27835e-03  ce_vamb: 0.00000e+00  sse_vamb: 8.99551e-02  kld_vamb: 1.76514e-02  loss_labels: 6.81023e-03  ce_labels_labels: 1.24149e-03  kld_labels: 3.56400e+01  correct_labels_labels: 0.00000e+00  loss_joint: 1.08327e-01  ce_joint: 0.00000e+00  sse_joint: 2.00617e+01  ce_labels_joint: 2.64188e-03  kld_vamb_joint: 3.56174e+00  kld_labels_joint: 7.26030e+00  correct_labels_joint: 0.00000e+00  loss: 2.29094e-01
2026-08-13 13:50:22.685 | INFO    | 		Epoch: 115  loss_vamb: 1.12443e-01  ab_vamb: 5.08234e-03  ce_vamb: 0.00000e+00  sse_vamb: 8.95726e-02  kld_vamb: 1.76832e-02  loss_labels: 6.89757e-03  ce_labels_labels: 1.33012e-03  kld_labels: 3.56317e+01  correct_labels_labels: 0.00000e+00  loss_joint: 1.07257e-01  ce_joint: 0.00000e+00  sse_joint: 2.00789e+01  ce_labels_joint: 2.69297e-03  kld_vamb_joint: 3.57522e+00  kld_labels_joint: 7.28120e+00  correct_labels_joint: 0.00000e+00  loss: 2.26598e-01
2026-08-13 13:50:23.473 | INFO    | 		Epoch: 116  loss_vamb: 1.12431e-01  ab_vamb: 4.90987e-03  ce_vamb: 0.00000e+00  sse_vamb: 8.97052e-02  kld_vamb: 1.77660e-02  loss_labels: 6.57113e-03  ce_labels_labels: 1.02750e-03  kld_labels: 3.54792e+01  correct_labels_labels: 0.00000e+00  loss_joint: 1.05892e-01  ce_joint: 0.00000e+00  sse_joint: 2.00513e+01  ce_labels_joint: 1.89928e-03  kld_vamb_joint: 3.56952e+00  kld_labels_joint: 7.30807e+00  correct_labels_joint: 0.00000e+00  loss: 2.24894e-01
2026-08-13 13:50:24.122 | INFO    | 		Epoch: 117  loss_vamb: 1.11314e-01  ab_vamb: 4.50955e-03  ce_vamb: 0.00000e+00  sse_vamb: 8.89051e-02  kld_vamb: 1.78096e-02  loss_labels: 6.21218e-03  ce_labels_labels: 6.74212e-04  kld_labels: 3.54430e+01  correct_labels_labels: 0.00000e+00  loss_joint: 1.05312e-01  ce_joint: 0.00000e+00  sse_joint: 1.99515e+01  ce_labels_joint: 1.79549e-03  kld_vamb_joint: 3.56117e+00  kld_labels_joint: 7.29127e+00  correct_labels_joint: 0.00000e+00  loss: 2.22839e-01
2026-08-13 13:50:24.906 | INFO    | 		Epoch: 118  loss_vamb: 1.11432e-01  ab_vamb: 4.43449e-03  ce_vamb: 0.00000e+00  sse_vamb: 8.90423e-02  kld_vamb: 1.78676e-02  loss_labels: 6.13958e-03  ce_labels_labels: 6.65621e-04  kld_labels: 3.50333e+01  correct_labels_labels: 0.00000e+00  loss_joint: 1.06071e-01  ce_joint: 0.00000e+00  sse_joint: 2.00226e+01  ce_labels_joint: 2.28593e-03  kld_vamb_joint: 3.57233e+00  kld_labels_joint: 7.35238e+00  correct_labels_joint: 0.00000e+00  loss: 2.23642e-01
2026-08-13 13:50:25.506 | INFO    | 		Epoch: 119  loss_vamb: 1.12130e-01  ab_vamb: 5.07707e-03  ce_vamb: 0.00000e+00  sse_vamb: 8.92675e-02  kld_vamb: 1.77924e-02  loss_labels: 6.60955e-03  ce_labels_labels: 1.16537e-03  kld_labels: 3.48427e+01  correct_labels_labels: 0.00000e+00  loss_joint: 1.05863e-01  ce_joint: 0.00000e+00  sse_joint: 1.99865e+01  ce_labels_joint: 1.76621e-03  kld_vamb_joint: 3.58225e+00  kld_labels_joint: 7.37999e+00  correct_labels_joint: 0.00000e+00  loss: 2.24603e-01
2026-08-13 13:50:26.292 | INFO    | 		Epoch: 120  loss_vamb: 1.12562e-01  ab_vamb: 5.14829e-03  ce_vamb: 0.00000e+00  sse_vamb: 8.96026e-02  kld_vamb: 1.78373e-02  loss_labels: 6.41060e-03  ce_labels_labels: 1.03499e-03  kld_labels: 3.44039e+01  correct_labels_labels: 0.00000e+00  loss_joint: 1.05815e-01  ce_joint: 0.00000e+00  sse_joint: 2.00610e+01  ce_labels_joint: 1.69914e-03  kld_vamb_joint: 3.58983e+00  kld_labels_joint: 7.43396e+00  correct_labels_joint: 0.00000e+00  loss: 2.24787e-01
2026-08-13 13:50:27.063 | INFO    | 		Epoch: 121  loss_vamb: 1.11194e-01  ab_vamb: 4.71733e-03  ce_vamb: 0.00000e+00  sse_vamb: 8.86505e-02  kld_vamb: 1.78285e-02  loss_labels: 6.99155e-03  ce_labels_labels: 1.58801e-03  kld_labels: 3.45826e+01  correct_labels_labels: 0.00000e+00  loss_joint: 1.05539e-01  ce_joint: 0.00000e+00  sse_joint: 1.99001e+01  ce_labels_joint: 2.18723e-03  kld_vamb_joint: 3.59559e+00  kld_labels_joint: 7.44666e+00  correct_labels_joint: 0.00000e+00  loss: 2.23725e-01
2026-08-13 13:50:27.850 | INFO    | 		Epoch: 122  loss_vamb: 1.11548e-01  ab_vamb: 4.82472e-03  ce_vamb: 0.00000e+00  sse_vamb: 8.89743e-02  kld_vamb: 1.77737e-02  loss_labels: 6.21465e-03  ce_labels_labels: 8.11314e-04  kld_labels: 3.45814e+01  correct_labels_labels: 0.00000e+00  loss_joint: 1.05970e-01  ce_joint: 0.00000e+00  sse_joint: 1.98742e+01  ce_labels_joint: 2.72490e-03  kld_vamb_joint: 3.59735e+00  kld_labels_joint: 7.43662e+00  correct_labels_joint: 0.00000e+00  loss: 2.23733e-01
2026-08-13 13:50:28.626 | INFO    | 		Epoch: 123  loss_vamb: 1.12193e-01  ab_vamb: 5.56329e-03  ce_vamb: 0.00000e+00  sse_vamb: 8.85949e-02  kld_vamb: 1.78657e-02  loss_labels: 7.34289e-03  ce_labels_labels: 1.88808e-03  kld_labels: 3.49108e+01  correct_labels_labels: 0.00000e+00  loss_joint: 1.06828e-01  ce_joint: 0.00000e+00  sse_joint: 1.99135e+01  ce_labels_joint: 2.82973e-03  kld_vamb_joint: 3.59116e+00  kld_labels_joint: 7.43947e+00  correct_labels_joint: 0.00000e+00  loss: 2.26364e-01
2026-08-13 13:50:29.309 | INFO    | 		Epoch: 124  loss_vamb: 1.11256e-01  ab_vamb: 4.45747e-03  ce_vamb: 0.00000e+00  sse_vamb: 8.88925e-02  kld_vamb: 1.79104e-02  loss_labels: 6.51792e-03  ce_labels_labels: 1.07329e-03  kld_labels: 3.48456e+01  correct_labels_labels: 0.00000e+00  loss_joint: 1.04588e-01  ce_joint: 0.00000e+00  sse_joint: 1.98297e+01  ce_labels_joint: 1.63680e-03  kld_vamb_joint: 3.60210e+00  kld_labels_joint: 7.45488e+00  correct_labels_joint: 0.00000e+00  loss: 2.22362e-01
2026-08-13 13:50:30.001 | INFO    | 		Epoch: 125  loss_vamb: 1.11392e-01  ab_vamb: 4.87482e-03  ce_vamb: 0.00000e+00  sse_vamb: 8.85891e-02  kld_vamb: 1.79452e-02  loss_labels: 6.38336e-03  ce_labels_labels: 9.08214e-04  kld_labels: 3.50410e+01  correct_labels_labels: 0.00000e+00  loss_joint: 1.05558e-01  ce_joint: 0.00000e+00  sse_joint: 1.98304e+01  ce_labels_joint: 2.64996e-03  kld_vamb_joint: 3.59476e+00  kld_labels_joint: 7.46734e+00  correct_labels_joint: 0.00000e+00  loss: 2.23334e-01
2026-08-13 13:50:30.675 | INFO    | 		Epoch: 126  loss_vamb: 1.10607e-01  ab_vamb: 4.53470e-03  ce_vamb: 0.00000e+00  sse_vamb: 8.80862e-02  kld_vamb: 1.79675e-02  loss_labels: 6.19937e-03  ce_labels_labels: 6.98792e-04  kld_labels: 3.52037e+01  correct_labels_labels: 0.00000e+00  loss_joint: 1.05025e-01  ce_joint: 0.00000e+00  sse_joint: 1.97327e+01  ce_labels_joint: 2.74518e-03  kld_vamb_joint: 3.59281e+00  kld_labels_joint: 7.47586e+00  correct_labels_joint: 0.00000e+00  loss: 2.21831e-01
2026-08-13 13:50:31.449 | INFO    | 		Epoch: 127  loss_vamb: 1.12324e-01  ab_vamb: 5.41886e-03  ce_vamb: 0.00000e+00  sse_vamb: 8.87978e-02  kld_vamb: 1.80268e-02  loss_labels: 6.97594e-03  ce_labels_labels: 1.46938e-03  kld_labels: 3.52420e+01  correct_labels_labels: 0.00000e+00  loss_joint: 1.06571e-01  ce_joint: 0.00000e+00  sse_joint: 1.98448e+01  ce_labels_joint: 2.66000e-03  kld_vamb_joint: 3.58580e+00  kld_labels_joint: 7.50515e+00  correct_labels_joint: 0.00000e+00  loss: 2.25871e-01
2026-08-13 13:50:32.159 | INFO    | 		Epoch: 128  loss_vamb: 1.10814e-01  ab_vamb: 4.97779e-03  ce_vamb: 0.00000e+00  sse_vamb: 8.78788e-02  kld_vamb: 1.79402e-02  loss_labels: 6.68340e-03  ce_labels_labels: 1.16978e-03  kld_labels: 3.52871e+01  correct_labels_labels: 0.00000e+00  loss_joint: 1.04560e-01  ce_joint: 0.00000e+00  sse_joint: 1.96324e+01  ce_labels_joint: 2.32498e-03  kld_vamb_joint: 3.61389e+00  kld_labels_joint: 7.49771e+00  correct_labels_joint: 0.00000e+00  loss: 2.22058e-01
2026-08-13 13:50:32.912 | INFO    | 		Epoch: 129  loss_vamb: 1.11121e-01  ab_vamb: 5.29874e-03  ce_vamb: 0.00000e+00  sse_vamb: 8.78932e-02  kld_vamb: 1.79435e-02  loss_labels: 6.71026e-03  ce_labels_labels: 1.12296e-03  kld_labels: 3.57587e+01  correct_labels_labels: 0.00000e+00  loss_joint: 1.05299e-01  ce_joint: 0.00000e+00  sse_joint: 1.96332e+01  ce_labels_joint: 2.58773e-03  kld_vamb_joint: 3.63307e+00  kld_labels_joint: 7.53497e+00  correct_labels_joint: 0.00000e+00  loss: 2.23131e-01
2026-08-13 13:50:33.644 | INFO    | 		Epoch: 130  loss_vamb: 1.10622e-01  ab_vamb: 4.36422e-03  ce_vamb: 0.00000e+00  sse_vamb: 8.82022e-02  kld_vamb: 1.80134e-02  loss_labels: 6.25401e-03  ce_labels_labels: 6.66980e-04  kld_labels: 3.57570e+01  correct_labels_labels: 0.00000e+00  loss_joint: 1.03725e-01  ce_joint: 0.00000e+00  sse_joint: 1.96596e+01  ce_labels_joint: 1.88323e-03  kld_vamb_joint: 3.64073e+00  kld_labels_joint: 7.56807e+00  correct_labels_joint: 0.00000e+00  loss: 2.20602e-01
2026-08-13 13:50:34.326 | INFO    | 		Epoch: 131  loss_vamb: 1.10522e-01  ab_vamb: 4.98592e-03  ce_vamb: 0.00000e+00  sse_vamb: 8.75245e-02  kld_vamb: 1.80120e-02  loss_labels: 7.17240e-03  ce_labels_labels: 1.59206e-03  kld_labels: 3.57142e+01  correct_labels_labels: 0.00000e+00  loss_joint: 1.04058e-01  ce_joint: 0.00000e+00  sse_joint: 1.95965e+01  ce_labels_joint: 2.27434e-03  kld_vamb_joint: 3.61558e+00  kld_labels_joint: 7.54595e+00  correct_labels_joint: 0.00000e+00  loss: 2.21753e-01
2026-08-13 13:50:35.103 | INFO    | 		Epoch: 132  loss_vamb: 1.09675e-01  ab_vamb: 4.35525e-03  ce_vamb: 0.00000e+00  sse_vamb: 8.71238e-02  kld_vamb: 1.80541e-02  loss_labels: 6.52754e-03  ce_labels_labels: 8.72879e-04  kld_labels: 3.61899e+01  correct_labels_labels: 0.00000e+00  loss_joint: 1.03279e-01  ce_joint: 0.00000e+00  sse_joint: 1.95196e+01  ce_labels_joint: 1.83828e-03  kld_vamb_joint: 3.62544e+00  kld_labels_joint: 7.53718e+00  correct_labels_joint: 0.00000e+00  loss: 2.19481e-01
2026-08-13 13:50:35.696 | INFO    | 		Epoch: 133  loss_vamb: 1.10342e-01  ab_vamb: 4.60619e-03  ce_vamb: 0.00000e+00  sse_vamb: 8.76702e-02  kld_vamb: 1.80406e-02  loss_labels: 6.60893e-03  ce_labels_labels: 9.18524e-04  kld_labels: 3.64186e+01  correct_labels_labels: 0.00000e+00  loss_joint: 1.04403e-01  ce_joint: 0.00000e+00  sse_joint: 1.95998e+01  ce_labels_joint: 1.98895e-03  kld_vamb_joint: 3.62755e+00  kld_labels_joint: 7.54701e+00  correct_labels_joint: 0.00000e+00  loss: 2.21354e-01
2026-08-13 13:50:36.402 | INFO    | 		Epoch: 134  loss_vamb: 1.09921e-01  ab_vamb: 4.79240e-03  ce_vamb: 0.00000e+00  sse_vamb: 8.70800e-02  kld_vamb: 1.80555e-02  loss_labels: 6.32742e-03  ce_labels_labels: 6.58365e-04  kld_labels: 3.62820e+01  correct_labels_labels: 0.00000e+00  loss_joint: 1.02721e-01  ce_joint: 0.00000e+00  sse_joint: 1.94586e+01  ce_labels_joint: 1.59411e-03  kld_vamb_joint: 3.63567e+00  kld_labels_joint: 7.57117e+00  correct_labels_joint: 0.00000e+00  loss: 2.18970e-01
2026-08-13 13:50:37.143 | INFO    | 		Epoch: 135  loss_vamb: 1.10205e-01  ab_vamb: 4.83368e-03  ce_vamb: 0.00000e+00  sse_vamb: 8.72562e-02  kld_vamb: 1.80950e-02  loss_labels: 6.95071e-03  ce_labels_labels: 1.35218e-03  kld_labels: 3.58305e+01  correct_labels_labels: 0.00000e+00  loss_joint: 1.03314e-01  ce_joint: 0.00000e+00  sse_joint: 1.94892e+01  ce_labels_joint: 1.90485e-03  kld_vamb_joint: 3.61061e+00  kld_labels_joint: 7.58235e+00  correct_labels_joint: 0.00000e+00  loss: 2.20471e-01
2026-08-13 13:50:37.886 | INFO    | 		Epoch: 136  loss_vamb: 1.10143e-01  ab_vamb: 4.88068e-03  ce_vamb: 0.00000e+00  sse_vamb: 8.71571e-02  kld_vamb: 1.81110e-02  loss_labels: 6.27462e-03  ce_labels_labels: 7.06945e-04  kld_labels: 3.56331e+01  correct_labels_labels: 0.00000e+00  loss_joint: 1.02759e-01  ce_joint: 0.00000e+00  sse_joint: 1.93614e+01  ce_labels_joint: 2.04590e-03  kld_vamb_joint: 3.62111e+00  kld_labels_joint: 7.62385e+00  correct_labels_joint: 0.00000e+00  loss: 2.19177e-01
2026-08-13 13:50:38.642 | INFO    | 		Epoch: 137  loss_vamb: 1.09446e-01  ab_vamb: 4.43509e-03  ce_vamb: 0.00000e+00  sse_vamb: 8.69607e-02  kld_vamb: 1.80819e-02  loss_labels: 6.83789e-03  ce_labels_labels: 1.32318e-03  kld_labels: 3.52942e+01  correct_labels_labels: 0.00000e+00  loss_joint: 1.03361e-01  ce_joint: 0.00000e+00  sse_joint: 1.93678e+01  ce_labels_joint: 2.81845e-03  kld_vamb_joint: 3.62681e+00  kld_labels_joint: 7.65393e+00  correct_labels_joint: 0.00000e+00  loss: 2.19645e-01
2026-08-13 13:50:39.369 | INFO    | 		Epoch: 138  loss_vamb: 1.09227e-01  ab_vamb: 4.63028e-03  ce_vamb: 0.00000e+00  sse_vamb: 8.63809e-02  kld_vamb: 1.81473e-02  loss_labels: 6.29547e-03  ce_labels_labels: 8.36073e-04  kld_labels: 3.49402e+01  correct_labels_labels: 0.00000e+00  loss_joint: 1.02174e-01  ce_joint: 0.00000e+00  sse_joint: 1.93405e+01  ce_labels_joint: 1.57442e-03  kld_vamb_joint: 3.63099e+00  kld_labels_joint: 7.68418e+00  correct_labels_joint: 0.00000e+00  loss: 2.17696e-01
2026-08-13 13:50:40.074 | INFO    | 		Epoch: 139  loss_vamb: 1.08921e-01  ab_vamb: 4.27746e-03  ce_vamb: 0.00000e+00  sse_vamb: 8.63927e-02  kld_vamb: 1.81437e-02  loss_labels: 6.53192e-03  ce_labels_labels: 1.13718e-03  kld_labels: 3.45263e+01  correct_labels_labels: 0.00000e+00  loss_joint: 1.02977e-01  ce_joint: 0.00000e+00  sse_joint: 1.93428e+01  ce_labels_joint: 2.49746e-03  kld_vamb_joint: 3.63317e+00  kld_labels_joint: 7.71625e+00  correct_labels_joint: 0.00000e+00  loss: 2.18430e-01
2026-08-13 13:50:40.982 | INFO    | 		Epoch: 140  loss_vamb: 1.09186e-01  ab_vamb: 4.30479e-03  ce_vamb: 0.00000e+00  sse_vamb: 8.67723e-02  kld_vamb: 1.81525e-02  loss_labels: 7.30096e-03  ce_labels_labels: 1.87392e-03  kld_labels: 3.47330e+01  correct_labels_labels: 0.00000e+00  loss_joint: 1.02268e-01  ce_joint: 0.00000e+00  sse_joint: 1.93178e+01  ce_labels_joint: 2.05836e-03  kld_vamb_joint: 3.62581e+00  kld_labels_joint: 7.71272e+00  correct_labels_joint: 0.00000e+00  loss: 2.18755e-01
2026-08-13 13:50:41.756 | INFO    | 		Epoch: 141  loss_vamb: 1.08756e-01  ab_vamb: 4.51336e-03  ce_vamb: 0.00000e+00  sse_vamb: 8.60088e-02  kld_vamb: 1.81642e-02  loss_labels: 6.54926e-03  ce_labels_labels: 1.04930e-03  kld_labels: 3.51997e+01  correct_labels_labels: 0.00000e+00  loss_joint: 1.02327e-01  ce_joint: 0.00000e+00  sse_joint: 1.93028e+01  ce_labels_joint: 1.98605e-03  kld_vamb_joint: 3.64461e+00  kld_labels_joint: 7.72392e+00  correct_labels_joint: 0.00000e+00  loss: 2.17633e-01
2026-08-13 13:50:42.523 | INFO    | 		Epoch: 142  loss_vamb: 1.10572e-01  ab_vamb: 5.78685e-03  ce_vamb: 0.00000e+00  sse_vamb: 8.66258e-02  kld_vamb: 1.82082e-02  loss_labels: 6.55987e-03  ce_labels_labels: 1.00886e-03  kld_labels: 3.55265e+01  correct_labels_labels: 0.00000e+00  loss_joint: 1.04075e-01  ce_joint: 0.00000e+00  sse_joint: 1.93479e+01  ce_labels_joint: 2.64825e-03  kld_vamb_joint: 3.63875e+00  kld_labels_joint: 7.73923e+00  correct_labels_joint: 0.00000e+00  loss: 2.21207e-01
2026-08-13 13:50:43.260 | INFO    | 		Epoch: 143  loss_vamb: 1.08444e-01  ab_vamb: 4.16442e-03  ce_vamb: 0.00000e+00  sse_vamb: 8.60760e-02  kld_vamb: 1.82254e-02  loss_labels: 6.55107e-03  ce_labels_labels: 1.00875e-03  kld_labels: 3.54708e+01  correct_labels_labels: 0.00000e+00  loss_joint: 1.02132e-01  ce_joint: 0.00000e+00  sse_joint: 1.92019e+01  ce_labels_joint: 2.55145e-03  kld_vamb_joint: 3.64004e+00  kld_labels_joint: 7.78621e+00  correct_labels_joint: 0.00000e+00  loss: 2.17127e-01
2026-08-13 13:50:44.038 | INFO    | 		Epoch: 144  loss_vamb: 1.08705e-01  ab_vamb: 4.93448e-03  ce_vamb: 0.00000e+00  sse_vamb: 8.55715e-02  kld_vamb: 1.81574e-02  loss_labels: 6.94645e-03  ce_labels_labels: 1.39566e-03  kld_labels: 3.55251e+01  correct_labels_labels: 0.00000e+00  loss_joint: 1.02079e-01  ce_joint: 0.00000e+00  sse_joint: 1.91246e+01  ce_labels_joint: 2.20113e-03  kld_vamb_joint: 3.66791e+00  kld_labels_joint: 7.79472e+00  correct_labels_joint: 0.00000e+00  loss: 2.17731e-01
2026-08-13 13:50:44.787 | INFO    | 		Epoch: 145  loss_vamb: 1.09150e-01  ab_vamb: 4.96975e-03  ce_vamb: 0.00000e+00  sse_vamb: 8.61237e-02  kld_vamb: 1.81840e-02  loss_labels: 7.14090e-03  ce_labels_labels: 1.58873e-03  kld_labels: 3.55339e+01  correct_labels_labels: 0.00000e+00  loss_joint: 1.02313e-01  ce_joint: 0.00000e+00  sse_joint: 1.92240e+01  ce_labels_joint: 2.33561e-03  kld_vamb_joint: 3.68258e+00  kld_labels_joint: 7.81665e+00  correct_labels_joint: 0.00000e+00  loss: 2.18605e-01
2026-08-13 13:50:45.540 | INFO    | 		Epoch: 146  loss_vamb: 1.08453e-01  ab_vamb: 4.46136e-03  ce_vamb: 0.00000e+00  sse_vamb: 8.58107e-02  kld_vamb: 1.82654e-02  loss_labels: 6.75364e-03  ce_labels_labels: 1.21455e-03  kld_labels: 3.54502e+01  correct_labels_labels: 0.00000e+00  loss_joint: 1.02730e-01  ce_joint: 0.00000e+00  sse_joint: 1.92256e+01  ce_labels_joint: 2.70751e-03  kld_vamb_joint: 3.68419e+00  kld_labels_joint: 7.82909e+00  correct_labels_joint: 0.00000e+00  loss: 2.17936e-01
2026-08-13 13:50:46.288 | INFO    | 		Epoch: 147  loss_vamb: 1.09208e-01  ab_vamb: 5.33195e-03  ce_vamb: 0.00000e+00  sse_vamb: 8.53858e-02  kld_vamb: 1.82939e-02  loss_labels: 6.73249e-03  ce_labels_labels: 1.22365e-03  kld_labels: 3.52566e+01  correct_labels_labels: 0.00000e+00  loss_joint: 1.01860e-01  ce_joint: 0.00000e+00  sse_joint: 1.90897e+01  ce_labels_joint: 1.98174e-03  kld_vamb_joint: 3.71177e+00  kld_labels_joint: 7.85584e+00  correct_labels_joint: 0.00000e+00  loss: 2.17800e-01
2026-08-13 13:50:47.037 | INFO    | 		Epoch: 148  loss_vamb: 1.08383e-01  ab_vamb: 4.70031e-03  ce_vamb: 0.00000e+00  sse_vamb: 8.54845e-02  kld_vamb: 1.82931e-02  loss_labels: 6.50787e-03  ce_labels_labels: 1.01026e-03  kld_labels: 3.51847e+01  correct_labels_labels: 0.00000e+00  loss_joint: 1.01176e-01  ce_joint: 0.00000e+00  sse_joint: 1.90595e+01  ce_labels_joint: 2.15212e-03  kld_vamb_joint: 3.72179e+00  kld_labels_joint: 7.86912e+00  correct_labels_joint: 0.00000e+00  loss: 2.16066e-01
2026-08-13 13:50:47.793 | INFO    | 		Epoch: 149  loss_vamb: 1.08365e-01  ab_vamb: 4.95661e-03  ce_vamb: 0.00000e+00  sse_vamb: 8.51534e-02  kld_vamb: 1.83174e-02  loss_labels: 6.80792e-03  ce_labels_labels: 1.30289e-03  kld_labels: 3.52322e+01  correct_labels_labels: 0.00000e+00  loss_joint: 1.01293e-01  ce_joint: 0.00000e+00  sse_joint: 1.90635e+01  ce_labels_joint: 2.04469e-03  kld_vamb_joint: 3.72330e+00  kld_labels_joint: 7.86733e+00  correct_labels_joint: 0.00000e+00  loss: 2.16466e-01
2026-08-13 13:50:48.467 | INFO    | 		Epoch: 150  loss_vamb: 1.08116e-01  ab_vamb: 4.59761e-03  ce_vamb: 0.00000e+00  sse_vamb: 8.52898e-02  kld_vamb: 1.83418e-02  loss_labels: 7.10367e-03  ce_labels_labels: 1.59267e-03  kld_labels: 3.52704e+01  correct_labels_labels: 0.00000e+00  loss_joint: 1.01189e-01  ce_joint: 0.00000e+00  sse_joint: 1.90750e+01  ce_labels_joint: 2.23608e-03  kld_vamb_joint: 3.73217e+00  kld_labels_joint: 7.88756e+00  correct_labels_joint: 0.00000e+00  loss: 2.16409e-01
2026-08-13 13:50:49.096 | INFO    | 		Epoch: 151  loss_vamb: 1.07125e-01  ab_vamb: 4.27836e-03  ce_vamb: 0.00000e+00  sse_vamb: 8.45083e-02  kld_vamb: 1.83031e-02  loss_labels: 6.23187e-03  ce_labels_labels: 7.02478e-04  kld_labels: 3.53881e+01  correct_labels_labels: 0.00000e+00  loss_joint: 1.00579e-01  ce_joint: 0.00000e+00  sse_joint: 1.89599e+01  ce_labels_joint: 2.28189e-03  kld_vamb_joint: 3.73870e+00  kld_labels_joint: 7.89041e+00  correct_labels_joint: 0.00000e+00  loss: 2.13936e-01
2026-08-13 13:50:49.860 | INFO    | 		Epoch: 152  loss_vamb: 1.07592e-01  ab_vamb: 4.50170e-03  ce_vamb: 0.00000e+00  sse_vamb: 8.46442e-02  kld_vamb: 1.82924e-02  loss_labels: 6.48031e-03  ce_labels_labels: 9.37242e-04  kld_labels: 3.54756e+01  correct_labels_labels: 0.00000e+00  loss_joint: 1.02351e-01  ce_joint: 0.00000e+00  sse_joint: 1.90031e+01  ce_labels_joint: 3.36940e-03  kld_vamb_joint: 3.74989e+00  kld_labels_joint: 7.86967e+00  correct_labels_joint: 0.00000e+00  loss: 2.16423e-01
2026-08-13 13:50:50.613 | INFO    | 		Epoch: 153  loss_vamb: 1.08130e-01  ab_vamb: 5.18710e-03  ce_vamb: 0.00000e+00  sse_vamb: 8.46662e-02  kld_vamb: 1.83442e-02  loss_labels: 6.41351e-03  ce_labels_labels: 8.87687e-04  kld_labels: 3.53652e+01  correct_labels_labels: 0.00000e+00  loss_joint: 1.01300e-01  ce_joint: 0.00000e+00  sse_joint: 1.89191e+01  ce_labels_joint: 2.51859e-03  kld_vamb_joint: 3.76700e+00  kld_labels_joint: 7.91514e+00  correct_labels_joint: 0.00000e+00  loss: 2.15843e-01
2026-08-13 13:50:51.437 | INFO    | 		Epoch: 154  loss_vamb: 1.07484e-01  ab_vamb: 4.45422e-03  ce_vamb: 0.00000e+00  sse_vamb: 8.46999e-02  kld_vamb: 1.83662e-02  loss_labels: 6.17893e-03  ce_labels_labels: 6.44000e-04  kld_labels: 3.54236e+01  correct_labels_labels: 0.00000e+00  loss_joint: 1.00189e-01  ce_joint: 0.00000e+00  sse_joint: 1.89785e+01  ce_labels_joint: 1.42965e-03  kld_vamb_joint: 3.74276e+00  kld_labels_joint: 7.88251e+00  correct_labels_joint: 0.00000e+00  loss: 2.13852e-01
2026-08-13 13:50:52.187 | INFO    | 		Epoch: 155  loss_vamb: 1.07080e-01  ab_vamb: 4.39911e-03  ce_vamb: 0.00000e+00  sse_vamb: 8.44886e-02  kld_vamb: 1.83603e-02  loss_labels: 6.74608e-03  ce_labels_labels: 1.22957e-03  kld_labels: 3.53057e+01  correct_labels_labels: 0.00000e+00  loss_joint: 9.99140e-02  ce_joint: 0.00000e+00  sse_joint: 1.88834e+01  ce_labels_joint: 2.32904e-03  kld_vamb_joint: 3.74363e+00  kld_labels_joint: 7.88418e+00  correct_labels_joint: 0.00000e+00  loss: 2.13740e-01
2026-08-13 13:50:52.905 | INFO    | 		Epoch: 156  loss_vamb: 1.06501e-01  ab_vamb: 4.09071e-03  ce_vamb: 0.00000e+00  sse_vamb: 8.40365e-02  kld_vamb: 1.83809e-02  loss_labels: 7.05164e-03  ce_labels_labels: 1.56432e-03  kld_labels: 3.51188e+01  correct_labels_labels: 0.00000e+00  loss_joint: 9.89426e-02  ce_joint: 0.00000e+00  sse_joint: 1.88285e+01  ce_labels_joint: 1.59291e-03  kld_vamb_joint: 3.74479e+00  kld_labels_joint: 7.91118e+00  correct_labels_joint: 0.00000e+00  loss: 2.12495e-01
2026-08-13 13:50:53.639 | INFO    | 		Epoch: 157  loss_vamb: 1.06958e-01  ab_vamb: 4.45809e-03  ce_vamb: 0.00000e+00  sse_vamb: 8.41875e-02  kld_vamb: 1.83662e-02  loss_labels: 7.07149e-03  ce_labels_labels: 1.58985e-03  kld_labels: 3.50825e+01  correct_labels_labels: 0.00000e+00  loss_joint: 1.00163e-01  ce_joint: 0.00000e+00  sse_joint: 1.88794e+01  ce_labels_joint: 2.29631e-03  kld_vamb_joint: 3.75321e+00  kld_labels_joint: 7.93124e+00  correct_labels_joint: 0.00000e+00  loss: 2.14192e-01
2026-08-13 13:50:54.450 | INFO    | 		Epoch: 158  loss_vamb: 1.06516e-01  ab_vamb: 4.32161e-03  ce_vamb: 0.00000e+00  sse_vamb: 8.37805e-02  kld_vamb: 1.83343e-02  loss_labels: 6.23603e-03  ce_labels_labels: 7.59869e-04  kld_labels: 3.50474e+01  correct_labels_labels: 0.00000e+00  loss_joint: 9.99446e-02  ce_joint: 0.00000e+00  sse_joint: 1.88266e+01  ce_labels_joint: 2.00655e-03  kld_vamb_joint: 3.74921e+00  kld_labels_joint: 7.92846e+00  correct_labels_joint: 0.00000e+00  loss: 2.12697e-01
2026-08-13 13:50:55.288 | INFO    | 		Epoch: 159  loss_vamb: 1.06655e-01  ab_vamb: 4.15221e-03  ce_vamb: 0.00000e+00  sse_vamb: 8.41931e-02  kld_vamb: 1.83528e-02  loss_labels: 6.07287e-03  ce_labels_labels: 5.99366e-04  kld_labels: 3.50304e+01  correct_labels_labels: 0.00000e+00  loss_joint: 9.93838e-02  ce_joint: 0.00000e+00  sse_joint: 1.87526e+01  ce_labels_joint: 2.26200e-03  kld_vamb_joint: 3.76530e+00  kld_labels_joint: 7.95885e+00  correct_labels_joint: 0.00000e+00  loss: 2.12112e-01
2026-08-13 13:50:56.066 | INFO    | 		Epoch: 160  loss_vamb: 1.06545e-01  ab_vamb: 4.02260e-03  ce_vamb: 0.00000e+00  sse_vamb: 8.41147e-02  kld_vamb: 1.84003e-02  loss_labels: 6.31493e-03  ce_labels_labels: 8.72133e-04  kld_labels: 3.48339e+01  correct_labels_labels: 0.00000e+00  loss_joint: 9.93328e-02  ce_joint: 0.00000e+00  sse_joint: 1.88271e+01  ce_labels_joint: 1.80279e-03  kld_vamb_joint: 3.74499e+00  kld_labels_joint: 7.96075e+00  correct_labels_joint: 0.00000e+00  loss: 2.12193e-01
2026-08-13 13:50:56.908 | INFO    | 		Epoch: 161  loss_vamb: 1.06688e-01  ab_vamb: 4.24356e-03  ce_vamb: 0.00000e+00  sse_vamb: 8.41423e-02  kld_vamb: 1.84173e-02  loss_labels: 6.67595e-03  ce_labels_labels: 1.24512e-03  kld_labels: 3.47574e+01  correct_labels_labels: 0.00000e+00  loss_joint: 9.90017e-02  ce_joint: 0.00000e+00  sse_joint: 1.88637e+01  ce_labels_joint: 1.58742e-03  kld_vamb_joint: 3.73911e+00  kld_labels_joint: 7.95934e+00  correct_labels_joint: 0.00000e+00  loss: 2.12366e-01
2026-08-13 13:50:57.761 | INFO    | 		Epoch: 162  loss_vamb: 1.06676e-01  ab_vamb: 4.23592e-03  ce_vamb: 0.00000e+00  sse_vamb: 8.42177e-02  kld_vamb: 1.84113e-02  loss_labels: 5.93239e-03  ce_labels_labels: 5.26944e-04  kld_labels: 3.45949e+01  correct_labels_labels: 0.00000e+00  loss_joint: 1.00171e-01  ce_joint: 0.00000e+00  sse_joint: 1.88805e+01  ce_labels_joint: 2.48761e-03  kld_vamb_joint: 3.74472e+00  kld_labels_joint: 7.99018e+00  correct_labels_joint: 0.00000e+00  loss: 2.12780e-01
2026-08-13 13:50:58.606 | INFO    | 		Epoch: 163  loss_vamb: 1.06994e-01  ab_vamb: 4.21393e-03  ce_vamb: 0.00000e+00  sse_vamb: 8.43250e-02  kld_vamb: 1.84211e-02  loss_labels: 6.24096e-03  ce_labels_labels: 8.64261e-04  kld_labels: 3.44109e+01  correct_labels_labels: 0.00000e+00  loss_joint: 9.98532e-02  ce_joint: 0.00000e+00  sse_joint: 1.87971e+01  ce_labels_joint: 2.22625e-03  kld_vamb_joint: 3.73907e+00  kld_labels_joint: 7.98458e+00  correct_labels_joint: 0.00000e+00  loss: 2.13088e-01
2026-08-13 13:50:59.478 | INFO    | 		Epoch: 164  loss_vamb: 1.06033e-01  ab_vamb: 3.93849e-03  ce_vamb: 0.00000e+00  sse_vamb: 8.36355e-02  kld_vamb: 1.84538e-02  loss_labels: 6.40609e-03  ce_labels_labels: 1.04338e-03  kld_labels: 3.43214e+01  correct_labels_labels: 0.00000e+00  loss_joint: 9.89756e-02  ce_joint: 0.00000e+00  sse_joint: 1.87353e+01  ce_labels_joint: 1.89406e-03  kld_vamb_joint: 3.73720e+00  kld_labels_joint: 8.02357e+00  correct_labels_joint: 0.00000e+00  loss: 2.11414e-01
2026-08-13 13:51:00.334 | INFO    | 		Epoch: 165  loss_vamb: 1.06465e-01  ab_vamb: 4.19381e-03  ce_vamb: 0.00000e+00  sse_vamb: 8.38035e-02  kld_vamb: 1.84538e-02  loss_labels: 6.28883e-03  ce_labels_labels: 9.58247e-04  kld_labels: 3.41157e+01  correct_labels_labels: 0.00000e+00  loss_joint: 1.00104e-01  ce_joint: 0.00000e+00  sse_joint: 1.86972e+01  ce_labels_joint: 3.15602e-03  kld_vamb_joint: 3.75547e+00  kld_labels_joint: 8.03846e+00  correct_labels_joint: 0.00000e+00  loss: 2.12858e-01
2026-08-13 13:51:01.188 | INFO    | 		Epoch: 166  loss_vamb: 1.06359e-01  ab_vamb: 4.13804e-03  ce_vamb: 0.00000e+00  sse_vamb: 8.37631e-02  kld_vamb: 1.84478e-02  loss_labels: 6.05483e-03  ce_labels_labels: 7.36073e-04  kld_labels: 3.40401e+01  correct_labels_labels: 0.00000e+00  loss_joint: 9.94553e-02  ce_joint: 0.00000e+00  sse_joint: 1.87589e+01  ce_labels_joint: 1.99298e-03  kld_vamb_joint: 3.77219e+00  kld_labels_joint: 8.04871e+00  correct_labels_joint: 0.00000e+00  loss: 2.11869e-01
2026-08-13 13:51:01.955 | INFO    | 		Epoch: 167  loss_vamb: 1.06492e-01  ab_vamb: 4.06550e-03  ce_vamb: 0.00000e+00  sse_vamb: 8.39696e-02  kld_vamb: 1.84867e-02  loss_labels: 6.49330e-03  ce_labels_labels: 1.19682e-03  kld_labels: 3.38975e+01  correct_labels_labels: 0.00000e+00  loss_joint: 9.98578e-02  ce_joint: 0.00000e+00  sse_joint: 1.87771e+01  ce_labels_joint: 2.35811e-03  kld_vamb_joint: 3.75878e+00  kld_labels_joint: 8.05930e+00  correct_labels_joint: 0.00000e+00  loss: 2.12844e-01
2026-08-13 13:51:02.676 | INFO    | 		Epoch: 168  loss_vamb: 1.06146e-01  ab_vamb: 4.14401e-03  ce_vamb: 0.00000e+00  sse_vamb: 8.35171e-02  kld_vamb: 1.85260e-02  loss_labels: 6.37982e-03  ce_labels_labels: 1.09732e-03  kld_labels: 3.38080e+01  correct_labels_labels: 0.00000e+00  loss_joint: 9.85247e-02  ce_joint: 0.00000e+00  sse_joint: 1.87073e+01  ce_labels_joint: 1.34553e-03  kld_vamb_joint: 3.75784e+00  kld_labels_joint: 8.10076e+00  correct_labels_joint: 0.00000e+00  loss: 2.11051e-01
2026-08-13 13:51:03.246 | INFO    | 		Epoch: 169  loss_vamb: 1.06134e-01  ab_vamb: 4.33922e-03  ce_vamb: 0.00000e+00  sse_vamb: 8.32109e-02  kld_vamb: 1.85289e-02  loss_labels: 5.84890e-03  ce_labels_labels: 5.95739e-04  kld_labels: 3.36202e+01  correct_labels_labels: 0.00000e+00  loss_joint: 9.85022e-02  ce_joint: 0.00000e+00  sse_joint: 1.85979e+01  ce_labels_joint: 1.69653e-03  kld_vamb_joint: 3.74366e+00  kld_labels_joint: 8.08952e+00  correct_labels_joint: 0.00000e+00  loss: 2.10485e-01
2026-08-13 13:51:03.983 | INFO    | 		Epoch: 170  loss_vamb: 1.06038e-01  ab_vamb: 3.95992e-03  ce_vamb: 0.00000e+00  sse_vamb: 8.33635e-02  kld_vamb: 1.85603e-02  loss_labels: 5.94993e-03  ce_labels_labels: 7.17902e-04  kld_labels: 3.34850e+01  correct_labels_labels: 0.00000e+00  loss_joint: 9.79103e-02  ce_joint: 0.00000e+00  sse_joint: 1.85883e+01  ce_labels_joint: 1.35142e-03  kld_vamb_joint: 3.74291e+00  kld_labels_joint: 8.11866e+00  correct_labels_joint: 0.00000e+00  loss: 2.09898e-01
2026-08-13 13:51:04.623 | INFO    | 		Epoch: 171  loss_vamb: 1.05918e-01  ab_vamb: 4.00885e-03  ce_vamb: 0.00000e+00  sse_vamb: 8.33876e-02  kld_vamb: 1.85463e-02  loss_labels: 6.17769e-03  ce_labels_labels: 9.88254e-04  kld_labels: 3.32124e+01  correct_labels_labels: 0.00000e+00  loss_joint: 9.83279e-02  ce_joint: 0.00000e+00  sse_joint: 1.86686e+01  ce_labels_joint: 1.45918e-03  kld_vamb_joint: 3.75703e+00  kld_labels_joint: 8.14732e+00  correct_labels_joint: 0.00000e+00  loss: 2.10424e-01
2026-08-13 13:51:05.402 | INFO    | 		Epoch: 172  loss_vamb: 1.06197e-01  ab_vamb: 4.32636e-03  ce_vamb: 0.00000e+00  sse_vamb: 8.32949e-02  kld_vamb: 1.85158e-02  loss_labels: 5.87060e-03  ce_labels_labels: 7.16928e-04  kld_labels: 3.29835e+01  correct_labels_labels: 0.00000e+00  loss_joint: 9.95151e-02  ce_joint: 0.00000e+00  sse_joint: 1.85802e+01  ce_labels_joint: 2.95161e-03  kld_vamb_joint: 3.75103e+00  kld_labels_joint: 8.14182e+00  correct_labels_joint: 0.00000e+00  loss: 2.11583e-01
2026-08-13 13:51:06.260 | INFO    | 		Epoch: 173  loss_vamb: 1.05924e-01  ab_vamb: 4.01944e-03  ce_vamb: 0.00000e+00  sse_vamb: 8.33037e-02  kld_vamb: 1.85083e-02  loss_labels: 6.12434e-03  ce_labels_labels: 9.76879e-04  kld_labels: 3.29437e+01  correct_labels_labels: 0.00000e+00  loss_joint: 9.83161e-02  ce_joint: 0.00000e+00  sse_joint: 1.85944e+01  ce_labels_joint: 1.79792e-03  kld_vamb_joint: 3.75393e+00  kld_labels_joint: 8.14450e+00  correct_labels_joint: 0.00000e+00  loss: 2.10364e-01
2026-08-13 13:51:07.091 | INFO    | 		Epoch: 174  loss_vamb: 1.05901e-01  ab_vamb: 3.95687e-03  ce_vamb: 0.00000e+00  sse_vamb: 8.33400e-02  kld_vamb: 1.85153e-02  loss_labels: 6.06266e-03  ce_labels_labels: 9.52722e-04  kld_labels: 3.27036e+01  correct_labels_labels: 0.00000e+00  loss_joint: 9.77011e-02  ce_joint: 0.00000e+00  sse_joint: 1.85972e+01  ce_labels_joint: 1.42709e-03  kld_vamb_joint: 3.76204e+00  kld_labels_joint: 8.17517e+00  correct_labels_joint: 0.00000e+00  loss: 2.09665e-01
2026-08-13 13:51:07.809 | INFO    | 		Epoch: 175  loss_vamb: 1.06437e-01  ab_vamb: 4.21645e-03  ce_vamb: 0.00000e+00  sse_vamb: 8.36329e-02  kld_vamb: 1.85321e-02  loss_labels: 5.83699e-03  ce_labels_labels: 7.38807e-04  kld_labels: 3.26283e+01  correct_labels_labels: 0.00000e+00  loss_joint: 9.85637e-02  ce_joint: 0.00000e+00  sse_joint: 1.86783e+01  ce_labels_joint: 1.50059e-03  kld_vamb_joint: 3.75523e+00  kld_labels_joint: 8.19682e+00  correct_labels_joint: 0.00000e+00  loss: 2.10837e-01
2026-08-13 13:51:08.648 | INFO    | 		Epoch: 176  loss_vamb: 1.05530e-01  ab_vamb: 3.86671e-03  ce_vamb: 0.00000e+00  sse_vamb: 8.31162e-02  kld_vamb: 1.85396e-02  loss_labels: 5.71771e-03  ce_labels_labels: 6.45348e-04  kld_labels: 3.24631e+01  correct_labels_labels: 0.00000e+00  loss_joint: 9.77255e-02  ce_joint: 0.00000e+00  sse_joint: 1.85255e+01  ce_labels_joint: 1.68397e-03  kld_vamb_joint: 3.75613e+00  kld_labels_joint: 8.19748e+00  correct_labels_joint: 0.00000e+00  loss: 2.08973e-01
2026-08-13 13:51:09.487 | INFO    | 		Epoch: 177  loss_vamb: 1.05569e-01  ab_vamb: 3.89906e-03  ce_vamb: 0.00000e+00  sse_vamb: 8.30862e-02  kld_vamb: 1.85527e-02  loss_labels: 5.68341e-03  ce_labels_labels: 6.26805e-04  kld_labels: 3.23623e+01  correct_labels_labels: 0.00000e+00  loss_joint: 9.79365e-02  ce_joint: 0.00000e+00  sse_joint: 1.85549e+01  ce_labels_joint: 1.56968e-03  kld_vamb_joint: 3.75541e+00  kld_labels_joint: 8.20722e+00  correct_labels_joint: 0.00000e+00  loss: 2.09189e-01
2026-08-13 13:51:10.309 | INFO    | 		Epoch: 178  loss_vamb: 1.05424e-01  ab_vamb: 3.94085e-03  ce_vamb: 0.00000e+00  sse_vamb: 8.29659e-02  kld_vamb: 1.85492e-02  loss_labels: 5.61614e-03  ce_labels_labels: 5.72169e-04  kld_labels: 3.22814e+01  correct_labels_labels: 0.00000e+00  loss_joint: 9.73737e-02  ce_joint: 0.00000e+00  sse_joint: 1.85000e+01  ce_labels_joint: 1.63219e-03  kld_vamb_joint: 3.77169e+00  kld_labels_joint: 8.23803e+00  correct_labels_joint: 0.00000e+00  loss: 2.08414e-01
2026-08-13 13:51:11.201 | INFO    | 		Epoch: 179  loss_vamb: 1.05666e-01  ab_vamb: 4.03100e-03  ce_vamb: 0.00000e+00  sse_vamb: 8.29446e-02  kld_vamb: 1.85338e-02  loss_labels: 6.08095e-03  ce_labels_labels: 1.06234e-03  kld_labels: 3.21191e+01  correct_labels_labels: 0.00000e+00  loss_joint: 9.73745e-02  ce_joint: 0.00000e+00  sse_joint: 1.84229e+01  ce_labels_joint: 1.88210e-03  kld_vamb_joint: 3.78255e+00  kld_labels_joint: 8.27131e+00  correct_labels_joint: 0.00000e+00  loss: 2.09122e-01
2026-08-13 13:51:12.019 | INFO    | 		Epoch: 180  loss_vamb: 1.05645e-01  ab_vamb: 4.12979e-03  ce_vamb: 0.00000e+00  sse_vamb: 8.29355e-02  kld_vamb: 1.85476e-02  loss_labels: 5.75542e-03  ce_labels_labels: 7.63881e-04  kld_labels: 3.19458e+01  correct_labels_labels: 0.00000e+00  loss_joint: 9.75543e-02  ce_joint: 0.00000e+00  sse_joint: 1.85236e+01  ce_labels_joint: 1.39034e-03  kld_vamb_joint: 3.78803e+00  kld_labels_joint: 8.27152e+00  correct_labels_joint: 0.00000e+00  loss: 2.08955e-01
2026-08-13 13:51:12.840 | INFO    | 		Epoch: 181  loss_vamb: 1.05064e-01  ab_vamb: 3.88780e-03  ce_vamb: 0.00000e+00  sse_vamb: 8.27974e-02  kld_vamb: 1.85615e-02  loss_labels: 5.86811e-03  ce_labels_labels: 8.72459e-04  kld_labels: 3.19722e+01  correct_labels_labels: 0.00000e+00  loss_joint: 9.73051e-02  ce_joint: 0.00000e+00  sse_joint: 1.85212e+01  ce_labels_joint: 1.20058e-03  kld_vamb_joint: 3.78014e+00  kld_labels_joint: 8.28493e+00  correct_labels_joint: 0.00000e+00  loss: 2.08237e-01
2026-08-13 13:51:13.623 | INFO    | 		Epoch: 182  loss_vamb: 1.05366e-01  ab_vamb: 4.13635e-03  ce_vamb: 0.00000e+00  sse_vamb: 8.26034e-02  kld_vamb: 1.85620e-02  loss_labels: 6.14132e-03  ce_labels_labels: 1.16908e-03  kld_labels: 3.18223e+01  correct_labels_labels: 0.00000e+00  loss_joint: 9.79796e-02  ce_joint: 0.00000e+00  sse_joint: 1.84929e+01  ce_labels_joint: 1.91557e-03  kld_vamb_joint: 3.78265e+00  kld_labels_joint: 8.29863e+00  correct_labels_joint: 0.00000e+00  loss: 2.09487e-01
2026-08-13 13:51:14.238 | INFO    | 		Epoch: 183  loss_vamb: 1.05469e-01  ab_vamb: 3.93987e-03  ce_vamb: 0.00000e+00  sse_vamb: 8.29902e-02  kld_vamb: 1.85749e-02  loss_labels: 5.68097e-03  ce_labels_labels: 6.94282e-04  kld_labels: 3.19148e+01  correct_labels_labels: 0.00000e+00  loss_joint: 9.76647e-02  ce_joint: 0.00000e+00  sse_joint: 1.85000e+01  ce_labels_joint: 1.80121e-03  kld_vamb_joint: 3.77732e+00  kld_labels_joint: 8.28372e+00  correct_labels_joint: 0.00000e+00  loss: 2.08814e-01
2026-08-13 13:51:14.984 | INFO    | 		Epoch: 184  loss_vamb: 1.05302e-01  ab_vamb: 3.91862e-03  ce_vamb: 0.00000e+00  sse_vamb: 8.28702e-02  kld_vamb: 1.85565e-02  loss_labels: 5.71712e-03  ce_labels_labels: 7.23117e-04  kld_labels: 3.19616e+01  correct_labels_labels: 0.00000e+00  loss_joint: 9.79064e-02  ce_joint: 0.00000e+00  sse_joint: 1.84433e+01  ce_labels_joint: 2.20117e-03  kld_vamb_joint: 3.78207e+00  kld_labels_joint: 8.30317e+00  correct_labels_joint: 0.00000e+00  loss: 2.08926e-01
2026-08-13 13:51:15.760 | INFO    | 		Epoch: 185  loss_vamb: 1.05470e-01  ab_vamb: 4.10459e-03  ce_vamb: 0.00000e+00  sse_vamb: 8.28075e-02  kld_vamb: 1.85746e-02  loss_labels: 6.01336e-03  ce_labels_labels: 1.02723e-03  kld_labels: 3.19113e+01  correct_labels_labels: 0.00000e+00  loss_joint: 9.76431e-02  ce_joint: 0.00000e+00  sse_joint: 1.84376e+01  ce_labels_joint: 2.14540e-03  kld_vamb_joint: 3.78176e+00  kld_labels_joint: 8.28839e+00  correct_labels_joint: 0.00000e+00  loss: 2.09126e-01
2026-08-13 13:51:16.563 | INFO    | 		Epoch: 186  loss_vamb: 1.05108e-01  ab_vamb: 4.22121e-03  ce_vamb: 0.00000e+00  sse_vamb: 8.21554e-02  kld_vamb: 1.86188e-02  loss_labels: 5.73998e-03  ce_labels_labels: 7.66581e-04  kld_labels: 3.18297e+01  correct_labels_labels: 0.00000e+00  loss_joint: 9.71413e-02  ce_joint: 0.00000e+00  sse_joint: 1.83858e+01  ce_labels_joint: 1.72798e-03  kld_vamb_joint: 3.76941e+00  kld_labels_joint: 8.29508e+00  correct_labels_joint: 0.00000e+00  loss: 2.07989e-01
2026-08-13 13:51:17.334 | INFO    | 		Epoch: 187  loss_vamb: 1.05401e-01  ab_vamb: 4.40887e-03  ce_vamb: 0.00000e+00  sse_vamb: 8.23880e-02  kld_vamb: 1.86349e-02  loss_labels: 6.39086e-03  ce_labels_labels: 1.41858e-03  kld_labels: 3.18226e+01  correct_labels_labels: 0.00000e+00  loss_joint: 9.82169e-02  ce_joint: 0.00000e+00  sse_joint: 1.83980e+01  ce_labels_joint: 2.50351e-03  kld_vamb_joint: 3.76325e+00  kld_labels_joint: 8.30647e+00  correct_labels_joint: 0.00000e+00  loss: 2.10009e-01
2026-08-13 13:51:17.898 | INFO    | 		Epoch: 188  loss_vamb: 1.04858e-01  ab_vamb: 3.95025e-03  ce_vamb: 0.00000e+00  sse_vamb: 8.22855e-02  kld_vamb: 1.86389e-02  loss_labels: 5.68387e-03  ce_labels_labels: 6.92492e-04  kld_labels: 3.19448e+01  correct_labels_labels: 0.00000e+00  loss_joint: 9.68459e-02  ce_joint: 0.00000e+00  sse_joint: 1.83747e+01  ce_labels_joint: 1.57485e-03  kld_vamb_joint: 3.76688e+00  kld_labels_joint: 8.30613e+00  correct_labels_joint: 0.00000e+00  loss: 2.07388e-01
2026-08-13 13:51:18.499 | INFO    | 		Epoch: 189  loss_vamb: 1.05104e-01  ab_vamb: 4.02788e-03  ce_vamb: 0.00000e+00  sse_vamb: 8.26046e-02  kld_vamb: 1.86197e-02  loss_labels: 6.05587e-03  ce_labels_labels: 1.05500e-03  kld_labels: 3.20056e+01  correct_labels_labels: 0.00000e+00  loss_joint: 9.74283e-02  ce_joint: 0.00000e+00  sse_joint: 1.84307e+01  ce_labels_joint: 1.95464e-03  kld_vamb_joint: 3.77717e+00  kld_labels_joint: 8.32826e+00  correct_labels_joint: 0.00000e+00  loss: 2.08589e-01
2026-08-13 13:51:19.105 | INFO    | 		Epoch: 190  loss_vamb: 1.05531e-01  ab_vamb: 4.59048e-03  ce_vamb: 0.00000e+00  sse_vamb: 8.23717e-02  kld_vamb: 1.85941e-02  loss_labels: 5.92888e-03  ce_labels_labels: 9.11882e-04  kld_labels: 3.21088e+01  correct_labels_labels: 0.00000e+00  loss_joint: 9.70005e-02  ce_joint: 0.00000e+00  sse_joint: 1.83375e+01  ce_labels_joint: 1.65327e-03  kld_vamb_joint: 3.76159e+00  kld_labels_joint: 8.30299e+00  correct_labels_joint: 0.00000e+00  loss: 2.08460e-01
2026-08-13 13:51:19.929 | INFO    | 		Epoch: 191  loss_vamb: 1.04610e-01  ab_vamb: 4.01427e-03  ce_vamb: 0.00000e+00  sse_vamb: 8.20576e-02  kld_vamb: 1.85754e-02  loss_labels: 5.99697e-03  ce_labels_labels: 9.45309e-04  kld_labels: 3.23306e+01  correct_labels_labels: 0.00000e+00  loss_joint: 9.65863e-02  ce_joint: 0.00000e+00  sse_joint: 1.83895e+01  ce_labels_joint: 1.16368e-03  kld_vamb_joint: 3.79186e+00  kld_labels_joint: 8.29646e+00  correct_labels_joint: 0.00000e+00  loss: 2.07193e-01
2026-08-13 13:51:20.813 | INFO    | 		Epoch: 192  loss_vamb: 1.05513e-01  ab_vamb: 4.42077e-03  ce_vamb: 0.00000e+00  sse_vamb: 8.24505e-02  kld_vamb: 1.86150e-02  loss_labels: 5.88905e-03  ce_labels_labels: 8.22656e-04  kld_labels: 3.24249e+01  correct_labels_labels: 0.00000e+00  loss_joint: 9.73259e-02  ce_joint: 0.00000e+00  sse_joint: 1.82742e+01  ce_labels_joint: 1.91960e-03  kld_vamb_joint: 3.77471e+00  kld_labels_joint: 8.30142e+00  correct_labels_joint: 0.00000e+00  loss: 2.08728e-01
2026-08-13 13:51:21.628 | INFO    | 		Epoch: 193  loss_vamb: 1.04676e-01  ab_vamb: 3.99880e-03  ce_vamb: 0.00000e+00  sse_vamb: 8.18887e-02  kld_vamb: 1.86718e-02  loss_labels: 6.01333e-03  ce_labels_labels: 9.13747e-04  kld_labels: 3.26373e+01  correct_labels_labels: 0.00000e+00  loss_joint: 9.67841e-02  ce_joint: 0.00000e+00  sse_joint: 1.82856e+01  ce_labels_joint: 1.80055e-03  kld_vamb_joint: 3.78706e+00  kld_labels_joint: 8.31737e+00  correct_labels_joint: 0.00000e+00  loss: 2.07474e-01
2026-08-13 13:51:22.485 | INFO    | 		Epoch: 194  loss_vamb: 1.04771e-01  ab_vamb: 4.06845e-03  ce_vamb: 0.00000e+00  sse_vamb: 8.19954e-02  kld_vamb: 1.86827e-02  loss_labels: 5.81474e-03  ce_labels_labels: 6.93351e-04  kld_labels: 3.27769e+01  correct_labels_labels: 0.00000e+00  loss_joint: 9.64247e-02  ce_joint: 0.00000e+00  sse_joint: 1.82804e+01  ce_labels_joint: 1.51925e-03  kld_vamb_joint: 3.77966e+00  kld_labels_joint: 8.32246e+00  correct_labels_joint: 0.00000e+00  loss: 2.07011e-01
2026-08-13 13:51:23.284 | INFO    | 		Epoch: 195  loss_vamb: 1.04465e-01  ab_vamb: 3.92891e-03  ce_vamb: 0.00000e+00  sse_vamb: 8.17972e-02  kld_vamb: 1.86890e-02  loss_labels: 5.79101e-03  ce_labels_labels: 6.65946e-04  kld_labels: 3.28004e+01  correct_labels_labels: 0.00000e+00  loss_joint: 9.63718e-02  ce_joint: 0.00000e+00  sse_joint: 1.82848e+01  ce_labels_joint: 1.26374e-03  kld_vamb_joint: 3.79912e+00  kld_labels_joint: 8.33327e+00  correct_labels_joint: 0.00000e+00  loss: 2.06628e-01
2026-08-13 13:51:24.062 | INFO    | 		Epoch: 196  loss_vamb: 1.04535e-01  ab_vamb: 3.91636e-03  ce_vamb: 0.00000e+00  sse_vamb: 8.20663e-02  kld_vamb: 1.86684e-02  loss_labels: 5.84097e-03  ce_labels_labels: 7.22122e-04  kld_labels: 3.27606e+01  correct_labels_labels: 0.00000e+00  loss_joint: 9.68779e-02  ce_joint: 0.00000e+00  sse_joint: 1.82969e+01  ce_labels_joint: 2.10111e-03  kld_vamb_joint: 3.78813e+00  kld_labels_joint: 8.33510e+00  correct_labels_joint: 0.00000e+00  loss: 2.07253e-01
2026-08-13 13:51:24.825 | INFO    | 		Epoch: 197  loss_vamb: 1.04482e-01  ab_vamb: 3.91657e-03  ce_vamb: 0.00000e+00  sse_vamb: 8.18221e-02  kld_vamb: 1.86681e-02  loss_labels: 6.85275e-03  ce_labels_labels: 1.73250e-03  kld_labels: 3.27696e+01  correct_labels_labels: 0.00000e+00  loss_joint: 9.66357e-02  ce_joint: 0.00000e+00  sse_joint: 1.82792e+01  ce_labels_joint: 1.93794e-03  kld_vamb_joint: 3.80646e+00  kld_labels_joint: 8.35337e+00  correct_labels_joint: 0.00000e+00  loss: 2.07970e-01
2026-08-13 13:51:25.630 | INFO    | 		Epoch: 198  loss_vamb: 1.04445e-01  ab_vamb: 3.87236e-03  ce_vamb: 0.00000e+00  sse_vamb: 8.20142e-02  kld_vamb: 1.86679e-02  loss_labels: 6.14074e-03  ce_labels_labels: 1.04423e-03  kld_labels: 3.26177e+01  correct_labels_labels: 0.00000e+00  loss_joint: 9.57519e-02  ce_joint: 0.00000e+00  sse_joint: 1.82375e+01  ce_labels_joint: 1.24254e-03  kld_vamb_joint: 3.79608e+00  kld_labels_joint: 8.37460e+00  correct_labels_joint: 0.00000e+00  loss: 2.06338e-01
2026-08-13 13:51:26.483 | INFO    | 		Epoch: 199  loss_vamb: 1.04437e-01  ab_vamb: 4.00924e-03  ce_vamb: 0.00000e+00  sse_vamb: 8.18517e-02  kld_vamb: 1.86787e-02  loss_labels: 5.78550e-03  ce_labels_labels: 6.82090e-04  kld_labels: 3.26618e+01  correct_labels_labels: 0.00000e+00  loss_joint: 9.59845e-02  ce_joint: 0.00000e+00  sse_joint: 1.82563e+01  ce_labels_joint: 1.36342e-03  kld_vamb_joint: 3.79048e+00  kld_labels_joint: 8.37553e+00  correct_labels_joint: 0.00000e+00  loss: 2.06207e-01
2026-08-13 13:51:27.380 | INFO    | 		Epoch: 200  loss_vamb: 1.05084e-01  ab_vamb: 4.35949e-03  ce_vamb: 0.00000e+00  sse_vamb: 8.20315e-02  kld_vamb: 1.86982e-02  loss_labels: 6.08553e-03  ce_labels_labels: 9.77060e-04  kld_labels: 3.26942e+01  correct_labels_labels: 0.00000e+00  loss_joint: 9.62771e-02  ce_joint: 0.00000e+00  sse_joint: 1.82595e+01  ce_labels_joint: 1.49104e-03  kld_vamb_joint: 3.79882e+00  kld_labels_joint: 8.41816e+00  correct_labels_joint: 0.00000e+00  loss: 2.07447e-01
2026-08-13 13:51:28.231 | INFO    | 		Epoch: 201  loss_vamb: 1.04916e-01  ab_vamb: 4.27018e-03  ce_vamb: 0.00000e+00  sse_vamb: 8.17314e-02  kld_vamb: 1.87010e-02  loss_labels: 6.04731e-03  ce_labels_labels: 9.49575e-04  kld_labels: 3.26255e+01  correct_labels_labels: 0.00000e+00  loss_joint: 9.65409e-02  ce_joint: 0.00000e+00  sse_joint: 1.81381e+01  ce_labels_joint: 1.60369e-03  kld_vamb_joint: 3.78531e+00  kld_labels_joint: 8.40658e+00  correct_labels_joint: 0.00000e+00  loss: 2.07504e-01
2026-08-13 13:51:29.111 | INFO    | 		Epoch: 202  loss_vamb: 1.04064e-01  ab_vamb: 3.74478e-03  ce_vamb: 0.00000e+00  sse_vamb: 8.15452e-02  kld_vamb: 1.87037e-02  loss_labels: 5.81854e-03  ce_labels_labels: 7.26391e-04  kld_labels: 3.25898e+01  correct_labels_labels: 0.00000e+00  loss_joint: 9.59458e-02  ce_joint: 0.00000e+00  sse_joint: 1.80928e+01  ce_labels_joint: 2.02870e-03  kld_vamb_joint: 3.80664e+00  kld_labels_joint: 8.44704e+00  correct_labels_joint: 0.00000e+00  loss: 2.05828e-01
2026-08-13 13:51:29.934 | INFO    | 		Epoch: 203  loss_vamb: 1.04953e-01  ab_vamb: 4.28087e-03  ce_vamb: 0.00000e+00  sse_vamb: 8.19874e-02  kld_vamb: 1.86954e-02  loss_labels: 5.92454e-03  ce_labels_labels: 8.48027e-04  kld_labels: 3.24897e+01  correct_labels_labels: 0.00000e+00  loss_joint: 9.59674e-02  ce_joint: 0.00000e+00  sse_joint: 1.81636e+01  ce_labels_joint: 1.46489e-03  kld_vamb_joint: 3.80839e+00  kld_labels_joint: 8.45061e+00  correct_labels_joint: 0.00000e+00  loss: 2.06845e-01
2026-08-13 13:51:30.704 | INFO    | 		Epoch: 204  loss_vamb: 1.04388e-01  ab_vamb: 3.71124e-03  ce_vamb: 0.00000e+00  sse_vamb: 8.20886e-02  kld_vamb: 1.87071e-02  loss_labels: 6.33408e-03  ce_labels_labels: 1.26466e-03  kld_labels: 3.24443e+01  correct_labels_labels: 0.00000e+00  loss_joint: 9.56402e-02  ce_joint: 0.00000e+00  sse_joint: 1.81093e+01  ce_labels_joint: 1.87378e-03  kld_vamb_joint: 3.80972e+00  kld_labels_joint: 8.43690e+00  correct_labels_joint: 0.00000e+00  loss: 2.06363e-01
2026-08-13 13:51:31.472 | INFO    | 		Epoch: 205  loss_vamb: 1.03888e-01  ab_vamb: 3.76886e-03  ce_vamb: 0.00000e+00  sse_vamb: 8.13543e-02  kld_vamb: 1.87493e-02  loss_labels: 5.71219e-03  ce_labels_labels: 6.61269e-04  kld_labels: 3.23259e+01  correct_labels_labels: 0.00000e+00  loss_joint: 9.50750e-02  ce_joint: 0.00000e+00  sse_joint: 1.80889e+01  ce_labels_joint: 1.18898e-03  kld_vamb_joint: 3.81423e+00  kld_labels_joint: 8.46622e+00  correct_labels_joint: 0.00000e+00  loss: 2.04675e-01
2026-08-13 13:51:32.258 | INFO    | 		Epoch: 206  loss_vamb: 1.04038e-01  ab_vamb: 3.87570e-03  ce_vamb: 0.00000e+00  sse_vamb: 8.13306e-02  kld_vamb: 1.87823e-02  loss_labels: 5.79946e-03  ce_labels_labels: 7.60739e-04  kld_labels: 3.22478e+01  correct_labels_labels: 0.00000e+00  loss_joint: 9.56188e-02  ce_joint: 0.00000e+00  sse_joint: 1.81401e+01  ce_labels_joint: 1.35287e-03  kld_vamb_joint: 3.82769e+00  kld_labels_joint: 8.45915e+00  correct_labels_joint: 0.00000e+00  loss: 2.05456e-01
2026-08-13 13:51:32.880 | INFO    | 		Epoch: 207  loss_vamb: 1.04146e-01  ab_vamb: 3.95467e-03  ce_vamb: 0.00000e+00  sse_vamb: 8.11780e-02  kld_vamb: 1.87954e-02  loss_labels: 6.06669e-03  ce_labels_labels: 1.03866e-03  kld_labels: 3.21794e+01  correct_labels_labels: 0.00000e+00  loss_joint: 9.55597e-02  ce_joint: 0.00000e+00  sse_joint: 1.80217e+01  ce_labels_joint: 1.63436e-03  kld_vamb_joint: 3.81296e+00  kld_labels_joint: 8.48149e+00  correct_labels_joint: 0.00000e+00  loss: 2.05772e-01
2026-08-13 13:51:33.739 | INFO    | 		Epoch: 208  loss_vamb: 1.03983e-01  ab_vamb: 3.98659e-03  ce_vamb: 0.00000e+00  sse_vamb: 8.11853e-02  kld_vamb: 1.87763e-02  loss_labels: 5.92981e-03  ce_labels_labels: 9.04927e-04  kld_labels: 3.21593e+01  correct_labels_labels: 0.00000e+00  loss_joint: 9.59216e-02  ce_joint: 0.00000e+00  sse_joint: 1.81448e+01  ce_labels_joint: 1.92580e-03  kld_vamb_joint: 3.81765e+00  kld_labels_joint: 8.47865e+00  correct_labels_joint: 0.00000e+00  loss: 2.05834e-01
2026-08-13 13:51:34.543 | INFO    | 		Epoch: 209  loss_vamb: 1.04777e-01  ab_vamb: 4.49075e-03  ce_vamb: 0.00000e+00  sse_vamb: 8.15520e-02  kld_vamb: 1.87579e-02  loss_labels: 6.72704e-03  ce_labels_labels: 1.70037e-03  kld_labels: 3.21707e+01  correct_labels_labels: 0.00000e+00  loss_joint: 9.53521e-02  ce_joint: 0.00000e+00  sse_joint: 1.80796e+01  ce_labels_joint: 1.40855e-03  kld_vamb_joint: 3.82859e+00  kld_labels_joint: 8.51058e+00  correct_labels_joint: 0.00000e+00  loss: 2.06856e-01
2026-08-13 13:51:35.331 | INFO    | 		Epoch: 210  loss_vamb: 1.04263e-01  ab_vamb: 4.08935e-03  ce_vamb: 0.00000e+00  sse_vamb: 8.14894e-02  kld_vamb: 1.87536e-02  loss_labels: 6.13879e-03  ce_labels_labels: 1.12198e-03  kld_labels: 3.21076e+01  correct_labels_labels: 0.00000e+00  loss_joint: 9.54399e-02  ce_joint: 0.00000e+00  sse_joint: 1.80758e+01  ce_labels_joint: 1.82055e-03  kld_vamb_joint: 3.83382e+00  kld_labels_joint: 8.49496e+00  correct_labels_joint: 0.00000e+00  loss: 2.05841e-01
2026-08-13 13:51:35.917 | INFO    | 		Epoch: 211  loss_vamb: 1.04026e-01  ab_vamb: 4.01566e-03  ce_vamb: 0.00000e+00  sse_vamb: 8.12998e-02  kld_vamb: 1.87684e-02  loss_labels: 5.59976e-03  ce_labels_labels: 5.72714e-04  kld_labels: 3.21731e+01  correct_labels_labels: 0.00000e+00  loss_joint: 9.58763e-02  ce_joint: 0.00000e+00  sse_joint: 1.80342e+01  ce_labels_joint: 2.17034e-03  kld_vamb_joint: 3.82204e+00  kld_labels_joint: 8.50461e+00  correct_labels_joint: 0.00000e+00  loss: 2.05502e-01
2026-08-13 13:51:36.535 | INFO    | 		Epoch: 212  loss_vamb: 1.04823e-01  ab_vamb: 4.50109e-03  ce_vamb: 0.00000e+00  sse_vamb: 8.15511e-02  kld_vamb: 1.88217e-02  loss_labels: 5.51708e-03  ce_labels_labels: 4.84645e-04  kld_labels: 3.22076e+01  correct_labels_labels: 0.00000e+00  loss_joint: 9.53380e-02  ce_joint: 0.00000e+00  sse_joint: 1.80688e+01  ce_labels_joint: 1.55621e-03  kld_vamb_joint: 3.81310e+00  kld_labels_joint: 8.51948e+00  correct_labels_joint: 0.00000e+00  loss: 2.05678e-01
2026-08-13 13:51:37.364 | INFO    | 		Epoch: 213  loss_vamb: 1.03966e-01  ab_vamb: 4.10885e-03  ce_vamb: 0.00000e+00  sse_vamb: 8.11870e-02  kld_vamb: 1.88401e-02  loss_labels: 6.78158e-03  ce_labels_labels: 1.77543e-03  kld_labels: 3.20394e+01  correct_labels_labels: 0.00000e+00  loss_joint: 9.54568e-02  ce_joint: 0.00000e+00  sse_joint: 1.80468e+01  ce_labels_joint: 1.39887e-03  kld_vamb_joint: 3.82300e+00  kld_labels_joint: 8.52608e+00  correct_labels_joint: 0.00000e+00  loss: 2.06204e-01
2026-08-13 13:51:37.972 | INFO    | 		Epoch: 214  loss_vamb: 1.04528e-01  ab_vamb: 4.31109e-03  ce_vamb: 0.00000e+00  sse_vamb: 8.13422e-02  kld_vamb: 1.88410e-02  loss_labels: 6.41833e-03  ce_labels_labels: 1.39064e-03  kld_labels: 3.21772e+01  correct_labels_labels: 0.00000e+00  loss_joint: 9.57352e-02  ce_joint: 0.00000e+00  sse_joint: 1.80298e+01  ce_labels_joint: 2.00873e-03  kld_vamb_joint: 3.83145e+00  kld_labels_joint: 8.53101e+00  correct_labels_joint: 0.00000e+00  loss: 2.06682e-01
2026-08-13 13:51:38.727 | INFO    | 		Epoch: 215  loss_vamb: 1.03629e-01  ab_vamb: 3.91817e-03  ce_vamb: 0.00000e+00  sse_vamb: 8.08379e-02  kld_vamb: 1.88690e-02  loss_labels: 6.16018e-03  ce_labels_labels: 1.08998e-03  kld_labels: 3.24493e+01  correct_labels_labels: 0.00000e+00  loss_joint: 9.47945e-02  ce_joint: 0.00000e+00  sse_joint: 1.79814e+01  ce_labels_joint: 1.43552e-03  kld_vamb_joint: 3.81199e+00  kld_labels_joint: 8.51446e+00  correct_labels_joint: 0.00000e+00  loss: 2.04584e-01
2026-08-13 13:51:39.531 | INFO    | 		Epoch: 216  loss_vamb: 1.03685e-01  ab_vamb: 3.87973e-03  ce_vamb: 0.00000e+00  sse_vamb: 8.09219e-02  kld_vamb: 1.88880e-02  loss_labels: 6.22948e-03  ce_labels_labels: 1.14467e-03  kld_labels: 3.25428e+01  correct_labels_labels: 0.00000e+00  loss_joint: 9.47735e-02  ce_joint: 0.00000e+00  sse_joint: 1.80248e+01  ce_labels_joint: 1.36125e-03  kld_vamb_joint: 3.82502e+00  kld_labels_joint: 8.53897e+00  correct_labels_joint: 0.00000e+00  loss: 2.04688e-01
2026-08-13 13:51:40.313 | INFO    | 		Epoch: 217  loss_vamb: 1.03222e-01  ab_vamb: 3.95499e-03  ce_vamb: 0.00000e+00  sse_vamb: 8.03768e-02  kld_vamb: 1.88753e-02  loss_labels: 5.79979e-03  ce_labels_labels: 6.75231e-04  kld_labels: 3.27972e+01  correct_labels_labels: 0.00000e+00  loss_joint: 9.44404e-02  ce_joint: 0.00000e+00  sse_joint: 1.79538e+01  ce_labels_joint: 1.27771e-03  kld_vamb_joint: 3.83534e+00  kld_labels_joint: 8.54205e+00  correct_labels_joint: 0.00000e+00  loss: 2.03462e-01
2026-08-13 13:51:41.109 | INFO    | 		Epoch: 218  loss_vamb: 1.03436e-01  ab_vamb: 3.98212e-03  ce_vamb: 0.00000e+00  sse_vamb: 8.05706e-02  kld_vamb: 1.88706e-02  loss_labels: 5.65092e-03  ce_labels_labels: 5.09386e-04  kld_labels: 3.29058e+01  correct_labels_labels: 0.00000e+00  loss_joint: 9.52219e-02  ce_joint: 0.00000e+00  sse_joint: 1.79837e+01  ce_labels_joint: 1.47499e-03  kld_vamb_joint: 3.83184e+00  kld_labels_joint: 8.53029e+00  correct_labels_joint: 0.00000e+00  loss: 2.04309e-01
2026-08-13 13:51:41.889 | INFO    | 		Epoch: 219  loss_vamb: 1.03667e-01  ab_vamb: 3.95664e-03  ce_vamb: 0.00000e+00  sse_vamb: 8.09513e-02  kld_vamb: 1.88435e-02  loss_labels: 5.70222e-03  ce_labels_labels: 5.50838e-04  kld_labels: 3.29689e+01  correct_labels_labels: 0.00000e+00  loss_joint: 9.46508e-02  ce_joint: 0.00000e+00  sse_joint: 1.80137e+01  ce_labels_joint: 1.30507e-03  kld_vamb_joint: 3.82536e+00  kld_labels_joint: 8.54264e+00  correct_labels_joint: 0.00000e+00  loss: 2.04020e-01
2026-08-13 13:51:42.573 | INFO    | 		Epoch: 220  loss_vamb: 1.04552e-01  ab_vamb: 4.88271e-03  ce_vamb: 0.00000e+00  sse_vamb: 8.09011e-02  kld_vamb: 1.88272e-02  loss_labels: 5.70069e-03  ce_labels_labels: 5.65530e-04  kld_labels: 3.28650e+01  correct_labels_labels: 0.00000e+00  loss_joint: 9.60693e-02  ce_joint: 0.00000e+00  sse_joint: 1.79902e+01  ce_labels_joint: 1.85901e-03  kld_vamb_joint: 3.82528e+00  kld_labels_joint: 8.53272e+00  correct_labels_joint: 0.00000e+00  loss: 2.06322e-01
2026-08-13 13:51:43.386 | INFO    | 		Epoch: 221  loss_vamb: 1.03393e-01  ab_vamb: 3.74511e-03  ce_vamb: 0.00000e+00  sse_vamb: 8.07852e-02  kld_vamb: 1.88376e-02  loss_labels: 6.01172e-03  ce_labels_labels: 8.59756e-04  kld_labels: 3.29726e+01  correct_labels_labels: 0.00000e+00  loss_joint: 9.49503e-02  ce_joint: 0.00000e+00  sse_joint: 1.79070e+01  ce_labels_joint: 2.23060e-03  kld_vamb_joint: 3.83607e+00  kld_labels_joint: 8.53842e+00  correct_labels_joint: 0.00000e+00  loss: 2.04355e-01
2026-08-13 13:51:44.228 | INFO    | 		Epoch: 222  loss_vamb: 1.03693e-01  ab_vamb: 4.01495e-03  ce_vamb: 0.00000e+00  sse_vamb: 8.09022e-02  kld_vamb: 1.88803e-02  loss_labels: 5.95880e-03  ce_labels_labels: 8.13288e-04  kld_labels: 3.29313e+01  correct_labels_labels: 0.00000e+00  loss_joint: 9.44806e-02  ce_joint: 0.00000e+00  sse_joint: 1.79318e+01  ce_labels_joint: 1.42589e-03  kld_vamb_joint: 3.83008e+00  kld_labels_joint: 8.53441e+00  correct_labels_joint: 0.00000e+00  loss: 2.04132e-01
2026-08-13 13:51:45.065 | INFO    | 		Epoch: 223  loss_vamb: 1.03874e-01  ab_vamb: 4.15289e-03  ce_vamb: 0.00000e+00  sse_vamb: 8.08520e-02  kld_vamb: 1.88767e-02  loss_labels: 6.10553e-03  ce_labels_labels: 9.57836e-04  kld_labels: 3.29453e+01  correct_labels_labels: 0.00000e+00  loss_joint: 9.62473e-02  ce_joint: 0.00000e+00  sse_joint: 1.80719e+01  ce_labels_joint: 2.11953e-03  kld_vamb_joint: 3.85826e+00  kld_labels_joint: 8.58743e+00  correct_labels_joint: 0.00000e+00  loss: 2.06227e-01
2026-08-13 13:51:45.926 | INFO    | 		Epoch: 224  loss_vamb: 1.03270e-01  ab_vamb: 3.96875e-03  ce_vamb: 0.00000e+00  sse_vamb: 8.03759e-02  kld_vamb: 1.88705e-02  loss_labels: 5.79370e-03  ce_labels_labels: 6.46452e-04  kld_labels: 3.29424e+01  correct_labels_labels: 0.00000e+00  loss_joint: 9.46668e-02  ce_joint: 0.00000e+00  sse_joint: 1.78414e+01  ce_labels_joint: 2.00504e-03  kld_vamb_joint: 3.85058e+00  kld_labels_joint: 8.58826e+00  correct_labels_joint: 0.00000e+00  loss: 2.03730e-01
2026-08-13 13:51:46.733 | INFO    | 		Epoch: 225  loss_vamb: 1.03006e-01  ab_vamb: 3.78205e-03  ce_vamb: 0.00000e+00  sse_vamb: 8.02946e-02  kld_vamb: 1.88739e-02  loss_labels: 5.88520e-03  ce_labels_labels: 7.63778e-04  kld_labels: 3.27771e+01  correct_labels_labels: 0.00000e+00  loss_joint: 9.36633e-02  ce_joint: 0.00000e+00  sse_joint: 1.78039e+01  ce_labels_joint: 1.36090e-03  kld_vamb_joint: 3.85377e+00  kld_labels_joint: 8.60332e+00  correct_labels_joint: 0.00000e+00  loss: 2.02555e-01
2026-08-13 13:51:47.456 | INFO    | 		Epoch: 226  loss_vamb: 1.03115e-01  ab_vamb: 3.88981e-03  ce_vamb: 0.00000e+00  sse_vamb: 8.04082e-02  kld_vamb: 1.88623e-02  loss_labels: 6.07533e-03  ce_labels_labels: 9.56965e-04  kld_labels: 3.27575e+01  correct_labels_labels: 0.00000e+00  loss_joint: 9.47868e-02  ce_joint: 0.00000e+00  sse_joint: 1.78889e+01  ce_labels_joint: 2.03568e-03  kld_vamb_joint: 3.85596e+00  kld_labels_joint: 8.59865e+00  correct_labels_joint: 0.00000e+00  loss: 2.03977e-01
2026-08-13 13:51:48.084 | INFO    | 		Epoch: 227  loss_vamb: 1.03221e-01  ab_vamb: 3.80431e-03  ce_vamb: 0.00000e+00  sse_vamb: 8.05354e-02  kld_vamb: 1.88526e-02  loss_labels: 5.56362e-03  ce_labels_labels: 4.53508e-04  kld_labels: 3.27047e+01  correct_labels_labels: 0.00000e+00  loss_joint: 9.31081e-02  ce_joint: 0.00000e+00  sse_joint: 1.77777e+01  ce_labels_joint: 1.12977e-03  kld_vamb_joint: 3.85900e+00  kld_labels_joint: 8.60988e+00  correct_labels_joint: 0.00000e+00  loss: 2.01893e-01
2026-08-13 13:51:48.724 | INFO    | 		Epoch: 228  loss_vamb: 1.02606e-01  ab_vamb: 3.69943e-03  ce_vamb: 0.00000e+00  sse_vamb: 7.99194e-02  kld_vamb: 1.88575e-02  loss_labels: 5.81844e-03  ce_labels_labels: 7.28209e-04  kld_labels: 3.25775e+01  correct_labels_labels: 0.00000e+00  loss_joint: 9.34214e-02  ce_joint: 0.00000e+00  sse_joint: 1.77400e+01  ce_labels_joint: 1.24516e-03  kld_vamb_joint: 3.85105e+00  kld_labels_joint: 8.60389e+00  correct_labels_joint: 0.00000e+00  loss: 2.01846e-01
2026-08-13 13:51:49.375 | INFO    | 		Epoch: 229  loss_vamb: 1.02743e-01  ab_vamb: 3.73985e-03  ce_vamb: 0.00000e+00  sse_vamb: 8.01908e-02  kld_vamb: 1.88526e-02  loss_labels: 6.07601e-03  ce_labels_labels: 1.01121e-03  kld_labels: 3.24148e+01  correct_labels_labels: 0.00000e+00  loss_joint: 9.35103e-02  ce_joint: 0.00000e+00  sse_joint: 1.77758e+01  ce_labels_joint: 1.23768e-03  kld_vamb_joint: 3.86751e+00  kld_labels_joint: 8.64056e+00  correct_labels_joint: 0.00000e+00  loss: 2.02329e-01
2026-08-13 13:51:50.208 | INFO    | 		Epoch: 230  loss_vamb: 1.02875e-01  ab_vamb: 3.84210e-03  ce_vamb: 0.00000e+00  sse_vamb: 8.00831e-02  kld_vamb: 1.88798e-02  loss_labels: 5.83880e-03  ce_labels_labels: 7.88057e-04  kld_labels: 3.23247e+01  correct_labels_labels: 0.00000e+00  loss_joint: 9.37157e-02  ce_joint: 0.00000e+00  sse_joint: 1.77488e+01  ce_labels_joint: 1.66092e-03  kld_vamb_joint: 3.85064e+00  kld_labels_joint: 8.63312e+00  correct_labels_joint: 0.00000e+00  loss: 2.02430e-01
2026-08-13 13:51:50.873 | INFO    | 		Epoch: 231  loss_vamb: 1.03015e-01  ab_vamb: 3.79291e-03  ce_vamb: 0.00000e+00  sse_vamb: 8.03453e-02  kld_vamb: 1.89092e-02  loss_labels: 6.24018e-03  ce_labels_labels: 1.18669e-03  kld_labels: 3.23423e+01  correct_labels_labels: 0.00000e+00  loss_joint: 9.38285e-02  ce_joint: 0.00000e+00  sse_joint: 1.77987e+01  ce_labels_joint: 1.62650e-03  kld_vamb_joint: 3.86157e+00  kld_labels_joint: 8.66312e+00  correct_labels_joint: 0.00000e+00  loss: 2.03084e-01
2026-08-13 13:51:51.694 | INFO    | 		Epoch: 232  loss_vamb: 1.03310e-01  ab_vamb: 3.95420e-03  ce_vamb: 0.00000e+00  sse_vamb: 8.03992e-02  kld_vamb: 1.89161e-02  loss_labels: 5.60085e-03  ce_labels_labels: 5.65146e-04  kld_labels: 3.22285e+01  correct_labels_labels: 0.00000e+00  loss_joint: 9.44605e-02  ce_joint: 0.00000e+00  sse_joint: 1.77988e+01  ce_labels_joint: 2.03602e-03  kld_vamb_joint: 3.85098e+00  kld_labels_joint: 8.66222e+00  correct_labels_joint: 0.00000e+00  loss: 2.03372e-01
2026-08-13 13:51:52.492 | INFO    | 		Epoch: 233  loss_vamb: 1.02475e-01  ab_vamb: 3.67646e-03  ce_vamb: 0.00000e+00  sse_vamb: 7.98653e-02  kld_vamb: 1.89188e-02  loss_labels: 6.15165e-03  ce_labels_labels: 1.12585e-03  kld_labels: 3.21651e+01  correct_labels_labels: 0.00000e+00  loss_joint: 9.39112e-02  ce_joint: 0.00000e+00  sse_joint: 1.77582e+01  ce_labels_joint: 1.68067e-03  kld_vamb_joint: 3.85154e+00  kld_labels_joint: 8.65071e+00  correct_labels_joint: 0.00000e+00  loss: 2.02538e-01
2026-08-13 13:51:53.250 | INFO    | 		Epoch: 234  loss_vamb: 1.02558e-01  ab_vamb: 3.60432e-03  ce_vamb: 0.00000e+00  sse_vamb: 7.99125e-02  kld_vamb: 1.89213e-02  loss_labels: 5.58718e-03  ce_labels_labels: 5.72251e-04  kld_labels: 3.20956e+01  correct_labels_labels: 0.00000e+00  loss_joint: 9.39399e-02  ce_joint: 0.00000e+00  sse_joint: 1.77532e+01  ce_labels_joint: 1.74227e-03  kld_vamb_joint: 3.86070e+00  kld_labels_joint: 8.67370e+00  correct_labels_joint: 0.00000e+00  loss: 2.02085e-01
2026-08-13 13:51:54.098 | INFO    | 		Epoch: 235  loss_vamb: 1.02964e-01  ab_vamb: 3.64761e-03  ce_vamb: 0.00000e+00  sse_vamb: 8.04246e-02  kld_vamb: 1.89161e-02  loss_labels: 6.16384e-03  ce_labels_labels: 1.16515e-03  kld_labels: 3.19916e+01  correct_labels_labels: 0.00000e+00  loss_joint: 9.36605e-02  ce_joint: 0.00000e+00  sse_joint: 1.78082e+01  ce_labels_joint: 1.39540e-03  kld_vamb_joint: 3.85068e+00  kld_labels_joint: 8.67213e+00  correct_labels_joint: 0.00000e+00  loss: 2.02789e-01
2026-08-13 13:51:54.698 | INFO    | 		Epoch: 236  loss_vamb: 1.02483e-01  ab_vamb: 3.68844e-03  ce_vamb: 0.00000e+00  sse_vamb: 7.99682e-02  kld_vamb: 1.89120e-02  loss_labels: 6.11589e-03  ce_labels_labels: 1.12126e-03  kld_labels: 3.19657e+01  correct_labels_labels: 0.00000e+00  loss_joint: 9.36316e-02  ce_joint: 0.00000e+00  sse_joint: 1.77891e+01  ce_labels_joint: 1.39460e-03  kld_vamb_joint: 3.86072e+00  kld_labels_joint: 8.69449e+00  correct_labels_joint: 0.00000e+00  loss: 2.02231e-01
2026-08-13 13:51:55.348 | INFO    | 		Epoch: 237  loss_vamb: 1.02807e-01  ab_vamb: 3.76025e-03  ce_vamb: 0.00000e+00  sse_vamb: 8.01170e-02  kld_vamb: 1.89200e-02  loss_labels: 5.84055e-03  ce_labels_labels: 8.61108e-04  kld_labels: 3.18685e+01  correct_labels_labels: 0.00000e+00  loss_joint: 9.32555e-02  ce_joint: 0.00000e+00  sse_joint: 1.77320e+01  ce_labels_joint: 1.28660e-03  kld_vamb_joint: 3.86851e+00  kld_labels_joint: 8.72079e+00  correct_labels_joint: 0.00000e+00  loss: 2.01903e-01
2026-08-13 13:51:55.907 | INFO    | 		Epoch: 238  loss_vamb: 1.02668e-01  ab_vamb: 3.62708e-03  ce_vamb: 0.00000e+00  sse_vamb: 8.00995e-02  kld_vamb: 1.89208e-02  loss_labels: 5.67623e-03  ce_labels_labels: 6.91141e-04  kld_labels: 3.19046e+01  correct_labels_labels: 0.00000e+00  loss_joint: 9.33896e-02  ce_joint: 0.00000e+00  sse_joint: 1.76987e+01  ce_labels_joint: 1.62925e-03  kld_vamb_joint: 3.85566e+00  kld_labels_joint: 8.68472e+00  correct_labels_joint: 0.00000e+00  loss: 2.01734e-01
2026-08-13 13:51:56.704 | INFO    | 		Epoch: 239  loss_vamb: 1.02428e-01  ab_vamb: 3.70348e-03  ce_vamb: 0.00000e+00  sse_vamb: 7.96721e-02  kld_vamb: 1.89223e-02  loss_labels: 5.72462e-03  ce_labels_labels: 7.45537e-04  kld_labels: 3.18662e+01  correct_labels_labels: 0.00000e+00  loss_joint: 9.35632e-02  ce_joint: 0.00000e+00  sse_joint: 1.77275e+01  ce_labels_joint: 1.46305e-03  kld_vamb_joint: 3.84839e+00  kld_labels_joint: 8.67967e+00  correct_labels_joint: 0.00000e+00  loss: 2.01716e-01
2026-08-13 13:51:57.274 | INFO    | 		Epoch: 240  loss_vamb: 1.02643e-01  ab_vamb: 3.60215e-03  ce_vamb: 0.00000e+00  sse_vamb: 7.99424e-02  kld_vamb: 1.89246e-02  loss_labels: 5.50914e-03  ce_labels_labels: 5.43019e-04  kld_labels: 3.17832e+01  correct_labels_labels: 0.00000e+00  loss_joint: 9.36473e-02  ce_joint: 0.00000e+00  sse_joint: 1.77459e+01  ce_labels_joint: 1.31475e-03  kld_vamb_joint: 3.86844e+00  kld_labels_joint: 8.72244e+00  correct_labels_joint: 0.00000e+00  loss: 2.01800e-01
2026-08-13 13:51:58.045 | INFO    | 		Epoch: 241  loss_vamb: 1.02738e-01  ab_vamb: 3.75945e-03  ce_vamb: 0.00000e+00  sse_vamb: 8.00852e-02  kld_vamb: 1.89240e-02  loss_labels: 5.69381e-03  ce_labels_labels: 7.37188e-04  kld_labels: 3.17224e+01  correct_labels_labels: 0.00000e+00  loss_joint: 9.39952e-02  ce_joint: 0.00000e+00  sse_joint: 1.77385e+01  ce_labels_joint: 1.93499e-03  kld_vamb_joint: 3.85135e+00  kld_labels_joint: 8.71250e+00  correct_labels_joint: 0.00000e+00  loss: 2.02427e-01
2026-08-13 13:51:58.878 | INFO    | 		Epoch: 242  loss_vamb: 1.02625e-01  ab_vamb: 3.71269e-03  ce_vamb: 0.00000e+00  sse_vamb: 8.00090e-02  kld_vamb: 1.89315e-02  loss_labels: 5.68107e-03  ce_labels_labels: 7.30540e-04  kld_labels: 3.16834e+01  correct_labels_labels: 0.00000e+00  loss_joint: 9.29455e-02  ce_joint: 0.00000e+00  sse_joint: 1.76829e+01  ce_labels_joint: 1.13979e-03  kld_vamb_joint: 3.84556e+00  kld_labels_joint: 8.71104e+00  correct_labels_joint: 0.00000e+00  loss: 2.01251e-01
2026-08-13 13:51:59.631 | INFO    | 		Epoch: 243  loss_vamb: 1.02364e-01  ab_vamb: 3.76409e-03  ce_vamb: 0.00000e+00  sse_vamb: 7.96414e-02  kld_vamb: 1.89289e-02  loss_labels: 5.52909e-03  ce_labels_labels: 5.97783e-04  kld_labels: 3.15603e+01  correct_labels_labels: 0.00000e+00  loss_joint: 9.29775e-02  ce_joint: 0.00000e+00  sse_joint: 1.76613e+01  ce_labels_joint: 1.36114e-03  kld_vamb_joint: 3.84826e+00  kld_labels_joint: 8.71853e+00  correct_labels_joint: 0.00000e+00  loss: 2.00870e-01
2026-08-13 13:52:00.276 | INFO    | 		Epoch: 244  loss_vamb: 1.02439e-01  ab_vamb: 3.83458e-03  ce_vamb: 0.00000e+00  sse_vamb: 7.96197e-02  kld_vamb: 1.89453e-02  loss_labels: 5.80261e-03  ce_labels_labels: 8.85286e-04  kld_labels: 3.14708e+01  correct_labels_labels: 0.00000e+00  loss_joint: 9.31776e-02  ce_joint: 0.00000e+00  sse_joint: 1.76650e+01  ce_labels_joint: 1.51062e-03  kld_vamb_joint: 3.86586e+00  kld_labels_joint: 8.74555e+00  correct_labels_joint: 0.00000e+00  loss: 2.01419e-01
2026-08-13 13:52:00.897 | INFO    | 		Epoch: 245  loss_vamb: 1.02285e-01  ab_vamb: 3.84270e-03  ce_vamb: 0.00000e+00  sse_vamb: 7.94706e-02  kld_vamb: 1.89531e-02  loss_labels: 6.34084e-03  ce_labels_labels: 1.42236e-03  kld_labels: 3.14783e+01  correct_labels_labels: 0.00000e+00  loss_joint: 9.31430e-02  ce_joint: 0.00000e+00  sse_joint: 1.77308e+01  ce_labels_joint: 1.12502e-03  kld_vamb_joint: 3.86239e+00  kld_labels_joint: 8.73353e+00  correct_labels_joint: 0.00000e+00  loss: 2.01769e-01
2026-08-13 13:52:01.636 | INFO    | 		Epoch: 246  loss_vamb: 1.02509e-01  ab_vamb: 3.90025e-03  ce_vamb: 0.00000e+00  sse_vamb: 7.95451e-02  kld_vamb: 1.89485e-02  loss_labels: 5.39459e-03  ce_labels_labels: 4.79514e-04  kld_labels: 3.14565e+01  correct_labels_labels: 0.00000e+00  loss_joint: 9.36927e-02  ce_joint: 0.00000e+00  sse_joint: 1.76905e+01  ce_labels_joint: 1.86807e-03  kld_vamb_joint: 3.86966e+00  kld_labels_joint: 8.73359e+00  correct_labels_joint: 0.00000e+00  loss: 2.01596e-01
2026-08-13 13:52:02.333 | INFO    | 		Epoch: 247  loss_vamb: 1.02419e-01  ab_vamb: 3.79959e-03  ce_vamb: 0.00000e+00  sse_vamb: 7.97063e-02  kld_vamb: 1.89491e-02  loss_labels: 5.53710e-03  ce_labels_labels: 6.29431e-04  kld_labels: 3.14091e+01  correct_labels_labels: 0.00000e+00  loss_joint: 9.33454e-02  ce_joint: 0.00000e+00  sse_joint: 1.76940e+01  ce_labels_joint: 1.57886e-03  kld_vamb_joint: 3.86335e+00  kld_labels_joint: 8.74398e+00  correct_labels_joint: 0.00000e+00  loss: 2.01301e-01
2026-08-13 13:52:03.097 | INFO    | 		Epoch: 248  loss_vamb: 1.02663e-01  ab_vamb: 3.79966e-03  ce_vamb: 0.00000e+00  sse_vamb: 7.98856e-02  kld_vamb: 1.89634e-02  loss_labels: 5.70410e-03  ce_labels_labels: 7.99519e-04  kld_labels: 3.13893e+01  correct_labels_labels: 0.00000e+00  loss_joint: 9.33761e-02  ce_joint: 0.00000e+00  sse_joint: 1.77073e+01  ce_labels_joint: 1.52188e-03  kld_vamb_joint: 3.86215e+00  kld_labels_joint: 8.75898e+00  correct_labels_joint: 0.00000e+00  loss: 2.01743e-01
2026-08-13 13:52:03.790 | INFO    | 		Epoch: 249  loss_vamb: 1.02854e-01  ab_vamb: 3.90847e-03  ce_vamb: 0.00000e+00  sse_vamb: 8.01122e-02  kld_vamb: 1.89574e-02  loss_labels: 5.60540e-03  ce_labels_labels: 7.00772e-04  kld_labels: 3.13896e+01  correct_labels_labels: 0.00000e+00  loss_joint: 9.33079e-02  ce_joint: 0.00000e+00  sse_joint: 1.77105e+01  ce_labels_joint: 1.57653e-03  kld_vamb_joint: 3.84683e+00  kld_labels_joint: 8.71772e+00  correct_labels_joint: 0.00000e+00  loss: 2.01768e-01
2026-08-13 13:52:04.574 | INFO    | 		Epoch: 250  loss_vamb: 1.02608e-01  ab_vamb: 3.77135e-03  ce_vamb: 0.00000e+00  sse_vamb: 7.98399e-02  kld_vamb: 1.89628e-02  loss_labels: 5.51068e-03  ce_labels_labels: 6.11498e-04  kld_labels: 3.13548e+01  correct_labels_labels: 0.00000e+00  loss_joint: 9.33553e-02  ce_joint: 0.00000e+00  sse_joint: 1.76381e+01  ce_labels_joint: 1.85934e-03  kld_vamb_joint: 3.85129e+00  kld_labels_joint: 8.74556e+00  correct_labels_joint: 0.00000e+00  loss: 2.01473e-01
2026-08-13 13:52:05.357 | INFO    | 		Epoch: 251  loss_vamb: 1.02182e-01  ab_vamb: 3.65478e-03  ce_vamb: 0.00000e+00  sse_vamb: 7.95348e-02  kld_vamb: 1.89759e-02  loss_labels: 5.61566e-03  ce_labels_labels: 7.28618e-04  kld_labels: 3.12771e+01  correct_labels_labels: 0.00000e+00  loss_joint: 9.32536e-02  ce_joint: 0.00000e+00  sse_joint: 1.76590e+01  ce_labels_joint: 1.74636e-03  kld_vamb_joint: 3.86980e+00  kld_labels_joint: 8.74822e+00  correct_labels_joint: 0.00000e+00  loss: 2.01051e-01
2026-08-13 13:52:06.098 | INFO    | 		Epoch: 252  loss_vamb: 1.02363e-01  ab_vamb: 3.60624e-03  ce_vamb: 0.00000e+00  sse_vamb: 7.98704e-02  kld_vamb: 1.89635e-02  loss_labels: 5.61786e-03  ce_labels_labels: 7.35430e-04  kld_labels: 3.12476e+01  correct_labels_labels: 0.00000e+00  loss_joint: 9.37395e-02  ce_joint: 0.00000e+00  sse_joint: 1.77094e+01  ce_labels_joint: 2.08815e-03  kld_vamb_joint: 3.87820e+00  kld_labels_joint: 8.77837e+00  correct_labels_joint: 0.00000e+00  loss: 2.01720e-01
2026-08-13 13:52:06.935 | INFO    | 		Epoch: 253  loss_vamb: 1.02577e-01  ab_vamb: 3.80222e-03  ce_vamb: 0.00000e+00  sse_vamb: 7.96806e-02  kld_vamb: 1.89807e-02  loss_labels: 5.45906e-03  ce_labels_labels: 5.90201e-04  kld_labels: 3.11607e+01  correct_labels_labels: 0.00000e+00  loss_joint: 9.27645e-02  ce_joint: 0.00000e+00  sse_joint: 1.76634e+01  ce_labels_joint: 1.10549e-03  kld_vamb_joint: 3.86782e+00  kld_labels_joint: 8.77122e+00  correct_labels_joint: 0.00000e+00  loss: 2.00800e-01
2026-08-13 13:52:07.762 | INFO    | 		Epoch: 254  loss_vamb: 1.02222e-01  ab_vamb: 3.72611e-03  ce_vamb: 0.00000e+00  sse_vamb: 7.93758e-02  kld_vamb: 1.89901e-02  loss_labels: 5.66601e-03  ce_labels_labels: 7.86410e-04  kld_labels: 3.12294e+01  correct_labels_labels: 0.00000e+00  loss_joint: 9.26916e-02  ce_joint: 0.00000e+00  sse_joint: 1.76002e+01  ce_labels_joint: 1.31893e-03  kld_vamb_joint: 3.86422e+00  kld_labels_joint: 8.77310e+00  correct_labels_joint: 0.00000e+00  loss: 2.00580e-01
2026-08-13 13:52:08.451 | INFO    | 		Epoch: 255  loss_vamb: 1.01972e-01  ab_vamb: 3.50114e-03  ce_vamb: 0.00000e+00  sse_vamb: 7.95326e-02  kld_vamb: 1.89922e-02  loss_labels: 5.60741e-03  ce_labels_labels: 7.40501e-04  kld_labels: 3.11482e+01  correct_labels_labels: 0.00000e+00  loss_joint: 9.28725e-02  ce_joint: 0.00000e+00  sse_joint: 1.76505e+01  ce_labels_joint: 1.32365e-03  kld_vamb_joint: 3.86833e+00  kld_labels_joint: 8.77149e+00  correct_labels_joint: 0.00000e+00  loss: 2.00452e-01
2026-08-13 13:52:09.258 | INFO    | 		Epoch: 256  loss_vamb: 1.02127e-01  ab_vamb: 3.58370e-03  ce_vamb: 0.00000e+00  sse_vamb: 7.94624e-02  kld_vamb: 1.89942e-02  loss_labels: 5.44684e-03  ce_labels_labels: 5.96763e-04  kld_labels: 3.10405e+01  correct_labels_labels: 0.00000e+00  loss_joint: 9.32660e-02  ce_joint: 0.00000e+00  sse_joint: 1.76457e+01  ce_labels_joint: 1.49805e-03  kld_vamb_joint: 3.88641e+00  kld_labels_joint: 8.78491e+00  correct_labels_joint: 0.00000e+00  loss: 2.00840e-01
2026-08-13 13:52:09.869 | INFO    | 		Epoch: 257  loss_vamb: 1.02085e-01  ab_vamb: 3.57392e-03  ce_vamb: 0.00000e+00  sse_vamb: 7.94600e-02  kld_vamb: 1.90048e-02  loss_labels: 6.14414e-03  ce_labels_labels: 1.29098e-03  kld_labels: 3.10602e+01  correct_labels_labels: 0.00000e+00  loss_joint: 9.25730e-02  ce_joint: 0.00000e+00  sse_joint: 1.75946e+01  ce_labels_joint: 1.19990e-03  kld_vamb_joint: 3.87185e+00  kld_labels_joint: 8.79942e+00  correct_labels_joint: 0.00000e+00  loss: 2.00802e-01
2026-08-13 13:52:10.654 | INFO    | 		Epoch: 258  loss_vamb: 1.02460e-01  ab_vamb: 3.79356e-03  ce_vamb: 0.00000e+00  sse_vamb: 7.95579e-02  kld_vamb: 1.89959e-02  loss_labels: 5.99090e-03  ce_labels_labels: 1.14922e-03  kld_labels: 3.09868e+01  correct_labels_labels: 0.00000e+00  loss_joint: 9.29586e-02  ce_joint: 0.00000e+00  sse_joint: 1.75446e+01  ce_labels_joint: 1.71575e-03  kld_vamb_joint: 3.88057e+00  kld_labels_joint: 8.79711e+00  correct_labels_joint: 0.00000e+00  loss: 2.01409e-01
2026-08-13 13:52:11.405 | INFO    | 		Epoch: 259  loss_vamb: 1.02108e-01  ab_vamb: 3.82626e-03  ce_vamb: 0.00000e+00  sse_vamb: 7.92220e-02  kld_vamb: 1.89820e-02  loss_labels: 5.46024e-03  ce_labels_labels: 6.18431e-04  kld_labels: 3.09876e+01  correct_labels_labels: 0.00000e+00  loss_joint: 9.36139e-02  ce_joint: 0.00000e+00  sse_joint: 1.76529e+01  ce_labels_joint: 1.93675e-03  kld_vamb_joint: 3.87923e+00  kld_labels_joint: 8.79103e+00  correct_labels_joint: 0.00000e+00  loss: 2.01182e-01
2026-08-13 13:52:12.245 | INFO    | 		Epoch: 260  loss_vamb: 1.02146e-01  ab_vamb: 3.66741e-03  ce_vamb: 0.00000e+00  sse_vamb: 7.95986e-02  kld_vamb: 1.89844e-02  loss_labels: 5.30718e-03  ce_labels_labels: 4.51724e-04  kld_labels: 3.10749e+01  correct_labels_labels: 0.00000e+00  loss_joint: 9.28030e-02  ce_joint: 0.00000e+00  sse_joint: 1.76566e+01  ce_labels_joint: 1.24686e-03  kld_vamb_joint: 3.89197e+00  kld_labels_joint: 8.81190e+00  correct_labels_joint: 0.00000e+00  loss: 2.00256e-01
2026-08-13 13:52:13.036 | INFO    | 		Epoch: 261  loss_vamb: 1.02330e-01  ab_vamb: 3.79398e-03  ce_vamb: 0.00000e+00  sse_vamb: 7.96746e-02  kld_vamb: 1.89866e-02  loss_labels: 6.01499e-03  ce_labels_labels: 1.16591e-03  kld_labels: 3.10341e+01  correct_labels_labels: 0.00000e+00  loss_joint: 9.28433e-02  ce_joint: 0.00000e+00  sse_joint: 1.76302e+01  ce_labels_joint: 1.39898e-03  kld_vamb_joint: 3.88401e+00  kld_labels_joint: 8.80752e+00  correct_labels_joint: 0.00000e+00  loss: 2.01188e-01
2026-08-13 13:52:13.844 | INFO    | 		Epoch: 262  loss_vamb: 1.02351e-01  ab_vamb: 3.78191e-03  ce_vamb: 0.00000e+00  sse_vamb: 7.95586e-02  kld_vamb: 1.89886e-02  loss_labels: 5.73776e-03  ce_labels_labels: 9.01820e-04  kld_labels: 3.09500e+01  correct_labels_labels: 0.00000e+00  loss_joint: 9.27305e-02  ce_joint: 0.00000e+00  sse_joint: 1.76235e+01  ce_labels_joint: 1.31361e-03  kld_vamb_joint: 3.87796e+00  kld_labels_joint: 8.79470e+00  correct_labels_joint: 0.00000e+00  loss: 2.00819e-01
2026-08-13 13:52:14.605 | INFO    | 		Epoch: 263  loss_vamb: 1.02345e-01  ab_vamb: 3.74480e-03  ce_vamb: 0.00000e+00  sse_vamb: 7.95586e-02  kld_vamb: 1.90045e-02  loss_labels: 6.35508e-03  ce_labels_labels: 1.51231e-03  kld_labels: 3.09937e+01  correct_labels_labels: 0.00000e+00  loss_joint: 9.21260e-02  ce_joint: 0.00000e+00  sse_joint: 1.75121e+01  ce_labels_joint: 1.31542e-03  kld_vamb_joint: 3.89763e+00  kld_labels_joint: 8.82603e+00  correct_labels_joint: 0.00000e+00  loss: 2.00826e-01
2026-08-13 13:52:15.438 | INFO    | 		Epoch: 264  loss_vamb: 1.01898e-01  ab_vamb: 3.70884e-03  ce_vamb: 0.00000e+00  sse_vamb: 7.93559e-02  kld_vamb: 1.90132e-02  loss_labels: 6.32891e-03  ce_labels_labels: 1.47728e-03  kld_labels: 3.10504e+01  correct_labels_labels: 0.00000e+00  loss_joint: 9.25585e-02  ce_joint: 0.00000e+00  sse_joint: 1.76582e+01  ce_labels_joint: 1.04826e-03  kld_vamb_joint: 3.87818e+00  kld_labels_joint: 8.80350e+00  correct_labels_joint: 0.00000e+00  loss: 2.00786e-01
2026-08-13 13:52:16.161 | INFO    | 		Epoch: 265  loss_vamb: 1.02147e-01  ab_vamb: 3.68896e-03  ce_vamb: 0.00000e+00  sse_vamb: 7.95500e-02  kld_vamb: 1.90249e-02  loss_labels: 6.06577e-03  ce_labels_labels: 1.20091e-03  kld_labels: 3.11351e+01  correct_labels_labels: 0.00000e+00  loss_joint: 9.24723e-02  ce_joint: 0.00000e+00  sse_joint: 1.76107e+01  ce_labels_joint: 1.08246e-03  kld_vamb_joint: 3.87139e+00  kld_labels_joint: 8.79551e+00  correct_labels_joint: 0.00000e+00  loss: 2.00685e-01
2026-08-13 13:52:16.892 | INFO    | 		Epoch: 266  loss_vamb: 1.02150e-01  ab_vamb: 3.74301e-03  ce_vamb: 0.00000e+00  sse_vamb: 7.93848e-02  kld_vamb: 1.90174e-02  loss_labels: 6.06162e-03  ce_labels_labels: 1.18914e-03  kld_labels: 3.11839e+01  correct_labels_labels: 0.00000e+00  loss_joint: 9.25182e-02  ce_joint: 0.00000e+00  sse_joint: 1.75917e+01  ce_labels_joint: 1.32932e-03  kld_vamb_joint: 3.87274e+00  kld_labels_joint: 8.78995e+00  correct_labels_joint: 0.00000e+00  loss: 2.00730e-01
2026-08-13 13:52:17.619 | INFO    | 		Epoch: 267  loss_vamb: 1.02056e-01  ab_vamb: 3.78876e-03  ce_vamb: 0.00000e+00  sse_vamb: 7.92859e-02  kld_vamb: 1.90304e-02  loss_labels: 5.96976e-03  ce_labels_labels: 1.06712e-03  kld_labels: 3.13769e+01  correct_labels_labels: 0.00000e+00  loss_joint: 9.22062e-02  ce_joint: 0.00000e+00  sse_joint: 1.75114e+01  ce_labels_joint: 1.32549e-03  kld_vamb_joint: 3.87963e+00  kld_labels_joint: 8.80558e+00  correct_labels_joint: 0.00000e+00  loss: 2.00232e-01
2026-08-13 13:52:18.284 | INFO    | 		Epoch: 268  loss_vamb: 1.01892e-01  ab_vamb: 3.59060e-03  ce_vamb: 0.00000e+00  sse_vamb: 7.92562e-02  kld_vamb: 1.90379e-02  loss_labels: 5.54458e-03  ce_labels_labels: 6.40406e-04  kld_labels: 3.13867e+01  correct_labels_labels: 0.00000e+00  loss_joint: 9.23905e-02  ce_joint: 0.00000e+00  sse_joint: 1.75299e+01  ce_labels_joint: 1.33676e-03  kld_vamb_joint: 3.86960e+00  kld_labels_joint: 8.79568e+00  correct_labels_joint: 0.00000e+00  loss: 1.99827e-01
2026-08-13 13:52:19.105 | INFO    | 		Epoch: 269  loss_vamb: 1.01944e-01  ab_vamb: 3.67881e-03  ce_vamb: 0.00000e+00  sse_vamb: 7.93230e-02  kld_vamb: 1.90290e-02  loss_labels: 5.66293e-03  ce_labels_labels: 7.40551e-04  kld_labels: 3.15032e+01  correct_labels_labels: 0.00000e+00  loss_joint: 9.23724e-02  ce_joint: 0.00000e+00  sse_joint: 1.75423e+01  ce_labels_joint: 1.46749e-03  kld_vamb_joint: 3.88278e+00  kld_labels_joint: 8.79812e+00  correct_labels_joint: 0.00000e+00  loss: 1.99980e-01
2026-08-13 13:52:19.834 | INFO    | 		Epoch: 270  loss_vamb: 1.01860e-01  ab_vamb: 3.64924e-03  ce_vamb: 0.00000e+00  sse_vamb: 7.92052e-02  kld_vamb: 1.90241e-02  loss_labels: 6.07075e-03  ce_labels_labels: 1.14741e-03  kld_labels: 3.15094e+01  correct_labels_labels: 0.00000e+00  loss_joint: 9.30893e-02  ce_joint: 0.00000e+00  sse_joint: 1.75372e+01  ce_labels_joint: 2.07519e-03  kld_vamb_joint: 3.89089e+00  kld_labels_joint: 8.81804e+00  correct_labels_joint: 0.00000e+00  loss: 2.01020e-01
2026-08-13 13:52:20.491 | INFO    | 		Epoch: 271  loss_vamb: 1.02018e-01  ab_vamb: 3.85204e-03  ce_vamb: 0.00000e+00  sse_vamb: 7.92338e-02  kld_vamb: 1.90264e-02  loss_labels: 5.76265e-03  ce_labels_labels: 8.40425e-04  kld_labels: 3.15023e+01  correct_labels_labels: 0.00000e+00  loss_joint: 9.24152e-02  ce_joint: 0.00000e+00  sse_joint: 1.75587e+01  ce_labels_joint: 1.24886e-03  kld_vamb_joint: 3.87290e+00  kld_labels_joint: 8.79074e+00  correct_labels_joint: 0.00000e+00  loss: 2.00196e-01
2026-08-13 13:52:21.089 | INFO    | 		Epoch: 272  loss_vamb: 1.01789e-01  ab_vamb: 3.72895e-03  ce_vamb: 0.00000e+00  sse_vamb: 7.89014e-02  kld_vamb: 1.90414e-02  loss_labels: 5.33379e-03  ce_labels_labels: 3.87046e-04  kld_labels: 3.16592e+01  correct_labels_labels: 0.00000e+00  loss_joint: 9.19380e-02  ce_joint: 0.00000e+00  sse_joint: 1.74591e+01  ce_labels_joint: 1.35142e-03  kld_vamb_joint: 3.88132e+00  kld_labels_joint: 8.80401e+00  correct_labels_joint: 0.00000e+00  loss: 1.99061e-01
2026-08-13 13:52:21.766 | INFO    | 		Epoch: 273  loss_vamb: 1.02119e-01  ab_vamb: 3.79033e-03  ce_vamb: 0.00000e+00  sse_vamb: 7.92828e-02  kld_vamb: 1.90314e-02  loss_labels: 5.64810e-03  ce_labels_labels: 7.14871e-04  kld_labels: 3.15726e+01  correct_labels_labels: 0.00000e+00  loss_joint: 9.27673e-02  ce_joint: 0.00000e+00  sse_joint: 1.75351e+01  ce_labels_joint: 1.49632e-03  kld_vamb_joint: 3.88119e+00  kld_labels_joint: 8.81489e+00  correct_labels_joint: 0.00000e+00  loss: 2.00534e-01
2026-08-13 13:52:22.511 | INFO    | 		Epoch: 274  loss_vamb: 1.01385e-01  ab_vamb: 3.60054e-03  ce_vamb: 0.00000e+00  sse_vamb: 7.87430e-02  kld_vamb: 1.90478e-02  loss_labels: 5.61321e-03  ce_labels_labels: 7.00177e-04  kld_labels: 3.14434e+01  correct_labels_labels: 0.00000e+00  loss_joint: 9.22674e-02  ce_joint: 0.00000e+00  sse_joint: 1.75360e+01  ce_labels_joint: 1.31446e-03  kld_vamb_joint: 3.87933e+00  kld_labels_joint: 8.81800e+00  correct_labels_joint: 0.00000e+00  loss: 1.99265e-01
2026-08-13 13:52:23.196 | INFO    | 		Epoch: 275  loss_vamb: 1.01581e-01  ab_vamb: 3.61039e-03  ce_vamb: 0.00000e+00  sse_vamb: 7.90599e-02  kld_vamb: 1.90595e-02  loss_labels: 5.79878e-03  ce_labels_labels: 8.64574e-04  kld_labels: 3.15789e+01  correct_labels_labels: 0.00000e+00  loss_joint: 9.17266e-02  ce_joint: 0.00000e+00  sse_joint: 1.75128e+01  ce_labels_joint: 1.21572e-03  kld_vamb_joint: 3.87830e+00  kld_labels_joint: 8.81952e+00  correct_labels_joint: 0.00000e+00  loss: 1.99106e-01
2026-08-13 13:52:23.840 | INFO    | 		Epoch: 276  loss_vamb: 1.01833e-01  ab_vamb: 3.88485e-03  ce_vamb: 0.00000e+00  sse_vamb: 7.89659e-02  kld_vamb: 1.90564e-02  loss_labels: 5.89955e-03  ce_labels_labels: 9.72354e-04  kld_labels: 3.15341e+01  correct_labels_labels: 0.00000e+00  loss_joint: 9.27140e-02  ce_joint: 0.00000e+00  sse_joint: 1.74918e+01  ce_labels_joint: 1.78784e-03  kld_vamb_joint: 3.89367e+00  kld_labels_joint: 8.84645e+00  correct_labels_joint: 0.00000e+00  loss: 2.00446e-01
2026-08-13 13:52:24.424 | INFO    | 		Epoch: 277  loss_vamb: 1.01486e-01  ab_vamb: 3.58792e-03  ce_vamb: 0.00000e+00  sse_vamb: 7.87777e-02  kld_vamb: 1.90464e-02  loss_labels: 5.61675e-03  ce_labels_labels: 6.91927e-04  kld_labels: 3.15188e+01  correct_labels_labels: 0.00000e+00  loss_joint: 9.22009e-02  ce_joint: 0.00000e+00  sse_joint: 1.74205e+01  ce_labels_joint: 1.73916e-03  kld_vamb_joint: 3.89398e+00  kld_labels_joint: 8.85681e+00  correct_labels_joint: 0.00000e+00  loss: 1.99303e-01
2026-08-13 13:52:25.031 | INFO    | 		Epoch: 278  loss_vamb: 1.02137e-01  ab_vamb: 3.66942e-03  ce_vamb: 0.00000e+00  sse_vamb: 7.94886e-02  kld_vamb: 1.90446e-02  loss_labels: 5.50152e-03  ce_labels_labels: 5.70013e-04  kld_labels: 3.15617e+01  correct_labels_labels: 0.00000e+00  loss_joint: 9.26793e-02  ce_joint: 0.00000e+00  sse_joint: 1.75296e+01  ce_labels_joint: 1.71024e-03  kld_vamb_joint: 3.88724e+00  kld_labels_joint: 8.83498e+00  correct_labels_joint: 0.00000e+00  loss: 2.00317e-01
2026-08-13 13:52:25.841 | INFO    | 		Epoch: 279  loss_vamb: 1.01625e-01  ab_vamb: 3.62760e-03  ce_vamb: 0.00000e+00  sse_vamb: 7.89680e-02  kld_vamb: 1.90532e-02  loss_labels: 5.61058e-03  ce_labels_labels: 6.91404e-04  kld_labels: 3.14827e+01  correct_labels_labels: 0.00000e+00  loss_joint: 9.24011e-02  ce_joint: 0.00000e+00  sse_joint: 1.75262e+01  ce_labels_joint: 1.33238e-03  kld_vamb_joint: 3.89091e+00  kld_labels_joint: 8.86175e+00  correct_labels_joint: 0.00000e+00  loss: 1.99636e-01
2026-08-13 13:52:26.563 | INFO    | 		Epoch: 280  loss_vamb: 1.01843e-01  ab_vamb: 3.79735e-03  ce_vamb: 0.00000e+00  sse_vamb: 7.90475e-02  kld_vamb: 1.90715e-02  loss_labels: 5.63723e-03  ce_labels_labels: 7.25165e-04  kld_labels: 3.14372e+01  correct_labels_labels: 0.00000e+00  loss_joint: 9.27929e-02  ce_joint: 0.00000e+00  sse_joint: 1.74271e+01  ce_labels_joint: 2.39155e-03  kld_vamb_joint: 3.90015e+00  kld_labels_joint: 8.86937e+00  correct_labels_joint: 0.00000e+00  loss: 2.00273e-01
2026-08-13 13:52:27.384 | INFO    | 		Epoch: 281  loss_vamb: 1.02017e-01  ab_vamb: 3.73448e-03  ce_vamb: 0.00000e+00  sse_vamb: 7.91957e-02  kld_vamb: 1.90902e-02  loss_labels: 5.44806e-03  ce_labels_labels: 5.24746e-04  kld_labels: 3.15092e+01  correct_labels_labels: 0.00000e+00  loss_joint: 9.19504e-02  ce_joint: 0.00000e+00  sse_joint: 1.74392e+01  ce_labels_joint: 1.35531e-03  kld_vamb_joint: 3.88613e+00  kld_labels_joint: 8.85532e+00  correct_labels_joint: 0.00000e+00  loss: 1.99415e-01
2026-08-13 13:52:28.203 | INFO    | 		Epoch: 282  loss_vamb: 1.01904e-01  ab_vamb: 3.83103e-03  ce_vamb: 0.00000e+00  sse_vamb: 7.90181e-02  kld_vamb: 1.90771e-02  loss_labels: 5.56081e-03  ce_labels_labels: 6.72525e-04  kld_labels: 3.12850e+01  correct_labels_labels: 0.00000e+00  loss_joint: 9.16262e-02  ce_joint: 0.00000e+00  sse_joint: 1.74605e+01  ce_labels_joint: 1.27162e-03  kld_vamb_joint: 3.88492e+00  kld_labels_joint: 8.84984e+00  correct_labels_joint: 0.00000e+00  loss: 1.99091e-01
2026-08-13 13:52:28.932 | INFO    | 		Epoch: 283  loss_vamb: 1.01529e-01  ab_vamb: 3.70072e-03  ce_vamb: 0.00000e+00  sse_vamb: 7.88997e-02  kld_vamb: 1.90925e-02  loss_labels: 5.76906e-03  ce_labels_labels: 8.71356e-04  kld_labels: 3.13453e+01  correct_labels_labels: 0.00000e+00  loss_joint: 9.20593e-02  ce_joint: 0.00000e+00  sse_joint: 1.74376e+01  ce_labels_joint: 1.63949e-03  kld_vamb_joint: 3.89096e+00  kld_labels_joint: 8.86203e+00  correct_labels_joint: 0.00000e+00  loss: 1.99357e-01
2026-08-13 13:52:29.609 | INFO    | 		Epoch: 284  loss_vamb: 1.01859e-01  ab_vamb: 3.78535e-03  ce_vamb: 0.00000e+00  sse_vamb: 7.90539e-02  kld_vamb: 1.90929e-02  loss_labels: 6.30107e-03  ce_labels_labels: 1.41035e-03  kld_labels: 3.13006e+01  correct_labels_labels: 0.00000e+00  loss_joint: 9.18282e-02  ce_joint: 0.00000e+00  sse_joint: 1.74624e+01  ce_labels_joint: 1.23654e-03  kld_vamb_joint: 3.89397e+00  kld_labels_joint: 8.88586e+00  correct_labels_joint: 0.00000e+00  loss: 1.99989e-01
2026-08-13 13:52:30.485 | INFO    | 		Epoch: 285  loss_vamb: 1.01749e-01  ab_vamb: 3.68457e-03  ce_vamb: 0.00000e+00  sse_vamb: 7.91753e-02  kld_vamb: 1.91123e-02  loss_labels: 5.70783e-03  ce_labels_labels: 8.27604e-04  kld_labels: 3.12335e+01  correct_labels_labels: 0.00000e+00  loss_joint: 9.18513e-02  ce_joint: 0.00000e+00  sse_joint: 1.74616e+01  ce_labels_joint: 1.33754e-03  kld_vamb_joint: 3.89822e+00  kld_labels_joint: 8.89728e+00  correct_labels_joint: 0.00000e+00  loss: 1.99308e-01
2026-08-13 13:52:31.154 | INFO    | 		Epoch: 286  loss_vamb: 1.01460e-01  ab_vamb: 3.62066e-03  ce_vamb: 0.00000e+00  sse_vamb: 7.87648e-02  kld_vamb: 1.91241e-02  loss_labels: 5.90866e-03  ce_labels_labels: 1.01420e-03  kld_labels: 3.13245e+01  correct_labels_labels: 0.00000e+00  loss_joint: 9.16720e-02  ce_joint: 0.00000e+00  sse_joint: 1.74156e+01  ce_labels_joint: 1.40457e-03  kld_vamb_joint: 3.89225e+00  kld_labels_joint: 8.89447e+00  correct_labels_joint: 0.00000e+00  loss: 1.99041e-01
2026-08-13 13:52:31.892 | INFO    | 		Epoch: 287  loss_vamb: 1.01504e-01  ab_vamb: 3.61864e-03  ce_vamb: 0.00000e+00  sse_vamb: 7.87202e-02  kld_vamb: 1.91288e-02  loss_labels: 5.64833e-03  ce_labels_labels: 7.73425e-04  kld_labels: 3.11994e+01  correct_labels_labels: 0.00000e+00  loss_joint: 9.20932e-02  ce_joint: 0.00000e+00  sse_joint: 1.74168e+01  ce_labels_joint: 1.83729e-03  kld_vamb_joint: 3.91172e+00  kld_labels_joint: 8.90677e+00  correct_labels_joint: 0.00000e+00  loss: 1.99246e-01
2026-08-13 13:52:32.707 | INFO    | 		Epoch: 288  loss_vamb: 1.01553e-01  ab_vamb: 3.77864e-03  ce_vamb: 0.00000e+00  sse_vamb: 7.84035e-02  kld_vamb: 1.91445e-02  loss_labels: 6.41415e-03  ce_labels_labels: 1.51632e-03  kld_labels: 3.13461e+01  correct_labels_labels: 0.00000e+00  loss_joint: 9.13624e-02  ce_joint: 0.00000e+00  sse_joint: 1.73453e+01  ce_labels_joint: 1.15685e-03  kld_vamb_joint: 3.89682e+00  kld_labels_joint: 8.91301e+00  correct_labels_joint: 0.00000e+00  loss: 1.99330e-01
2026-08-13 13:52:33.536 | INFO    | 		Epoch: 289  loss_vamb: 1.01515e-01  ab_vamb: 3.73704e-03  ce_vamb: 0.00000e+00  sse_vamb: 7.87325e-02  kld_vamb: 1.91332e-02  loss_labels: 5.85352e-03  ce_labels_labels: 9.79849e-04  kld_labels: 3.11915e+01  correct_labels_labels: 0.00000e+00  loss_joint: 9.16565e-02  ce_joint: 0.00000e+00  sse_joint: 1.74161e+01  ce_labels_joint: 1.38448e-03  kld_vamb_joint: 3.89446e+00  kld_labels_joint: 8.89397e+00  correct_labels_joint: 0.00000e+00  loss: 1.99025e-01
2026-08-13 13:52:34.341 | INFO    | 		Epoch: 290  loss_vamb: 1.01202e-01  ab_vamb: 3.58507e-03  ce_vamb: 0.00000e+00  sse_vamb: 7.84538e-02  kld_vamb: 1.91336e-02  loss_labels: 5.43810e-03  ce_labels_labels: 5.45695e-04  kld_labels: 3.13114e+01  correct_labels_labels: 0.00000e+00  loss_joint: 9.12897e-02  ce_joint: 0.00000e+00  sse_joint: 1.73957e+01  ce_labels_joint: 1.06261e-03  kld_vamb_joint: 3.89477e+00  kld_labels_joint: 8.91026e+00  correct_labels_joint: 0.00000e+00  loss: 1.97929e-01
2026-08-13 13:52:35.167 | INFO    | 		Epoch: 291  loss_vamb: 1.01545e-01  ab_vamb: 3.72600e-03  ce_vamb: 0.00000e+00  sse_vamb: 7.87219e-02  kld_vamb: 1.91358e-02  loss_labels: 5.54083e-03  ce_labels_labels: 6.43528e-04  kld_labels: 3.13427e+01  correct_labels_labels: 0.00000e+00  loss_joint: 9.12677e-02  ce_joint: 0.00000e+00  sse_joint: 1.74536e+01  ce_labels_joint: 8.04359e-04  kld_vamb_joint: 3.91262e+00  kld_labels_joint: 8.92554e+00  correct_labels_joint: 0.00000e+00  loss: 1.98354e-01
2026-08-13 13:52:36.011 | INFO    | 		Epoch: 292  loss_vamb: 1.01219e-01  ab_vamb: 3.58635e-03  ce_vamb: 0.00000e+00  sse_vamb: 7.83611e-02  kld_vamb: 1.91300e-02  loss_labels: 5.64056e-03  ce_labels_labels: 7.50621e-04  kld_labels: 3.12956e+01  correct_labels_labels: 0.00000e+00  loss_joint: 9.17249e-02  ce_joint: 0.00000e+00  sse_joint: 1.73472e+01  ce_labels_joint: 1.67307e-03  kld_vamb_joint: 3.89648e+00  kld_labels_joint: 8.92119e+00  correct_labels_joint: 0.00000e+00  loss: 1.98585e-01
2026-08-13 13:52:36.800 | INFO    | 		Epoch: 293  loss_vamb: 1.01206e-01  ab_vamb: 3.56224e-03  ce_vamb: 0.00000e+00  sse_vamb: 7.86070e-02  kld_vamb: 1.91200e-02  loss_labels: 5.63121e-03  ce_labels_labels: 7.50673e-04  kld_labels: 3.12354e+01  correct_labels_labels: 0.00000e+00  loss_joint: 9.20988e-02  ce_joint: 0.00000e+00  sse_joint: 1.74256e+01  ce_labels_joint: 1.75560e-03  kld_vamb_joint: 3.89049e+00  kld_labels_joint: 8.89699e+00  correct_labels_joint: 0.00000e+00  loss: 1.98936e-01
2026-08-13 13:52:37.483 | INFO    | 		Epoch: 294  loss_vamb: 1.01479e-01  ab_vamb: 3.68029e-03  ce_vamb: 0.00000e+00  sse_vamb: 7.86467e-02  kld_vamb: 1.91302e-02  loss_labels: 6.02660e-03  ce_labels_labels: 1.14457e-03  kld_labels: 3.12450e+01  correct_labels_labels: 0.00000e+00  loss_joint: 9.12817e-02  ce_joint: 0.00000e+00  sse_joint: 1.73882e+01  ce_labels_joint: 1.04897e-03  kld_vamb_joint: 3.90268e+00  kld_labels_joint: 8.92064e+00  correct_labels_joint: 0.00000e+00  loss: 1.98787e-01
2026-08-13 13:52:38.131 | INFO    | 		Epoch: 295  loss_vamb: 1.01547e-01  ab_vamb: 3.72654e-03  ce_vamb: 0.00000e+00  sse_vamb: 7.85874e-02  kld_vamb: 1.91333e-02  loss_labels: 5.35449e-03  ce_labels_labels: 4.70143e-04  kld_labels: 3.12598e+01  correct_labels_labels: 0.00000e+00  loss_joint: 9.15702e-02  ce_joint: 0.00000e+00  sse_joint: 1.73378e+01  ce_labels_joint: 1.60838e-03  kld_vamb_joint: 3.90175e+00  kld_labels_joint: 8.93042e+00  correct_labels_joint: 0.00000e+00  loss: 1.98472e-01
2026-08-13 13:52:38.804 | INFO    | 		Epoch: 296  loss_vamb: 1.01209e-01  ab_vamb: 3.61691e-03  ce_vamb: 0.00000e+00  sse_vamb: 7.84586e-02  kld_vamb: 1.91454e-02  loss_labels: 5.68951e-03  ce_labels_labels: 8.11420e-04  kld_labels: 3.12198e+01  correct_labels_labels: 0.00000e+00  loss_joint: 9.18038e-02  ce_joint: 0.00000e+00  sse_joint: 1.73471e+01  ce_labels_joint: 1.87570e-03  kld_vamb_joint: 3.90645e+00  kld_labels_joint: 8.94113e+00  correct_labels_joint: 0.00000e+00  loss: 1.98702e-01
2026-08-13 13:52:39.527 | INFO    | 		Epoch: 297  loss_vamb: 1.01492e-01  ab_vamb: 3.49553e-03  ce_vamb: 0.00000e+00  sse_vamb: 7.89850e-02  kld_vamb: 1.91337e-02  loss_labels: 6.36551e-03  ce_labels_labels: 1.47023e-03  kld_labels: 3.13298e+01  correct_labels_labels: 0.00000e+00  loss_joint: 9.16444e-02  ce_joint: 0.00000e+00  sse_joint: 1.73497e+01  ce_labels_joint: 1.59685e-03  kld_vamb_joint: 3.87954e+00  kld_labels_joint: 8.90623e+00  correct_labels_joint: 0.00000e+00  loss: 1.99502e-01
2026-08-13 13:52:40.168 | INFO    | 		Epoch: 298  loss_vamb: 1.01280e-01  ab_vamb: 3.68635e-03  ce_vamb: 0.00000e+00  sse_vamb: 7.83883e-02  kld_vamb: 1.91320e-02  loss_labels: 5.41119e-03  ce_labels_labels: 5.27940e-04  kld_labels: 3.12528e+01  correct_labels_labels: 0.00000e+00  loss_joint: 9.13423e-02  ce_joint: 0.00000e+00  sse_joint: 1.72916e+01  ce_labels_joint: 1.52407e-03  kld_vamb_joint: 3.89360e+00  kld_labels_joint: 8.92525e+00  correct_labels_joint: 0.00000e+00  loss: 1.98034e-01
2026-08-13 13:52:40.839 | INFO    | 		Epoch: 299  loss_vamb: 1.00884e-01  ab_vamb: 3.63788e-03  ce_vamb: 0.00000e+00  sse_vamb: 7.82344e-02  kld_vamb: 1.91396e-02  loss_labels: 5.38891e-03  ce_labels_labels: 5.01408e-04  kld_labels: 3.12800e+01  correct_labels_labels: 0.00000e+00  loss_joint: 9.15860e-02  ce_joint: 0.00000e+00  sse_joint: 1.73133e+01  ce_labels_joint: 1.97273e-03  kld_vamb_joint: 3.89146e+00  kld_labels_joint: 8.92121e+00  correct_labels_joint: 0.00000e+00  loss: 1.97859e-01
2026-08-13 13:52:41.030 | INFO    | (4226, 32) embedding shape
2026-08-13 13:52:41.127 | INFO    | Clustering
2026-08-13 13:52:41.128 | INFO    | 	Windowsize: 300
2026-08-13 13:52:41.128 | INFO    | 	Min successful thresholds detected: 15
2026-08-13 13:52:41.128 | INFO    | 	Max clusters: None
2026-08-13 13:52:41.128 | INFO    | 	Use CUDA for clustering: False
2026-08-13 13:52:41.128 | INFO    | 	Binsplitter: Defaulting to 'C', but disabled due to incompatible identifiers
2026-08-13 13:52:42.784 | INFO    | 	Clustered 4226 contigs in 2438 unsplit bins
2026-08-13 13:52:42.784 | INFO    | 	Wrote cluster file(s) in 0.0 seconds.
2026-08-13 13:52:43.987 | INFO    | 	Wrote 15 bins with 1682 sequences in 1.2 seconds.
2026-08-13 13:52:43.987 | INFO    | 	Clustered contigs in 1.65 seconds.

2026-08-13 13:52:44.002 | INFO    | Completed Vamb in 284.96 seconds.
TaxVAMB done: /mnt/ME5024_PA2/shared/groups/ZHANGLU/Results_of_CAMI2_Other_datasets_other_binning_tools/TaxVAMB/Airways/Airways-2017.12.04_18.56.22_sample_26; finished=Thu Aug 13 13:52:44 HKT 2026
