TaxVAMB: sample=Gastrointestinal_tract-2017.12.04_18.45.54_sample_10, threads=32, started=Thu Aug 13 14:02:12 HKT 2026
2026-08-13 14:02:14.812 | INFO    | Starting Vamb version 5.0.4
2026-08-13 14:02:14.812 | INFO    | Random seed is 35688868798142123
2026-08-13 14:02:14.812 | INFO    | Invoked with CLI args: '/mnt/ME5024_PA1/home/csbhzou/miniconda3/envs/taxvamb/bin/vamb bin taxvamb --outdir /mnt/ME5024_PA2/shared/groups/ZHANGLU/Results_of_CAMI2_Other_datasets_other_binning_tools/TaxVAMB/Gastrointestinal_tract/Gastrointestinal_tract-2017.12.04_18.45.54_sample_10 --fasta /mnt/ME5024_PA2/shared/groups/ZHANGLU/Data-CAMI2-others-datasets/Gastrointestinal_tract-2017.12.04_18.45.54_sample_10.contigs.fasta --bamdir /mnt/ME5024_PA2/shared/groups/ZHANGLU/TaxVAMB-Taxonomy-TSV/Gastrointestinal_tract-2017.12.04_18.45.54_sample_10/bamdir --taxonomy /mnt/ME5024_PA2/shared/groups/ZHANGLU/TaxVAMB-Taxonomy-TSV/Gastrointestinal_tract-2017.12.04_18.45.54_sample_10/Gastrointestinal_tract-2017.12.04_18.45.54_sample_10.taxonomy.tsv --minfasta 200000 -m 2000 -p 32'
2026-08-13 14:02:14.812 | INFO    | Loading TNF
2026-08-13 14:02:14.812 | INFO    | 	Minimum sequence length: 2000
2026-08-13 14:02:14.812 | INFO    | 	Loading data from FASTA file /mnt/ME5024_PA2/shared/groups/ZHANGLU/Data-CAMI2-others-datasets/Gastrointestinal_tract-2017.12.04_18.45.54_sample_10.contigs.fasta

2026-08-13 14:02:17.080 | WARNING | Binsplit separator (option `-o`) implicitly passed as "C", but sequence identifier "NODE_1_length_947036_cov_145.512959" does not contain this separator, or contains it at the very start or end.
A binsplit separator X implies that every sequence identifier is formatted as
[sample identifier][X][sequence identifier], e.g. a binsplit separator of 'C' means that 'S1C19' and '7C11' are valid identifiers.

Skipping binsplitting.

2026-08-13 14:02:17.080 | WARNING | The minimum sequence length has been set to 2000, but 74621 sequences fell below this threshold and was filtered away.
Better results are obtained if the sequence file is filtered to the minimum sequence length before mapping.

2026-08-13 14:02:17.080 | INFO    | 	Kept 108705498 bases in 15395 sequences
2026-08-13 14:02:17.080 | INFO    | 	Processed TNF in 2.27 seconds.

2026-08-13 14:02:17.080 | INFO    | Loading depths
2026-08-13 14:02:17.080 | INFO    | 	Reference hash: 0d837714363df3b5b99f328719ffe1b0
2026-08-13 14:02:17.080 | INFO    | 	Parsing 1 BAM files with 32 threads
2026-08-13 14:02:17.080 | INFO    | 	Min identity: 0.0
2026-08-13 14:02:45.196 | INFO    | 	Order of columns is:
2026-08-13 14:02:45.197 | INFO    | 	     0: /mnt/ME5024_PA2/shared/groups/ZHANGLU/TaxVAMB-Taxonomy-TSV/Gastrointestinal_tract-2017.12.04_18.45.54_sample_10/bamdir/Gastrointestinal_tract-2017.12.04_18.45.54_sample_10.sorted.bam
2026-08-13 14:02:45.197 | INFO    | 	Processed abundance in 28.12 seconds.

2026-08-13 14:02:45.197 | INFO    | Predicting taxonomy with Taxometer
2026-08-13 14:02:45.276 | INFO    | 	455 nodes in the graph
2026-08-13 14:02:45.322 | INFO    | 	Created dataloader
2026-08-13 14:02:45.322 | INFO    | Starting training the taxonomy predictor
2026-08-13 14:02:45.322 | INFO    | Using threshold 0.5
2026-08-13 14:02:46.155 | INFO    | 	Network properties:
2026-08-13 14:02:46.155 | INFO    | 	    CUDA: False
2026-08-13 14:02:46.155 | INFO    | 	    Hierarchical loss: flat_softmax
2026-08-13 14:02:46.155 | INFO    | 	    Alpha: 0.5
2026-08-13 14:02:46.155 | INFO    | 	    Beta: 200.0
2026-08-13 14:02:46.155 | INFO    | 	    Dropout: 0.2
2026-08-13 14:02:46.155 | INFO    | 	    N hidden: 512, 512, 512, 512
2026-08-13 14:02:46.155 | INFO    | 	Training properties:
2026-08-13 14:02:46.155 | INFO    | 	    N epochs: 100
2026-08-13 14:02:46.155 | INFO    | 	    Starting batch size: 1024
2026-08-13 14:02:46.155 | INFO    | 	    Batchsteps: None
2026-08-13 14:02:46.155 | INFO    | 	    Learning rate: 0.001
2026-08-13 14:02:46.155 | INFO    | 	    N labels: torch.Size([15395, 1])
Using decoupled weight decay
2026-08-13 14:02:50.075 | INFO    | 	Epoch: 1	CE: 3.8385071	Batchsize: 1024
2026-08-13 14:02:52.134 | INFO    | 	Epoch: 2	CE: 1.5486942	Batchsize: 1024
2026-08-13 14:02:55.865 | INFO    | 	Epoch: 3	CE: 0.9085698	Batchsize: 1024
2026-08-13 14:03:02.468 | INFO    | 	Epoch: 4	CE: 0.7291263	Batchsize: 1024
2026-08-13 14:03:07.326 | INFO    | 	Epoch: 5	CE: 0.6288401	Batchsize: 1024
2026-08-13 14:03:11.416 | INFO    | 	Epoch: 6	CE: 0.5814677	Batchsize: 1024
2026-08-13 14:03:13.883 | INFO    | 	Epoch: 7	CE: 0.5354949	Batchsize: 1024
2026-08-13 14:03:17.697 | INFO    | 	Epoch: 8	CE: 0.4952443	Batchsize: 1024
2026-08-13 14:03:20.054 | INFO    | 	Epoch: 9	CE: 0.4717508	Batchsize: 1024
2026-08-13 14:03:22.432 | INFO    | 	Epoch: 10	CE: 0.4522900	Batchsize: 1024
2026-08-13 14:03:25.819 | INFO    | 	Epoch: 11	CE: 0.4345654	Batchsize: 1024
2026-08-13 14:03:28.490 | INFO    | 	Epoch: 12	CE: 0.4243921	Batchsize: 1024
2026-08-13 14:03:30.676 | INFO    | 	Epoch: 13	CE: 0.3977629	Batchsize: 1024
2026-08-13 14:03:32.853 | INFO    | 	Epoch: 14	CE: 0.3889163	Batchsize: 1024
2026-08-13 14:03:36.511 | INFO    | 	Epoch: 15	CE: 0.3718506	Batchsize: 1024
2026-08-13 14:03:40.638 | INFO    | 	Epoch: 16	CE: 0.3551357	Batchsize: 1024
2026-08-13 14:03:43.551 | INFO    | 	Epoch: 17	CE: 0.3524093	Batchsize: 1024
2026-08-13 14:03:47.223 | INFO    | 	Epoch: 18	CE: 0.3454226	Batchsize: 1024
2026-08-13 14:03:51.940 | INFO    | 	Epoch: 19	CE: 0.3344906	Batchsize: 1024
2026-08-13 14:03:54.515 | INFO    | 	Epoch: 20	CE: 0.3221858	Batchsize: 1024
2026-08-13 14:04:04.237 | INFO    | 	Epoch: 21	CE: 0.3227583	Batchsize: 1024
2026-08-13 14:04:07.592 | INFO    | 	Epoch: 22	CE: 0.3035494	Batchsize: 1024
2026-08-13 14:04:10.029 | INFO    | 	Epoch: 23	CE: 0.2954449	Batchsize: 1024
2026-08-13 14:04:15.968 | INFO    | 	Epoch: 24	CE: 0.2870640	Batchsize: 1024
2026-08-13 14:04:20.404 | INFO    | 	Epoch: 25	CE: 0.2801164	Batchsize: 1024
2026-08-13 14:04:32.426 | INFO    | 	Epoch: 26	CE: 0.2723972	Batchsize: 1024
2026-08-13 14:04:45.624 | INFO    | 	Epoch: 27	CE: 0.2712287	Batchsize: 1024
2026-08-13 14:04:59.490 | INFO    | 	Epoch: 28	CE: 0.2617235	Batchsize: 1024
2026-08-13 14:05:16.379 | INFO    | 	Epoch: 29	CE: 0.2521021	Batchsize: 1024
2026-08-13 14:05:25.287 | INFO    | 	Epoch: 30	CE: 0.2511245	Batchsize: 1024
2026-08-13 14:05:28.684 | INFO    | 	Epoch: 31	CE: 0.2512163	Batchsize: 1024
2026-08-13 14:05:34.426 | INFO    | 	Epoch: 32	CE: 0.2409846	Batchsize: 1024
2026-08-13 14:05:39.255 | INFO    | 	Epoch: 33	CE: 0.2258982	Batchsize: 1024
2026-08-13 14:05:40.308 | INFO    | 	Epoch: 34	CE: 0.2218447	Batchsize: 1024
2026-08-13 14:05:41.871 | INFO    | 	Epoch: 35	CE: 0.2230363	Batchsize: 1024
2026-08-13 14:05:43.022 | INFO    | 	Epoch: 36	CE: 0.2174284	Batchsize: 1024
2026-08-13 14:05:45.880 | INFO    | 	Epoch: 37	CE: 0.2150024	Batchsize: 1024
2026-08-13 14:05:47.846 | INFO    | 	Epoch: 38	CE: 0.2110946	Batchsize: 1024
2026-08-13 14:05:52.057 | INFO    | 	Epoch: 39	CE: 0.2106252	Batchsize: 1024
2026-08-13 14:05:55.510 | INFO    | 	Epoch: 40	CE: 0.1932249	Batchsize: 1024
2026-08-13 14:05:56.492 | INFO    | 	Epoch: 41	CE: 0.1956735	Batchsize: 1024
2026-08-13 14:05:57.691 | INFO    | 	Epoch: 42	CE: 0.2077397	Batchsize: 1024
2026-08-13 14:05:59.555 | INFO    | 	Epoch: 43	CE: 0.1894617	Batchsize: 1024
2026-08-13 14:06:03.268 | INFO    | 	Epoch: 44	CE: 0.1806325	Batchsize: 1024
2026-08-13 14:06:10.826 | INFO    | 	Epoch: 45	CE: 0.1839378	Batchsize: 1024
2026-08-13 14:06:19.274 | INFO    | 	Epoch: 46	CE: 0.1712702	Batchsize: 1024
2026-08-13 14:06:20.494 | INFO    | 	Epoch: 47	CE: 0.1633928	Batchsize: 1024
2026-08-13 14:06:22.125 | INFO    | 	Epoch: 48	CE: 0.1686474	Batchsize: 1024
2026-08-13 14:06:23.489 | INFO    | 	Epoch: 49	CE: 0.1612830	Batchsize: 1024
2026-08-13 14:06:24.992 | INFO    | 	Epoch: 50	CE: 0.1662712	Batchsize: 1024
2026-08-13 14:06:26.535 | INFO    | 	Epoch: 51	CE: 0.1539402	Batchsize: 1024
2026-08-13 14:06:27.838 | INFO    | 	Epoch: 52	CE: 0.1634559	Batchsize: 1024
2026-08-13 14:06:29.164 | INFO    | 	Epoch: 53	CE: 0.1567306	Batchsize: 1024
2026-08-13 14:06:30.548 | INFO    | 	Epoch: 54	CE: 0.1519101	Batchsize: 1024
2026-08-13 14:06:32.080 | INFO    | 	Epoch: 55	CE: 0.1503144	Batchsize: 1024
2026-08-13 14:06:33.066 | INFO    | 	Epoch: 56	CE: 0.1436928	Batchsize: 1024
2026-08-13 14:06:34.531 | INFO    | 	Epoch: 57	CE: 0.1422084	Batchsize: 1024
2026-08-13 14:06:35.982 | INFO    | 	Epoch: 58	CE: 0.1366821	Batchsize: 1024
2026-08-13 14:06:40.680 | INFO    | 	Epoch: 59	CE: 0.1365237	Batchsize: 1024
2026-08-13 14:06:42.143 | INFO    | 	Epoch: 60	CE: 0.1250087	Batchsize: 1024
2026-08-13 14:06:43.990 | INFO    | 	Epoch: 61	CE: 0.1311193	Batchsize: 1024
2026-08-13 14:06:45.714 | INFO    | 	Epoch: 62	CE: 0.1330561	Batchsize: 1024
2026-08-13 14:06:47.100 | INFO    | 	Epoch: 63	CE: 0.1349128	Batchsize: 1024
2026-08-13 14:06:50.413 | INFO    | 	Epoch: 64	CE: 0.1257003	Batchsize: 1024
2026-08-13 14:06:53.733 | INFO    | 	Epoch: 65	CE: 0.1192464	Batchsize: 1024
2026-08-13 14:06:54.895 | INFO    | 	Epoch: 66	CE: 0.1186781	Batchsize: 1024
2026-08-13 14:06:56.179 | INFO    | 	Epoch: 67	CE: 0.1108485	Batchsize: 1024
2026-08-13 14:06:57.735 | INFO    | 	Epoch: 68	CE: 0.1143314	Batchsize: 1024
2026-08-13 14:06:59.640 | INFO    | 	Epoch: 69	CE: 0.1138474	Batchsize: 1024
2026-08-13 14:07:01.227 | INFO    | 	Epoch: 70	CE: 0.1132247	Batchsize: 1024
2026-08-13 14:07:06.757 | INFO    | 	Epoch: 71	CE: 0.1112648	Batchsize: 1024
2026-08-13 14:07:07.951 | INFO    | 	Epoch: 72	CE: 0.1096707	Batchsize: 1024
2026-08-13 14:07:09.609 | INFO    | 	Epoch: 73	CE: 0.1158417	Batchsize: 1024
2026-08-13 14:07:11.041 | INFO    | 	Epoch: 74	CE: 0.1114352	Batchsize: 1024
2026-08-13 14:07:12.601 | INFO    | 	Epoch: 75	CE: 0.1069657	Batchsize: 1024
2026-08-13 14:07:14.718 | INFO    | 	Epoch: 76	CE: 0.1006603	Batchsize: 1024
2026-08-13 14:07:18.936 | INFO    | 	Epoch: 77	CE: 0.1055471	Batchsize: 1024
2026-08-13 14:07:22.841 | INFO    | 	Epoch: 78	CE: 0.1049764	Batchsize: 1024
2026-08-13 14:07:24.282 | INFO    | 	Epoch: 79	CE: 0.1047277	Batchsize: 1024
2026-08-13 14:07:28.759 | INFO    | 	Epoch: 80	CE: 0.1043535	Batchsize: 1024
2026-08-13 14:07:30.760 | INFO    | 	Epoch: 81	CE: 0.1014994	Batchsize: 1024
2026-08-13 14:07:32.650 | INFO    | 	Epoch: 82	CE: 0.1049361	Batchsize: 1024
2026-08-13 14:07:33.815 | INFO    | 	Epoch: 83	CE: 0.0899842	Batchsize: 1024
2026-08-13 14:07:34.882 | INFO    | 	Epoch: 84	CE: 0.0914983	Batchsize: 1024
2026-08-13 14:07:36.129 | INFO    | 	Epoch: 85	CE: 0.0889006	Batchsize: 1024
2026-08-13 14:07:38.763 | INFO    | 	Epoch: 86	CE: 0.0862810	Batchsize: 1024
2026-08-13 14:07:40.388 | INFO    | 	Epoch: 87	CE: 0.0826148	Batchsize: 1024
2026-08-13 14:07:42.928 | INFO    | 	Epoch: 88	CE: 0.0866825	Batchsize: 1024
2026-08-13 14:07:45.083 | INFO    | 	Epoch: 89	CE: 0.0883285	Batchsize: 1024
2026-08-13 14:07:46.349 | INFO    | 	Epoch: 90	CE: 0.0796973	Batchsize: 1024
2026-08-13 14:07:47.843 | INFO    | 	Epoch: 91	CE: 0.0738310	Batchsize: 1024
2026-08-13 14:07:50.549 | INFO    | 	Epoch: 92	CE: 0.0751330	Batchsize: 1024
2026-08-13 14:07:51.958 | INFO    | 	Epoch: 93	CE: 0.0693535	Batchsize: 1024
2026-08-13 14:08:01.891 | INFO    | 	Epoch: 94	CE: 0.0674582	Batchsize: 1024
2026-08-13 14:08:04.644 | INFO    | 	Epoch: 95	CE: 0.0658093	Batchsize: 1024
2026-08-13 14:08:06.149 | INFO    | 	Epoch: 96	CE: 0.0707456	Batchsize: 1024
2026-08-13 14:08:14.660 | INFO    | 	Epoch: 97	CE: 0.0728653	Batchsize: 1024
2026-08-13 14:08:18.937 | INFO    | 	Epoch: 98	CE: 0.0740516	Batchsize: 1024
2026-08-13 14:08:22.174 | INFO    | 	Epoch: 99	CE: 0.0776718	Batchsize: 1024
2026-08-13 14:08:23.426 | INFO    | 	Epoch: 100	CE: 0.0716541	Batchsize: 1024
2026-08-13 14:08:23.436 | INFO    | Finished training the taxonomy predictor in 338.11 seconds.
2026-08-13 14:08:23.436 | INFO    | Writing the taxonomy predictions
2026-08-13 14:08:23.437 | INFO    | Using threshold 0.5
2026-08-13 14:08:26.866 | INFO    | Completed taxonomy predictions in 341.67 seconds.
2026-08-13 14:08:27.001 | INFO    | 	Network properties:
2026-08-13 14:08:27.002 | INFO    | 	    CUDA: False
2026-08-13 14:08:27.002 | INFO    | 	    Alpha: 0.5
2026-08-13 14:08:27.002 | INFO    | 	    Beta: 200.0
2026-08-13 14:08:27.002 | INFO    | 	    Dropout: 0.0
2026-08-13 14:08:27.002 | INFO    | 	    N hidden: 256, 256
2026-08-13 14:08:27.002 | INFO    | 	    N latent: 32
2026-08-13 14:08:27.002 | INFO    | 	Training properties:
2026-08-13 14:08:27.002 | INFO    | 	    N epochs: 300
2026-08-13 14:08:27.002 | INFO    | 	    Starting batch size: 256
2026-08-13 14:08:27.002 | INFO    | 	    Batchsteps: 25, 75, 150, 225
2026-08-13 14:08:27.002 | INFO    | 	    Learning rate: 0.001
2026-08-13 14:08:27.002 | INFO    | 	    N sequences: 15395
2026-08-13 14:08:27.002 | INFO    | 	    N samples: 1
2026-08-13 14:08:30.277 | INFO    | 		Epoch: 0  loss_vamb: 3.51606e-01  ab_vamb: 1.07525e-01  ce_vamb: 0.00000e+00  sse_vamb: 2.38260e-01  kld_vamb: 6.14975e-03  loss_labels: 9.19749e-01  ce_labels_labels: 9.10035e-01  kld_labels: 6.21722e+01  correct_labels_labels: 0.00000e+00  loss_joint: 1.92276e+00  ce_joint: 0.00000e+00  sse_joint: 4.88624e+01  ce_labels_joint: 1.57142e+00  kld_vamb_joint: 1.79889e+00  kld_labels_joint: 1.77636e+00  correct_labels_joint: 0.00000e+00  loss: 3.19412e+00
2026-08-13 14:08:33.426 | INFO    | 		Epoch: 1  loss_vamb: 1.70597e-01  ab_vamb: 2.74096e-02  ce_vamb: 0.00000e+00  sse_vamb: 1.33056e-01  kld_vamb: 1.01217e-02  loss_labels: 1.64138e-01  ce_labels_labels: 1.51311e-01  kld_labels: 8.20976e+01  correct_labels_labels: 0.00000e+00  loss_joint: 4.97897e-01  ce_joint: 0.00000e+00  sse_joint: 2.95258e+01  ce_labels_joint: 3.19820e-01  kld_vamb_joint: 2.45872e+00  kld_labels_joint: 2.13689e+00  correct_labels_joint: 0.00000e+00  loss: 8.32632e-01
2026-08-13 14:08:36.401 | INFO    | 		Epoch: 2  loss_vamb: 1.51232e-01  ab_vamb: 2.14070e-02  ce_vamb: 0.00000e+00  sse_vamb: 1.18551e-01  kld_vamb: 1.12536e-02  loss_labels: 1.09297e-01  ce_labels_labels: 9.64571e-02  kld_labels: 8.21753e+01  correct_labels_labels: 0.00000e+00  loss_joint: 3.34255e-01  ce_joint: 0.00000e+00  sse_joint: 2.68222e+01  ce_labels_joint: 1.76013e-01  kld_vamb_joint: 2.77593e+00  kld_labels_joint: 2.35888e+00  correct_labels_joint: 0.00000e+00  loss: 5.94785e-01
2026-08-13 14:08:39.836 | INFO    | 		Epoch: 3  loss_vamb: 1.41135e-01  ab_vamb: 1.93023e-02  ce_vamb: 0.00000e+00  sse_vamb: 1.09926e-01  kld_vamb: 1.18878e-02  loss_labels: 8.47047e-02  ce_labels_labels: 7.22214e-02  kld_labels: 7.98930e+01  correct_labels_labels: 0.00000e+00  loss_joint: 2.75565e-01  ce_joint: 0.00000e+00  sse_joint: 2.52711e+01  ce_labels_joint: 1.26788e-01  kld_vamb_joint: 3.01045e+00  kld_labels_joint: 2.69026e+00  correct_labels_joint: 0.00000e+00  loss: 5.01406e-01
2026-08-13 14:08:43.268 | INFO    | 		Epoch: 4  loss_vamb: 1.33977e-01  ab_vamb: 1.80427e-02  ce_vamb: 0.00000e+00  sse_vamb: 1.03567e-01  kld_vamb: 1.23501e-02  loss_labels: 6.55932e-02  ce_labels_labels: 5.34860e-02  kld_labels: 7.74858e+01  correct_labels_labels: 0.00000e+00  loss_joint: 2.41519e-01  ce_joint: 0.00000e+00  sse_joint: 2.41451e+01  ce_labels_joint: 9.92952e-02  kld_vamb_joint: 3.23748e+00  kld_labels_joint: 3.09921e+00  correct_labels_joint: 0.00000e+00  loss: 4.41089e-01
2026-08-13 14:08:47.169 | INFO    | 		Epoch: 5  loss_vamb: 1.28175e-01  ab_vamb: 1.70089e-02  ce_vamb: 0.00000e+00  sse_vamb: 9.83043e-02  kld_vamb: 1.28467e-02  loss_labels: 5.17733e-02  ce_labels_labels: 4.00708e-02  kld_labels: 7.48961e+01  correct_labels_labels: 0.00000e+00  loss_joint: 2.15173e-01  ce_joint: 0.00000e+00  sse_joint: 2.34467e+01  ce_labels_joint: 7.84487e-02  kld_vamb_joint: 3.51038e+00  kld_labels_joint: 3.48624e+00  correct_labels_joint: 0.00000e+00  loss: 3.95122e-01
2026-08-13 14:08:50.804 | INFO    | 		Epoch: 6  loss_vamb: 1.23451e-01  ab_vamb: 1.53703e-02  ce_vamb: 0.00000e+00  sse_vamb: 9.47825e-02  kld_vamb: 1.32876e-02  loss_labels: 4.02838e-02  ce_labels_labels: 2.89875e-02  kld_labels: 7.22963e+01  correct_labels_labels: 0.00000e+00  loss_joint: 1.95200e-01  ce_joint: 0.00000e+00  sse_joint: 2.26369e+01  ce_labels_joint: 6.30220e-02  kld_vamb_joint: 3.70023e+00  kld_labels_joint: 3.81662e+00  correct_labels_joint: 0.00000e+00  loss: 3.58935e-01
2026-08-13 14:08:54.736 | INFO    | 		Epoch: 7  loss_vamb: 1.19836e-01  ab_vamb: 1.48386e-02  ce_vamb: 0.00000e+00  sse_vamb: 9.12911e-02  kld_vamb: 1.36956e-02  loss_labels: 3.39606e-02  ce_labels_labels: 2.31371e-02  kld_labels: 6.92702e+01  correct_labels_labels: 0.00000e+00  loss_joint: 1.77852e-01  ce_joint: 0.00000e+00  sse_joint: 2.19630e+01  ce_labels_joint: 5.08279e-02  kld_vamb_joint: 3.97202e+00  kld_labels_joint: 4.19841e+00  correct_labels_joint: 0.00000e+00  loss: 3.31649e-01
2026-08-13 14:08:57.951 | INFO    | 		Epoch: 8  loss_vamb: 1.16617e-01  ab_vamb: 1.37440e-02  ce_vamb: 0.00000e+00  sse_vamb: 8.87426e-02  kld_vamb: 1.41199e-02  loss_labels: 2.67435e-02  ce_labels_labels: 1.62412e-02  kld_labels: 6.72145e+01  correct_labels_labels: 0.00000e+00  loss_joint: 1.67925e-01  ce_joint: 0.00000e+00  sse_joint: 2.15008e+01  ce_labels_joint: 4.37399e-02  kld_vamb_joint: 4.17767e+00  kld_labels_joint: 4.55805e+00  correct_labels_joint: 0.00000e+00  loss: 3.11285e-01
2026-08-13 14:09:01.686 | INFO    | 		Epoch: 9  loss_vamb: 1.13647e-01  ab_vamb: 1.30489e-02  ce_vamb: 0.00000e+00  sse_vamb: 8.62253e-02  kld_vamb: 1.43618e-02  loss_labels: 2.24889e-02  ce_labels_labels: 1.22666e-02  kld_labels: 6.54226e+01  correct_labels_labels: 0.00000e+00  loss_joint: 1.59986e-01  ce_joint: 0.00000e+00  sse_joint: 2.10219e+01  ce_labels_joint: 3.83305e-02  kld_vamb_joint: 4.46673e+00  kld_labels_joint: 4.94870e+00  correct_labels_joint: 0.00000e+00  loss: 2.96123e-01
2026-08-13 14:09:04.746 | INFO    | 		Epoch: 10  loss_vamb: 1.11462e-01  ab_vamb: 1.26897e-02  ce_vamb: 0.00000e+00  sse_vamb: 8.40827e-02  kld_vamb: 1.46772e-02  loss_labels: 1.94086e-02  ce_labels_labels: 9.61450e-03  kld_labels: 6.26823e+01  correct_labels_labels: 0.00000e+00  loss_joint: 1.48113e-01  ce_joint: 0.00000e+00  sse_joint: 2.05243e+01  ce_labels_joint: 3.01590e-02  kld_vamb_joint: 4.70015e+00  kld_labels_joint: 5.31415e+00  correct_labels_joint: 0.00000e+00  loss: 2.78983e-01
2026-08-13 14:09:07.811 | INFO    | 		Epoch: 11  loss_vamb: 1.09350e-01  ab_vamb: 1.22248e-02  ce_vamb: 0.00000e+00  sse_vamb: 8.21191e-02  kld_vamb: 1.49916e-02  loss_labels: 1.58855e-02  ce_labels_labels: 6.29491e-03  kld_labels: 6.13799e+01  correct_labels_labels: 0.00000e+00  loss_joint: 1.37690e-01  ce_joint: 0.00000e+00  sse_joint: 2.00096e+01  ce_labels_joint: 2.28786e-02  kld_vamb_joint: 4.93104e+00  kld_labels_joint: 5.73796e+00  correct_labels_joint: 0.00000e+00  loss: 2.62925e-01
2026-08-13 14:09:10.740 | INFO    | 		Epoch: 12  loss_vamb: 1.07435e-01  ab_vamb: 1.16381e-02  ce_vamb: 0.00000e+00  sse_vamb: 8.05153e-02  kld_vamb: 1.52714e-02  loss_labels: 1.43358e-02  ce_labels_labels: 5.18909e-03  kld_labels: 5.85392e+01  correct_labels_labels: 0.00000e+00  loss_joint: 1.36395e-01  ce_joint: 0.00000e+00  sse_joint: 1.97564e+01  ce_labels_joint: 2.31183e-02  kld_vamb_joint: 5.18298e+00  kld_labels_joint: 6.16749e+00  correct_labels_joint: 0.00000e+00  loss: 2.58166e-01
2026-08-13 14:09:14.198 | INFO    | 		Epoch: 13  loss_vamb: 1.05837e-01  ab_vamb: 1.13024e-02  ce_vamb: 0.00000e+00  sse_vamb: 7.91081e-02  kld_vamb: 1.54175e-02  loss_labels: 1.40086e-02  ce_labels_labels: 4.68618e-03  kld_labels: 5.96634e+01  correct_labels_labels: 0.00000e+00  loss_joint: 1.35606e-01  ce_joint: 0.00000e+00  sse_joint: 1.95431e+01  ce_labels_joint: 2.32623e-02  kld_vamb_joint: 5.44624e+00  kld_labels_joint: 6.37231e+00  correct_labels_joint: 0.00000e+00  loss: 2.55452e-01
2026-08-13 14:09:17.429 | INFO    | 		Epoch: 14  loss_vamb: 1.04913e-01  ab_vamb: 1.13725e-02  ce_vamb: 0.00000e+00  sse_vamb: 7.79032e-02  kld_vamb: 1.56243e-02  loss_labels: 1.36806e-02  ce_labels_labels: 4.50977e-03  kld_labels: 5.86932e+01  correct_labels_labels: 0.00000e+00  loss_joint: 1.39944e-01  ce_joint: 0.00000e+00  sse_joint: 1.95980e+01  ce_labels_joint: 2.67264e-02  kld_vamb_joint: 5.64419e+00  kld_labels_joint: 6.64054e+00  correct_labels_joint: 0.00000e+00  loss: 2.58538e-01
2026-08-13 14:09:22.803 | INFO    | 		Epoch: 15  loss_vamb: 1.03440e-01  ab_vamb: 1.08470e-02  ce_vamb: 0.00000e+00  sse_vamb: 7.68290e-02  kld_vamb: 1.57559e-02  loss_labels: 1.31967e-02  ce_labels_labels: 4.31797e-03  kld_labels: 5.68237e+01  correct_labels_labels: 0.00000e+00  loss_joint: 1.29886e-01  ce_joint: 0.00000e+00  sse_joint: 1.92562e+01  ce_labels_joint: 1.92170e-02  kld_vamb_joint: 5.88006e+00  kld_labels_joint: 7.06196e+00  correct_labels_joint: 0.00000e+00  loss: 2.46523e-01
2026-08-13 14:09:26.324 | INFO    | 		Epoch: 16  loss_vamb: 1.02285e-01  ab_vamb: 1.05988e-02  ce_vamb: 0.00000e+00  sse_vamb: 7.57727e-02  kld_vamb: 1.58993e-02  loss_labels: 1.20164e-02  ce_labels_labels: 3.51123e-03  kld_labels: 5.44331e+01  correct_labels_labels: 0.00000e+00  loss_joint: 1.22991e-01  ce_joint: 0.00000e+00  sse_joint: 1.87625e+01  ce_labels_joint: 1.53914e-02  kld_vamb_joint: 6.20780e+00  kld_labels_joint: 7.57030e+00  correct_labels_joint: 0.00000e+00  loss: 2.37293e-01
2026-08-13 14:09:29.582 | INFO    | 		Epoch: 17  loss_vamb: 1.00946e-01  ab_vamb: 1.03520e-02  ce_vamb: 0.00000e+00  sse_vamb: 7.45766e-02  kld_vamb: 1.60069e-02  loss_labels: 1.06869e-02  ce_labels_labels: 2.59649e-03  kld_labels: 5.17786e+01  correct_labels_labels: 0.00000e+00  loss_joint: 1.16233e-01  ce_joint: 0.00000e+00  sse_joint: 1.83242e+01  ce_labels_joint: 1.10620e-02  kld_vamb_joint: 6.36343e+00  kld_labels_joint: 7.96832e+00  correct_labels_joint: 0.00000e+00  loss: 2.27866e-01
2026-08-13 14:09:34.237 | INFO    | 		Epoch: 18  loss_vamb: 1.00124e-01  ab_vamb: 1.02853e-02  ce_vamb: 0.00000e+00  sse_vamb: 7.37017e-02  kld_vamb: 1.61236e-02  loss_labels: 1.16280e-02  ce_labels_labels: 3.20087e-03  kld_labels: 5.39336e+01  correct_labels_labels: 0.00000e+00  loss_joint: 1.09581e-01  ce_joint: 0.00000e+00  sse_joint: 1.78207e+01  ce_labels_joint: 7.54781e-03  kld_vamb_joint: 6.59226e+00  kld_labels_joint: 8.30789e+00  correct_labels_joint: 0.00000e+00  loss: 2.21333e-01
2026-08-13 14:09:37.334 | INFO    | 		Epoch: 19  loss_vamb: 9.92109e-02  ab_vamb: 1.01510e-02  ce_vamb: 0.00000e+00  sse_vamb: 7.27647e-02  kld_vamb: 1.62843e-02  loss_labels: 1.05106e-02  ce_labels_labels: 2.23726e-03  kld_labels: 5.29493e+01  correct_labels_labels: 0.00000e+00  loss_joint: 1.08287e-01  ce_joint: 0.00000e+00  sse_joint: 1.75760e+01  ce_labels_joint: 7.92766e-03  kld_vamb_joint: 6.65291e+00  kld_labels_joint: 8.51712e+00  correct_labels_joint: 0.00000e+00  loss: 2.18008e-01
2026-08-13 14:09:41.410 | INFO    | 		Epoch: 20  loss_vamb: 9.79640e-02  ab_vamb: 9.80619e-03  ce_vamb: 0.00000e+00  sse_vamb: 7.18133e-02  kld_vamb: 1.63345e-02  loss_labels: 1.14617e-02  ce_labels_labels: 3.28937e-03  kld_labels: 5.23030e+01  correct_labels_labels: 0.00000e+00  loss_joint: 1.10457e-01  ce_joint: 0.00000e+00  sse_joint: 1.74206e+01  ce_labels_joint: 1.08177e-02  kld_vamb_joint: 6.69703e+00  kld_labels_joint: 8.69674e+00  correct_labels_joint: 0.00000e+00  loss: 2.19882e-01
2026-08-13 14:09:45.663 | INFO    | 		Epoch: 21  loss_vamb: 9.74242e-02  ab_vamb: 9.56479e-03  ce_vamb: 0.00000e+00  sse_vamb: 7.13129e-02  kld_vamb: 1.65338e-02  loss_labels: 1.23579e-02  ce_labels_labels: 3.86395e-03  kld_labels: 5.43612e+01  correct_labels_labels: 0.00000e+00  loss_joint: 1.09984e-01  ce_joint: 0.00000e+00  sse_joint: 1.74185e+01  ce_labels_joint: 1.04900e-02  kld_vamb_joint: 6.84096e+00  kld_labels_joint: 8.86218e+00  correct_labels_joint: 0.00000e+00  loss: 2.19766e-01
2026-08-13 14:09:49.431 | INFO    | 		Epoch: 22  loss_vamb: 9.67915e-02  ab_vamb: 9.68090e-03  ce_vamb: 0.00000e+00  sse_vamb: 7.05042e-02  kld_vamb: 1.65964e-02  loss_labels: 1.26967e-02  ce_labels_labels: 3.94916e-03  kld_labels: 5.59842e+01  correct_labels_labels: 0.00000e+00  loss_joint: 1.11968e-01  ce_joint: 0.00000e+00  sse_joint: 1.73095e+01  ce_labels_joint: 1.29646e-02  kld_vamb_joint: 7.15783e+00  kld_labels_joint: 9.19594e+00  correct_labels_joint: 0.00000e+00  loss: 2.21456e-01
2026-08-13 14:09:52.394 | INFO    | 		Epoch: 23  loss_vamb: 9.65149e-02  ab_vamb: 9.68561e-03  ce_vamb: 0.00000e+00  sse_vamb: 7.01945e-02  kld_vamb: 1.66272e-02  loss_labels: 1.38604e-02  ce_labels_labels: 4.69461e-03  kld_labels: 5.86613e+01  correct_labels_labels: 0.00000e+00  loss_joint: 1.18271e-01  ce_joint: 0.00000e+00  sse_joint: 1.76443e+01  ce_labels_joint: 1.68023e-02  kld_vamb_joint: 7.36284e+00  kld_labels_joint: 9.10282e+00  correct_labels_joint: 0.00000e+00  loss: 2.28646e-01
2026-08-13 14:09:55.624 | INFO    | 		Epoch: 24  loss_vamb: 9.59514e-02  ab_vamb: 9.74142e-03  ce_vamb: 0.00000e+00  sse_vamb: 6.95303e-02  kld_vamb: 1.66706e-02  loss_labels: 1.23014e-02  ce_labels_labels: 3.15492e-03  kld_labels: 5.85373e+01  correct_labels_labels: 0.00000e+00  loss_joint: 1.12785e-01  ce_joint: 0.00000e+00  sse_joint: 1.73748e+01  ce_labels_joint: 1.30354e-02  kld_vamb_joint: 7.64087e+00  kld_labels_joint: 9.45997e+00  correct_labels_joint: 0.00000e+00  loss: 2.21037e-01
2026-08-13 14:10:24.849 | INFO    | 		Epoch: 25  loss_vamb: 9.12004e-02  ab_vamb: 7.36892e-03  ce_vamb: 0.00000e+00  sse_vamb: 6.70364e-02  kld_vamb: 1.68035e-02  loss_labels: 1.04869e-02  ce_labels_labels: 2.32395e-03  kld_labels: 5.22431e+01  correct_labels_labels: 0.00000e+00  loss_joint: 1.03410e-01  ce_joint: 0.00000e+00  sse_joint: 1.66850e+01  ce_labels_joint: 9.92204e-03  kld_vamb_joint: 7.84236e+00  kld_labels_joint: 9.98752e+00  correct_labels_joint: 0.00000e+00  loss: 2.05097e-01
2026-08-13 14:10:27.201 | INFO    | 		Epoch: 26  loss_vamb: 8.99991e-02  ab_vamb: 6.88633e-03  ce_vamb: 0.00000e+00  sse_vamb: 6.64232e-02  kld_vamb: 1.66950e-02  loss_labels: 9.83368e-03  ce_labels_labels: 1.89609e-03  kld_labels: 5.08006e+01  correct_labels_labels: 0.00000e+00  loss_joint: 9.57917e-02  ce_joint: 0.00000e+00  sse_joint: 1.62886e+01  ce_labels_joint: 4.97452e-03  kld_vamb_joint: 7.86795e+00  kld_labels_joint: 1.01559e+01  correct_labels_joint: 0.00000e+00  loss: 1.95624e-01
2026-08-13 14:10:29.542 | INFO    | 		Epoch: 27  loss_vamb: 9.01642e-02  ab_vamb: 6.90826e-03  ce_vamb: 0.00000e+00  sse_vamb: 6.64850e-02  kld_vamb: 1.67713e-02  loss_labels: 9.19848e-03  ce_labels_labels: 1.66833e-03  kld_labels: 4.81930e+01  correct_labels_labels: 0.00000e+00  loss_joint: 9.22388e-02  ce_joint: 0.00000e+00  sse_joint: 1.60406e+01  ce_labels_joint: 3.13751e-03  kld_vamb_joint: 7.93884e+00  kld_labels_joint: 1.04603e+01  correct_labels_joint: 0.00000e+00  loss: 1.91602e-01
2026-08-13 14:10:32.260 | INFO    | 		Epoch: 28  loss_vamb: 8.97773e-02  ab_vamb: 7.18456e-03  ce_vamb: 0.00000e+00  sse_vamb: 6.57320e-02  kld_vamb: 1.68622e-02  loss_labels: 9.27207e-03  ce_labels_labels: 1.69864e-03  kld_labels: 4.84700e+01  correct_labels_labels: 0.00000e+00  loss_joint: 9.04077e-02  ce_joint: 0.00000e+00  sse_joint: 1.57435e+01  ce_labels_joint: 2.45646e-03  kld_vamb_joint: 7.84929e+00  kld_labels_joint: 1.05324e+01  correct_labels_joint: 0.00000e+00  loss: 1.89457e-01
2026-08-13 14:10:44.705 | INFO    | 		Epoch: 29  loss_vamb: 8.96982e-02  ab_vamb: 7.17346e-03  ce_vamb: 0.00000e+00  sse_vamb: 6.57629e-02  kld_vamb: 1.67662e-02  loss_labels: 8.84657e-03  ce_labels_labels: 1.34408e-03  kld_labels: 4.80159e+01  correct_labels_labels: 0.00000e+00  loss_joint: 8.89691e-02  ce_joint: 0.00000e+00  sse_joint: 1.55688e+01  ce_labels_joint: 2.07950e-03  kld_vamb_joint: 7.82818e+00  kld_labels_joint: 1.06755e+01  correct_labels_joint: 0.00000e+00  loss: 1.87514e-01
2026-08-13 14:10:47.039 | INFO    | 		Epoch: 30  loss_vamb: 8.86454e-02  ab_vamb: 6.89698e-03  ce_vamb: 0.00000e+00  sse_vamb: 6.49317e-02  kld_vamb: 1.68295e-02  loss_labels: 8.51981e-03  ce_labels_labels: 1.34647e-03  kld_labels: 4.59094e+01  correct_labels_labels: 0.00000e+00  loss_joint: 8.67296e-02  ce_joint: 0.00000e+00  sse_joint: 1.52970e+01  ce_labels_joint: 1.57373e-03  kld_vamb_joint: 7.78802e+00  kld_labels_joint: 1.08547e+01  correct_labels_joint: 0.00000e+00  loss: 1.83895e-01
2026-08-13 14:10:49.478 | INFO    | 		Epoch: 31  loss_vamb: 8.92292e-02  ab_vamb: 7.70063e-03  ce_vamb: 0.00000e+00  sse_vamb: 6.46123e-02  kld_vamb: 1.69184e-02  loss_labels: 8.64722e-03  ce_labels_labels: 1.57649e-03  kld_labels: 4.52527e+01  correct_labels_labels: 0.00000e+00  loss_joint: 8.61027e-02  ce_joint: 0.00000e+00  sse_joint: 1.51062e+01  ce_labels_joint: 1.68116e-03  kld_vamb_joint: 7.69803e+00  kld_labels_joint: 1.08697e+01  correct_labels_joint: 0.00000e+00  loss: 1.83979e-01
2026-08-13 14:10:52.161 | INFO    | 		Epoch: 32  loss_vamb: 8.85600e-02  ab_vamb: 7.00331e-03  ce_vamb: 0.00000e+00  sse_vamb: 6.46304e-02  kld_vamb: 1.69305e-02  loss_labels: 8.83588e-03  ce_labels_labels: 1.67572e-03  kld_labels: 4.58250e+01  correct_labels_labels: 0.00000e+00  loss_joint: 8.53555e-02  ce_joint: 0.00000e+00  sse_joint: 1.50169e+01  ce_labels_joint: 2.06272e-03  kld_vamb_joint: 7.67592e+00  kld_labels_joint: 1.09059e+01  correct_labels_joint: 0.00000e+00  loss: 1.82751e-01
2026-08-13 14:10:54.689 | INFO    | 		Epoch: 33  loss_vamb: 8.82978e-02  ab_vamb: 7.19200e-03  ce_vamb: 0.00000e+00  sse_vamb: 6.42267e-02  kld_vamb: 1.68710e-02  loss_labels: 8.58725e-03  ce_labels_labels: 1.35125e-03  kld_labels: 4.63104e+01  correct_labels_labels: 0.00000e+00  loss_joint: 8.57475e-02  ce_joint: 0.00000e+00  sse_joint: 1.49228e+01  ce_labels_joint: 2.36471e-03  kld_vamb_joint: 7.70909e+00  kld_labels_joint: 1.09360e+01  correct_labels_joint: 0.00000e+00  loss: 1.82633e-01
2026-08-13 14:10:57.021 | INFO    | 		Epoch: 34  loss_vamb: 8.82120e-02  ab_vamb: 7.60677e-03  ce_vamb: 0.00000e+00  sse_vamb: 6.37885e-02  kld_vamb: 1.68510e-02  loss_labels: 9.04514e-03  ce_labels_labels: 1.41214e-03  kld_labels: 4.88512e+01  correct_labels_labels: 0.00000e+00  loss_joint: 8.46619e-02  ce_joint: 0.00000e+00  sse_joint: 1.47969e+01  ce_labels_joint: 1.79751e-03  kld_vamb_joint: 7.66137e+00  kld_labels_joint: 1.08846e+01  correct_labels_joint: 0.00000e+00  loss: 1.81919e-01
2026-08-13 14:10:59.914 | INFO    | 		Epoch: 35  loss_vamb: 8.75343e-02  ab_vamb: 6.88051e-03  ce_vamb: 0.00000e+00  sse_vamb: 6.38202e-02  kld_vamb: 1.68571e-02  loss_labels: 9.05272e-03  ce_labels_labels: 1.47214e-03  kld_labels: 4.85157e+01  correct_labels_labels: 0.00000e+00  loss_joint: 8.34397e-02  ce_joint: 0.00000e+00  sse_joint: 1.46949e+01  ce_labels_joint: 1.81749e-03  kld_vamb_joint: 7.67224e+00  kld_labels_joint: 1.09751e+01  correct_labels_joint: 0.00000e+00  loss: 1.80027e-01
2026-08-13 14:11:25.724 | INFO    | 		Epoch: 36  loss_vamb: 8.67006e-02  ab_vamb: 6.45658e-03  ce_vamb: 0.00000e+00  sse_vamb: 6.32443e-02  kld_vamb: 1.70061e-02  loss_labels: 8.69738e-03  ce_labels_labels: 1.16338e-03  kld_labels: 4.82176e+01  correct_labels_labels: 0.00000e+00  loss_joint: 8.21963e-02  ce_joint: 0.00000e+00  sse_joint: 1.45392e+01  ce_labels_joint: 1.83992e-03  kld_vamb_joint: 7.65103e+00  kld_labels_joint: 1.10425e+01  correct_labels_joint: 0.00000e+00  loss: 1.77594e-01
2026-08-13 14:11:33.528 | INFO    | 		Epoch: 37  loss_vamb: 8.60189e-02  ab_vamb: 6.26619e-03  ce_vamb: 0.00000e+00  sse_vamb: 6.27971e-02  kld_vamb: 1.69645e-02  loss_labels: 8.88842e-03  ce_labels_labels: 1.62697e-03  kld_labels: 4.64733e+01  correct_labels_labels: 0.00000e+00  loss_joint: 8.17286e-02  ce_joint: 0.00000e+00  sse_joint: 1.44337e+01  ce_labels_joint: 2.16890e-03  kld_vamb_joint: 7.64246e+00  kld_labels_joint: 1.11068e+01  correct_labels_joint: 0.00000e+00  loss: 1.76636e-01
2026-08-13 14:11:36.638 | INFO    | 		Epoch: 38  loss_vamb: 8.71047e-02  ab_vamb: 7.28209e-03  ce_vamb: 0.00000e+00  sse_vamb: 6.27521e-02  kld_vamb: 1.70775e-02  loss_labels: 8.37515e-03  ce_labels_labels: 1.04903e-03  kld_labels: 4.68871e+01  correct_labels_labels: 0.00000e+00  loss_joint: 8.30582e-02  ce_joint: 0.00000e+00  sse_joint: 1.44420e+01  ce_labels_joint: 2.63598e-03  kld_vamb_joint: 7.64030e+00  kld_labels_joint: 1.11339e+01  correct_labels_joint: 0.00000e+00  loss: 1.78538e-01
2026-08-13 14:11:40.744 | INFO    | 		Epoch: 39  loss_vamb: 8.53093e-02  ab_vamb: 5.83054e-03  ce_vamb: 0.00000e+00  sse_vamb: 6.24036e-02  kld_vamb: 1.70838e-02  loss_labels: 8.11596e-03  ce_labels_labels: 1.06097e-03  kld_labels: 4.51520e+01  correct_labels_labels: 0.00000e+00  loss_joint: 8.03384e-02  ce_joint: 0.00000e+00  sse_joint: 1.43534e+01  ce_labels_joint: 1.49206e-03  kld_vamb_joint: 7.60530e+00  kld_labels_joint: 1.12225e+01  correct_labels_joint: 0.00000e+00  loss: 1.73764e-01
2026-08-13 14:11:45.035 | INFO    | 		Epoch: 40  loss_vamb: 8.50881e-02  ab_vamb: 5.76138e-03  ce_vamb: 0.00000e+00  sse_vamb: 6.22821e-02  kld_vamb: 1.70531e-02  loss_labels: 7.80723e-03  ce_labels_labels: 1.17709e-03  kld_labels: 4.24329e+01  correct_labels_labels: 0.00000e+00  loss_joint: 7.93757e-02  ce_joint: 0.00000e+00  sse_joint: 1.42332e+01  ce_labels_joint: 1.36374e-03  kld_vamb_joint: 7.56201e+00  kld_labels_joint: 1.13505e+01  correct_labels_joint: 0.00000e+00  loss: 1.72271e-01
2026-08-13 14:11:48.667 | INFO    | 		Epoch: 41  loss_vamb: 8.59511e-02  ab_vamb: 6.63603e-03  ce_vamb: 0.00000e+00  sse_vamb: 6.21006e-02  kld_vamb: 1.72107e-02  loss_labels: 8.11768e-03  ce_labels_labels: 1.48440e-03  kld_labels: 4.24530e+01  correct_labels_labels: 0.00000e+00  loss_joint: 8.05421e-02  ce_joint: 0.00000e+00  sse_joint: 1.41426e+01  ce_labels_joint: 2.32427e-03  kld_vamb_joint: 7.52583e+00  kld_labels_joint: 1.14066e+01  correct_labels_joint: 0.00000e+00  loss: 1.74611e-01
2026-08-13 14:11:51.247 | INFO    | 		Epoch: 42  loss_vamb: 8.61054e-02  ab_vamb: 6.89953e-03  ce_vamb: 0.00000e+00  sse_vamb: 6.20073e-02  kld_vamb: 1.72290e-02  loss_labels: 8.16457e-03  ce_labels_labels: 1.00846e-03  kld_labels: 4.57991e+01  correct_labels_labels: 0.00000e+00  loss_joint: 8.15349e-02  ce_joint: 0.00000e+00  sse_joint: 1.41816e+01  ce_labels_joint: 2.59924e-03  kld_vamb_joint: 7.53538e+00  kld_labels_joint: 1.12844e+01  correct_labels_joint: 0.00000e+00  loss: 1.75805e-01
2026-08-13 14:11:54.164 | INFO    | 		Epoch: 43  loss_vamb: 8.63282e-02  ab_vamb: 7.03746e-03  ce_vamb: 0.00000e+00  sse_vamb: 6.21062e-02  kld_vamb: 1.71833e-02  loss_labels: 8.89708e-03  ce_labels_labels: 1.75311e-03  kld_labels: 4.57214e+01  correct_labels_labels: 0.00000e+00  loss_joint: 8.11784e-02  ce_joint: 0.00000e+00  sse_joint: 1.41605e+01  ce_labels_joint: 2.40605e-03  kld_vamb_joint: 7.59837e+00  kld_labels_joint: 1.13538e+01  correct_labels_joint: 0.00000e+00  loss: 1.76404e-01
2026-08-13 14:12:03.205 | INFO    | 		Epoch: 44  loss_vamb: 8.58163e-02  ab_vamb: 7.49840e-03  ce_vamb: 0.00000e+00  sse_vamb: 6.10912e-02  kld_vamb: 1.72615e-02  loss_labels: 9.15764e-03  ce_labels_labels: 1.68299e-03  kld_labels: 4.78378e+01  correct_labels_labels: 0.00000e+00  loss_joint: 8.08891e-02  ce_joint: 0.00000e+00  sse_joint: 1.40033e+01  ce_labels_joint: 2.57161e-03  kld_vamb_joint: 7.58790e+00  kld_labels_joint: 1.13321e+01  correct_labels_joint: 0.00000e+00  loss: 1.75863e-01
2026-08-13 14:12:21.125 | INFO    | 		Epoch: 45  loss_vamb: 8.46099e-02  ab_vamb: 6.01982e-03  ce_vamb: 0.00000e+00  sse_vamb: 6.13715e-02  kld_vamb: 1.72187e-02  loss_labels: 8.34185e-03  ce_labels_labels: 9.58667e-04  kld_labels: 4.72524e+01  correct_labels_labels: 0.00000e+00  loss_joint: 8.01478e-02  ce_joint: 0.00000e+00  sse_joint: 1.40530e+01  ce_labels_joint: 2.41131e-03  kld_vamb_joint: 7.56245e+00  kld_labels_joint: 1.13052e+01  correct_labels_joint: 0.00000e+00  loss: 1.73100e-01
2026-08-13 14:12:27.340 | INFO    | 		Epoch: 46  loss_vamb: 8.54275e-02  ab_vamb: 7.53172e-03  ce_vamb: 0.00000e+00  sse_vamb: 6.05769e-02  kld_vamb: 1.73115e-02  loss_labels: 8.95305e-03  ce_labels_labels: 1.69671e-03  kld_labels: 4.64406e+01  correct_labels_labels: 0.00000e+00  loss_joint: 7.98780e-02  ce_joint: 0.00000e+00  sse_joint: 1.38905e+01  ce_labels_joint: 2.06415e-03  kld_vamb_joint: 7.56299e+00  kld_labels_joint: 1.13682e+01  correct_labels_joint: 0.00000e+00  loss: 1.74259e-01
2026-08-13 14:12:33.338 | INFO    | 		Epoch: 47  loss_vamb: 8.46705e-02  ab_vamb: 6.57380e-03  ce_vamb: 0.00000e+00  sse_vamb: 6.08167e-02  kld_vamb: 1.72749e-02  loss_labels: 8.64166e-03  ce_labels_labels: 1.62809e-03  kld_labels: 4.48869e+01  correct_labels_labels: 0.00000e+00  loss_joint: 7.84387e-02  ce_joint: 0.00000e+00  sse_joint: 1.38539e+01  ce_labels_joint: 1.58134e-03  kld_vamb_joint: 7.56966e+00  kld_labels_joint: 1.14762e+01  correct_labels_joint: 0.00000e+00  loss: 1.71751e-01
2026-08-13 14:12:38.841 | INFO    | 		Epoch: 48  loss_vamb: 8.47293e-02  ab_vamb: 6.80872e-03  ce_vamb: 0.00000e+00  sse_vamb: 6.05415e-02  kld_vamb: 1.73822e-02  loss_labels: 9.67084e-03  ce_labels_labels: 2.01100e-03  kld_labels: 4.90230e+01  correct_labels_labels: 0.00000e+00  loss_joint: 7.87137e-02  ce_joint: 0.00000e+00  sse_joint: 1.37958e+01  ce_labels_joint: 2.04535e-03  kld_vamb_joint: 7.59416e+00  kld_labels_joint: 1.14450e+01  correct_labels_joint: 0.00000e+00  loss: 1.73114e-01
2026-08-13 14:12:42.299 | INFO    | 		Epoch: 49  loss_vamb: 8.38704e-02  ab_vamb: 6.55745e-03  ce_vamb: 0.00000e+00  sse_vamb: 5.99466e-02  kld_vamb: 1.73754e-02  loss_labels: 9.28920e-03  ce_labels_labels: 1.55959e-03  kld_labels: 4.94695e+01  correct_labels_labels: 0.00000e+00  loss_joint: 7.77767e-02  ce_joint: 0.00000e+00  sse_joint: 1.36424e+01  ce_labels_joint: 1.99666e-03  kld_vamb_joint: 7.62792e+00  kld_labels_joint: 1.15236e+01  correct_labels_joint: 0.00000e+00  loss: 1.70936e-01
2026-08-13 14:12:45.465 | INFO    | 		Epoch: 50  loss_vamb: 8.40329e-02  ab_vamb: 6.63863e-03  ce_vamb: 0.00000e+00  sse_vamb: 6.00579e-02  kld_vamb: 1.73654e-02  loss_labels: 8.69774e-03  ce_labels_labels: 1.26708e-03  kld_labels: 4.75562e+01  correct_labels_labels: 0.00000e+00  loss_joint: 7.74996e-02  ce_joint: 0.00000e+00  sse_joint: 1.36607e+01  ce_labels_joint: 1.53177e-03  kld_vamb_joint: 7.66396e+00  kld_labels_joint: 1.15713e+01  correct_labels_joint: 0.00000e+00  loss: 1.70230e-01
2026-08-13 14:12:51.025 | INFO    | 		Epoch: 51  loss_vamb: 8.36372e-02  ab_vamb: 6.41902e-03  ce_vamb: 0.00000e+00  sse_vamb: 5.98665e-02  kld_vamb: 1.73537e-02  loss_labels: 9.05330e-03  ce_labels_labels: 1.58181e-03  kld_labels: 4.78175e+01  correct_labels_labels: 0.00000e+00  loss_joint: 7.64501e-02  ce_joint: 0.00000e+00  sse_joint: 1.35254e+01  ce_labels_joint: 1.37293e-03  kld_vamb_joint: 7.58546e+00  kld_labels_joint: 1.16115e+01  correct_labels_joint: 0.00000e+00  loss: 1.69141e-01
2026-08-13 14:12:53.619 | INFO    | 		Epoch: 52  loss_vamb: 8.35428e-02  ab_vamb: 6.42250e-03  ce_vamb: 0.00000e+00  sse_vamb: 5.97239e-02  kld_vamb: 1.74028e-02  loss_labels: 9.20400e-03  ce_labels_labels: 1.67341e-03  kld_labels: 4.81957e+01  correct_labels_labels: 0.00000e+00  loss_joint: 7.65754e-02  ce_joint: 0.00000e+00  sse_joint: 1.34823e+01  ce_labels_joint: 1.64518e-03  kld_vamb_joint: 7.54752e+00  kld_labels_joint: 1.16365e+01  correct_labels_joint: 0.00000e+00  loss: 1.69322e-01
2026-08-13 14:12:58.387 | INFO    | 		Epoch: 53  loss_vamb: 8.43083e-02  ab_vamb: 6.64545e-03  ce_vamb: 0.00000e+00  sse_vamb: 6.03335e-02  kld_vamb: 1.73379e-02  loss_labels: 8.38721e-03  ce_labels_labels: 1.03359e-03  kld_labels: 4.70631e+01  correct_labels_labels: 0.00000e+00  loss_joint: 7.69207e-02  ce_joint: 0.00000e+00  sse_joint: 1.35481e+01  ce_labels_joint: 1.69099e-03  kld_vamb_joint: 7.58849e+00  kld_labels_joint: 1.17288e+01  correct_labels_joint: 0.00000e+00  loss: 1.69616e-01
2026-08-13 14:13:05.691 | INFO    | 		Epoch: 54  loss_vamb: 8.30628e-02  ab_vamb: 6.19667e-03  ce_vamb: 0.00000e+00  sse_vamb: 5.94251e-02  kld_vamb: 1.74496e-02  loss_labels: 8.69878e-03  ce_labels_labels: 1.50196e-03  kld_labels: 4.60596e+01  correct_labels_labels: 0.00000e+00  loss_joint: 7.72194e-02  ce_joint: 0.00000e+00  sse_joint: 1.34213e+01  ce_labels_joint: 2.86641e-03  kld_vamb_joint: 7.54796e+00  kld_labels_joint: 1.17840e+01  correct_labels_joint: 0.00000e+00  loss: 1.68981e-01
2026-08-13 14:13:08.191 | INFO    | 		Epoch: 55  loss_vamb: 8.21258e-02  ab_vamb: 5.81581e-03  ce_vamb: 0.00000e+00  sse_vamb: 5.88778e-02  kld_vamb: 1.74347e-02  loss_labels: 9.23725e-03  ce_labels_labels: 1.91744e-03  kld_labels: 4.68468e+01  correct_labels_labels: 0.00000e+00  loss_joint: 7.71943e-02  ce_joint: 0.00000e+00  sse_joint: 1.33853e+01  ce_labels_joint: 3.17370e-03  kld_vamb_joint: 7.55502e+00  kld_labels_joint: 1.17182e+01  correct_labels_joint: 0.00000e+00  loss: 1.68557e-01
2026-08-13 14:13:10.923 | INFO    | 		Epoch: 56  loss_vamb: 8.20521e-02  ab_vamb: 5.68796e-03  ce_vamb: 0.00000e+00  sse_vamb: 5.89584e-02  kld_vamb: 1.74149e-02  loss_labels: 8.83725e-03  ce_labels_labels: 1.75600e-03  kld_labels: 4.53200e+01  correct_labels_labels: 0.00000e+00  loss_joint: 7.80710e-02  ce_joint: 0.00000e+00  sse_joint: 1.35465e+01  ce_labels_joint: 3.37656e-03  kld_vamb_joint: 7.72634e+00  kld_labels_joint: 1.18018e+01  correct_labels_joint: 0.00000e+00  loss: 1.68960e-01
2026-08-13 14:13:13.576 | INFO    | 		Epoch: 57  loss_vamb: 8.22538e-02  ab_vamb: 5.89330e-03  ce_vamb: 0.00000e+00  sse_vamb: 5.88245e-02  kld_vamb: 1.75340e-02  loss_labels: 8.41463e-03  ce_labels_labels: 1.48906e-03  kld_labels: 4.43237e+01  correct_labels_labels: 0.00000e+00  loss_joint: 7.91353e-02  ce_joint: 0.00000e+00  sse_joint: 1.35223e+01  ce_labels_joint: 4.25066e-03  kld_vamb_joint: 7.74440e+00  kld_labels_joint: 1.18671e+01  correct_labels_joint: 0.00000e+00  loss: 1.69804e-01
2026-08-13 14:13:16.093 | INFO    | 		Epoch: 58  loss_vamb: 8.33123e-02  ab_vamb: 6.89745e-03  ce_vamb: 0.00000e+00  sse_vamb: 5.89055e-02  kld_vamb: 1.75155e-02  loss_labels: 8.94049e-03  ce_labels_labels: 1.38430e-03  kld_labels: 4.83596e+01  correct_labels_labels: 0.00000e+00  loss_joint: 7.79965e-02  ce_joint: 0.00000e+00  sse_joint: 1.35266e+01  ce_labels_joint: 2.38619e-03  kld_vamb_joint: 7.81645e+00  kld_labels_joint: 1.17469e+01  correct_labels_joint: 0.00000e+00  loss: 1.70249e-01
2026-08-13 14:13:18.812 | INFO    | 		Epoch: 59  loss_vamb: 8.27232e-02  ab_vamb: 6.42632e-03  ce_vamb: 0.00000e+00  sse_vamb: 5.87456e-02  kld_vamb: 1.75591e-02  loss_labels: 8.70170e-03  ce_labels_labels: 1.43723e-03  kld_labels: 4.64926e+01  correct_labels_labels: 0.00000e+00  loss_joint: 7.82085e-02  ce_joint: 0.00000e+00  sse_joint: 1.35303e+01  ce_labels_joint: 3.01207e-03  kld_vamb_joint: 7.91795e+00  kld_labels_joint: 1.18911e+01  correct_labels_joint: 0.00000e+00  loss: 1.69633e-01
2026-08-13 14:13:23.352 | INFO    | 		Epoch: 60  loss_vamb: 8.24340e-02  ab_vamb: 6.73791e-03  ce_vamb: 0.00000e+00  sse_vamb: 5.81793e-02  kld_vamb: 1.75263e-02  loss_labels: 7.82113e-03  ce_labels_labels: 1.08707e-03  kld_labels: 4.30980e+01  correct_labels_labels: 0.00000e+00  loss_joint: 7.68645e-02  ce_joint: 0.00000e+00  sse_joint: 1.33379e+01  ce_labels_joint: 2.35030e-03  kld_vamb_joint: 7.83474e+00  kld_labels_joint: 1.20558e+01  correct_labels_joint: 0.00000e+00  loss: 1.67120e-01
2026-08-13 14:13:28.221 | INFO    | 		Epoch: 61  loss_vamb: 8.17974e-02  ab_vamb: 5.78561e-03  ce_vamb: 0.00000e+00  sse_vamb: 5.85306e-02  kld_vamb: 1.74926e-02  loss_labels: 8.36983e-03  ce_labels_labels: 1.66797e-03  kld_labels: 4.28919e+01  correct_labels_labels: 0.00000e+00  loss_joint: 7.69072e-02  ce_joint: 0.00000e+00  sse_joint: 1.34434e+01  ce_labels_joint: 2.51648e-03  kld_vamb_joint: 7.87118e+00  kld_labels_joint: 1.21286e+01  correct_labels_joint: 0.00000e+00  loss: 1.67074e-01
2026-08-13 14:13:32.420 | INFO    | 		Epoch: 62  loss_vamb: 8.18916e-02  ab_vamb: 6.26385e-03  ce_vamb: 0.00000e+00  sse_vamb: 5.80687e-02  kld_vamb: 1.75578e-02  loss_labels: 8.67723e-03  ce_labels_labels: 1.78850e-03  kld_labels: 4.40879e+01  correct_labels_labels: 0.00000e+00  loss_joint: 7.80647e-02  ce_joint: 0.00000e+00  sse_joint: 1.33823e+01  ce_labels_joint: 3.31193e-03  kld_vamb_joint: 7.92279e+00  kld_labels_joint: 1.21666e+01  correct_labels_joint: 0.00000e+00  loss: 1.68634e-01
2026-08-13 14:13:37.006 | INFO    | 		Epoch: 63  loss_vamb: 8.23943e-02  ab_vamb: 6.44720e-03  ce_vamb: 0.00000e+00  sse_vamb: 5.83619e-02  kld_vamb: 1.75975e-02  loss_labels: 8.02072e-03  ce_labels_labels: 1.08795e-03  kld_labels: 4.43697e+01  correct_labels_labels: 0.00000e+00  loss_joint: 7.87729e-02  ce_joint: 0.00000e+00  sse_joint: 1.34947e+01  ce_labels_joint: 3.43792e-03  kld_vamb_joint: 7.97786e+00  kld_labels_joint: 1.21762e+01  correct_labels_joint: 0.00000e+00  loss: 1.69188e-01
2026-08-13 14:13:40.184 | INFO    | 		Epoch: 64  loss_vamb: 8.23832e-02  ab_vamb: 6.55901e-03  ce_vamb: 0.00000e+00  sse_vamb: 5.81538e-02  kld_vamb: 1.76803e-02  loss_labels: 9.91417e-03  ce_labels_labels: 2.77989e-03  kld_labels: 4.56594e+01  correct_labels_labels: 0.00000e+00  loss_joint: 7.66676e-02  ce_joint: 0.00000e+00  sse_joint: 1.33170e+01  ce_labels_joint: 2.14468e-03  kld_vamb_joint: 7.93314e+00  kld_labels_joint: 1.21702e+01  correct_labels_joint: 0.00000e+00  loss: 1.68965e-01
2026-08-13 14:13:47.597 | INFO    | 		Epoch: 65  loss_vamb: 8.17068e-02  ab_vamb: 6.38342e-03  ce_vamb: 0.00000e+00  sse_vamb: 5.76784e-02  kld_vamb: 1.76509e-02  loss_labels: 9.20332e-03  ce_labels_labels: 1.72034e-03  kld_labels: 4.78911e+01  correct_labels_labels: 0.00000e+00  loss_joint: 7.70969e-02  ce_joint: 0.00000e+00  sse_joint: 1.32459e+01  ce_labels_joint: 3.08342e-03  kld_vamb_joint: 7.98873e+00  kld_labels_joint: 1.22555e+01  correct_labels_joint: 0.00000e+00  loss: 1.68007e-01
2026-08-13 14:14:03.786 | INFO    | 		Epoch: 66  loss_vamb: 8.15000e-02  ab_vamb: 6.10828e-03  ce_vamb: 0.00000e+00  sse_vamb: 5.78091e-02  kld_vamb: 1.75705e-02  loss_labels: 8.65130e-03  ce_labels_labels: 1.41543e-03  kld_labels: 4.63095e+01  correct_labels_labels: 0.00000e+00  loss_joint: 7.77893e-02  ce_joint: 0.00000e+00  sse_joint: 1.32639e+01  ce_labels_joint: 3.45176e-03  kld_vamb_joint: 8.08616e+00  kld_labels_joint: 1.23623e+01  correct_labels_joint: 0.00000e+00  loss: 1.67941e-01
2026-08-13 14:14:18.767 | INFO    | 		Epoch: 67  loss_vamb: 8.20439e-02  ab_vamb: 6.56127e-03  ce_vamb: 0.00000e+00  sse_vamb: 5.78476e-02  kld_vamb: 1.76351e-02  loss_labels: 8.76926e-03  ce_labels_labels: 1.28871e-03  kld_labels: 4.78755e+01  correct_labels_labels: 0.00000e+00  loss_joint: 7.82574e-02  ce_joint: 0.00000e+00  sse_joint: 1.32826e+01  ce_labels_joint: 3.70038e-03  kld_vamb_joint: 8.09715e+00  kld_labels_joint: 1.23437e+01  correct_labels_joint: 0.00000e+00  loss: 1.69071e-01
2026-08-13 14:14:46.448 | INFO    | 		Epoch: 68  loss_vamb: 8.09604e-02  ab_vamb: 5.90176e-03  ce_vamb: 0.00000e+00  sse_vamb: 5.73410e-02  kld_vamb: 1.77173e-02  loss_labels: 8.77206e-03  ce_labels_labels: 1.69513e-03  kld_labels: 4.52923e+01  correct_labels_labels: 0.00000e+00  loss_joint: 7.87641e-02  ce_joint: 0.00000e+00  sse_joint: 1.33541e+01  ce_labels_joint: 4.37773e-03  kld_vamb_joint: 8.11298e+00  kld_labels_joint: 1.23984e+01  correct_labels_joint: 0.00000e+00  loss: 1.68497e-01
2026-08-13 14:14:53.952 | INFO    | 		Epoch: 69  loss_vamb: 8.19626e-02  ab_vamb: 6.59505e-03  ce_vamb: 0.00000e+00  sse_vamb: 5.78105e-02  kld_vamb: 1.75449e-02  loss_labels: 9.56910e-03  ce_labels_labels: 2.48385e-03  kld_labels: 4.53455e+01  correct_labels_labels: 0.00000e+00  loss_joint: 7.89655e-02  ce_joint: 0.00000e+00  sse_joint: 1.34050e+01  ce_labels_joint: 3.67251e-03  kld_vamb_joint: 8.32985e+00  kld_labels_joint: 1.25038e+01  correct_labels_joint: 0.00000e+00  loss: 1.70497e-01
2026-08-13 14:15:20.959 | INFO    | 		Epoch: 70  loss_vamb: 8.13437e-02  ab_vamb: 6.37658e-03  ce_vamb: 0.00000e+00  sse_vamb: 5.72333e-02  kld_vamb: 1.77373e-02  loss_labels: 1.03677e-02  ce_labels_labels: 2.39463e-03  kld_labels: 5.10275e+01  correct_labels_labels: 0.00000e+00  loss_joint: 7.98488e-02  ce_joint: 0.00000e+00  sse_joint: 1.33824e+01  ce_labels_joint: 4.85667e-03  kld_vamb_joint: 8.32548e+00  kld_labels_joint: 1.22926e+01  correct_labels_joint: 0.00000e+00  loss: 1.71560e-01
2026-08-13 14:15:44.201 | INFO    | 		Epoch: 71  loss_vamb: 8.06796e-02  ab_vamb: 5.84944e-03  ce_vamb: 0.00000e+00  sse_vamb: 5.71118e-02  kld_vamb: 1.77234e-02  loss_labels: 1.01033e-02  ce_labels_labels: 2.11939e-03  kld_labels: 5.10969e+01  correct_labels_labels: 0.00000e+00  loss_joint: 7.76474e-02  ce_joint: 0.00000e+00  sse_joint: 1.33591e+01  ce_labels_joint: 3.14164e-03  kld_vamb_joint: 8.27697e+00  kld_labels_joint: 1.23321e+01  correct_labels_joint: 0.00000e+00  loss: 1.68430e-01
2026-08-13 14:15:47.104 | INFO    | 		Epoch: 72  loss_vamb: 8.11964e-02  ab_vamb: 6.71146e-03  ce_vamb: 0.00000e+00  sse_vamb: 5.68946e-02  kld_vamb: 1.76031e-02  loss_labels: 9.49538e-03  ce_labels_labels: 1.59552e-03  kld_labels: 5.05591e+01  correct_labels_labels: 0.00000e+00  loss_joint: 7.93386e-02  ce_joint: 0.00000e+00  sse_joint: 1.33097e+01  ce_labels_joint: 4.31314e-03  kld_vamb_joint: 8.49373e+00  kld_labels_joint: 1.25249e+01  correct_labels_joint: 0.00000e+00  loss: 1.70030e-01
2026-08-13 14:15:58.049 | INFO    | 		Epoch: 73  loss_vamb: 8.07111e-02  ab_vamb: 6.13015e-03  ce_vamb: 0.00000e+00  sse_vamb: 5.69337e-02  kld_vamb: 1.76552e-02  loss_labels: 9.19803e-03  ce_labels_labels: 1.72643e-03  kld_labels: 4.78182e+01  correct_labels_labels: 0.00000e+00  loss_joint: 7.91997e-02  ce_joint: 0.00000e+00  sse_joint: 1.33571e+01  ce_labels_joint: 4.14904e-03  kld_vamb_joint: 8.54875e+00  kld_labels_joint: 1.26693e+01  correct_labels_joint: 0.00000e+00  loss: 1.69109e-01
2026-08-13 14:16:14.057 | INFO    | 		Epoch: 74  loss_vamb: 8.05923e-02  ab_vamb: 6.18026e-03  ce_vamb: 0.00000e+00  sse_vamb: 5.67775e-02  kld_vamb: 1.76418e-02  loss_labels: 1.02662e-02  ce_labels_labels: 2.89728e-03  kld_labels: 4.71612e+01  correct_labels_labels: 0.00000e+00  loss_joint: 7.87853e-02  ce_joint: 0.00000e+00  sse_joint: 1.33001e+01  ce_labels_joint: 4.25231e-03  kld_vamb_joint: 8.61060e+00  kld_labels_joint: 1.27799e+01  correct_labels_joint: 0.00000e+00  loss: 1.69644e-01
2026-08-13 14:16:39.372 | INFO    | 		Epoch: 75  loss_vamb: 7.83781e-02  ab_vamb: 5.03185e-03  ce_vamb: 0.00000e+00  sse_vamb: 5.56720e-02  kld_vamb: 1.76774e-02  loss_labels: 9.97567e-03  ce_labels_labels: 2.57750e-03  kld_labels: 4.73483e+01  correct_labels_labels: 0.00000e+00  loss_joint: 7.57929e-02  ce_joint: 0.00000e+00  sse_joint: 1.30149e+01  ce_labels_joint: 3.63025e-03  kld_vamb_joint: 8.68371e+00  kld_labels_joint: 1.28198e+01  correct_labels_joint: 0.00000e+00  loss: 1.64147e-01
2026-08-13 14:17:12.075 | INFO    | 		Epoch: 76  loss_vamb: 7.73315e-02  ab_vamb: 4.73767e-03  ce_vamb: 0.00000e+00  sse_vamb: 5.49218e-02  kld_vamb: 1.76790e-02  loss_labels: 8.73680e-03  ce_labels_labels: 1.28871e-03  kld_labels: 4.76678e+01  correct_labels_labels: 0.00000e+00  loss_joint: 7.23517e-02  ce_joint: 0.00000e+00  sse_joint: 1.27984e+01  ce_labels_joint: 1.64932e-03  kld_vamb_joint: 8.66008e+00  kld_labels_joint: 1.27986e+01  correct_labels_joint: 0.00000e+00  loss: 1.58420e-01
2026-08-13 14:17:14.954 | INFO    | 		Epoch: 77  loss_vamb: 7.67050e-02  ab_vamb: 4.22230e-03  ce_vamb: 0.00000e+00  sse_vamb: 5.47847e-02  kld_vamb: 1.77093e-02  loss_labels: 8.30149e-03  ce_labels_labels: 1.05269e-03  kld_labels: 4.63923e+01  correct_labels_labels: 0.00000e+00  loss_joint: 7.03575e-02  ce_joint: 0.00000e+00  sse_joint: 1.26158e+01  ce_labels_joint: 1.12113e-03  kld_vamb_joint: 8.63822e+00  kld_labels_joint: 1.29303e+01  correct_labels_joint: 0.00000e+00  loss: 1.55364e-01
2026-08-13 14:17:18.019 | INFO    | 		Epoch: 78  loss_vamb: 7.66714e-02  ab_vamb: 4.29488e-03  ce_vamb: 0.00000e+00  sse_vamb: 5.46686e-02  kld_vamb: 1.77016e-02  loss_labels: 7.71801e-03  ce_labels_labels: 5.78049e-04  kld_labels: 4.56958e+01  correct_labels_labels: 0.00000e+00  loss_joint: 6.96293e-02  ce_joint: 0.00000e+00  sse_joint: 1.24827e+01  ce_labels_joint: 9.78473e-04  kld_vamb_joint: 8.59694e+00  kld_labels_joint: 1.30541e+01  correct_labels_joint: 0.00000e+00  loss: 1.54019e-01
2026-08-13 14:17:22.005 | INFO    | 		Epoch: 79  loss_vamb: 7.64930e-02  ab_vamb: 4.28924e-03  ce_vamb: 0.00000e+00  sse_vamb: 5.46207e-02  kld_vamb: 1.76007e-02  loss_labels: 7.66355e-03  ce_labels_labels: 8.80959e-04  kld_labels: 4.34086e+01  correct_labels_labels: 0.00000e+00  loss_joint: 6.93789e-02  ce_joint: 0.00000e+00  sse_joint: 1.23859e+01  ce_labels_joint: 1.36147e-03  kld_vamb_joint: 8.58053e+00  kld_labels_joint: 1.31790e+01  correct_labels_joint: 0.00000e+00  loss: 1.53535e-01
2026-08-13 14:17:37.567 | INFO    | 		Epoch: 80  loss_vamb: 7.69664e-02  ab_vamb: 4.83402e-03  ce_vamb: 0.00000e+00  sse_vamb: 5.44593e-02  kld_vamb: 1.76832e-02  loss_labels: 7.41521e-03  ce_labels_labels: 9.18902e-04  kld_labels: 4.15764e+01  correct_labels_labels: 0.00000e+00  loss_joint: 6.91978e-02  ce_joint: 0.00000e+00  sse_joint: 1.23151e+01  ce_labels_joint: 1.02094e-03  kld_vamb_joint: 8.55610e+00  kld_labels_joint: 1.32821e+01  correct_labels_joint: 0.00000e+00  loss: 1.53579e-01
2026-08-13 14:17:39.944 | INFO    | 		Epoch: 81  loss_vamb: 7.65576e-02  ab_vamb: 4.30249e-03  ce_vamb: 0.00000e+00  sse_vamb: 5.44868e-02  kld_vamb: 1.77715e-02  loss_labels: 7.86094e-03  ce_labels_labels: 1.46944e-03  kld_labels: 4.09056e+01  correct_labels_labels: 0.00000e+00  loss_joint: 6.86477e-02  ce_joint: 0.00000e+00  sse_joint: 1.22926e+01  ce_labels_joint: 9.96348e-04  kld_vamb_joint: 8.52407e+00  kld_labels_joint: 1.33420e+01  correct_labels_joint: 0.00000e+00  loss: 1.53066e-01
2026-08-13 14:17:42.209 | INFO    | 		Epoch: 82  loss_vamb: 7.77137e-02  ab_vamb: 5.54357e-03  ce_vamb: 0.00000e+00  sse_vamb: 5.44172e-02  kld_vamb: 1.77527e-02  loss_labels: 7.82102e-03  ce_labels_labels: 1.23267e-03  kld_labels: 4.21655e+01  correct_labels_labels: 0.00000e+00  loss_joint: 6.96776e-02  ce_joint: 0.00000e+00  sse_joint: 1.22489e+01  ce_labels_joint: 1.33501e-03  kld_vamb_joint: 8.49688e+00  kld_labels_joint: 1.33030e+01  correct_labels_joint: 0.00000e+00  loss: 1.55212e-01
2026-08-13 14:17:58.970 | INFO    | 		Epoch: 83  loss_vamb: 7.67229e-02  ab_vamb: 4.61044e-03  ce_vamb: 0.00000e+00  sse_vamb: 5.43500e-02  kld_vamb: 1.77576e-02  loss_labels: 7.56870e-03  ce_labels_labels: 9.66011e-04  kld_labels: 4.22572e+01  correct_labels_labels: 0.00000e+00  loss_joint: 6.82186e-02  ce_joint: 0.00000e+00  sse_joint: 1.21675e+01  ce_labels_joint: 1.01256e-03  kld_vamb_joint: 8.42868e+00  kld_labels_joint: 1.32832e+01  correct_labels_joint: 0.00000e+00  loss: 1.52510e-01
2026-08-13 14:18:17.694 | INFO    | 		Epoch: 84  loss_vamb: 7.60918e-02  ab_vamb: 4.16950e-03  ce_vamb: 0.00000e+00  sse_vamb: 5.41955e-02  kld_vamb: 1.77215e-02  loss_labels: 7.26577e-03  ce_labels_labels: 7.41543e-04  kld_labels: 4.17550e+01  correct_labels_labels: 0.00000e+00  loss_joint: 6.79469e-02  ce_joint: 0.00000e+00  sse_joint: 1.21364e+01  ce_labels_joint: 1.34429e-03  kld_vamb_joint: 8.41995e+00  kld_labels_joint: 1.32976e+01  correct_labels_joint: 0.00000e+00  loss: 1.51305e-01
2026-08-13 14:18:20.419 | INFO    | 		Epoch: 85  loss_vamb: 7.64135e-02  ab_vamb: 4.21113e-03  ce_vamb: 0.00000e+00  sse_vamb: 5.44521e-02  kld_vamb: 1.77531e-02  loss_labels: 7.83959e-03  ce_labels_labels: 1.46290e-03  kld_labels: 4.08108e+01  correct_labels_labels: 0.00000e+00  loss_joint: 6.74598e-02  ce_joint: 0.00000e+00  sse_joint: 1.21325e+01  ce_labels_joint: 8.85942e-04  kld_vamb_joint: 8.42662e+00  kld_labels_joint: 1.34107e+01  correct_labels_joint: 0.00000e+00  loss: 1.51713e-01
2026-08-13 14:18:23.344 | INFO    | 		Epoch: 86  loss_vamb: 7.65614e-02  ab_vamb: 4.61636e-03  ce_vamb: 0.00000e+00  sse_vamb: 5.41769e-02  kld_vamb: 1.77616e-02  loss_labels: 7.24840e-03  ce_labels_labels: 8.14598e-04  kld_labels: 4.11763e+01  correct_labels_labels: 0.00000e+00  loss_joint: 6.77767e-02  ce_joint: 0.00000e+00  sse_joint: 1.20666e+01  ce_labels_joint: 1.34374e-03  kld_vamb_joint: 8.36925e+00  kld_labels_joint: 1.34039e+01  correct_labels_joint: 0.00000e+00  loss: 1.51587e-01
2026-08-13 14:18:26.920 | INFO    | 		Epoch: 87  loss_vamb: 7.69094e-02  ab_vamb: 5.03875e-03  ce_vamb: 0.00000e+00  sse_vamb: 5.41746e-02  kld_vamb: 1.77024e-02  loss_labels: 7.27872e-03  ce_labels_labels: 9.31432e-04  kld_labels: 4.06226e+01  correct_labels_labels: 0.00000e+00  loss_joint: 6.84805e-02  ce_joint: 0.00000e+00  sse_joint: 1.20636e+01  ce_labels_joint: 1.50053e-03  kld_vamb_joint: 8.39599e+00  kld_labels_joint: 1.34726e+01  correct_labels_joint: 0.00000e+00  loss: 1.52669e-01
2026-08-13 14:18:30.653 | INFO    | 		Epoch: 88  loss_vamb: 7.62790e-02  ab_vamb: 4.55911e-03  ce_vamb: 0.00000e+00  sse_vamb: 5.39996e-02  kld_vamb: 1.77340e-02  loss_labels: 6.87857e-03  ce_labels_labels: 6.46157e-04  kld_labels: 3.98874e+01  correct_labels_labels: 0.00000e+00  loss_joint: 6.75370e-02  ce_joint: 0.00000e+00  sse_joint: 1.19976e+01  ce_labels_joint: 1.27460e-03  kld_vamb_joint: 8.41115e+00  kld_labels_joint: 1.35208e+01  correct_labels_joint: 0.00000e+00  loss: 1.50695e-01
2026-08-13 14:18:34.997 | INFO    | 		Epoch: 89  loss_vamb: 7.63654e-02  ab_vamb: 4.60738e-03  ce_vamb: 0.00000e+00  sse_vamb: 5.40487e-02  kld_vamb: 1.77031e-02  loss_labels: 6.79827e-03  ce_labels_labels: 8.31561e-04  kld_labels: 3.81869e+01  correct_labels_labels: 0.00000e+00  loss_joint: 6.79291e-02  ce_joint: 0.00000e+00  sse_joint: 1.20289e+01  ce_labels_joint: 1.35561e-03  kld_vamb_joint: 8.37732e+00  kld_labels_joint: 1.35742e+01  correct_labels_joint: 0.00000e+00  loss: 1.51093e-01
2026-08-13 14:18:40.076 | INFO    | 		Epoch: 90  loss_vamb: 7.62964e-02  ab_vamb: 4.57253e-03  ce_vamb: 0.00000e+00  sse_vamb: 5.40072e-02  kld_vamb: 1.77252e-02  loss_labels: 7.19266e-03  ce_labels_labels: 1.26123e-03  kld_labels: 3.79612e+01  correct_labels_labels: 0.00000e+00  loss_joint: 6.70914e-02  ce_joint: 0.00000e+00  sse_joint: 1.19537e+01  ce_labels_joint: 1.15427e-03  kld_vamb_joint: 8.36075e+00  kld_labels_joint: 1.35723e+01  correct_labels_joint: 0.00000e+00  loss: 1.50580e-01
2026-08-13 14:18:42.915 | INFO    | 		Epoch: 91  loss_vamb: 7.56421e-02  ab_vamb: 4.11858e-03  ce_vamb: 0.00000e+00  sse_vamb: 5.37118e-02  kld_vamb: 1.78115e-02  loss_labels: 7.80513e-03  ce_labels_labels: 1.55739e-03  kld_labels: 3.99855e+01  correct_labels_labels: 0.00000e+00  loss_joint: 6.65679e-02  ce_joint: 0.00000e+00  sse_joint: 1.18986e+01  ce_labels_joint: 1.23217e-03  kld_vamb_joint: 8.28727e+00  kld_labels_joint: 1.34733e+01  correct_labels_joint: 0.00000e+00  loss: 1.50015e-01
2026-08-13 14:18:46.558 | INFO    | 		Epoch: 92  loss_vamb: 7.68461e-02  ab_vamb: 5.18683e-03  ce_vamb: 0.00000e+00  sse_vamb: 5.39064e-02  kld_vamb: 1.77623e-02  loss_labels: 7.53092e-03  ce_labels_labels: 9.98653e-04  kld_labels: 4.18065e+01  correct_labels_labels: 0.00000e+00  loss_joint: 6.73735e-02  ce_joint: 0.00000e+00  sse_joint: 1.18889e+01  ce_labels_joint: 1.17438e-03  kld_vamb_joint: 8.29151e+00  kld_labels_joint: 1.34645e+01  correct_labels_joint: 0.00000e+00  loss: 1.51751e-01
2026-08-13 14:18:51.200 | INFO    | 		Epoch: 93  loss_vamb: 7.62838e-02  ab_vamb: 4.66449e-03  ce_vamb: 0.00000e+00  sse_vamb: 5.39091e-02  kld_vamb: 1.77203e-02  loss_labels: 7.73420e-03  ce_labels_labels: 1.16548e-03  kld_labels: 4.20398e+01  correct_labels_labels: 0.00000e+00  loss_joint: 6.73544e-02  ce_joint: 0.00000e+00  sse_joint: 1.19265e+01  ce_labels_joint: 1.42765e-03  kld_vamb_joint: 8.30062e+00  kld_labels_joint: 1.34504e+01  correct_labels_joint: 0.00000e+00  loss: 1.51372e-01
2026-08-13 14:18:57.334 | INFO    | 		Epoch: 94  loss_vamb: 7.63372e-02  ab_vamb: 4.78289e-03  ce_vamb: 0.00000e+00  sse_vamb: 5.38292e-02  kld_vamb: 1.77194e-02  loss_labels: 8.06343e-03  ce_labels_labels: 1.52980e-03  kld_labels: 4.18153e+01  correct_labels_labels: 0.00000e+00  loss_joint: 6.65016e-02  ce_joint: 0.00000e+00  sse_joint: 1.18633e+01  ce_labels_joint: 9.29724e-04  kld_vamb_joint: 8.32211e+00  kld_labels_joint: 1.34613e+01  correct_labels_joint: 0.00000e+00  loss: 1.50902e-01
2026-08-13 14:18:59.678 | INFO    | 		Epoch: 95  loss_vamb: 7.59289e-02  ab_vamb: 4.45777e-03  ce_vamb: 0.00000e+00  sse_vamb: 5.35834e-02  kld_vamb: 1.78950e-02  loss_labels: 7.30613e-03  ce_labels_labels: 7.41163e-04  kld_labels: 4.20158e+01  correct_labels_labels: 0.00000e+00  loss_joint: 6.59157e-02  ce_joint: 0.00000e+00  sse_joint: 1.17867e+01  ce_labels_joint: 9.23292e-04  kld_vamb_joint: 8.27924e+00  kld_labels_joint: 1.34675e+01  correct_labels_joint: 0.00000e+00  loss: 1.49151e-01
2026-08-13 14:19:02.647 | INFO    | 		Epoch: 96  loss_vamb: 7.64750e-02  ab_vamb: 4.68333e-03  ce_vamb: 0.00000e+00  sse_vamb: 5.40231e-02  kld_vamb: 1.77730e-02  loss_labels: 7.09504e-03  ce_labels_labels: 6.42184e-04  kld_labels: 4.12983e+01  correct_labels_labels: 0.00000e+00  loss_joint: 6.65093e-02  ce_joint: 0.00000e+00  sse_joint: 1.18708e+01  ce_labels_joint: 8.68994e-04  kld_vamb_joint: 8.34027e+00  kld_labels_joint: 1.35424e+01  correct_labels_joint: 0.00000e+00  loss: 1.50079e-01
2026-08-13 14:19:07.777 | INFO    | 		Epoch: 97  loss_vamb: 7.59327e-02  ab_vamb: 4.76181e-03  ce_vamb: 0.00000e+00  sse_vamb: 5.33864e-02  kld_vamb: 1.77895e-02  loss_labels: 6.97233e-03  ce_labels_labels: 7.56933e-04  kld_labels: 3.97786e+01  correct_labels_labels: 0.00000e+00  loss_joint: 6.57566e-02  ce_joint: 0.00000e+00  sse_joint: 1.17321e+01  ce_labels_joint: 9.05016e-04  kld_vamb_joint: 8.26540e+00  kld_labels_joint: 1.35709e+01  correct_labels_joint: 0.00000e+00  loss: 1.48662e-01
2026-08-13 14:19:12.281 | INFO    | 		Epoch: 98  loss_vamb: 7.53966e-02  ab_vamb: 4.31883e-03  ce_vamb: 0.00000e+00  sse_vamb: 5.32990e-02  kld_vamb: 1.77826e-02  loss_labels: 7.60194e-03  ce_labels_labels: 1.39024e-03  kld_labels: 3.97549e+01  correct_labels_labels: 0.00000e+00  loss_joint: 6.52191e-02  ce_joint: 0.00000e+00  sse_joint: 1.16844e+01  ce_labels_joint: 9.39322e-04  kld_vamb_joint: 8.22037e+00  kld_labels_joint: 1.35544e+01  correct_labels_joint: 0.00000e+00  loss: 1.48218e-01
2026-08-13 14:19:14.570 | INFO    | 		Epoch: 99  loss_vamb: 7.58771e-02  ab_vamb: 4.25679e-03  ce_vamb: 0.00000e+00  sse_vamb: 5.38329e-02  kld_vamb: 1.77986e-02  loss_labels: 7.83430e-03  ce_labels_labels: 1.12301e-03  kld_labels: 4.29523e+01  correct_labels_labels: 0.00000e+00  loss_joint: 6.54084e-02  ce_joint: 0.00000e+00  sse_joint: 1.17534e+01  ce_labels_joint: 9.12315e-04  kld_vamb_joint: 8.16346e+00  kld_labels_joint: 1.34440e+01  correct_labels_joint: 0.00000e+00  loss: 1.49120e-01
2026-08-13 14:19:17.064 | INFO    | 		Epoch: 100  loss_vamb: 7.56105e-02  ab_vamb: 4.25641e-03  ce_vamb: 0.00000e+00  sse_vamb: 5.35894e-02  kld_vamb: 1.77703e-02  loss_labels: 8.41217e-03  ce_labels_labels: 1.44652e-03  kld_labels: 4.45802e+01  correct_labels_labels: 0.00000e+00  loss_joint: 6.50834e-02  ce_joint: 0.00000e+00  sse_joint: 1.17031e+01  ce_labels_joint: 8.91913e-04  kld_vamb_joint: 8.15503e+00  kld_labels_joint: 1.33905e+01  correct_labels_joint: 0.00000e+00  loss: 1.49106e-01
2026-08-13 14:19:25.093 | INFO    | 		Epoch: 101  loss_vamb: 7.53136e-02  ab_vamb: 4.36335e-03  ce_vamb: 0.00000e+00  sse_vamb: 5.32663e-02  kld_vamb: 1.76856e-02  loss_labels: 7.47333e-03  ce_labels_labels: 5.08501e-04  kld_labels: 4.45749e+01  correct_labels_labels: 0.00000e+00  loss_joint: 6.53577e-02  ce_joint: 0.00000e+00  sse_joint: 1.16314e+01  ce_labels_joint: 1.23107e-03  kld_vamb_joint: 8.15284e+00  kld_labels_joint: 1.33966e+01  correct_labels_joint: 0.00000e+00  loss: 1.48145e-01
2026-08-13 14:19:28.170 | INFO    | 		Epoch: 102  loss_vamb: 7.54211e-02  ab_vamb: 4.21420e-03  ce_vamb: 0.00000e+00  sse_vamb: 5.34858e-02  kld_vamb: 1.77180e-02  loss_labels: 7.65094e-03  ce_labels_labels: 1.09510e-03  kld_labels: 4.19573e+01  correct_labels_labels: 0.00000e+00  loss_joint: 6.49198e-02  ce_joint: 0.00000e+00  sse_joint: 1.16327e+01  ce_labels_joint: 9.84044e-04  kld_vamb_joint: 8.17255e+00  kld_labels_joint: 1.35292e+01  correct_labels_joint: 0.00000e+00  loss: 1.47992e-01
2026-08-13 14:19:35.750 | INFO    | 		Epoch: 103  loss_vamb: 7.53794e-02  ab_vamb: 4.40839e-03  ce_vamb: 0.00000e+00  sse_vamb: 5.32043e-02  kld_vamb: 1.77701e-02  loss_labels: 7.02219e-03  ce_labels_labels: 8.03464e-04  kld_labels: 3.97999e+01  correct_labels_labels: 0.00000e+00  loss_joint: 6.44060e-02  ce_joint: 0.00000e+00  sse_joint: 1.15737e+01  ce_labels_joint: 5.76261e-04  kld_vamb_joint: 8.14308e+00  kld_labels_joint: 1.36244e+01  correct_labels_joint: 0.00000e+00  loss: 1.46808e-01
2026-08-13 14:19:40.612 | INFO    | 		Epoch: 104  loss_vamb: 7.52813e-02  ab_vamb: 4.56567e-03  ce_vamb: 0.00000e+00  sse_vamb: 5.28953e-02  kld_vamb: 1.78202e-02  loss_labels: 7.81824e-03  ce_labels_labels: 1.66718e-03  kld_labels: 3.93668e+01  correct_labels_labels: 0.00000e+00  loss_joint: 6.46883e-02  ce_joint: 0.00000e+00  sse_joint: 1.15210e+01  ce_labels_joint: 9.76569e-04  kld_vamb_joint: 8.10188e+00  kld_labels_joint: 1.36269e+01  correct_labels_joint: 0.00000e+00  loss: 1.47788e-01
2026-08-13 14:19:42.935 | INFO    | 		Epoch: 105  loss_vamb: 7.55340e-02  ab_vamb: 4.79307e-03  ce_vamb: 0.00000e+00  sse_vamb: 5.29995e-02  kld_vamb: 1.77417e-02  loss_labels: 7.67496e-03  ce_labels_labels: 1.28179e-03  kld_labels: 4.09163e+01  correct_labels_labels: 0.00000e+00  loss_joint: 6.47415e-02  ce_joint: 0.00000e+00  sse_joint: 1.15483e+01  ce_labels_joint: 8.03391e-04  kld_vamb_joint: 8.10728e+00  kld_labels_joint: 1.35121e+01  correct_labels_joint: 0.00000e+00  loss: 1.47950e-01
2026-08-13 14:19:46.770 | INFO    | 		Epoch: 106  loss_vamb: 7.51118e-02  ab_vamb: 4.44358e-03  ce_vamb: 0.00000e+00  sse_vamb: 5.29029e-02  kld_vamb: 1.77695e-02  loss_labels: 7.65699e-03  ce_labels_labels: 1.17075e-03  kld_labels: 4.15120e+01  correct_labels_labels: 0.00000e+00  loss_joint: 6.46538e-02  ce_joint: 0.00000e+00  sse_joint: 1.15165e+01  ce_labels_joint: 1.09735e-03  kld_vamb_joint: 8.06435e+00  kld_labels_joint: 1.34795e+01  correct_labels_joint: 0.00000e+00  loss: 1.47423e-01
2026-08-13 14:20:00.682 | INFO    | 		Epoch: 107  loss_vamb: 7.59816e-02  ab_vamb: 5.34332e-03  ce_vamb: 0.00000e+00  sse_vamb: 5.29139e-02  kld_vamb: 1.77311e-02  loss_labels: 7.39174e-03  ce_labels_labels: 1.01943e-03  kld_labels: 4.07828e+01  correct_labels_labels: 0.00000e+00  loss_joint: 6.55078e-02  ce_joint: 0.00000e+00  sse_joint: 1.14855e+01  ce_labels_joint: 1.23819e-03  kld_vamb_joint: 8.08145e+00  kld_labels_joint: 1.35520e+01  correct_labels_joint: 0.00000e+00  loss: 1.48881e-01
2026-08-13 14:20:16.118 | INFO    | 		Epoch: 108  loss_vamb: 7.50576e-02  ab_vamb: 4.57503e-03  ce_vamb: 0.00000e+00  sse_vamb: 5.27373e-02  kld_vamb: 1.77543e-02  loss_labels: 7.74249e-03  ce_labels_labels: 1.31490e-03  kld_labels: 4.11366e+01  correct_labels_labels: 0.00000e+00  loss_joint: 6.46008e-02  ce_joint: 0.00000e+00  sse_joint: 1.14614e+01  ce_labels_joint: 1.13262e-03  kld_vamb_joint: 8.07394e+00  kld_labels_joint: 1.35635e+01  correct_labels_joint: 0.00000e+00  loss: 1.47401e-01
2026-08-13 14:20:48.529 | INFO    | 		Epoch: 109  loss_vamb: 7.46631e-02  ab_vamb: 4.23764e-03  ce_vamb: 0.00000e+00  sse_vamb: 5.27103e-02  kld_vamb: 1.77180e-02  loss_labels: 7.18275e-03  ce_labels_labels: 7.18986e-04  kld_labels: 4.13681e+01  correct_labels_labels: 0.00000e+00  loss_joint: 6.50538e-02  ce_joint: 0.00000e+00  sse_joint: 1.14823e+01  ce_labels_joint: 1.62026e-03  kld_vamb_joint: 8.07236e+00  kld_labels_joint: 1.35572e+01  correct_labels_joint: 0.00000e+00  loss: 1.46900e-01
2026-08-13 14:21:01.834 | INFO    | 		Epoch: 110  loss_vamb: 7.52699e-02  ab_vamb: 4.76303e-03  ce_vamb: 0.00000e+00  sse_vamb: 5.27455e-02  kld_vamb: 1.77767e-02  loss_labels: 7.25286e-03  ce_labels_labels: 9.35790e-04  kld_labels: 4.04293e+01  correct_labels_labels: 0.00000e+00  loss_joint: 6.51098e-02  ce_joint: 0.00000e+00  sse_joint: 1.14757e+01  ce_labels_joint: 1.15455e-03  kld_vamb_joint: 8.09765e+00  kld_labels_joint: 1.35927e+01  correct_labels_joint: 0.00000e+00  loss: 1.47633e-01
2026-08-13 14:21:20.710 | INFO    | 		Epoch: 111  loss_vamb: 7.53622e-02  ab_vamb: 4.68995e-03  ce_vamb: 0.00000e+00  sse_vamb: 5.28512e-02  kld_vamb: 1.78326e-02  loss_labels: 7.13211e-03  ce_labels_labels: 8.75196e-04  kld_labels: 4.00442e+01  correct_labels_labels: 0.00000e+00  loss_joint: 6.49441e-02  ce_joint: 0.00000e+00  sse_joint: 1.14886e+01  ce_labels_joint: 1.26961e-03  kld_vamb_joint: 8.09688e+00  kld_labels_joint: 1.36105e+01  correct_labels_joint: 0.00000e+00  loss: 1.47438e-01
2026-08-13 14:21:23.200 | INFO    | 		Epoch: 112  loss_vamb: 7.50078e-02  ab_vamb: 4.40669e-03  ce_vamb: 0.00000e+00  sse_vamb: 5.26815e-02  kld_vamb: 1.79287e-02  loss_labels: 7.18603e-03  ce_labels_labels: 9.66190e-04  kld_labels: 3.98070e+01  correct_labels_labels: 0.00000e+00  loss_joint: 6.44939e-02  ce_joint: 0.00000e+00  sse_joint: 1.14882e+01  ce_labels_joint: 1.19713e-03  kld_vamb_joint: 8.11773e+00  kld_labels_joint: 1.36210e+01  correct_labels_joint: 0.00000e+00  loss: 1.46688e-01
2026-08-13 14:21:25.331 | INFO    | 		Epoch: 113  loss_vamb: 7.48706e-02  ab_vamb: 4.66081e-03  ce_vamb: 0.00000e+00  sse_vamb: 5.23740e-02  kld_vamb: 1.78370e-02  loss_labels: 7.02080e-03  ce_labels_labels: 9.29932e-04  kld_labels: 3.89815e+01  correct_labels_labels: 0.00000e+00  loss_joint: 6.54851e-02  ce_joint: 0.00000e+00  sse_joint: 1.14940e+01  ce_labels_joint: 1.82184e-03  kld_vamb_joint: 8.11904e+00  kld_labels_joint: 1.36776e+01  correct_labels_joint: 0.00000e+00  loss: 1.47377e-01
2026-08-13 14:21:27.553 | INFO    | 		Epoch: 114  loss_vamb: 7.54691e-02  ab_vamb: 4.53442e-03  ce_vamb: 0.00000e+00  sse_vamb: 5.31367e-02  kld_vamb: 1.78105e-02  loss_labels: 7.46011e-03  ce_labels_labels: 1.33123e-03  kld_labels: 3.92248e+01  correct_labels_labels: 0.00000e+00  loss_joint: 6.53002e-02  ce_joint: 0.00000e+00  sse_joint: 1.15876e+01  ce_labels_joint: 1.32346e-03  kld_vamb_joint: 8.17024e+00  kld_labels_joint: 1.36780e+01  correct_labels_joint: 0.00000e+00  loss: 1.48229e-01
2026-08-13 14:21:31.443 | INFO    | 		Epoch: 115  loss_vamb: 7.50136e-02  ab_vamb: 4.59102e-03  ce_vamb: 0.00000e+00  sse_vamb: 5.26092e-02  kld_vamb: 1.78120e-02  loss_labels: 6.91775e-03  ce_labels_labels: 8.39854e-04  kld_labels: 3.88986e+01  correct_labels_labels: 0.00000e+00  loss_joint: 6.52861e-02  ce_joint: 0.00000e+00  sse_joint: 1.14888e+01  ce_labels_joint: 1.69761e-03  kld_vamb_joint: 8.12603e+00  kld_labels_joint: 1.37050e+01  correct_labels_joint: 0.00000e+00  loss: 1.47217e-01
2026-08-13 14:21:33.907 | INFO    | 		Epoch: 116  loss_vamb: 7.53527e-02  ab_vamb: 4.41783e-03  ce_vamb: 0.00000e+00  sse_vamb: 5.30387e-02  kld_vamb: 1.78925e-02  loss_labels: 6.70983e-03  ce_labels_labels: 7.89708e-04  kld_labels: 3.78888e+01  correct_labels_labels: 0.00000e+00  loss_joint: 6.50487e-02  ce_joint: 0.00000e+00  sse_joint: 1.15256e+01  ce_labels_joint: 1.38995e-03  kld_vamb_joint: 8.12852e+00  kld_labels_joint: 1.37783e+01  correct_labels_joint: 0.00000e+00  loss: 1.47111e-01
2026-08-13 14:21:36.233 | INFO    | 		Epoch: 117  loss_vamb: 7.47349e-02  ab_vamb: 4.32324e-03  ce_vamb: 0.00000e+00  sse_vamb: 5.26591e-02  kld_vamb: 1.77617e-02  loss_labels: 7.58944e-03  ce_labels_labels: 1.57432e-03  kld_labels: 3.84968e+01  correct_labels_labels: 0.00000e+00  loss_joint: 6.48977e-02  ce_joint: 0.00000e+00  sse_joint: 1.14548e+01  ce_labels_joint: 1.73644e-03  kld_vamb_joint: 8.13709e+00  kld_labels_joint: 1.37606e+01  correct_labels_joint: 0.00000e+00  loss: 1.47222e-01
2026-08-13 14:21:38.563 | INFO    | 		Epoch: 118  loss_vamb: 7.46334e-02  ab_vamb: 4.22629e-03  ce_vamb: 0.00000e+00  sse_vamb: 5.26293e-02  kld_vamb: 1.77872e-02  loss_labels: 7.07446e-03  ce_labels_labels: 7.23655e-04  kld_labels: 4.06452e+01  correct_labels_labels: 0.00000e+00  loss_joint: 6.47547e-02  ce_joint: 0.00000e+00  sse_joint: 1.15019e+01  ce_labels_joint: 1.27376e-03  kld_vamb_joint: 8.19725e+00  kld_labels_joint: 1.36689e+01  correct_labels_joint: 0.00000e+00  loss: 1.46463e-01
2026-08-13 14:21:41.963 | INFO    | 		Epoch: 119  loss_vamb: 7.42419e-02  ab_vamb: 4.20793e-03  ce_vamb: 0.00000e+00  sse_vamb: 5.22251e-02  kld_vamb: 1.78064e-02  loss_labels: 7.66479e-03  ce_labels_labels: 1.25363e-03  kld_labels: 4.10314e+01  correct_labels_labels: 0.00000e+00  loss_joint: 6.50772e-02  ce_joint: 0.00000e+00  sse_joint: 1.14391e+01  ce_labels_joint: 1.84549e-03  kld_vamb_joint: 8.17366e+00  kld_labels_joint: 1.36293e+01  correct_labels_joint: 0.00000e+00  loss: 1.46984e-01
2026-08-13 14:21:51.300 | INFO    | 		Epoch: 120  loss_vamb: 7.40443e-02  ab_vamb: 3.84989e-03  ce_vamb: 0.00000e+00  sse_vamb: 5.23333e-02  kld_vamb: 1.78682e-02  loss_labels: 7.16945e-03  ce_labels_labels: 7.44479e-04  kld_labels: 4.11198e+01  correct_labels_labels: 0.00000e+00  loss_joint: 6.46688e-02  ce_joint: 0.00000e+00  sse_joint: 1.14709e+01  ce_labels_joint: 1.59129e-03  kld_vamb_joint: 8.21440e+00  kld_labels_joint: 1.36879e+01  correct_labels_joint: 0.00000e+00  loss: 1.45883e-01
2026-08-13 14:21:54.667 | INFO    | 		Epoch: 121  loss_vamb: 7.46179e-02  ab_vamb: 4.42922e-03  ce_vamb: 0.00000e+00  sse_vamb: 5.23866e-02  kld_vamb: 1.78022e-02  loss_labels: 7.62411e-03  ce_labels_labels: 1.29137e-03  kld_labels: 4.05296e+01  correct_labels_labels: 0.00000e+00  loss_joint: 6.42887e-02  ce_joint: 0.00000e+00  sse_joint: 1.14570e+01  ce_labels_joint: 8.16487e-04  kld_vamb_joint: 8.20283e+00  kld_labels_joint: 1.37274e+01  correct_labels_joint: 0.00000e+00  loss: 1.46531e-01
2026-08-13 14:21:57.543 | INFO    | 		Epoch: 122  loss_vamb: 7.48096e-02  ab_vamb: 4.62552e-03  ce_vamb: 0.00000e+00  sse_vamb: 5.23331e-02  kld_vamb: 1.78485e-02  loss_labels: 7.72985e-03  ce_labels_labels: 9.68540e-04  kld_labels: 4.32724e+01  correct_labels_labels: 0.00000e+00  loss_joint: 6.41993e-02  ce_joint: 0.00000e+00  sse_joint: 1.13662e+01  ce_labels_joint: 1.15955e-03  kld_vamb_joint: 8.19816e+00  kld_labels_joint: 1.36152e+01  correct_labels_joint: 0.00000e+00  loss: 1.46739e-01
2026-08-13 14:22:07.713 | INFO    | 		Epoch: 123  loss_vamb: 7.45558e-02  ab_vamb: 4.33121e-03  ce_vamb: 0.00000e+00  sse_vamb: 5.23180e-02  kld_vamb: 1.79065e-02  loss_labels: 7.79039e-03  ce_labels_labels: 9.02988e-04  kld_labels: 4.40794e+01  correct_labels_labels: 0.00000e+00  loss_joint: 6.39803e-02  ce_joint: 0.00000e+00  sse_joint: 1.13644e+01  ce_labels_joint: 1.11378e-03  kld_vamb_joint: 8.17198e+00  kld_labels_joint: 1.35928e+01  correct_labels_joint: 0.00000e+00  loss: 1.46327e-01
2026-08-13 14:22:19.320 | INFO    | 		Epoch: 124  loss_vamb: 7.42040e-02  ab_vamb: 4.09911e-03  ce_vamb: 0.00000e+00  sse_vamb: 5.22987e-02  kld_vamb: 1.78102e-02  loss_labels: 8.02308e-03  ce_labels_labels: 1.49819e-03  kld_labels: 4.17593e+01  correct_labels_labels: 0.00000e+00  loss_joint: 6.35052e-02  ce_joint: 0.00000e+00  sse_joint: 1.13403e+01  ce_labels_joint: 1.10046e-03  kld_vamb_joint: 8.14515e+00  kld_labels_joint: 1.37218e+01  correct_labels_joint: 0.00000e+00  loss: 1.45732e-01
2026-08-13 14:22:22.625 | INFO    | 		Epoch: 125  loss_vamb: 7.46303e-02  ab_vamb: 4.48863e-03  ce_vamb: 0.00000e+00  sse_vamb: 5.22696e-02  kld_vamb: 1.78721e-02  loss_labels: 7.22442e-03  ce_labels_labels: 8.77622e-04  kld_labels: 4.06195e+01  correct_labels_labels: 0.00000e+00  loss_joint: 6.37942e-02  ce_joint: 0.00000e+00  sse_joint: 1.12989e+01  ce_labels_joint: 1.16395e-03  kld_vamb_joint: 8.11833e+00  kld_labels_joint: 1.37662e+01  correct_labels_joint: 0.00000e+00  loss: 1.45649e-01
2026-08-13 14:22:28.099 | INFO    | 		Epoch: 126  loss_vamb: 7.43698e-02  ab_vamb: 4.17937e-03  ce_vamb: 0.00000e+00  sse_vamb: 5.22615e-02  kld_vamb: 1.79339e-02  loss_labels: 7.38892e-03  ce_labels_labels: 1.15248e-03  kld_labels: 3.99132e+01  correct_labels_labels: 0.00000e+00  loss_joint: 6.40252e-02  ce_joint: 0.00000e+00  sse_joint: 1.13404e+01  ce_labels_joint: 1.44461e-03  kld_vamb_joint: 8.06457e+00  kld_labels_joint: 1.38104e+01  correct_labels_joint: 0.00000e+00  loss: 1.45784e-01
2026-08-13 14:22:34.213 | INFO    | 		Epoch: 127  loss_vamb: 7.38308e-02  ab_vamb: 3.91694e-03  ce_vamb: 0.00000e+00  sse_vamb: 5.21056e-02  kld_vamb: 1.78112e-02  loss_labels: 7.07061e-03  ce_labels_labels: 9.61765e-04  kld_labels: 3.90966e+01  correct_labels_labels: 0.00000e+00  loss_joint: 6.40981e-02  ce_joint: 0.00000e+00  sse_joint: 1.13403e+01  ce_labels_joint: 1.78698e-03  kld_vamb_joint: 8.15871e+00  kld_labels_joint: 1.37922e+01  correct_labels_joint: 0.00000e+00  loss: 1.45000e-01
2026-08-13 14:22:39.155 | INFO    | 		Epoch: 128  loss_vamb: 7.38049e-02  ab_vamb: 3.91526e-03  ce_vamb: 0.00000e+00  sse_vamb: 5.20288e-02  kld_vamb: 1.78694e-02  loss_labels: 7.16350e-03  ce_labels_labels: 1.02568e-03  kld_labels: 3.92821e+01  correct_labels_labels: 0.00000e+00  loss_joint: 6.41427e-02  ce_joint: 0.00000e+00  sse_joint: 1.13886e+01  ce_labels_joint: 1.54180e-03  kld_vamb_joint: 8.18061e+00  kld_labels_joint: 1.37804e+01  correct_labels_joint: 0.00000e+00  loss: 1.45111e-01
2026-08-13 14:22:43.616 | INFO    | 		Epoch: 129  loss_vamb: 7.37135e-02  ab_vamb: 3.98059e-03  ce_vamb: 0.00000e+00  sse_vamb: 5.18668e-02  kld_vamb: 1.78606e-02  loss_labels: 7.44453e-03  ce_labels_labels: 1.27184e-03  kld_labels: 3.95052e+01  correct_labels_labels: 0.00000e+00  loss_joint: 6.36573e-02  ce_joint: 0.00000e+00  sse_joint: 1.13530e+01  ce_labels_joint: 1.15893e-03  kld_vamb_joint: 8.16256e+00  kld_labels_joint: 1.37821e+01  correct_labels_joint: 0.00000e+00  loss: 1.44815e-01
2026-08-13 14:22:51.455 | INFO    | 		Epoch: 130  loss_vamb: 7.39536e-02  ab_vamb: 4.12908e-03  ce_vamb: 0.00000e+00  sse_vamb: 5.19811e-02  kld_vamb: 1.78483e-02  loss_labels: 8.11331e-03  ce_labels_labels: 1.88658e-03  kld_labels: 3.98511e+01  correct_labels_labels: 0.00000e+00  loss_joint: 6.43381e-02  ce_joint: 0.00000e+00  sse_joint: 1.13007e+01  ce_labels_joint: 1.96114e-03  kld_vamb_joint: 8.16534e+00  kld_labels_joint: 1.38256e+01  correct_labels_joint: 0.00000e+00  loss: 1.46405e-01
2026-08-13 14:23:00.887 | INFO    | 		Epoch: 131  loss_vamb: 7.41403e-02  ab_vamb: 4.27757e-03  ce_vamb: 0.00000e+00  sse_vamb: 5.20467e-02  kld_vamb: 1.78269e-02  loss_labels: 7.17991e-03  ce_labels_labels: 7.69959e-04  kld_labels: 4.10237e+01  correct_labels_labels: 0.00000e+00  loss_joint: 6.48828e-02  ce_joint: 0.00000e+00  sse_joint: 1.13728e+01  ce_labels_joint: 1.96939e-03  kld_vamb_joint: 8.18780e+00  kld_labels_joint: 1.37727e+01  correct_labels_joint: 0.00000e+00  loss: 1.46203e-01
2026-08-13 14:23:05.509 | INFO    | 		Epoch: 132  loss_vamb: 7.43936e-02  ab_vamb: 4.66446e-03  ce_vamb: 0.00000e+00  sse_vamb: 5.17894e-02  kld_vamb: 1.79376e-02  loss_labels: 7.07158e-03  ce_labels_labels: 6.72410e-04  kld_labels: 4.09547e+01  correct_labels_labels: 0.00000e+00  loss_joint: 6.46044e-02  ce_joint: 0.00000e+00  sse_joint: 1.13943e+01  ce_labels_joint: 1.36520e-03  kld_vamb_joint: 8.19528e+00  kld_labels_joint: 1.37950e+01  correct_labels_joint: 0.00000e+00  loss: 1.46070e-01
2026-08-13 14:23:12.470 | INFO    | 		Epoch: 133  loss_vamb: 7.49957e-02  ab_vamb: 5.28831e-03  ce_vamb: 0.00000e+00  sse_vamb: 5.17155e-02  kld_vamb: 1.79875e-02  loss_labels: 7.28220e-03  ce_labels_labels: 1.06187e-03  kld_labels: 3.98101e+01  correct_labels_labels: 0.00000e+00  loss_joint: 6.50711e-02  ce_joint: 0.00000e+00  sse_joint: 1.13305e+01  ce_labels_joint: 1.51373e-03  kld_vamb_joint: 8.22922e+00  kld_labels_joint: 1.38370e+01  correct_labels_joint: 0.00000e+00  loss: 1.47349e-01
2026-08-13 14:23:17.520 | INFO    | 		Epoch: 134  loss_vamb: 7.41125e-02  ab_vamb: 4.43285e-03  ce_vamb: 0.00000e+00  sse_vamb: 5.17900e-02  kld_vamb: 1.79014e-02  loss_labels: 6.71961e-03  ce_labels_labels: 7.32887e-04  kld_labels: 3.83150e+01  correct_labels_labels: 0.00000e+00  loss_joint: 6.48672e-02  ce_joint: 0.00000e+00  sse_joint: 1.13310e+01  ce_labels_joint: 1.93815e-03  kld_vamb_joint: 8.18859e+00  kld_labels_joint: 1.38795e+01  correct_labels_joint: 0.00000e+00  loss: 1.45699e-01
2026-08-13 14:23:21.305 | INFO    | 		Epoch: 135  loss_vamb: 7.41900e-02  ab_vamb: 4.63810e-03  ce_vamb: 0.00000e+00  sse_vamb: 5.17061e-02  kld_vamb: 1.78538e-02  loss_labels: 6.64642e-03  ce_labels_labels: 7.60081e-04  kld_labels: 3.76726e+01  correct_labels_labels: 0.00000e+00  loss_joint: 6.43649e-02  ce_joint: 0.00000e+00  sse_joint: 1.13459e+01  ce_labels_joint: 1.22631e-03  kld_vamb_joint: 8.23161e+00  kld_labels_joint: 1.39170e+01  correct_labels_joint: 0.00000e+00  loss: 1.45201e-01
2026-08-13 14:23:26.136 | INFO    | 		Epoch: 136  loss_vamb: 7.39293e-02  ab_vamb: 4.24744e-03  ce_vamb: 0.00000e+00  sse_vamb: 5.17886e-02  kld_vamb: 1.78963e-02  loss_labels: 7.06481e-03  ce_labels_labels: 1.04801e-03  kld_labels: 3.85075e+01  correct_labels_labels: 0.00000e+00  loss_joint: 6.53217e-02  ce_joint: 0.00000e+00  sse_joint: 1.14046e+01  ce_labels_joint: 2.27101e-03  kld_vamb_joint: 8.26876e+00  kld_labels_joint: 1.39095e+01  correct_labels_joint: 0.00000e+00  loss: 1.46316e-01
2026-08-13 14:23:28.372 | INFO    | 		Epoch: 137  loss_vamb: 7.59632e-02  ab_vamb: 5.77524e-03  ce_vamb: 0.00000e+00  sse_vamb: 5.22625e-02  kld_vamb: 1.79267e-02  loss_labels: 7.08404e-03  ce_labels_labels: 9.54487e-04  kld_labels: 3.92291e+01  correct_labels_labels: 0.00000e+00  loss_joint: 6.70472e-02  ce_joint: 0.00000e+00  sse_joint: 1.15108e+01  ce_labels_joint: 2.06226e-03  kld_vamb_joint: 8.33913e+00  kld_labels_joint: 1.38747e+01  correct_labels_joint: 0.00000e+00  loss: 1.50094e-01
2026-08-13 14:23:30.711 | INFO    | 		Epoch: 138  loss_vamb: 7.43041e-02  ab_vamb: 4.21828e-03  ce_vamb: 0.00000e+00  sse_vamb: 5.20619e-02  kld_vamb: 1.80209e-02  loss_labels: 6.62934e-03  ce_labels_labels: 4.74898e-04  kld_labels: 3.93884e+01  correct_labels_labels: 0.00000e+00  loss_joint: 6.47295e-02  ce_joint: 0.00000e+00  sse_joint: 1.14499e+01  ce_labels_joint: 1.54630e-03  kld_vamb_joint: 8.30578e+00  kld_labels_joint: 1.38928e+01  correct_labels_joint: 0.00000e+00  loss: 1.45663e-01
2026-08-13 14:23:33.230 | INFO    | 		Epoch: 139  loss_vamb: 7.38819e-02  ab_vamb: 4.46190e-03  ce_vamb: 0.00000e+00  sse_vamb: 5.16509e-02  kld_vamb: 1.77889e-02  loss_labels: 6.78405e-03  ce_labels_labels: 7.77189e-04  kld_labels: 3.84439e+01  correct_labels_labels: 0.00000e+00  loss_joint: 6.46575e-02  ce_joint: 0.00000e+00  sse_joint: 1.13693e+01  ce_labels_joint: 1.52359e-03  kld_vamb_joint: 8.34973e+00  kld_labels_joint: 1.39448e+01  correct_labels_joint: 0.00000e+00  loss: 1.45323e-01
2026-08-13 14:23:35.562 | INFO    | 		Epoch: 140  loss_vamb: 7.36303e-02  ab_vamb: 4.12724e-03  ce_vamb: 0.00000e+00  sse_vamb: 5.15641e-02  kld_vamb: 1.79436e-02  loss_labels: 6.89328e-03  ce_labels_labels: 9.78353e-04  kld_labels: 3.78556e+01  correct_labels_labels: 0.00000e+00  loss_joint: 6.35320e-02  ce_joint: 0.00000e+00  sse_joint: 1.13059e+01  ce_labels_joint: 9.99043e-04  kld_vamb_joint: 8.30273e+00  kld_labels_joint: 1.39882e+01  correct_labels_joint: 0.00000e+00  loss: 1.44056e-01
2026-08-13 14:23:37.743 | INFO    | 		Epoch: 141  loss_vamb: 7.41430e-02  ab_vamb: 4.51754e-03  ce_vamb: 0.00000e+00  sse_vamb: 5.16122e-02  kld_vamb: 1.80131e-02  loss_labels: 8.22348e-03  ce_labels_labels: 2.01562e-03  kld_labels: 3.97303e+01  correct_labels_labels: 0.00000e+00  loss_joint: 6.33797e-02  ce_joint: 0.00000e+00  sse_joint: 1.12238e+01  ce_labels_joint: 1.00889e-03  kld_vamb_joint: 8.22780e+00  kld_labels_joint: 1.39284e+01  correct_labels_joint: 0.00000e+00  loss: 1.45746e-01
2026-08-13 14:23:42.400 | INFO    | 		Epoch: 142  loss_vamb: 7.39090e-02  ab_vamb: 4.49871e-03  ce_vamb: 0.00000e+00  sse_vamb: 5.14510e-02  kld_vamb: 1.79613e-02  loss_labels: 8.85417e-03  ce_labels_labels: 2.04161e-03  kld_labels: 4.36004e+01  correct_labels_labels: 0.00000e+00  loss_joint: 6.30850e-02  ce_joint: 0.00000e+00  sse_joint: 1.11710e+01  ce_labels_joint: 1.16912e-03  kld_vamb_joint: 8.18494e+00  kld_labels_joint: 1.38335e+01  correct_labels_joint: 0.00000e+00  loss: 1.45848e-01
2026-08-13 14:23:59.387 | INFO    | 		Epoch: 143  loss_vamb: 7.35136e-02  ab_vamb: 4.23411e-03  ce_vamb: 0.00000e+00  sse_vamb: 5.13593e-02  kld_vamb: 1.79227e-02  loss_labels: 7.74733e-03  ce_labels_labels: 6.72707e-04  kld_labels: 4.52776e+01  correct_labels_labels: 0.00000e+00  loss_joint: 6.30256e-02  ce_joint: 0.00000e+00  sse_joint: 1.11680e+01  ce_labels_joint: 1.33832e-03  kld_vamb_joint: 8.24397e+00  kld_labels_joint: 1.38222e+01  correct_labels_joint: 0.00000e+00  loss: 1.44287e-01
2026-08-13 14:24:07.880 | INFO    | 		Epoch: 144  loss_vamb: 7.43878e-02  ab_vamb: 5.07538e-03  ce_vamb: 0.00000e+00  sse_vamb: 5.13786e-02  kld_vamb: 1.79349e-02  loss_labels: 7.86782e-03  ce_labels_labels: 1.07188e-03  kld_labels: 4.34941e+01  correct_labels_labels: 0.00000e+00  loss_joint: 6.34495e-02  ce_joint: 0.00000e+00  sse_joint: 1.11668e+01  ce_labels_joint: 1.03879e-03  kld_vamb_joint: 8.23611e+00  kld_labels_joint: 1.38647e+01  correct_labels_joint: 0.00000e+00  loss: 1.45705e-01
2026-08-13 14:24:28.953 | INFO    | 		Epoch: 145  loss_vamb: 7.37546e-02  ab_vamb: 4.28420e-03  ce_vamb: 0.00000e+00  sse_vamb: 5.15204e-02  kld_vamb: 1.79431e-02  loss_labels: 7.45291e-03  ce_labels_labels: 7.16384e-04  kld_labels: 4.31138e+01  correct_labels_labels: 0.00000e+00  loss_joint: 6.25280e-02  ce_joint: 0.00000e+00  sse_joint: 1.11464e+01  ce_labels_joint: 8.97074e-04  kld_vamb_joint: 8.19886e+00  kld_labels_joint: 1.38737e+01  correct_labels_joint: 0.00000e+00  loss: 1.43735e-01
2026-08-13 14:24:48.122 | INFO    | 		Epoch: 146  loss_vamb: 7.34858e-02  ab_vamb: 3.96978e-03  ce_vamb: 0.00000e+00  sse_vamb: 5.15913e-02  kld_vamb: 1.79329e-02  loss_labels: 7.51695e-03  ce_labels_labels: 1.00439e-03  kld_labels: 4.16804e+01  correct_labels_labels: 0.00000e+00  loss_joint: 6.26234e-02  ce_joint: 0.00000e+00  sse_joint: 1.11404e+01  ce_labels_joint: 1.15382e-03  kld_vamb_joint: 8.20329e+00  kld_labels_joint: 1.39475e+01  correct_labels_joint: 0.00000e+00  loss: 1.43626e-01
2026-08-13 14:24:52.904 | INFO    | 		Epoch: 147  loss_vamb: 7.32300e-02  ab_vamb: 4.04783e-03  ce_vamb: 0.00000e+00  sse_vamb: 5.13066e-02  kld_vamb: 1.78716e-02  loss_labels: 7.43155e-03  ce_labels_labels: 9.95985e-04  kld_labels: 4.11876e+01  correct_labels_labels: 0.00000e+00  loss_joint: 6.22185e-02  ce_joint: 0.00000e+00  sse_joint: 1.10719e+01  ce_labels_joint: 1.03746e-03  kld_vamb_joint: 8.18825e+00  kld_labels_joint: 1.39699e+01  correct_labels_joint: 0.00000e+00  loss: 1.42880e-01
2026-08-13 14:25:21.858 | INFO    | 		Epoch: 148  loss_vamb: 7.31281e-02  ab_vamb: 4.00855e-03  ce_vamb: 0.00000e+00  sse_vamb: 5.12637e-02  kld_vamb: 1.78742e-02  loss_labels: 7.30261e-03  ce_labels_labels: 7.51877e-04  kld_labels: 4.19247e+01  correct_labels_labels: 0.00000e+00  loss_joint: 6.21590e-02  ce_joint: 0.00000e+00  sse_joint: 1.10502e+01  ce_labels_joint: 1.17650e-03  kld_vamb_joint: 8.16983e+00  kld_labels_joint: 1.39743e+01  correct_labels_joint: 0.00000e+00  loss: 1.42590e-01
2026-08-13 14:25:27.695 | INFO    | 		Epoch: 149  loss_vamb: 7.27638e-02  ab_vamb: 3.87298e-03  ce_vamb: 0.00000e+00  sse_vamb: 5.10204e-02  kld_vamb: 1.78737e-02  loss_labels: 7.24570e-03  ce_labels_labels: 9.10048e-04  kld_labels: 4.05482e+01  correct_labels_labels: 0.00000e+00  loss_joint: 6.26808e-02  ce_joint: 0.00000e+00  sse_joint: 1.10621e+01  ce_labels_joint: 1.48559e-03  kld_vamb_joint: 8.26218e+00  kld_labels_joint: 1.40534e+01  correct_labels_joint: 0.00000e+00  loss: 1.42690e-01
2026-08-13 14:25:30.320 | INFO    | 		Epoch: 150  loss_vamb: 7.20014e-02  ab_vamb: 3.49129e-03  ce_vamb: 0.00000e+00  sse_vamb: 5.07395e-02  kld_vamb: 1.78038e-02  loss_labels: 7.12322e-03  ce_labels_labels: 9.34653e-04  kld_labels: 3.96069e+01  correct_labels_labels: 0.00000e+00  loss_joint: 6.14480e-02  ce_joint: 0.00000e+00  sse_joint: 1.09791e+01  ce_labels_joint: 1.11301e-03  kld_vamb_joint: 8.28216e+00  kld_labels_joint: 1.40532e+01  correct_labels_joint: 0.00000e+00  loss: 1.40573e-01
2026-08-13 14:25:33.131 | INFO    | 		Epoch: 151  loss_vamb: 7.22661e-02  ab_vamb: 3.66203e-03  ce_vamb: 0.00000e+00  sse_vamb: 5.06710e-02  kld_vamb: 1.78632e-02  loss_labels: 6.83198e-03  ce_labels_labels: 6.27988e-04  kld_labels: 3.97056e+01  correct_labels_labels: 0.00000e+00  loss_joint: 6.15543e-02  ce_joint: 0.00000e+00  sse_joint: 1.09223e+01  ce_labels_joint: 1.37502e-03  kld_vamb_joint: 8.24107e+00  kld_labels_joint: 1.40496e+01  correct_labels_joint: 0.00000e+00  loss: 1.40652e-01
2026-08-13 14:25:36.557 | INFO    | 		Epoch: 152  loss_vamb: 7.24097e-02  ab_vamb: 4.03093e-03  ce_vamb: 0.00000e+00  sse_vamb: 5.05097e-02  kld_vamb: 1.78857e-02  loss_labels: 6.59400e-03  ce_labels_labels: 4.54350e-04  kld_labels: 3.92938e+01  correct_labels_labels: 0.00000e+00  loss_joint: 6.13657e-02  ce_joint: 0.00000e+00  sse_joint: 1.09110e+01  ce_labels_joint: 8.40512e-04  kld_vamb_joint: 8.22022e+00  kld_labels_joint: 1.40554e+01  correct_labels_joint: 0.00000e+00  loss: 1.40369e-01
2026-08-13 14:25:38.553 | INFO    | 		Epoch: 153  loss_vamb: 7.16509e-02  ab_vamb: 3.68222e-03  ce_vamb: 0.00000e+00  sse_vamb: 4.99851e-02  kld_vamb: 1.79444e-02  loss_labels: 6.55527e-03  ce_labels_labels: 5.45062e-04  kld_labels: 3.84653e+01  correct_labels_labels: 0.00000e+00  loss_joint: 6.05346e-02  ce_joint: 0.00000e+00  sse_joint: 1.07971e+01  ce_labels_joint: 1.10166e-03  kld_vamb_joint: 8.18415e+00  kld_labels_joint: 1.40943e+01  correct_labels_joint: 0.00000e+00  loss: 1.38741e-01
2026-08-13 14:25:41.219 | INFO    | 		Epoch: 154  loss_vamb: 7.22307e-02  ab_vamb: 3.86284e-03  ce_vamb: 0.00000e+00  sse_vamb: 5.04237e-02  kld_vamb: 1.79331e-02  loss_labels: 7.06738e-03  ce_labels_labels: 1.15803e-03  kld_labels: 3.78198e+01  correct_labels_labels: 0.00000e+00  loss_joint: 6.05296e-02  ce_joint: 0.00000e+00  sse_joint: 1.08350e+01  ce_labels_joint: 7.29691e-04  kld_vamb_joint: 8.18048e+00  kld_labels_joint: 1.41320e+01  correct_labels_joint: 0.00000e+00  loss: 1.39828e-01
2026-08-13 14:25:43.263 | INFO    | 		Epoch: 155  loss_vamb: 7.16089e-02  ab_vamb: 3.61880e-03  ce_vamb: 0.00000e+00  sse_vamb: 4.99788e-02  kld_vamb: 1.79249e-02  loss_labels: 6.57858e-03  ce_labels_labels: 7.12386e-04  kld_labels: 3.75436e+01  correct_labels_labels: 0.00000e+00  loss_joint: 5.99170e-02  ce_joint: 0.00000e+00  sse_joint: 1.07256e+01  ce_labels_joint: 7.93900e-04  kld_vamb_joint: 8.18733e+00  kld_labels_joint: 1.41763e+01  correct_labels_joint: 0.00000e+00  loss: 1.38104e-01
2026-08-13 14:25:46.489 | INFO    | 		Epoch: 156  loss_vamb: 7.15169e-02  ab_vamb: 3.45915e-03  ce_vamb: 0.00000e+00  sse_vamb: 5.01008e-02  kld_vamb: 1.79319e-02  loss_labels: 6.58343e-03  ce_labels_labels: 8.06371e-04  kld_labels: 3.69732e+01  correct_labels_labels: 0.00000e+00  loss_joint: 5.97680e-02  ce_joint: 0.00000e+00  sse_joint: 1.07801e+01  ce_labels_joint: 5.83538e-04  kld_vamb_joint: 8.17515e+00  kld_labels_joint: 1.42106e+01  correct_labels_joint: 0.00000e+00  loss: 1.37868e-01
2026-08-13 14:25:57.488 | INFO    | 		Epoch: 157  loss_vamb: 7.13577e-02  ab_vamb: 3.43870e-03  ce_vamb: 0.00000e+00  sse_vamb: 5.00030e-02  kld_vamb: 1.78984e-02  loss_labels: 6.17788e-03  ce_labels_labels: 4.63856e-04  kld_labels: 3.65697e+01  correct_labels_labels: 0.00000e+00  loss_joint: 5.94360e-02  ce_joint: 0.00000e+00  sse_joint: 1.07045e+01  ce_labels_joint: 6.98682e-04  kld_vamb_joint: 8.15941e+00  kld_labels_joint: 1.42477e+01  correct_labels_joint: 0.00000e+00  loss: 1.36972e-01
2026-08-13 14:26:05.220 | INFO    | 		Epoch: 158  loss_vamb: 7.11365e-02  ab_vamb: 3.34632e-03  ce_vamb: 0.00000e+00  sse_vamb: 4.98248e-02  kld_vamb: 1.79122e-02  loss_labels: 6.40314e-03  ce_labels_labels: 7.70655e-04  kld_labels: 3.60479e+01  correct_labels_labels: 0.00000e+00  loss_joint: 5.94360e-02  ce_joint: 0.00000e+00  sse_joint: 1.06954e+01  ce_labels_joint: 5.76467e-04  kld_vamb_joint: 8.14659e+00  kld_labels_joint: 1.42725e+01  correct_labels_joint: 0.00000e+00  loss: 1.36976e-01
2026-08-13 14:26:14.369 | INFO    | 		Epoch: 159  loss_vamb: 7.16887e-02  ab_vamb: 3.73916e-03  ce_vamb: 0.00000e+00  sse_vamb: 4.99893e-02  kld_vamb: 1.79101e-02  loss_labels: 6.48049e-03  ce_labels_labels: 8.47044e-04  kld_labels: 3.60541e+01  correct_labels_labels: 0.00000e+00  loss_joint: 5.97568e-02  ce_joint: 0.00000e+00  sse_joint: 1.06699e+01  ce_labels_joint: 9.78579e-04  kld_vamb_joint: 8.10901e+00  kld_labels_joint: 1.42967e+01  correct_labels_joint: 0.00000e+00  loss: 1.37926e-01
2026-08-13 14:26:24.248 | INFO    | 		Epoch: 160  loss_vamb: 7.12178e-02  ab_vamb: 3.28557e-03  ce_vamb: 0.00000e+00  sse_vamb: 4.99897e-02  kld_vamb: 1.79627e-02  loss_labels: 7.11625e-03  ce_labels_labels: 1.40921e-03  kld_labels: 3.65251e+01  correct_labels_labels: 0.00000e+00  loss_joint: 5.90304e-02  ce_joint: 0.00000e+00  sse_joint: 1.06554e+01  ce_labels_joint: 5.60839e-04  kld_vamb_joint: 8.09408e+00  kld_labels_joint: 1.42747e+01  correct_labels_joint: 0.00000e+00  loss: 1.37364e-01
2026-08-13 14:26:40.595 | INFO    | 		Epoch: 161  loss_vamb: 7.09848e-02  ab_vamb: 3.34016e-03  ce_vamb: 0.00000e+00  sse_vamb: 4.97992e-02  kld_vamb: 1.78800e-02  loss_labels: 6.49775e-03  ce_labels_labels: 7.38092e-04  kld_labels: 3.68618e+01  correct_labels_labels: 0.00000e+00  loss_joint: 5.90868e-02  ce_joint: 0.00000e+00  sse_joint: 1.06580e+01  ce_labels_joint: 6.89440e-04  kld_vamb_joint: 8.08569e+00  kld_labels_joint: 1.42418e+01  correct_labels_joint: 0.00000e+00  loss: 1.36569e-01
2026-08-13 14:26:50.702 | INFO    | 		Epoch: 162  loss_vamb: 7.13419e-02  ab_vamb: 3.52619e-03  ce_vamb: 0.00000e+00  sse_vamb: 5.00664e-02  kld_vamb: 1.77976e-02  loss_labels: 6.93328e-03  ce_labels_labels: 1.14105e-03  kld_labels: 3.70703e+01  correct_labels_labels: 0.00000e+00  loss_joint: 5.92999e-02  ce_joint: 0.00000e+00  sse_joint: 1.06690e+01  ce_labels_joint: 5.47830e-04  kld_vamb_joint: 8.10602e+00  kld_labels_joint: 1.42420e+01  correct_labels_joint: 0.00000e+00  loss: 1.37575e-01
2026-08-13 14:26:56.364 | INFO    | 		Epoch: 163  loss_vamb: 7.10511e-02  ab_vamb: 3.31011e-03  ce_vamb: 0.00000e+00  sse_vamb: 5.00349e-02  kld_vamb: 1.77981e-02  loss_labels: 7.86075e-03  ce_labels_labels: 2.01111e-03  kld_labels: 3.74376e+01  correct_labels_labels: 0.00000e+00  loss_joint: 5.90134e-02  ce_joint: 0.00000e+00  sse_joint: 1.06600e+01  ce_labels_joint: 6.66269e-04  kld_vamb_joint: 8.09555e+00  kld_labels_joint: 1.42376e+01  correct_labels_joint: 0.00000e+00  loss: 1.37925e-01
2026-08-13 14:27:03.757 | INFO    | 		Epoch: 164  loss_vamb: 7.10953e-02  ab_vamb: 3.39276e-03  ce_vamb: 0.00000e+00  sse_vamb: 4.98365e-02  kld_vamb: 1.79090e-02  loss_labels: 6.91129e-03  ce_labels_labels: 9.53832e-04  kld_labels: 3.81277e+01  correct_labels_labels: 0.00000e+00  loss_joint: 5.86345e-02  ce_joint: 0.00000e+00  sse_joint: 1.05957e+01  ce_labels_joint: 5.83053e-04  kld_vamb_joint: 8.04758e+00  kld_labels_joint: 1.41678e+01  correct_labels_joint: 0.00000e+00  loss: 1.36641e-01
2026-08-13 14:27:32.021 | INFO    | 		Epoch: 165  loss_vamb: 7.12539e-02  ab_vamb: 3.56004e-03  ce_vamb: 0.00000e+00  sse_vamb: 4.96404e-02  kld_vamb: 1.80037e-02  loss_labels: 6.51961e-03  ce_labels_labels: 5.19107e-04  kld_labels: 3.84032e+01  correct_labels_labels: 0.00000e+00  loss_joint: 5.92418e-02  ce_joint: 0.00000e+00  sse_joint: 1.05947e+01  ce_labels_joint: 8.95840e-04  kld_vamb_joint: 8.04753e+00  kld_labels_joint: 1.41771e+01  correct_labels_joint: 0.00000e+00  loss: 1.37015e-01
2026-08-13 14:27:40.571 | INFO    | 		Epoch: 166  loss_vamb: 7.11899e-02  ab_vamb: 3.46120e-03  ce_vamb: 0.00000e+00  sse_vamb: 4.97148e-02  kld_vamb: 1.79785e-02  loss_labels: 6.83090e-03  ce_labels_labels: 8.94524e-04  kld_labels: 3.79928e+01  correct_labels_labels: 0.00000e+00  loss_joint: 5.89088e-02  ce_joint: 0.00000e+00  sse_joint: 1.06048e+01  ce_labels_joint: 7.23602e-04  kld_vamb_joint: 8.06902e+00  kld_labels_joint: 1.42055e+01  correct_labels_joint: 0.00000e+00  loss: 1.36930e-01
2026-08-13 14:27:42.842 | INFO    | 		Epoch: 167  loss_vamb: 7.10389e-02  ab_vamb: 3.37667e-03  ce_vamb: 0.00000e+00  sse_vamb: 4.97554e-02  kld_vamb: 1.79447e-02  loss_labels: 6.66926e-03  ce_labels_labels: 7.95987e-04  kld_labels: 3.75889e+01  correct_labels_labels: 0.00000e+00  loss_joint: 5.90507e-02  ce_joint: 0.00000e+00  sse_joint: 1.05863e+01  ce_labels_joint: 8.85232e-04  kld_vamb_joint: 8.06550e+00  kld_labels_joint: 1.42230e+01  correct_labels_joint: 0.00000e+00  loss: 1.36759e-01
2026-08-13 14:27:46.693 | INFO    | 		Epoch: 168  loss_vamb: 7.09575e-02  ab_vamb: 3.45669e-03  ce_vamb: 0.00000e+00  sse_vamb: 4.96549e-02  kld_vamb: 1.79007e-02  loss_labels: 6.39712e-03  ce_labels_labels: 5.95364e-04  kld_labels: 3.71312e+01  correct_labels_labels: 0.00000e+00  loss_joint: 5.89047e-02  ce_joint: 0.00000e+00  sse_joint: 1.05904e+01  ce_labels_joint: 7.78025e-04  kld_vamb_joint: 8.04146e+00  kld_labels_joint: 1.42182e+01  correct_labels_joint: 0.00000e+00  loss: 1.36259e-01
2026-08-13 14:27:50.390 | INFO    | 		Epoch: 169  loss_vamb: 7.07870e-02  ab_vamb: 3.39035e-03  ce_vamb: 0.00000e+00  sse_vamb: 4.95263e-02  kld_vamb: 1.79097e-02  loss_labels: 6.63472e-03  ce_labels_labels: 9.23565e-04  kld_labels: 3.65514e+01  correct_labels_labels: 0.00000e+00  loss_joint: 5.86807e-02  ce_joint: 0.00000e+00  sse_joint: 1.05824e+01  ce_labels_joint: 6.57559e-04  kld_vamb_joint: 8.03293e+00  kld_labels_joint: 1.42525e+01  correct_labels_joint: 0.00000e+00  loss: 1.36102e-01
2026-08-13 14:27:53.735 | INFO    | 		Epoch: 170  loss_vamb: 7.13900e-02  ab_vamb: 3.93485e-03  ce_vamb: 0.00000e+00  sse_vamb: 4.94984e-02  kld_vamb: 1.78959e-02  loss_labels: 6.47281e-03  ce_labels_labels: 8.04308e-04  kld_labels: 3.62784e+01  correct_labels_labels: 0.00000e+00  loss_joint: 5.92364e-02  ce_joint: 0.00000e+00  sse_joint: 1.05503e+01  ce_labels_joint: 8.30221e-04  kld_vamb_joint: 8.03084e+00  kld_labels_joint: 1.42797e+01  correct_labels_joint: 0.00000e+00  loss: 1.37099e-01
2026-08-13 14:28:03.277 | INFO    | 		Epoch: 171  loss_vamb: 7.11104e-02  ab_vamb: 3.42911e-03  ce_vamb: 0.00000e+00  sse_vamb: 4.97955e-02  kld_vamb: 1.78851e-02  loss_labels: 6.80536e-03  ce_labels_labels: 1.16244e-03  kld_labels: 3.61146e+01  correct_labels_labels: 0.00000e+00  loss_joint: 5.89314e-02  ce_joint: 0.00000e+00  sse_joint: 1.05681e+01  ce_labels_joint: 7.48515e-04  kld_vamb_joint: 8.00088e+00  kld_labels_joint: 1.42666e+01  correct_labels_joint: 0.00000e+00  loss: 1.36847e-01
2026-08-13 14:28:08.778 | INFO    | 		Epoch: 172  loss_vamb: 7.14296e-02  ab_vamb: 3.65516e-03  ce_vamb: 0.00000e+00  sse_vamb: 4.98947e-02  kld_vamb: 1.78510e-02  loss_labels: 6.92915e-03  ce_labels_labels: 1.20950e-03  kld_labels: 3.66058e+01  correct_labels_labels: 0.00000e+00  loss_joint: 5.88535e-02  ce_joint: 0.00000e+00  sse_joint: 1.05727e+01  ce_labels_joint: 6.35010e-04  kld_vamb_joint: 7.99642e+00  kld_labels_joint: 1.42523e+01  correct_labels_joint: 0.00000e+00  loss: 1.37212e-01
2026-08-13 14:28:24.003 | INFO    | 		Epoch: 173  loss_vamb: 7.08795e-02  ab_vamb: 3.38373e-03  ce_vamb: 0.00000e+00  sse_vamb: 4.95396e-02  kld_vamb: 1.79322e-02  loss_labels: 7.07510e-03  ce_labels_labels: 1.34496e-03  kld_labels: 3.66729e+01  correct_labels_labels: 0.00000e+00  loss_joint: 5.80461e-02  ce_joint: 0.00000e+00  sse_joint: 1.04905e+01  ce_labels_joint: 6.11192e-04  kld_vamb_joint: 7.95908e+00  kld_labels_joint: 1.42339e+01  correct_labels_joint: 0.00000e+00  loss: 1.36001e-01
2026-08-13 14:28:39.374 | INFO    | 		Epoch: 174  loss_vamb: 7.10418e-02  ab_vamb: 3.57720e-03  ce_vamb: 0.00000e+00  sse_vamb: 4.95063e-02  kld_vamb: 1.79566e-02  loss_labels: 5.96339e-03  ce_labels_labels: 2.51334e-04  kld_labels: 3.65572e+01  correct_labels_labels: 0.00000e+00  loss_joint: 5.84881e-02  ce_joint: 0.00000e+00  sse_joint: 1.04981e+01  ce_labels_joint: 5.87813e-04  kld_vamb_joint: 7.96071e+00  kld_labels_joint: 1.42304e+01  correct_labels_joint: 0.00000e+00  loss: 1.35493e-01
2026-08-13 14:28:47.735 | INFO    | 		Epoch: 175  loss_vamb: 7.07675e-02  ab_vamb: 3.32459e-03  ce_vamb: 0.00000e+00  sse_vamb: 4.95471e-02  kld_vamb: 1.79205e-02  loss_labels: 7.43276e-03  ce_labels_labels: 1.79065e-03  kld_labels: 3.61094e+01  correct_labels_labels: 0.00000e+00  loss_joint: 5.81050e-02  ce_joint: 0.00000e+00  sse_joint: 1.04636e+01  ce_labels_joint: 7.47962e-04  kld_vamb_joint: 7.93635e+00  kld_labels_joint: 1.42456e+01  correct_labels_joint: 0.00000e+00  loss: 1.36305e-01
2026-08-13 14:29:11.697 | INFO    | 		Epoch: 176  loss_vamb: 7.13894e-02  ab_vamb: 3.75311e-03  ce_vamb: 0.00000e+00  sse_vamb: 4.96501e-02  kld_vamb: 1.79345e-02  loss_labels: 6.27930e-03  ce_labels_labels: 5.69826e-04  kld_labels: 3.65406e+01  correct_labels_labels: 0.00000e+00  loss_joint: 5.84693e-02  ce_joint: 0.00000e+00  sse_joint: 1.04897e+01  ce_labels_joint: 4.66873e-04  kld_vamb_joint: 7.94506e+00  kld_labels_joint: 1.42148e+01  correct_labels_joint: 0.00000e+00  loss: 1.36138e-01
2026-08-13 14:29:24.859 | INFO    | 		Epoch: 177  loss_vamb: 7.07827e-02  ab_vamb: 3.41819e-03  ce_vamb: 0.00000e+00  sse_vamb: 4.93758e-02  kld_vamb: 1.79745e-02  loss_labels: 6.75155e-03  ce_labels_labels: 9.86274e-04  kld_labels: 3.68978e+01  correct_labels_labels: 0.00000e+00  loss_joint: 5.82986e-02  ce_joint: 0.00000e+00  sse_joint: 1.04622e+01  ce_labels_joint: 7.62554e-04  kld_vamb_joint: 7.91874e+00  kld_labels_joint: 1.42023e+01  correct_labels_joint: 0.00000e+00  loss: 1.35833e-01
2026-08-13 14:29:28.908 | INFO    | 		Epoch: 178  loss_vamb: 7.11841e-02  ab_vamb: 3.70603e-03  ce_vamb: 0.00000e+00  sse_vamb: 4.95544e-02  kld_vamb: 1.79400e-02  loss_labels: 6.50357e-03  ce_labels_labels: 7.09080e-04  kld_labels: 3.70847e+01  correct_labels_labels: 0.00000e+00  loss_joint: 5.85818e-02  ce_joint: 0.00000e+00  sse_joint: 1.04607e+01  ce_labels_joint: 8.47684e-04  kld_vamb_joint: 7.92712e+00  kld_labels_joint: 1.41924e+01  correct_labels_joint: 0.00000e+00  loss: 1.36269e-01
2026-08-13 14:29:31.116 | INFO    | 		Epoch: 179  loss_vamb: 7.13329e-02  ab_vamb: 3.77414e-03  ce_vamb: 0.00000e+00  sse_vamb: 4.96814e-02  kld_vamb: 1.78752e-02  loss_labels: 6.19960e-03  ce_labels_labels: 4.31769e-04  kld_labels: 3.69141e+01  correct_labels_labels: 0.00000e+00  loss_joint: 5.88769e-02  ce_joint: 0.00000e+00  sse_joint: 1.05193e+01  ce_labels_joint: 6.85601e-04  kld_vamb_joint: 7.94617e+00  kld_labels_joint: 1.41953e+01  correct_labels_joint: 0.00000e+00  loss: 1.36409e-01
2026-08-13 14:29:33.107 | INFO    | 		Epoch: 180  loss_vamb: 7.08423e-02  ab_vamb: 3.51495e-03  ce_vamb: 0.00000e+00  sse_vamb: 4.94331e-02  kld_vamb: 1.79040e-02  loss_labels: 6.04635e-03  ce_labels_labels: 3.80387e-04  kld_labels: 3.62622e+01  correct_labels_labels: 0.00000e+00  loss_joint: 5.86934e-02  ce_joint: 0.00000e+00  sse_joint: 1.04528e+01  ce_labels_joint: 1.22421e-03  kld_vamb_joint: 7.95520e+00  kld_labels_joint: 1.42552e+01  correct_labels_joint: 0.00000e+00  loss: 1.35582e-01
2026-08-13 14:29:35.130 | INFO    | 		Epoch: 181  loss_vamb: 7.06842e-02  ab_vamb: 3.27942e-03  ce_vamb: 0.00000e+00  sse_vamb: 4.94767e-02  kld_vamb: 1.79134e-02  loss_labels: 6.56633e-03  ce_labels_labels: 1.01175e-03  kld_labels: 3.55493e+01  correct_labels_labels: 0.00000e+00  loss_joint: 5.81336e-02  ce_joint: 0.00000e+00  sse_joint: 1.04612e+01  ce_labels_joint: 6.81540e-04  kld_vamb_joint: 7.93543e+00  kld_labels_joint: 1.42813e+01  correct_labels_joint: 0.00000e+00  loss: 1.35384e-01
2026-08-13 14:29:36.881 | INFO    | 		Epoch: 182  loss_vamb: 7.09970e-02  ab_vamb: 3.65479e-03  ce_vamb: 0.00000e+00  sse_vamb: 4.94749e-02  kld_vamb: 1.78649e-02  loss_labels: 6.64062e-03  ce_labels_labels: 1.05004e-03  kld_labels: 3.57797e+01  correct_labels_labels: 0.00000e+00  loss_joint: 5.83089e-02  ce_joint: 0.00000e+00  sse_joint: 1.04566e+01  ce_labels_joint: 6.88937e-04  kld_vamb_joint: 7.95568e+00  kld_labels_joint: 1.42698e+01  correct_labels_joint: 0.00000e+00  loss: 1.35947e-01
2026-08-13 14:29:38.911 | INFO    | 		Epoch: 183  loss_vamb: 7.11444e-02  ab_vamb: 3.82867e-03  ce_vamb: 0.00000e+00  sse_vamb: 4.94176e-02  kld_vamb: 1.79246e-02  loss_labels: 6.32519e-03  ce_labels_labels: 6.48000e-04  kld_labels: 3.63340e+01  correct_labels_labels: 0.00000e+00  loss_joint: 5.82919e-02  ce_joint: 0.00000e+00  sse_joint: 1.04375e+01  ce_labels_joint: 6.88102e-04  kld_vamb_joint: 7.92454e+00  kld_labels_joint: 1.42343e+01  correct_labels_joint: 0.00000e+00  loss: 1.35761e-01
2026-08-13 14:29:40.842 | INFO    | 		Epoch: 184  loss_vamb: 7.07633e-02  ab_vamb: 3.24870e-03  ce_vamb: 0.00000e+00  sse_vamb: 4.94828e-02  kld_vamb: 1.79864e-02  loss_labels: 6.42736e-03  ce_labels_labels: 7.53902e-04  kld_labels: 3.63101e+01  correct_labels_labels: 0.00000e+00  loss_joint: 5.87092e-02  ce_joint: 0.00000e+00  sse_joint: 1.04582e+01  ce_labels_joint: 1.30607e-03  kld_vamb_joint: 7.90359e+00  kld_labels_joint: 1.42516e+01  correct_labels_joint: 0.00000e+00  loss: 1.35900e-01
2026-08-13 14:29:42.762 | INFO    | 		Epoch: 185  loss_vamb: 7.11203e-02  ab_vamb: 3.73632e-03  ce_vamb: 0.00000e+00  sse_vamb: 4.93871e-02  kld_vamb: 1.79903e-02  loss_labels: 7.02755e-03  ce_labels_labels: 1.36703e-03  kld_labels: 3.62273e+01  correct_labels_labels: 0.00000e+00  loss_joint: 5.82872e-02  ce_joint: 0.00000e+00  sse_joint: 1.04425e+01  ce_labels_joint: 6.70876e-04  kld_vamb_joint: 7.89312e+00  kld_labels_joint: 1.42598e+01  correct_labels_joint: 0.00000e+00  loss: 1.36435e-01
2026-08-13 14:29:44.913 | INFO    | 		Epoch: 186  loss_vamb: 7.07193e-02  ab_vamb: 3.36167e-03  ce_vamb: 0.00000e+00  sse_vamb: 4.93925e-02  kld_vamb: 1.79715e-02  loss_labels: 6.59434e-03  ce_labels_labels: 8.40189e-04  kld_labels: 3.68266e+01  correct_labels_labels: 0.00000e+00  loss_joint: 5.84265e-02  ce_joint: 0.00000e+00  sse_joint: 1.04428e+01  ce_labels_joint: 1.00222e-03  kld_vamb_joint: 7.90367e+00  kld_labels_joint: 1.42143e+01  correct_labels_joint: 0.00000e+00  loss: 1.35740e-01
2026-08-13 14:29:47.771 | INFO    | 		Epoch: 187  loss_vamb: 7.09157e-02  ab_vamb: 3.61021e-03  ce_vamb: 0.00000e+00  sse_vamb: 4.93017e-02  kld_vamb: 1.79633e-02  loss_labels: 6.17623e-03  ce_labels_labels: 3.99470e-04  kld_labels: 3.69713e+01  correct_labels_labels: 0.00000e+00  loss_joint: 5.83236e-02  ce_joint: 0.00000e+00  sse_joint: 1.04310e+01  ce_labels_joint: 8.78604e-04  kld_vamb_joint: 7.89410e+00  kld_labels_joint: 1.42093e+01  correct_labels_joint: 0.00000e+00  loss: 1.35416e-01
2026-08-13 14:29:49.524 | INFO    | 		Epoch: 188  loss_vamb: 7.08461e-02  ab_vamb: 3.38071e-03  ce_vamb: 0.00000e+00  sse_vamb: 4.95413e-02  kld_vamb: 1.79706e-02  loss_labels: 6.38399e-03  ce_labels_labels: 6.44527e-04  kld_labels: 3.67325e+01  correct_labels_labels: 0.00000e+00  loss_joint: 5.89962e-02  ce_joint: 0.00000e+00  sse_joint: 1.04848e+01  ce_labels_joint: 1.39240e-03  kld_vamb_joint: 7.89568e+00  kld_labels_joint: 1.42134e+01  correct_labels_joint: 0.00000e+00  loss: 1.36226e-01
2026-08-13 14:29:51.403 | INFO    | 		Epoch: 189  loss_vamb: 7.07505e-02  ab_vamb: 3.35796e-03  ce_vamb: 0.00000e+00  sse_vamb: 4.94786e-02  kld_vamb: 1.78862e-02  loss_labels: 5.94920e-03  ce_labels_labels: 2.80179e-04  kld_labels: 3.62817e+01  correct_labels_labels: 0.00000e+00  loss_joint: 5.87317e-02  ce_joint: 0.00000e+00  sse_joint: 1.04755e+01  ce_labels_joint: 1.04391e-03  kld_vamb_joint: 7.97709e+00  kld_labels_joint: 1.42462e+01  correct_labels_joint: 0.00000e+00  loss: 1.35431e-01
2026-08-13 14:29:53.893 | INFO    | 		Epoch: 190  loss_vamb: 7.04606e-02  ab_vamb: 3.24906e-03  ce_vamb: 0.00000e+00  sse_vamb: 4.93151e-02  kld_vamb: 1.78870e-02  loss_labels: 6.11475e-03  ce_labels_labels: 5.77997e-04  kld_labels: 3.54352e+01  correct_labels_labels: 0.00000e+00  loss_joint: 5.80665e-02  ce_joint: 0.00000e+00  sse_joint: 1.04722e+01  ce_labels_joint: 6.42437e-04  kld_vamb_joint: 7.93335e+00  kld_labels_joint: 1.42568e+01  correct_labels_joint: 0.00000e+00  loss: 1.34642e-01
2026-08-13 14:29:56.509 | INFO    | 		Epoch: 191  loss_vamb: 7.08914e-02  ab_vamb: 3.63496e-03  ce_vamb: 0.00000e+00  sse_vamb: 4.93763e-02  kld_vamb: 1.78862e-02  loss_labels: 6.43869e-03  ce_labels_labels: 1.00966e-03  kld_labels: 3.47458e+01  correct_labels_labels: 0.00000e+00  loss_joint: 5.86970e-02  ce_joint: 0.00000e+00  sse_joint: 1.04498e+01  ce_labels_joint: 1.10792e-03  kld_vamb_joint: 7.92521e+00  kld_labels_joint: 1.42985e+01  correct_labels_joint: 0.00000e+00  loss: 1.36027e-01
2026-08-13 14:30:00.119 | INFO    | 		Epoch: 192  loss_vamb: 7.05165e-02  ab_vamb: 3.19376e-03  ce_vamb: 0.00000e+00  sse_vamb: 4.93579e-02  kld_vamb: 1.79427e-02  loss_labels: 6.00822e-03  ce_labels_labels: 5.83240e-04  kld_labels: 3.47199e+01  correct_labels_labels: 0.00000e+00  loss_joint: 5.75678e-02  ce_joint: 0.00000e+00  sse_joint: 1.04530e+01  ce_labels_joint: 4.70798e-04  kld_vamb_joint: 7.91517e+00  kld_labels_joint: 1.42803e+01  correct_labels_joint: 0.00000e+00  loss: 1.34092e-01
2026-08-13 14:30:01.800 | INFO    | 		Epoch: 193  loss_vamb: 7.08604e-02  ab_vamb: 3.58823e-03  ce_vamb: 0.00000e+00  sse_vamb: 4.93459e-02  kld_vamb: 1.79537e-02  loss_labels: 6.39519e-03  ce_labels_labels: 9.02483e-04  kld_labels: 3.51533e+01  correct_labels_labels: 0.00000e+00  loss_joint: 5.84660e-02  ce_joint: 0.00000e+00  sse_joint: 1.04439e+01  ce_labels_joint: 1.06942e-03  kld_vamb_joint: 7.90482e+00  kld_labels_joint: 1.42653e+01  correct_labels_joint: 0.00000e+00  loss: 1.35722e-01
2026-08-13 14:30:03.663 | INFO    | 		Epoch: 194  loss_vamb: 7.07770e-02  ab_vamb: 3.62858e-03  ce_vamb: 0.00000e+00  sse_vamb: 4.92155e-02  kld_vamb: 1.79167e-02  loss_labels: 6.45721e-03  ce_labels_labels: 9.19319e-04  kld_labels: 3.54425e+01  correct_labels_labels: 0.00000e+00  loss_joint: 5.81388e-02  ce_joint: 0.00000e+00  sse_joint: 1.04095e+01  ce_labels_joint: 7.78315e-04  kld_vamb_joint: 7.90021e+00  kld_labels_joint: 1.42719e+01  correct_labels_joint: 0.00000e+00  loss: 1.35373e-01
2026-08-13 14:30:11.966 | INFO    | 		Epoch: 195  loss_vamb: 7.04169e-02  ab_vamb: 3.23439e-03  ce_vamb: 0.00000e+00  sse_vamb: 4.92141e-02  kld_vamb: 1.79639e-02  loss_labels: 6.50337e-03  ce_labels_labels: 9.25941e-04  kld_labels: 3.56956e+01  correct_labels_labels: 0.00000e+00  loss_joint: 5.74974e-02  ce_joint: 0.00000e+00  sse_joint: 1.03795e+01  ce_labels_joint: 6.37216e-04  kld_vamb_joint: 7.88310e+00  kld_labels_joint: 1.42679e+01  correct_labels_joint: 0.00000e+00  loss: 1.34418e-01
2026-08-13 14:30:13.828 | INFO    | 		Epoch: 196  loss_vamb: 7.03576e-02  ab_vamb: 3.27496e-03  ce_vamb: 0.00000e+00  sse_vamb: 4.90566e-02  kld_vamb: 1.80092e-02  loss_labels: 6.16064e-03  ce_labels_labels: 5.01888e-04  kld_labels: 3.62160e+01  correct_labels_labels: 0.00000e+00  loss_joint: 5.80498e-02  ce_joint: 0.00000e+00  sse_joint: 1.03683e+01  ce_labels_joint: 1.05622e-03  kld_vamb_joint: 7.86444e+00  kld_labels_joint: 1.42369e+01  correct_labels_joint: 0.00000e+00  loss: 1.34568e-01
2026-08-13 14:30:15.719 | INFO    | 		Epoch: 197  loss_vamb: 7.04098e-02  ab_vamb: 3.31714e-03  ce_vamb: 0.00000e+00  sse_vamb: 4.91773e-02  kld_vamb: 1.79015e-02  loss_labels: 6.36860e-03  ce_labels_labels: 6.93382e-04  kld_labels: 3.63214e+01  correct_labels_labels: 0.00000e+00  loss_joint: 5.78160e-02  ce_joint: 0.00000e+00  sse_joint: 1.03803e+01  ce_labels_joint: 8.67854e-04  kld_vamb_joint: 7.89204e+00  kld_labels_joint: 1.42445e+01  correct_labels_joint: 0.00000e+00  loss: 1.34594e-01
2026-08-13 14:30:19.797 | INFO    | 		Epoch: 198  loss_vamb: 7.00634e-02  ab_vamb: 3.10923e-03  ce_vamb: 0.00000e+00  sse_vamb: 4.90797e-02  kld_vamb: 1.78984e-02  loss_labels: 6.63176e-03  ce_labels_labels: 1.01586e-03  kld_labels: 3.59418e+01  correct_labels_labels: 0.00000e+00  loss_joint: 5.75909e-02  ce_joint: 0.00000e+00  sse_joint: 1.03932e+01  ce_labels_joint: 7.67760e-04  kld_vamb_joint: 7.88754e+00  kld_labels_joint: 1.42626e+01  correct_labels_joint: 0.00000e+00  loss: 1.34286e-01
2026-08-13 14:30:21.791 | INFO    | 		Epoch: 199  loss_vamb: 7.02224e-02  ab_vamb: 3.17714e-03  ce_vamb: 0.00000e+00  sse_vamb: 4.90219e-02  kld_vamb: 1.80253e-02  loss_labels: 6.45477e-03  ce_labels_labels: 8.80061e-04  kld_labels: 3.56782e+01  correct_labels_labels: 0.00000e+00  loss_joint: 5.74030e-02  ce_joint: 0.00000e+00  sse_joint: 1.03297e+01  ce_labels_joint: 7.49035e-04  kld_vamb_joint: 7.86305e+00  kld_labels_joint: 1.42642e+01  correct_labels_joint: 0.00000e+00  loss: 1.34080e-01
2026-08-13 14:30:23.721 | INFO    | 		Epoch: 200  loss_vamb: 7.05017e-02  ab_vamb: 3.31611e-03  ce_vamb: 0.00000e+00  sse_vamb: 4.91732e-02  kld_vamb: 1.80089e-02  loss_labels: 6.45597e-03  ce_labels_labels: 8.58551e-04  kld_labels: 3.58235e+01  correct_labels_labels: 0.00000e+00  loss_joint: 5.83203e-02  ce_joint: 0.00000e+00  sse_joint: 1.03911e+01  ce_labels_joint: 1.27335e-03  kld_vamb_joint: 7.88243e+00  kld_labels_joint: 1.42719e+01  correct_labels_joint: 0.00000e+00  loss: 1.35278e-01
2026-08-13 14:30:35.046 | INFO    | 		Epoch: 201  loss_vamb: 7.04002e-02  ab_vamb: 3.36498e-03  ce_vamb: 0.00000e+00  sse_vamb: 4.90405e-02  kld_vamb: 1.79675e-02  loss_labels: 6.65567e-03  ce_labels_labels: 1.02126e-03  kld_labels: 3.60602e+01  correct_labels_labels: 0.00000e+00  loss_joint: 5.79670e-02  ce_joint: 0.00000e+00  sse_joint: 1.03570e+01  ce_labels_joint: 9.27242e-04  kld_vamb_joint: 7.91353e+00  kld_labels_joint: 1.42747e+01  correct_labels_joint: 0.00000e+00  loss: 1.35023e-01
2026-08-13 14:30:42.332 | INFO    | 		Epoch: 202  loss_vamb: 7.02934e-02  ab_vamb: 3.37858e-03  ce_vamb: 0.00000e+00  sse_vamb: 4.89845e-02  kld_vamb: 1.79743e-02  loss_labels: 6.02128e-03  ce_labels_labels: 3.60632e-04  kld_labels: 3.62282e+01  correct_labels_labels: 0.00000e+00  loss_joint: 5.81772e-02  ce_joint: 0.00000e+00  sse_joint: 1.03763e+01  ce_labels_joint: 1.15887e-03  kld_vamb_joint: 7.92678e+00  kld_labels_joint: 1.42704e+01  correct_labels_joint: 0.00000e+00  loss: 1.34492e-01
2026-08-13 14:30:44.122 | INFO    | 		Epoch: 203  loss_vamb: 7.06169e-02  ab_vamb: 3.51135e-03  ce_vamb: 0.00000e+00  sse_vamb: 4.91150e-02  kld_vamb: 1.80107e-02  loss_labels: 6.23244e-03  ce_labels_labels: 6.62952e-04  kld_labels: 3.56447e+01  correct_labels_labels: 0.00000e+00  loss_joint: 5.84901e-02  ce_joint: 0.00000e+00  sse_joint: 1.03568e+01  ce_labels_joint: 1.24308e-03  kld_vamb_joint: 7.92924e+00  kld_labels_joint: 1.43283e+01  correct_labels_joint: 0.00000e+00  loss: 1.35339e-01
2026-08-13 14:30:48.385 | INFO    | 		Epoch: 204  loss_vamb: 7.07869e-02  ab_vamb: 3.64100e-03  ce_vamb: 0.00000e+00  sse_vamb: 4.90501e-02  kld_vamb: 1.80678e-02  loss_labels: 6.38154e-03  ce_labels_labels: 9.25337e-04  kld_labels: 3.49197e+01  correct_labels_labels: 0.00000e+00  loss_joint: 5.80421e-02  ce_joint: 0.00000e+00  sse_joint: 1.03738e+01  ce_labels_joint: 7.07761e-04  kld_vamb_joint: 7.89566e+00  kld_labels_joint: 1.43440e+01  correct_labels_joint: 0.00000e+00  loss: 1.35211e-01
2026-08-13 14:31:17.231 | INFO    | 		Epoch: 205  loss_vamb: 7.10501e-02  ab_vamb: 3.90164e-03  ce_vamb: 0.00000e+00  sse_vamb: 4.90503e-02  kld_vamb: 1.80265e-02  loss_labels: 6.30961e-03  ce_labels_labels: 8.74230e-04  kld_labels: 3.47864e+01  correct_labels_labels: 0.00000e+00  loss_joint: 5.87925e-02  ce_joint: 0.00000e+00  sse_joint: 1.03730e+01  ce_labels_joint: 1.26596e-03  kld_vamb_joint: 7.89341e+00  kld_labels_joint: 1.43586e+01  correct_labels_joint: 0.00000e+00  loss: 1.36152e-01
2026-08-13 14:31:21.973 | INFO    | 		Epoch: 206  loss_vamb: 7.10224e-02  ab_vamb: 3.90364e-03  ce_vamb: 0.00000e+00  sse_vamb: 4.90857e-02  kld_vamb: 1.80257e-02  loss_labels: 6.06531e-03  ce_labels_labels: 6.58205e-04  kld_labels: 3.46055e+01  correct_labels_labels: 0.00000e+00  loss_joint: 5.94520e-02  ce_joint: 0.00000e+00  sse_joint: 1.04022e+01  ce_labels_joint: 1.74943e-03  kld_vamb_joint: 7.88146e+00  kld_labels_joint: 1.43600e+01  correct_labels_joint: 0.00000e+00  loss: 1.36540e-01
2026-08-13 14:31:40.655 | INFO    | 		Epoch: 207  loss_vamb: 7.07953e-02  ab_vamb: 3.69828e-03  ce_vamb: 0.00000e+00  sse_vamb: 4.91441e-02  kld_vamb: 1.79622e-02  loss_labels: 6.41000e-03  ce_labels_labels: 9.99955e-04  kld_labels: 3.46243e+01  correct_labels_labels: 0.00000e+00  loss_joint: 5.88426e-02  ce_joint: 0.00000e+00  sse_joint: 1.03910e+01  ce_labels_joint: 1.35056e-03  kld_vamb_joint: 7.92145e+00  kld_labels_joint: 1.43581e+01  correct_labels_joint: 0.00000e+00  loss: 1.36048e-01
2026-08-13 14:31:45.275 | INFO    | 		Epoch: 208  loss_vamb: 7.07832e-02  ab_vamb: 3.63122e-03  ce_vamb: 0.00000e+00  sse_vamb: 4.91481e-02  kld_vamb: 1.80129e-02  loss_labels: 6.52141e-03  ce_labels_labels: 1.07153e-03  kld_labels: 3.48793e+01  correct_labels_labels: 0.00000e+00  loss_joint: 5.85015e-02  ce_joint: 0.00000e+00  sse_joint: 1.04272e+01  ce_labels_joint: 8.51940e-04  kld_vamb_joint: 7.95061e+00  kld_labels_joint: 1.43357e+01  correct_labels_joint: 0.00000e+00  loss: 1.35806e-01
2026-08-13 14:31:47.922 | INFO    | 		Epoch: 209  loss_vamb: 7.10382e-02  ab_vamb: 3.95456e-03  ce_vamb: 0.00000e+00  sse_vamb: 4.90341e-02  kld_vamb: 1.79867e-02  loss_labels: 6.51254e-03  ce_labels_labels: 9.76144e-04  kld_labels: 3.54329e+01  correct_labels_labels: 0.00000e+00  loss_joint: 5.93697e-02  ce_joint: 0.00000e+00  sse_joint: 1.03815e+01  ce_labels_joint: 1.86440e-03  kld_vamb_joint: 7.98200e+00  kld_labels_joint: 1.43146e+01  correct_labels_joint: 0.00000e+00  loss: 1.36920e-01
2026-08-13 14:31:52.381 | INFO    | 		Epoch: 210  loss_vamb: 7.10221e-02  ab_vamb: 3.96402e-03  ce_vamb: 0.00000e+00  sse_vamb: 4.89618e-02  kld_vamb: 1.80780e-02  loss_labels: 6.38297e-03  ce_labels_labels: 7.83999e-04  kld_labels: 3.58334e+01  correct_labels_labels: 0.00000e+00  loss_joint: 5.89254e-02  ce_joint: 0.00000e+00  sse_joint: 1.04158e+01  ce_labels_joint: 1.09510e-03  kld_vamb_joint: 7.98167e+00  kld_labels_joint: 1.43185e+01  correct_labels_joint: 0.00000e+00  loss: 1.36330e-01
2026-08-13 14:31:59.219 | INFO    | 		Epoch: 211  loss_vamb: 7.12331e-02  ab_vamb: 4.09486e-03  ce_vamb: 0.00000e+00  sse_vamb: 4.90470e-02  kld_vamb: 1.80536e-02  loss_labels: 6.49928e-03  ce_labels_labels: 8.58266e-04  kld_labels: 3.61025e+01  correct_labels_labels: 0.00000e+00  loss_joint: 5.92328e-02  ce_joint: 0.00000e+00  sse_joint: 1.04073e+01  ce_labels_joint: 1.34953e-03  kld_vamb_joint: 7.95868e+00  kld_labels_joint: 1.43020e+01  correct_labels_joint: 0.00000e+00  loss: 1.36965e-01
2026-08-13 14:32:01.170 | INFO    | 		Epoch: 212  loss_vamb: 7.04426e-02  ab_vamb: 3.43412e-03  ce_vamb: 0.00000e+00  sse_vamb: 4.89686e-02  kld_vamb: 1.79986e-02  loss_labels: 6.11227e-03  ce_labels_labels: 4.55691e-04  kld_labels: 3.62021e+01  correct_labels_labels: 0.00000e+00  loss_joint: 5.78346e-02  ce_joint: 0.00000e+00  sse_joint: 1.03754e+01  ce_labels_joint: 8.50967e-04  kld_vamb_joint: 7.96993e+00  kld_labels_joint: 1.43220e+01  correct_labels_joint: 0.00000e+00  loss: 1.34390e-01
2026-08-13 14:32:03.040 | INFO    | 		Epoch: 213  loss_vamb: 7.05332e-02  ab_vamb: 3.69729e-03  ce_vamb: 0.00000e+00  sse_vamb: 4.89050e-02  kld_vamb: 1.79765e-02  loss_labels: 6.11008e-03  ce_labels_labels: 5.38931e-04  kld_labels: 3.56554e+01  correct_labels_labels: 0.00000e+00  loss_joint: 5.81432e-02  ce_joint: 0.00000e+00  sse_joint: 1.03804e+01  ce_labels_joint: 7.18448e-04  kld_vamb_joint: 7.99169e+00  kld_labels_joint: 1.43615e+01  correct_labels_joint: 0.00000e+00  loss: 1.34787e-01
2026-08-13 14:32:05.231 | INFO    | 		Epoch: 214  loss_vamb: 7.02295e-02  ab_vamb: 3.18744e-03  ce_vamb: 0.00000e+00  sse_vamb: 4.91287e-02  kld_vamb: 1.79610e-02  loss_labels: 6.25975e-03  ce_labels_labels: 7.47229e-04  kld_labels: 3.52801e+01  correct_labels_labels: 0.00000e+00  loss_joint: 5.76350e-02  ce_joint: 0.00000e+00  sse_joint: 1.03768e+01  ce_labels_joint: 6.06397e-04  kld_vamb_joint: 8.00678e+00  kld_labels_joint: 1.44008e+01  correct_labels_joint: 0.00000e+00  loss: 1.34124e-01
2026-08-13 14:32:07.983 | INFO    | 		Epoch: 215  loss_vamb: 7.02292e-02  ab_vamb: 3.32896e-03  ce_vamb: 0.00000e+00  sse_vamb: 4.89155e-02  kld_vamb: 1.79998e-02  loss_labels: 6.15668e-03  ce_labels_labels: 6.43991e-04  kld_labels: 3.52812e+01  correct_labels_labels: 0.00000e+00  loss_joint: 5.78237e-02  ce_joint: 0.00000e+00  sse_joint: 1.03338e+01  ce_labels_joint: 1.02429e-03  kld_vamb_joint: 7.95691e+00  kld_labels_joint: 1.43754e+01  correct_labels_joint: 0.00000e+00  loss: 1.34210e-01
2026-08-13 14:32:19.383 | INFO    | 		Epoch: 216  loss_vamb: 7.08021e-02  ab_vamb: 3.74439e-03  ce_vamb: 0.00000e+00  sse_vamb: 4.90432e-02  kld_vamb: 1.80626e-02  loss_labels: 6.25119e-03  ce_labels_labels: 7.53709e-04  kld_labels: 3.51839e+01  correct_labels_labels: 0.00000e+00  loss_joint: 5.79964e-02  ce_joint: 0.00000e+00  sse_joint: 1.03480e+01  ce_labels_joint: 6.79203e-04  kld_vamb_joint: 7.94596e+00  kld_labels_joint: 1.43847e+01  correct_labels_joint: 0.00000e+00  loss: 1.35050e-01
2026-08-13 14:32:23.897 | INFO    | 		Epoch: 217  loss_vamb: 7.02791e-02  ab_vamb: 3.52292e-03  ce_vamb: 0.00000e+00  sse_vamb: 4.87169e-02  kld_vamb: 1.80200e-02  loss_labels: 6.17759e-03  ce_labels_labels: 7.12423e-04  kld_labels: 3.49771e+01  correct_labels_labels: 0.00000e+00  loss_joint: 5.76203e-02  ce_joint: 0.00000e+00  sse_joint: 1.03112e+01  ce_labels_joint: 9.60425e-04  kld_vamb_joint: 7.94465e+00  kld_labels_joint: 1.44049e+01  correct_labels_joint: 0.00000e+00  loss: 1.34077e-01
2026-08-13 14:32:30.311 | INFO    | 		Epoch: 218  loss_vamb: 7.00686e-02  ab_vamb: 3.17433e-03  ce_vamb: 0.00000e+00  sse_vamb: 4.88282e-02  kld_vamb: 1.80170e-02  loss_labels: 5.93078e-03  ce_labels_labels: 5.50237e-04  kld_labels: 3.44355e+01  correct_labels_labels: 0.00000e+00  loss_joint: 5.69997e-02  ce_joint: 0.00000e+00  sse_joint: 1.03118e+01  ce_labels_joint: 4.68646e-04  kld_vamb_joint: 7.93522e+00  kld_labels_joint: 1.44262e+01  correct_labels_joint: 0.00000e+00  loss: 1.32999e-01
2026-08-13 14:32:41.007 | INFO    | 		Epoch: 219  loss_vamb: 7.05771e-02  ab_vamb: 3.76471e-03  ce_vamb: 0.00000e+00  sse_vamb: 4.88209e-02  kld_vamb: 1.80597e-02  loss_labels: 6.06806e-03  ce_labels_labels: 7.60496e-04  kld_labels: 3.39684e+01  correct_labels_labels: 0.00000e+00  loss_joint: 5.73543e-02  ce_joint: 0.00000e+00  sse_joint: 1.02811e+01  ce_labels_joint: 4.19939e-04  kld_vamb_joint: 7.92267e+00  kld_labels_joint: 1.44570e+01  correct_labels_joint: 0.00000e+00  loss: 1.33999e-01
2026-08-13 14:32:42.885 | INFO    | 		Epoch: 220  loss_vamb: 7.03637e-02  ab_vamb: 3.32667e-03  ce_vamb: 0.00000e+00  sse_vamb: 4.89502e-02  kld_vamb: 1.80662e-02  loss_labels: 6.02839e-03  ce_labels_labels: 7.37960e-04  kld_labels: 3.38588e+01  correct_labels_labels: 0.00000e+00  loss_joint: 5.72952e-02  ce_joint: 0.00000e+00  sse_joint: 1.02889e+01  ce_labels_joint: 6.83056e-04  kld_vamb_joint: 7.88729e+00  kld_labels_joint: 1.44526e+01  correct_labels_joint: 0.00000e+00  loss: 1.33687e-01
2026-08-13 14:32:44.854 | INFO    | 		Epoch: 221  loss_vamb: 7.03764e-02  ab_vamb: 3.50301e-03  ce_vamb: 0.00000e+00  sse_vamb: 4.88319e-02  kld_vamb: 1.80487e-02  loss_labels: 5.78739e-03  ce_labels_labels: 4.99985e-04  kld_labels: 3.38394e+01  correct_labels_labels: 0.00000e+00  loss_joint: 5.75773e-02  ce_joint: 0.00000e+00  sse_joint: 1.02250e+01  ce_labels_joint: 1.29685e-03  kld_vamb_joint: 7.87587e+00  kld_labels_joint: 1.44791e+01  correct_labels_joint: 0.00000e+00  loss: 1.33741e-01
2026-08-13 14:32:48.076 | INFO    | 		Epoch: 222  loss_vamb: 6.97412e-02  ab_vamb: 3.03276e-03  ce_vamb: 0.00000e+00  sse_vamb: 4.86302e-02  kld_vamb: 1.80423e-02  loss_labels: 7.03502e-03  ce_labels_labels: 1.69745e-03  kld_labels: 3.41605e+01  correct_labels_labels: 0.00000e+00  loss_joint: 5.68603e-02  ce_joint: 0.00000e+00  sse_joint: 1.02207e+01  ce_labels_joint: 7.91679e-04  kld_vamb_joint: 7.87090e+00  kld_labels_joint: 1.44622e+01  correct_labels_joint: 0.00000e+00  loss: 1.33637e-01
2026-08-13 14:32:50.435 | INFO    | 		Epoch: 223  loss_vamb: 6.98136e-02  ab_vamb: 3.11585e-03  ce_vamb: 0.00000e+00  sse_vamb: 4.86814e-02  kld_vamb: 1.80112e-02  loss_labels: 6.05843e-03  ce_labels_labels: 4.21089e-04  kld_labels: 3.60790e+01  correct_labels_labels: 0.00000e+00  loss_joint: 5.69902e-02  ce_joint: 0.00000e+00  sse_joint: 1.02166e+01  ce_labels_joint: 1.04005e-03  kld_vamb_joint: 7.87192e+00  kld_labels_joint: 1.43836e+01  correct_labels_joint: 0.00000e+00  loss: 1.32862e-01
2026-08-13 14:32:52.355 | INFO    | 		Epoch: 224  loss_vamb: 6.96967e-02  ab_vamb: 3.04869e-03  ce_vamb: 0.00000e+00  sse_vamb: 4.87310e-02  kld_vamb: 1.79745e-02  loss_labels: 6.48671e-03  ce_labels_labels: 6.87434e-04  kld_labels: 3.71154e+01  correct_labels_labels: 0.00000e+00  loss_joint: 5.65847e-02  ce_joint: 0.00000e+00  sse_joint: 1.02333e+01  ce_labels_joint: 4.87500e-04  kld_vamb_joint: 7.89683e+00  kld_labels_joint: 1.43648e+01  correct_labels_joint: 0.00000e+00  loss: 1.32768e-01
2026-08-13 14:32:54.812 | INFO    | 		Epoch: 225  loss_vamb: 6.95613e-02  ab_vamb: 2.98361e-03  ce_vamb: 0.00000e+00  sse_vamb: 4.85786e-02  kld_vamb: 1.79689e-02  loss_labels: 7.31763e-03  ce_labels_labels: 1.47986e-03  kld_labels: 3.73618e+01  correct_labels_labels: 0.00000e+00  loss_joint: 5.66804e-02  ce_joint: 0.00000e+00  sse_joint: 1.01928e+01  ce_labels_joint: 8.25074e-04  kld_vamb_joint: 7.88148e+00  kld_labels_joint: 1.43550e+01  correct_labels_joint: 0.00000e+00  loss: 1.33559e-01
2026-08-13 14:32:58.308 | INFO    | 		Epoch: 226  loss_vamb: 6.92793e-02  ab_vamb: 2.96819e-03  ce_vamb: 0.00000e+00  sse_vamb: 4.81828e-02  kld_vamb: 1.79906e-02  loss_labels: 6.75197e-03  ce_labels_labels: 9.05938e-04  kld_labels: 3.74146e+01  correct_labels_labels: 0.00000e+00  loss_joint: 5.71283e-02  ce_joint: 0.00000e+00  sse_joint: 1.01446e+01  ce_labels_joint: 1.54215e-03  kld_vamb_joint: 7.85335e+00  kld_labels_joint: 1.43324e+01  correct_labels_joint: 0.00000e+00  loss: 1.33160e-01
2026-08-13 14:33:00.044 | INFO    | 		Epoch: 227  loss_vamb: 6.96028e-02  ab_vamb: 3.17203e-03  ce_vamb: 0.00000e+00  sse_vamb: 4.84304e-02  kld_vamb: 1.79803e-02  loss_labels: 6.40745e-03  ce_labels_labels: 5.72456e-04  kld_labels: 3.73440e+01  correct_labels_labels: 0.00000e+00  loss_joint: 5.63458e-02  ce_joint: 0.00000e+00  sse_joint: 1.01511e+01  ce_labels_joint: 5.50796e-04  kld_vamb_joint: 7.85815e+00  kld_labels_joint: 1.43438e+01  correct_labels_joint: 0.00000e+00  loss: 1.32356e-01
2026-08-13 14:33:01.812 | INFO    | 		Epoch: 228  loss_vamb: 6.92411e-02  ab_vamb: 3.10972e-03  ce_vamb: 0.00000e+00  sse_vamb: 4.81888e-02  kld_vamb: 1.79443e-02  loss_labels: 6.27885e-03  ce_labels_labels: 4.75939e-04  kld_labels: 3.71386e+01  correct_labels_labels: 0.00000e+00  loss_joint: 5.66047e-02  ce_joint: 0.00000e+00  sse_joint: 1.01251e+01  ce_labels_joint: 1.05028e-03  kld_vamb_joint: 7.88601e+00  kld_labels_joint: 1.43762e+01  correct_labels_joint: 0.00000e+00  loss: 1.32125e-01
2026-08-13 14:33:03.493 | INFO    | 		Epoch: 229  loss_vamb: 6.91301e-02  ab_vamb: 2.96553e-03  ce_vamb: 0.00000e+00  sse_vamb: 4.80688e-02  kld_vamb: 1.79591e-02  loss_labels: 6.17629e-03  ce_labels_labels: 4.04454e-04  kld_labels: 3.69397e+01  correct_labels_labels: 0.00000e+00  loss_joint: 5.59082e-02  ce_joint: 0.00000e+00  sse_joint: 1.00788e+01  ce_labels_joint: 5.74811e-04  kld_vamb_joint: 7.88786e+00  kld_labels_joint: 1.43865e+01  correct_labels_joint: 0.00000e+00  loss: 1.31215e-01
2026-08-13 14:33:06.724 | INFO    | 		Epoch: 230  loss_vamb: 6.90588e-02  ab_vamb: 2.95167e-03  ce_vamb: 0.00000e+00  sse_vamb: 4.80377e-02  kld_vamb: 1.79377e-02  loss_labels: 6.43269e-03  ce_labels_labels: 7.04371e-04  kld_labels: 3.66613e+01  correct_labels_labels: 0.00000e+00  loss_joint: 5.61304e-02  ce_joint: 0.00000e+00  sse_joint: 1.00984e+01  ce_labels_joint: 6.15605e-04  kld_vamb_joint: 7.87082e+00  kld_labels_joint: 1.43730e+01  correct_labels_joint: 0.00000e+00  loss: 1.31622e-01
2026-08-13 14:33:08.695 | INFO    | 		Epoch: 231  loss_vamb: 6.91561e-02  ab_vamb: 2.84479e-03  ce_vamb: 0.00000e+00  sse_vamb: 4.83523e-02  kld_vamb: 1.79609e-02  loss_labels: 6.21872e-03  ce_labels_labels: 5.60069e-04  kld_labels: 3.62154e+01  correct_labels_labels: 0.00000e+00  loss_joint: 5.63825e-02  ce_joint: 0.00000e+00  sse_joint: 1.01400e+01  ce_labels_joint: 8.42183e-04  kld_vamb_joint: 7.87294e+00  kld_labels_joint: 1.44123e+01  correct_labels_joint: 0.00000e+00  loss: 1.31757e-01
2026-08-13 14:33:10.438 | INFO    | 		Epoch: 232  loss_vamb: 6.90411e-02  ab_vamb: 2.82089e-03  ce_vamb: 0.00000e+00  sse_vamb: 4.82140e-02  kld_vamb: 1.79879e-02  loss_labels: 6.00480e-03  ce_labels_labels: 4.02240e-04  kld_labels: 3.58564e+01  correct_labels_labels: 0.00000e+00  loss_joint: 5.57442e-02  ce_joint: 0.00000e+00  sse_joint: 1.01058e+01  ce_labels_joint: 4.15616e-04  kld_vamb_joint: 7.86216e+00  kld_labels_joint: 1.44165e+01  correct_labels_joint: 0.00000e+00  loss: 1.30790e-01
2026-08-13 14:33:12.403 | INFO    | 		Epoch: 233  loss_vamb: 6.92584e-02  ab_vamb: 3.06098e-03  ce_vamb: 0.00000e+00  sse_vamb: 4.82260e-02  kld_vamb: 1.80140e-02  loss_labels: 6.25013e-03  ce_labels_labels: 7.10475e-04  kld_labels: 3.54538e+01  correct_labels_labels: 0.00000e+00  loss_joint: 5.61668e-02  ce_joint: 0.00000e+00  sse_joint: 1.01058e+01  ce_labels_joint: 8.20862e-04  kld_vamb_joint: 7.84605e+00  kld_labels_joint: 1.44281e+01  correct_labels_joint: 0.00000e+00  loss: 1.31675e-01
2026-08-13 14:33:14.881 | INFO    | 		Epoch: 234  loss_vamb: 6.90000e-02  ab_vamb: 2.79897e-03  ce_vamb: 0.00000e+00  sse_vamb: 4.81749e-02  kld_vamb: 1.80193e-02  loss_labels: 6.42866e-03  ce_labels_labels: 9.37701e-04  kld_labels: 3.51421e+01  correct_labels_labels: 0.00000e+00  loss_joint: 5.60384e-02  ce_joint: 0.00000e+00  sse_joint: 1.01023e+01  ce_labels_joint: 7.82066e-04  kld_vamb_joint: 7.85701e+00  kld_labels_joint: 1.44466e+01  correct_labels_joint: 0.00000e+00  loss: 1.31467e-01
2026-08-13 14:33:16.567 | INFO    | 		Epoch: 235  loss_vamb: 6.91211e-02  ab_vamb: 2.83553e-03  ce_vamb: 0.00000e+00  sse_vamb: 4.83536e-02  kld_vamb: 1.80319e-02  loss_labels: 6.37046e-03  ce_labels_labels: 9.43891e-04  kld_labels: 3.47301e+01  correct_labels_labels: 0.00000e+00  loss_joint: 5.62470e-02  ce_joint: 0.00000e+00  sse_joint: 1.01201e+01  ce_labels_joint: 9.68446e-04  kld_vamb_joint: 7.83043e+00  kld_labels_joint: 1.44652e+01  correct_labels_joint: 0.00000e+00  loss: 1.31739e-01
2026-08-13 14:33:18.871 | INFO    | 		Epoch: 236  loss_vamb: 6.91569e-02  ab_vamb: 2.98405e-03  ce_vamb: 0.00000e+00  sse_vamb: 4.80920e-02  kld_vamb: 1.79991e-02  loss_labels: 5.94687e-03  ce_labels_labels: 5.52557e-04  kld_labels: 3.45236e+01  correct_labels_labels: 0.00000e+00  loss_joint: 5.58581e-02  ce_joint: 0.00000e+00  sse_joint: 1.00657e+01  ce_labels_joint: 6.97454e-04  kld_vamb_joint: 7.82420e+00  kld_labels_joint: 1.44605e+01  correct_labels_joint: 0.00000e+00  loss: 1.30962e-01
2026-08-13 14:33:21.607 | INFO    | 		Epoch: 237  loss_vamb: 6.90931e-02  ab_vamb: 3.01553e-03  ce_vamb: 0.00000e+00  sse_vamb: 4.80693e-02  kld_vamb: 1.80041e-02  loss_labels: 5.85625e-03  ce_labels_labels: 5.15168e-04  kld_labels: 3.41829e+01  correct_labels_labels: 0.00000e+00  loss_joint: 5.56982e-02  ce_joint: 0.00000e+00  sse_joint: 1.00713e+01  ce_labels_joint: 5.12535e-04  kld_vamb_joint: 7.83169e+00  kld_labels_joint: 1.44850e+01  correct_labels_joint: 0.00000e+00  loss: 1.30647e-01
2026-08-13 14:33:23.325 | INFO    | 		Epoch: 238  loss_vamb: 6.96505e-02  ab_vamb: 3.49745e-03  ce_vamb: 0.00000e+00  sse_vamb: 4.81000e-02  kld_vamb: 1.79839e-02  loss_labels: 6.43489e-03  ce_labels_labels: 1.11253e-03  kld_labels: 3.40631e+01  correct_labels_labels: 0.00000e+00  loss_joint: 5.62073e-02  ce_joint: 0.00000e+00  sse_joint: 1.00827e+01  ce_labels_joint: 3.89939e-04  kld_vamb_joint: 7.82820e+00  kld_labels_joint: 1.44866e+01  correct_labels_joint: 0.00000e+00  loss: 1.32293e-01
2026-08-13 14:33:25.208 | INFO    | 		Epoch: 239  loss_vamb: 6.90726e-02  ab_vamb: 2.97632e-03  ce_vamb: 0.00000e+00  sse_vamb: 4.80963e-02  kld_vamb: 1.80108e-02  loss_labels: 6.22296e-03  ce_labels_labels: 9.09511e-04  kld_labels: 3.40061e+01  correct_labels_labels: 0.00000e+00  loss_joint: 5.57611e-02  ce_joint: 0.00000e+00  sse_joint: 1.00775e+01  ce_labels_joint: 5.80120e-04  kld_vamb_joint: 7.81163e+00  kld_labels_joint: 1.44824e+01  correct_labels_joint: 0.00000e+00  loss: 1.31057e-01
2026-08-13 14:33:29.357 | INFO    | 		Epoch: 240  loss_vamb: 6.88402e-02  ab_vamb: 2.77814e-03  ce_vamb: 0.00000e+00  sse_vamb: 4.81368e-02  kld_vamb: 1.80133e-02  loss_labels: 5.95372e-03  ce_labels_labels: 6.30177e-04  kld_labels: 3.40707e+01  correct_labels_labels: 0.00000e+00  loss_joint: 5.58289e-02  ce_joint: 0.00000e+00  sse_joint: 1.00951e+01  ce_labels_joint: 7.28905e-04  kld_vamb_joint: 7.79407e+00  kld_labels_joint: 1.44759e+01  correct_labels_joint: 0.00000e+00  loss: 1.30623e-01
2026-08-13 14:33:31.016 | INFO    | 		Epoch: 241  loss_vamb: 6.92897e-02  ab_vamb: 3.36859e-03  ce_vamb: 0.00000e+00  sse_vamb: 4.79508e-02  kld_vamb: 1.79995e-02  loss_labels: 6.44787e-03  ce_labels_labels: 1.10204e-03  kld_labels: 3.42133e+01  correct_labels_labels: 0.00000e+00  loss_joint: 5.58128e-02  ce_joint: 0.00000e+00  sse_joint: 1.00401e+01  ce_labels_joint: 6.53661e-04  kld_vamb_joint: 7.80019e+00  kld_labels_joint: 1.44687e+01  correct_labels_joint: 0.00000e+00  loss: 1.31550e-01
2026-08-13 14:33:32.848 | INFO    | 		Epoch: 242  loss_vamb: 6.90164e-02  ab_vamb: 3.09427e-03  ce_vamb: 0.00000e+00  sse_vamb: 4.78483e-02  kld_vamb: 1.79464e-02  loss_labels: 5.84286e-03  ce_labels_labels: 4.76175e-04  kld_labels: 3.43468e+01  correct_labels_labels: 0.00000e+00  loss_joint: 5.63558e-02  ce_joint: 0.00000e+00  sse_joint: 9.98755e+00  ce_labels_joint: 1.16857e-03  kld_vamb_joint: 7.81479e+00  kld_labels_joint: 1.44564e+01  correct_labels_joint: 0.00000e+00  loss: 1.31215e-01
2026-08-13 14:33:34.707 | INFO    | 		Epoch: 243  loss_vamb: 6.89088e-02  ab_vamb: 2.88982e-03  ce_vamb: 0.00000e+00  sse_vamb: 4.80761e-02  kld_vamb: 1.79756e-02  loss_labels: 5.71458e-03  ce_labels_labels: 3.38128e-04  kld_labels: 3.44093e+01  correct_labels_labels: 0.00000e+00  loss_joint: 5.56671e-02  ce_joint: 0.00000e+00  sse_joint: 1.00288e+01  ce_labels_joint: 8.14220e-04  kld_vamb_joint: 7.82409e+00  kld_labels_joint: 1.44509e+01  correct_labels_joint: 0.00000e+00  loss: 1.30290e-01
2026-08-13 14:33:36.601 | INFO    | 		Epoch: 244  loss_vamb: 6.89245e-02  ab_vamb: 2.84987e-03  ce_vamb: 0.00000e+00  sse_vamb: 4.81208e-02  kld_vamb: 1.80216e-02  loss_labels: 5.86789e-03  ce_labels_labels: 4.84714e-04  kld_labels: 3.44523e+01  correct_labels_labels: 0.00000e+00  loss_joint: 5.54029e-02  ce_joint: 0.00000e+00  sse_joint: 1.00720e+01  ce_labels_joint: 4.48951e-04  kld_vamb_joint: 7.78553e+00  kld_labels_joint: 1.44498e+01  correct_labels_joint: 0.00000e+00  loss: 1.30195e-01
2026-08-13 14:33:38.456 | INFO    | 		Epoch: 245  loss_vamb: 6.90531e-02  ab_vamb: 3.08128e-03  ce_vamb: 0.00000e+00  sse_vamb: 4.80781e-02  kld_vamb: 1.79814e-02  loss_labels: 6.09131e-03  ce_labels_labels: 7.11851e-04  kld_labels: 3.44286e+01  correct_labels_labels: 0.00000e+00  loss_joint: 5.57519e-02  ce_joint: 0.00000e+00  sse_joint: 1.00437e+01  ce_labels_joint: 7.11845e-04  kld_vamb_joint: 7.80353e+00  kld_labels_joint: 1.44482e+01  correct_labels_joint: 0.00000e+00  loss: 1.30896e-01
2026-08-13 14:33:40.444 | INFO    | 		Epoch: 246  loss_vamb: 6.90579e-02  ab_vamb: 3.01250e-03  ce_vamb: 0.00000e+00  sse_vamb: 4.80267e-02  kld_vamb: 1.80186e-02  loss_labels: 5.59386e-03  ce_labels_labels: 2.42021e-04  kld_labels: 3.42518e+01  correct_labels_labels: 0.00000e+00  loss_joint: 5.56689e-02  ce_joint: 0.00000e+00  sse_joint: 1.00301e+01  ce_labels_joint: 6.31930e-04  kld_vamb_joint: 7.80243e+00  kld_labels_joint: 1.44595e+01  correct_labels_joint: 0.00000e+00  loss: 1.30321e-01
2026-08-13 14:33:42.532 | INFO    | 		Epoch: 247  loss_vamb: 6.90890e-02  ab_vamb: 3.08924e-03  ce_vamb: 0.00000e+00  sse_vamb: 4.80218e-02  kld_vamb: 1.80183e-02  loss_labels: 5.66712e-03  ce_labels_labels: 3.44356e-04  kld_labels: 3.40657e+01  correct_labels_labels: 0.00000e+00  loss_joint: 5.63972e-02  ce_joint: 0.00000e+00  sse_joint: 1.00645e+01  ce_labels_joint: 1.16013e-03  kld_vamb_joint: 7.78577e+00  kld_labels_joint: 1.44757e+01  correct_labels_joint: 0.00000e+00  loss: 1.31153e-01
2026-08-13 14:33:44.413 | INFO    | 		Epoch: 248  loss_vamb: 6.89543e-02  ab_vamb: 2.87942e-03  ce_vamb: 0.00000e+00  sse_vamb: 4.80665e-02  kld_vamb: 1.79974e-02  loss_labels: 6.09134e-03  ce_labels_labels: 8.07062e-04  kld_labels: 3.38194e+01  correct_labels_labels: 0.00000e+00  loss_joint: 5.56689e-02  ce_joint: 0.00000e+00  sse_joint: 1.00333e+01  ce_labels_joint: 6.55160e-04  kld_vamb_joint: 7.80863e+00  kld_labels_joint: 1.44954e+01  correct_labels_joint: 0.00000e+00  loss: 1.30715e-01
2026-08-13 14:33:46.259 | INFO    | 		Epoch: 249  loss_vamb: 6.91193e-02  ab_vamb: 3.08981e-03  ce_vamb: 0.00000e+00  sse_vamb: 4.79422e-02  kld_vamb: 1.80763e-02  loss_labels: 5.70173e-03  ce_labels_labels: 4.56780e-04  kld_labels: 3.35677e+01  correct_labels_labels: 0.00000e+00  loss_joint: 5.55008e-02  ce_joint: 0.00000e+00  sse_joint: 1.00191e+01  ce_labels_joint: 5.00748e-04  kld_vamb_joint: 7.78613e+00  kld_labels_joint: 1.45104e+01  correct_labels_joint: 0.00000e+00  loss: 1.30322e-01
2026-08-13 14:33:48.032 | INFO    | 		Epoch: 250  loss_vamb: 6.88429e-02  ab_vamb: 2.88981e-03  ce_vamb: 0.00000e+00  sse_vamb: 4.79523e-02  kld_vamb: 1.80600e-02  loss_labels: 5.48864e-03  ce_labels_labels: 2.71644e-04  kld_labels: 3.33888e+01  correct_labels_labels: 0.00000e+00  loss_joint: 5.53581e-02  ce_joint: 0.00000e+00  sse_joint: 1.00383e+01  ce_labels_joint: 4.40922e-04  kld_vamb_joint: 7.77990e+00  kld_labels_joint: 1.45148e+01  correct_labels_joint: 0.00000e+00  loss: 1.29690e-01
2026-08-13 14:33:50.013 | INFO    | 		Epoch: 251  loss_vamb: 6.88564e-02  ab_vamb: 2.96031e-03  ce_vamb: 0.00000e+00  sse_vamb: 4.79178e-02  kld_vamb: 1.80167e-02  loss_labels: 6.35980e-03  ce_labels_labels: 1.19778e-03  kld_labels: 3.30369e+01  correct_labels_labels: 0.00000e+00  loss_joint: 5.56091e-02  ce_joint: 0.00000e+00  sse_joint: 1.00283e+01  ce_labels_joint: 6.63713e-04  kld_vamb_joint: 7.80482e+00  kld_labels_joint: 1.45501e+01  correct_labels_joint: 0.00000e+00  loss: 1.30825e-01
2026-08-13 14:33:53.345 | INFO    | 		Epoch: 252  loss_vamb: 6.89797e-02  ab_vamb: 2.98534e-03  ce_vamb: 0.00000e+00  sse_vamb: 4.79935e-02  kld_vamb: 1.79856e-02  loss_labels: 5.59885e-03  ce_labels_labels: 4.74051e-04  kld_labels: 3.27987e+01  correct_labels_labels: 0.00000e+00  loss_joint: 5.53999e-02  ce_joint: 0.00000e+00  sse_joint: 1.00065e+01  ce_labels_joint: 3.52443e-04  kld_vamb_joint: 7.76969e+00  kld_labels_joint: 1.45372e+01  correct_labels_joint: 0.00000e+00  loss: 1.29978e-01
2026-08-13 14:33:55.849 | INFO    | 		Epoch: 253  loss_vamb: 6.90480e-02  ab_vamb: 3.21699e-03  ce_vamb: 0.00000e+00  sse_vamb: 4.79360e-02  kld_vamb: 1.79244e-02  loss_labels: 6.00478e-03  ce_labels_labels: 9.07489e-04  kld_labels: 3.26226e+01  correct_labels_labels: 0.00000e+00  loss_joint: 5.61120e-02  ce_joint: 0.00000e+00  sse_joint: 1.00072e+01  ce_labels_joint: 1.06297e-03  kld_vamb_joint: 7.77697e+00  kld_labels_joint: 1.45431e+01  correct_labels_joint: 0.00000e+00  loss: 1.31165e-01
2026-08-13 14:33:57.607 | INFO    | 		Epoch: 254  loss_vamb: 6.87726e-02  ab_vamb: 2.87043e-03  ce_vamb: 0.00000e+00  sse_vamb: 4.78293e-02  kld_vamb: 1.79620e-02  loss_labels: 5.77606e-03  ce_labels_labels: 6.49116e-04  kld_labels: 3.28125e+01  correct_labels_labels: 0.00000e+00  loss_joint: 5.56035e-02  ce_joint: 0.00000e+00  sse_joint: 9.95844e+00  ce_labels_joint: 1.03015e-03  kld_vamb_joint: 7.77809e+00  kld_labels_joint: 1.45320e+01  correct_labels_joint: 0.00000e+00  loss: 1.30152e-01
2026-08-13 14:33:59.848 | INFO    | 		Epoch: 255  loss_vamb: 6.88020e-02  ab_vamb: 2.86794e-03  ce_vamb: 0.00000e+00  sse_vamb: 4.79199e-02  kld_vamb: 1.79975e-02  loss_labels: 6.33129e-03  ce_labels_labels: 1.21186e-03  kld_labels: 3.27644e+01  correct_labels_labels: 0.00000e+00  loss_joint: 5.51336e-02  ce_joint: 0.00000e+00  sse_joint: 9.97911e+00  ce_labels_joint: 5.42058e-04  kld_vamb_joint: 7.77593e+00  kld_labels_joint: 1.45339e+01  correct_labels_joint: 0.00000e+00  loss: 1.30267e-01
2026-08-13 14:34:03.481 | INFO    | 		Epoch: 256  loss_vamb: 6.87580e-02  ab_vamb: 2.87815e-03  ce_vamb: 0.00000e+00  sse_vamb: 4.78771e-02  kld_vamb: 1.79884e-02  loss_labels: 5.45375e-03  ce_labels_labels: 2.92223e-04  kld_labels: 3.30338e+01  correct_labels_labels: 0.00000e+00  loss_joint: 5.52608e-02  ce_joint: 0.00000e+00  sse_joint: 9.99522e+00  ce_labels_joint: 4.63663e-04  kld_vamb_joint: 7.77111e+00  kld_labels_joint: 1.45076e+01  correct_labels_joint: 0.00000e+00  loss: 1.29473e-01
2026-08-13 14:34:05.316 | INFO    | 		Epoch: 257  loss_vamb: 6.86864e-02  ab_vamb: 2.79863e-03  ce_vamb: 0.00000e+00  sse_vamb: 4.79362e-02  kld_vamb: 1.79761e-02  loss_labels: 5.93538e-03  ce_labels_labels: 7.63642e-04  kld_labels: 3.30991e+01  correct_labels_labels: 0.00000e+00  loss_joint: 5.57982e-02  ce_joint: 0.00000e+00  sse_joint: 1.00035e+01  ce_labels_joint: 1.18792e-03  kld_vamb_joint: 7.77258e+00  kld_labels_joint: 1.44999e+01  correct_labels_joint: 0.00000e+00  loss: 1.30420e-01
2026-08-13 14:34:07.443 | INFO    | 		Epoch: 258  loss_vamb: 6.87343e-02  ab_vamb: 2.89808e-03  ce_vamb: 0.00000e+00  sse_vamb: 4.79525e-02  kld_vamb: 1.79535e-02  loss_labels: 6.31628e-03  ce_labels_labels: 1.12324e-03  kld_labels: 3.32355e+01  correct_labels_labels: 0.00000e+00  loss_joint: 5.56716e-02  ce_joint: 0.00000e+00  sse_joint: 1.00285e+01  ce_labels_joint: 7.83794e-04  kld_vamb_joint: 7.77674e+00  kld_labels_joint: 1.44937e+01  correct_labels_joint: 0.00000e+00  loss: 1.30722e-01
2026-08-13 14:34:09.304 | INFO    | 		Epoch: 259  loss_vamb: 6.89242e-02  ab_vamb: 2.94801e-03  ce_vamb: 0.00000e+00  sse_vamb: 4.81602e-02  kld_vamb: 1.79023e-02  loss_labels: 5.64713e-03  ce_labels_labels: 4.57048e-04  kld_labels: 3.32165e+01  correct_labels_labels: 0.00000e+00  loss_joint: 5.52897e-02  ce_joint: 0.00000e+00  sse_joint: 1.00373e+01  ce_labels_joint: 4.18227e-04  kld_vamb_joint: 7.78532e+00  kld_labels_joint: 1.44908e+01  correct_labels_joint: 0.00000e+00  loss: 1.29861e-01
2026-08-13 14:34:11.749 | INFO    | 		Epoch: 260  loss_vamb: 6.87111e-02  ab_vamb: 2.81230e-03  ce_vamb: 0.00000e+00  sse_vamb: 4.80569e-02  kld_vamb: 1.79401e-02  loss_labels: 5.97837e-03  ce_labels_labels: 7.99626e-04  kld_labels: 3.31440e+01  correct_labels_labels: 0.00000e+00  loss_joint: 5.50779e-02  ce_joint: 0.00000e+00  sse_joint: 1.00253e+01  ce_labels_joint: 3.30517e-04  kld_vamb_joint: 7.77718e+00  kld_labels_joint: 1.44940e+01  correct_labels_joint: 0.00000e+00  loss: 1.29767e-01
2026-08-13 14:34:14.037 | INFO    | 		Epoch: 261  loss_vamb: 6.91535e-02  ab_vamb: 3.20168e-03  ce_vamb: 0.00000e+00  sse_vamb: 4.79618e-02  kld_vamb: 1.80209e-02  loss_labels: 5.95899e-03  ce_labels_labels: 7.84516e-04  kld_labels: 3.31167e+01  correct_labels_labels: 0.00000e+00  loss_joint: 5.53482e-02  ce_joint: 0.00000e+00  sse_joint: 9.97219e+00  ce_labels_joint: 4.57370e-04  kld_vamb_joint: 7.75318e+00  kld_labels_joint: 1.44969e+01  correct_labels_joint: 0.00000e+00  loss: 1.30461e-01
2026-08-13 14:34:15.985 | INFO    | 		Epoch: 262  loss_vamb: 6.90449e-02  ab_vamb: 2.99007e-03  ce_vamb: 0.00000e+00  sse_vamb: 4.81148e-02  kld_vamb: 1.80353e-02  loss_labels: 5.89887e-03  ce_labels_labels: 7.11468e-04  kld_labels: 3.31994e+01  correct_labels_labels: 0.00000e+00  loss_joint: 5.54475e-02  ce_joint: 0.00000e+00  sse_joint: 1.00304e+01  ce_labels_joint: 5.61829e-04  kld_vamb_joint: 7.75118e+00  kld_labels_joint: 1.45031e+01  correct_labels_joint: 0.00000e+00  loss: 1.30391e-01
2026-08-13 14:34:18.084 | INFO    | 		Epoch: 263  loss_vamb: 6.88871e-02  ab_vamb: 2.90580e-03  ce_vamb: 0.00000e+00  sse_vamb: 4.79176e-02  kld_vamb: 1.80559e-02  loss_labels: 5.69242e-03  ce_labels_labels: 5.01340e-04  kld_labels: 3.32229e+01  correct_labels_labels: 0.00000e+00  loss_joint: 5.50891e-02  ce_joint: 0.00000e+00  sse_joint: 9.97888e+00  ce_labels_joint: 2.89542e-04  kld_vamb_joint: 7.72517e+00  kld_labels_joint: 1.44955e+01  correct_labels_joint: 0.00000e+00  loss: 1.29669e-01
2026-08-13 14:34:19.818 | INFO    | 		Epoch: 264  loss_vamb: 6.88944e-02  ab_vamb: 2.88294e-03  ce_vamb: 0.00000e+00  sse_vamb: 4.80194e-02  kld_vamb: 1.80180e-02  loss_labels: 5.68374e-03  ce_labels_labels: 4.88766e-04  kld_labels: 3.32479e+01  correct_labels_labels: 0.00000e+00  loss_joint: 5.53380e-02  ce_joint: 0.00000e+00  sse_joint: 9.96782e+00  ce_labels_joint: 7.37043e-04  kld_vamb_joint: 7.72930e+00  kld_labels_joint: 1.44894e+01  correct_labels_joint: 0.00000e+00  loss: 1.29916e-01
2026-08-13 14:34:26.932 | INFO    | 		Epoch: 265  loss_vamb: 6.86326e-02  ab_vamb: 2.84364e-03  ce_vamb: 0.00000e+00  sse_vamb: 4.78232e-02  kld_vamb: 1.80135e-02  loss_labels: 5.60838e-03  ce_labels_labels: 4.24568e-04  kld_labels: 3.31764e+01  correct_labels_labels: 0.00000e+00  loss_joint: 5.47531e-02  ce_joint: 0.00000e+00  sse_joint: 9.92885e+00  ce_labels_joint: 5.63931e-04  kld_vamb_joint: 7.74153e+00  kld_labels_joint: 1.45095e+01  correct_labels_joint: 0.00000e+00  loss: 1.28994e-01
2026-08-13 14:34:33.780 | INFO    | 		Epoch: 266  loss_vamb: 6.87783e-02  ab_vamb: 2.95231e-03  ce_vamb: 0.00000e+00  sse_vamb: 4.78336e-02  kld_vamb: 1.80321e-02  loss_labels: 5.75254e-03  ce_labels_labels: 6.07043e-04  kld_labels: 3.29312e+01  correct_labels_labels: 0.00000e+00  loss_joint: 5.52280e-02  ce_joint: 0.00000e+00  sse_joint: 9.94748e+00  ce_labels_joint: 7.00402e-04  kld_vamb_joint: 7.71913e+00  kld_labels_joint: 1.45024e+01  correct_labels_joint: 0.00000e+00  loss: 1.29759e-01
2026-08-13 14:34:37.233 | INFO    | 		Epoch: 267  loss_vamb: 6.92831e-02  ab_vamb: 3.42693e-03  ce_vamb: 0.00000e+00  sse_vamb: 4.78026e-02  kld_vamb: 1.80070e-02  loss_labels: 5.72538e-03  ce_labels_labels: 5.95887e-04  kld_labels: 3.28287e+01  correct_labels_labels: 0.00000e+00  loss_joint: 5.54747e-02  ce_joint: 0.00000e+00  sse_joint: 9.93501e+00  ce_labels_joint: 5.31074e-04  kld_vamb_joint: 7.73213e+00  kld_labels_joint: 1.45192e+01  correct_labels_joint: 0.00000e+00  loss: 1.30483e-01
2026-08-13 14:34:44.692 | INFO    | 		Epoch: 268  loss_vamb: 6.87286e-02  ab_vamb: 2.90368e-03  ce_vamb: 0.00000e+00  sse_vamb: 4.78146e-02  kld_vamb: 1.79917e-02  loss_labels: 6.22887e-03  ce_labels_labels: 1.13164e-03  kld_labels: 3.26223e+01  correct_labels_labels: 0.00000e+00  loss_joint: 5.53204e-02  ce_joint: 0.00000e+00  sse_joint: 9.95683e+00  ce_labels_joint: 7.99362e-04  kld_vamb_joint: 7.73382e+00  kld_labels_joint: 1.45219e+01  correct_labels_joint: 0.00000e+00  loss: 1.30278e-01
2026-08-13 14:34:46.529 | INFO    | 		Epoch: 269  loss_vamb: 6.87555e-02  ab_vamb: 2.90575e-03  ce_vamb: 0.00000e+00  sse_vamb: 4.78930e-02  kld_vamb: 1.79930e-02  loss_labels: 5.41190e-03  ce_labels_labels: 3.03213e-04  kld_labels: 3.26956e+01  correct_labels_labels: 0.00000e+00  loss_joint: 5.49963e-02  ce_joint: 0.00000e+00  sse_joint: 9.95250e+00  ce_labels_joint: 5.57006e-04  kld_vamb_joint: 7.72159e+00  kld_labels_joint: 1.44987e+01  correct_labels_joint: 0.00000e+00  loss: 1.29164e-01
2026-08-13 14:34:48.632 | INFO    | 		Epoch: 270  loss_vamb: 6.87717e-02  ab_vamb: 2.95768e-03  ce_vamb: 0.00000e+00  sse_vamb: 4.77857e-02  kld_vamb: 1.79824e-02  loss_labels: 5.95595e-03  ce_labels_labels: 8.62205e-04  kld_labels: 3.26000e+01  correct_labels_labels: 0.00000e+00  loss_joint: 5.52507e-02  ce_joint: 0.00000e+00  sse_joint: 9.92499e+00  ce_labels_joint: 7.64084e-04  kld_vamb_joint: 7.72877e+00  kld_labels_joint: 1.45177e+01  correct_labels_joint: 0.00000e+00  loss: 1.29978e-01
2026-08-13 14:34:50.083 | INFO    | 		Epoch: 271  loss_vamb: 6.86169e-02  ab_vamb: 2.86851e-03  ce_vamb: 0.00000e+00  sse_vamb: 4.77953e-02  kld_vamb: 1.80169e-02  loss_labels: 5.37902e-03  ce_labels_labels: 2.97557e-04  kld_labels: 3.25213e+01  correct_labels_labels: 0.00000e+00  loss_joint: 5.50227e-02  ce_joint: 0.00000e+00  sse_joint: 9.94709e+00  ce_labels_joint: 6.05808e-04  kld_vamb_joint: 7.70767e+00  kld_labels_joint: 1.45051e+01  correct_labels_joint: 0.00000e+00  loss: 1.29019e-01
2026-08-13 14:34:51.861 | INFO    | 		Epoch: 272  loss_vamb: 6.86710e-02  ab_vamb: 2.90163e-03  ce_vamb: 0.00000e+00  sse_vamb: 4.77578e-02  kld_vamb: 1.79818e-02  loss_labels: 5.97572e-03  ce_labels_labels: 9.18792e-04  kld_labels: 3.23643e+01  correct_labels_labels: 0.00000e+00  loss_joint: 5.44991e-02  ce_joint: 0.00000e+00  sse_joint: 9.91275e+00  ce_labels_joint: 3.37263e-04  kld_vamb_joint: 7.71600e+00  kld_labels_joint: 1.45169e+01  correct_labels_joint: 0.00000e+00  loss: 1.29146e-01
2026-08-13 14:34:53.570 | INFO    | 		Epoch: 273  loss_vamb: 6.86970e-02  ab_vamb: 2.90192e-03  ce_vamb: 0.00000e+00  sse_vamb: 4.77757e-02  kld_vamb: 1.79827e-02  loss_labels: 5.44894e-03  ce_labels_labels: 4.08888e-04  kld_labels: 3.22563e+01  correct_labels_labels: 0.00000e+00  loss_joint: 5.50084e-02  ce_joint: 0.00000e+00  sse_joint: 9.92718e+00  ce_labels_joint: 6.21483e-04  kld_vamb_joint: 7.70866e+00  kld_labels_joint: 1.45146e+01  correct_labels_joint: 0.00000e+00  loss: 1.29154e-01
2026-08-13 14:34:55.270 | INFO    | 		Epoch: 274  loss_vamb: 6.88070e-02  ab_vamb: 3.02144e-03  ce_vamb: 0.00000e+00  sse_vamb: 4.78984e-02  kld_vamb: 1.79503e-02  loss_labels: 5.57082e-03  ce_labels_labels: 5.71076e-04  kld_labels: 3.19984e+01  correct_labels_labels: 0.00000e+00  loss_joint: 5.47051e-02  ce_joint: 0.00000e+00  sse_joint: 9.91700e+00  ce_labels_joint: 3.67748e-04  kld_vamb_joint: 7.72540e+00  kld_labels_joint: 1.45527e+01  correct_labels_joint: 0.00000e+00  loss: 1.29083e-01
2026-08-13 14:34:57.080 | INFO    | 		Epoch: 275  loss_vamb: 6.86666e-02  ab_vamb: 2.88538e-03  ce_vamb: 0.00000e+00  sse_vamb: 4.79294e-02  kld_vamb: 1.79467e-02  loss_labels: 5.65103e-03  ce_labels_labels: 6.55670e-04  kld_labels: 3.19703e+01  correct_labels_labels: 0.00000e+00  loss_joint: 5.47939e-02  ce_joint: 0.00000e+00  sse_joint: 9.90833e+00  ce_labels_joint: 6.07195e-04  kld_vamb_joint: 7.70891e+00  kld_labels_joint: 1.45325e+01  correct_labels_joint: 0.00000e+00  loss: 1.29112e-01
2026-08-13 14:34:59.091 | INFO    | 		Epoch: 276  loss_vamb: 6.89149e-02  ab_vamb: 3.04882e-03  ce_vamb: 0.00000e+00  sse_vamb: 4.79228e-02  kld_vamb: 1.80131e-02  loss_labels: 5.49190e-03  ce_labels_labels: 5.12666e-04  kld_labels: 3.18671e+01  correct_labels_labels: 0.00000e+00  loss_joint: 5.49664e-02  ce_joint: 0.00000e+00  sse_joint: 9.93967e+00  ce_labels_joint: 4.99296e-04  kld_vamb_joint: 7.69162e+00  kld_labels_joint: 1.45511e+01  correct_labels_joint: 0.00000e+00  loss: 1.29373e-01
2026-08-13 14:35:02.414 | INFO    | 		Epoch: 277  loss_vamb: 6.86276e-02  ab_vamb: 2.93492e-03  ce_vamb: 0.00000e+00  sse_vamb: 4.77161e-02  kld_vamb: 1.80407e-02  loss_labels: 6.41841e-03  ce_labels_labels: 1.43668e-03  kld_labels: 3.18831e+01  correct_labels_labels: 0.00000e+00  loss_joint: 5.48092e-02  ce_joint: 0.00000e+00  sse_joint: 9.90886e+00  ce_labels_joint: 4.96262e-04  kld_vamb_joint: 7.69520e+00  kld_labels_joint: 1.45484e+01  correct_labels_joint: 0.00000e+00  loss: 1.29855e-01
2026-08-13 14:35:04.348 | INFO    | 		Epoch: 278  loss_vamb: 6.85993e-02  ab_vamb: 2.85704e-03  ce_vamb: 0.00000e+00  sse_vamb: 4.76084e-02  kld_vamb: 1.80004e-02  loss_labels: 5.94783e-03  ce_labels_labels: 9.26218e-04  kld_labels: 3.21383e+01  correct_labels_labels: 0.00000e+00  loss_joint: 5.49927e-02  ce_joint: 0.00000e+00  sse_joint: 9.86951e+00  ce_labels_joint: 7.41652e-04  kld_vamb_joint: 7.70792e+00  kld_labels_joint: 1.45428e+01  correct_labels_joint: 0.00000e+00  loss: 1.29540e-01
2026-08-13 14:35:06.208 | INFO    | 		Epoch: 279  loss_vamb: 6.89148e-02  ab_vamb: 3.01973e-03  ce_vamb: 0.00000e+00  sse_vamb: 4.79201e-02  kld_vamb: 1.79933e-02  loss_labels: 5.92612e-03  ce_labels_labels: 8.49911e-04  kld_labels: 3.24877e+01  correct_labels_labels: 0.00000e+00  loss_joint: 5.53870e-02  ce_joint: 0.00000e+00  sse_joint: 9.96082e+00  ce_labels_joint: 7.93195e-04  kld_vamb_joint: 7.69232e+00  kld_labels_joint: 1.45221e+01  correct_labels_joint: 0.00000e+00  loss: 1.30228e-01
2026-08-13 14:35:08.142 | INFO    | 		Epoch: 280  loss_vamb: 6.84960e-02  ab_vamb: 2.84242e-03  ce_vamb: 0.00000e+00  sse_vamb: 4.76592e-02  kld_vamb: 1.80036e-02  loss_labels: 5.36660e-03  ce_labels_labels: 2.66832e-04  kld_labels: 3.26385e+01  correct_labels_labels: 0.00000e+00  loss_joint: 5.46389e-02  ce_joint: 0.00000e+00  sse_joint: 9.89958e+00  ce_labels_joint: 4.39741e-04  kld_vamb_joint: 7.69494e+00  kld_labels_joint: 1.45182e+01  correct_labels_joint: 0.00000e+00  loss: 1.28501e-01
2026-08-13 14:35:11.891 | INFO    | 		Epoch: 281  loss_vamb: 6.86707e-02  ab_vamb: 2.76224e-03  ce_vamb: 0.00000e+00  sse_vamb: 4.79749e-02  kld_vamb: 1.79694e-02  loss_labels: 5.80714e-03  ce_labels_labels: 7.00068e-04  kld_labels: 3.26853e+01  correct_labels_labels: 0.00000e+00  loss_joint: 5.48493e-02  ce_joint: 0.00000e+00  sse_joint: 9.94716e+00  ce_labels_joint: 4.67316e-04  kld_vamb_joint: 7.70036e+00  kld_labels_joint: 1.45060e+01  correct_labels_joint: 0.00000e+00  loss: 1.29327e-01
2026-08-13 14:35:13.779 | INFO    | 		Epoch: 282  loss_vamb: 6.87101e-02  ab_vamb: 2.98324e-03  ce_vamb: 0.00000e+00  sse_vamb: 4.77779e-02  kld_vamb: 1.79349e-02  loss_labels: 5.35613e-03  ce_labels_labels: 2.44027e-04  kld_labels: 3.27174e+01  correct_labels_labels: 0.00000e+00  loss_joint: 5.52522e-02  ce_joint: 0.00000e+00  sse_joint: 9.89743e+00  ce_labels_joint: 9.75709e-04  kld_vamb_joint: 7.72647e+00  kld_labels_joint: 1.45148e+01  correct_labels_joint: 0.00000e+00  loss: 1.29318e-01
2026-08-13 14:35:15.619 | INFO    | 		Epoch: 283  loss_vamb: 6.86038e-02  ab_vamb: 2.90777e-03  ce_vamb: 0.00000e+00  sse_vamb: 4.78410e-02  kld_vamb: 1.79457e-02  loss_labels: 5.65869e-03  ce_labels_labels: 5.68671e-04  kld_labels: 3.25761e+01  correct_labels_labels: 0.00000e+00  loss_joint: 5.51724e-02  ce_joint: 0.00000e+00  sse_joint: 9.91607e+00  ce_labels_joint: 8.70116e-04  kld_vamb_joint: 7.70512e+00  kld_labels_joint: 1.45235e+01  correct_labels_joint: 0.00000e+00  loss: 1.29435e-01
2026-08-13 14:35:17.850 | INFO    | 		Epoch: 284  loss_vamb: 6.86255e-02  ab_vamb: 2.91372e-03  ce_vamb: 0.00000e+00  sse_vamb: 4.77646e-02  kld_vamb: 1.79775e-02  loss_labels: 5.38674e-03  ce_labels_labels: 2.77366e-04  kld_labels: 3.27000e+01  correct_labels_labels: 0.00000e+00  loss_joint: 5.55321e-02  ce_joint: 0.00000e+00  sse_joint: 9.92158e+00  ce_labels_joint: 1.24463e-03  kld_vamb_joint: 7.70053e+00  kld_labels_joint: 1.44912e+01  correct_labels_joint: 0.00000e+00  loss: 1.29544e-01
2026-08-13 14:35:19.694 | INFO    | 		Epoch: 285  loss_vamb: 6.85579e-02  ab_vamb: 2.95242e-03  ce_vamb: 0.00000e+00  sse_vamb: 4.75693e-02  kld_vamb: 1.80220e-02  loss_labels: 5.78731e-03  ce_labels_labels: 7.00224e-04  kld_labels: 3.25573e+01  correct_labels_labels: 0.00000e+00  loss_joint: 5.54006e-02  ce_joint: 0.00000e+00  sse_joint: 9.88736e+00  ce_labels_joint: 1.13099e-03  kld_vamb_joint: 7.68993e+00  kld_labels_joint: 1.45231e+01  correct_labels_joint: 0.00000e+00  loss: 1.29746e-01
2026-08-13 14:35:21.594 | INFO    | 		Epoch: 286  loss_vamb: 6.82014e-02  ab_vamb: 2.64304e-03  ce_vamb: 0.00000e+00  sse_vamb: 4.74884e-02  kld_vamb: 1.80403e-02  loss_labels: 5.77338e-03  ce_labels_labels: 7.21482e-04  kld_labels: 3.23322e+01  correct_labels_labels: 0.00000e+00  loss_joint: 5.45653e-02  ce_joint: 0.00000e+00  sse_joint: 9.86840e+00  ce_labels_joint: 5.92526e-04  kld_vamb_joint: 7.68431e+00  kld_labels_joint: 1.45191e+01  correct_labels_joint: 0.00000e+00  loss: 1.28540e-01
2026-08-13 14:35:23.433 | INFO    | 		Epoch: 287  loss_vamb: 6.84379e-02  ab_vamb: 2.93013e-03  ce_vamb: 0.00000e+00  sse_vamb: 4.75221e-02  kld_vamb: 1.80204e-02  loss_labels: 5.35182e-03  ce_labels_labels: 3.14338e-04  kld_labels: 3.22399e+01  correct_labels_labels: 0.00000e+00  loss_joint: 5.47785e-02  ce_joint: 0.00000e+00  sse_joint: 9.89722e+00  ce_labels_joint: 5.15066e-04  kld_vamb_joint: 7.69143e+00  kld_labels_joint: 1.45368e+01  correct_labels_joint: 0.00000e+00  loss: 1.28568e-01
2026-08-13 14:35:25.356 | INFO    | 		Epoch: 288  loss_vamb: 6.86275e-02  ab_vamb: 2.81699e-03  ce_vamb: 0.00000e+00  sse_vamb: 4.78408e-02  kld_vamb: 1.80165e-02  loss_labels: 5.42476e-03  ce_labels_labels: 4.25183e-04  kld_labels: 3.19973e+01  correct_labels_labels: 0.00000e+00  loss_joint: 5.54300e-02  ce_joint: 0.00000e+00  sse_joint: 9.91950e+00  ce_labels_joint: 1.07785e-03  kld_vamb_joint: 7.68515e+00  kld_labels_joint: 1.45515e+01  correct_labels_joint: 0.00000e+00  loss: 1.29482e-01
2026-08-13 14:35:27.054 | INFO    | 		Epoch: 289  loss_vamb: 6.85057e-02  ab_vamb: 2.91908e-03  ce_vamb: 0.00000e+00  sse_vamb: 4.76282e-02  kld_vamb: 1.79680e-02  loss_labels: 5.56527e-03  ce_labels_labels: 5.78649e-04  kld_labels: 3.19144e+01  correct_labels_labels: 0.00000e+00  loss_joint: 5.48054e-02  ce_joint: 0.00000e+00  sse_joint: 9.89466e+00  ce_labels_joint: 6.08015e-04  kld_vamb_joint: 7.72326e+00  kld_labels_joint: 1.45706e+01  correct_labels_joint: 0.00000e+00  loss: 1.28876e-01
2026-08-13 14:35:29.049 | INFO    | 		Epoch: 290  loss_vamb: 6.89851e-02  ab_vamb: 3.35923e-03  ce_vamb: 0.00000e+00  sse_vamb: 4.76219e-02  kld_vamb: 1.79623e-02  loss_labels: 5.67054e-03  ce_labels_labels: 7.06603e-04  kld_labels: 3.17692e+01  correct_labels_labels: 0.00000e+00  loss_joint: 5.51928e-02  ce_joint: 0.00000e+00  sse_joint: 9.89233e+00  ce_labels_joint: 5.85875e-04  kld_vamb_joint: 7.72277e+00  kld_labels_joint: 1.45842e+01  correct_labels_joint: 0.00000e+00  loss: 1.29848e-01
2026-08-13 14:35:30.708 | INFO    | 		Epoch: 291  loss_vamb: 6.86289e-02  ab_vamb: 3.00927e-03  ce_vamb: 0.00000e+00  sse_vamb: 4.76892e-02  kld_vamb: 1.79591e-02  loss_labels: 5.52351e-03  ce_labels_labels: 5.61135e-04  kld_labels: 3.17592e+01  correct_labels_labels: 0.00000e+00  loss_joint: 5.50672e-02  ce_joint: 0.00000e+00  sse_joint: 9.87084e+00  ce_labels_joint: 9.29798e-04  kld_vamb_joint: 7.72464e+00  kld_labels_joint: 1.45949e+01  correct_labels_joint: 0.00000e+00  loss: 1.29220e-01
2026-08-13 14:35:34.926 | INFO    | 		Epoch: 292  loss_vamb: 6.85665e-02  ab_vamb: 2.86434e-03  ce_vamb: 0.00000e+00  sse_vamb: 4.77677e-02  kld_vamb: 1.80248e-02  loss_labels: 5.96319e-03  ce_labels_labels: 1.01459e-03  kld_labels: 3.16710e+01  correct_labels_labels: 0.00000e+00  loss_joint: 5.48755e-02  ce_joint: 0.00000e+00  sse_joint: 9.92303e+00  ce_labels_joint: 4.79872e-04  kld_vamb_joint: 7.69805e+00  kld_labels_joint: 1.46127e+01  correct_labels_joint: 0.00000e+00  loss: 1.29405e-01
2026-08-13 14:35:37.033 | INFO    | 		Epoch: 293  loss_vamb: 6.86608e-02  ab_vamb: 3.03113e-03  ce_vamb: 0.00000e+00  sse_vamb: 4.76045e-02  kld_vamb: 1.79861e-02  loss_labels: 6.11110e-03  ce_labels_labels: 1.13298e-03  kld_labels: 3.18600e+01  correct_labels_labels: 0.00000e+00  loss_joint: 5.51104e-02  ce_joint: 0.00000e+00  sse_joint: 9.87785e+00  ce_labels_joint: 7.42654e-04  kld_vamb_joint: 7.71065e+00  kld_labels_joint: 1.45928e+01  correct_labels_joint: 0.00000e+00  loss: 1.29882e-01
2026-08-13 14:35:39.265 | INFO    | 		Epoch: 294  loss_vamb: 6.84904e-02  ab_vamb: 2.87325e-03  ce_vamb: 0.00000e+00  sse_vamb: 4.77635e-02  kld_vamb: 1.79125e-02  loss_labels: 5.72168e-03  ce_labels_labels: 6.90665e-04  kld_labels: 3.21985e+01  correct_labels_labels: 0.00000e+00  loss_joint: 5.47480e-02  ce_joint: 0.00000e+00  sse_joint: 9.90586e+00  ce_labels_joint: 4.94720e-04  kld_vamb_joint: 7.72137e+00  kld_labels_joint: 1.45797e+01  correct_labels_joint: 0.00000e+00  loss: 1.28960e-01
2026-08-13 14:35:41.020 | INFO    | 		Epoch: 295  loss_vamb: 6.84473e-02  ab_vamb: 2.70837e-03  ce_vamb: 0.00000e+00  sse_vamb: 4.78211e-02  kld_vamb: 1.78885e-02  loss_labels: 5.87082e-03  ce_labels_labels: 8.15176e-04  kld_labels: 3.23561e+01  correct_labels_labels: 0.00000e+00  loss_joint: 5.49340e-02  ce_joint: 0.00000e+00  sse_joint: 9.90586e+00  ce_labels_joint: 7.01135e-04  kld_vamb_joint: 7.72610e+00  kld_labels_joint: 1.45590e+01  correct_labels_joint: 0.00000e+00  loss: 1.29252e-01
2026-08-13 14:35:42.785 | INFO    | 		Epoch: 296  loss_vamb: 6.84629e-02  ab_vamb: 2.86940e-03  ce_vamb: 0.00000e+00  sse_vamb: 4.76089e-02  kld_vamb: 1.79378e-02  loss_labels: 5.91893e-03  ce_labels_labels: 8.18862e-04  kld_labels: 3.26404e+01  correct_labels_labels: 0.00000e+00  loss_joint: 5.55156e-02  ce_joint: 0.00000e+00  sse_joint: 9.85508e+00  ce_labels_joint: 1.37499e-03  kld_vamb_joint: 7.73762e+00  kld_labels_joint: 1.45744e+01  correct_labels_joint: 0.00000e+00  loss: 1.29897e-01
2026-08-13 14:35:45.195 | INFO    | 		Epoch: 297  loss_vamb: 6.83000e-02  ab_vamb: 2.78348e-03  ce_vamb: 0.00000e+00  sse_vamb: 4.75460e-02  kld_vamb: 1.79175e-02  loss_labels: 5.35033e-03  ce_labels_labels: 2.48338e-04  kld_labels: 3.26527e+01  correct_labels_labels: 0.00000e+00  loss_joint: 5.45478e-02  ce_joint: 0.00000e+00  sse_joint: 9.85015e+00  ce_labels_joint: 6.03356e-04  kld_vamb_joint: 7.73351e+00  kld_labels_joint: 1.45663e+01  correct_labels_joint: 0.00000e+00  loss: 1.28198e-01
2026-08-13 14:35:47.079 | INFO    | 		Epoch: 298  loss_vamb: 6.84021e-02  ab_vamb: 2.76861e-03  ce_vamb: 0.00000e+00  sse_vamb: 4.77797e-02  kld_vamb: 1.79605e-02  loss_labels: 6.16320e-03  ce_labels_labels: 1.05535e-03  kld_labels: 3.26903e+01  correct_labels_labels: 0.00000e+00  loss_joint: 5.47238e-02  ce_joint: 0.00000e+00  sse_joint: 9.90707e+00  ce_labels_joint: 5.19978e-04  kld_vamb_joint: 7.71240e+00  kld_labels_joint: 1.45529e+01  correct_labels_joint: 0.00000e+00  loss: 1.29289e-01
2026-08-13 14:35:48.915 | INFO    | 		Epoch: 299  loss_vamb: 6.84847e-02  ab_vamb: 2.77894e-03  ce_vamb: 0.00000e+00  sse_vamb: 4.77635e-02  kld_vamb: 1.79759e-02  loss_labels: 6.35598e-03  ce_labels_labels: 1.22558e-03  kld_labels: 3.28346e+01  correct_labels_labels: 0.00000e+00  loss_joint: 5.45459e-02  ce_joint: 0.00000e+00  sse_joint: 9.92245e+00  ce_labels_joint: 4.33733e-04  kld_vamb_joint: 7.68975e+00  kld_labels_joint: 1.45255e+01  correct_labels_joint: 0.00000e+00  loss: 1.29387e-01
2026-08-13 14:35:51.788 | INFO    | (15395, 32) embedding shape
2026-08-13 14:35:52.142 | INFO    | Clustering
2026-08-13 14:35:52.142 | INFO    | 	Windowsize: 300
2026-08-13 14:35:52.143 | INFO    | 	Min successful thresholds detected: 15
2026-08-13 14:35:52.143 | INFO    | 	Max clusters: None
2026-08-13 14:35:52.143 | INFO    | 	Use CUDA for clustering: False
2026-08-13 14:35:52.143 | INFO    | 	Binsplitter: Defaulting to 'C', but disabled due to incompatible identifiers
2026-08-13 14:35:58.818 | INFO    | 	Clustered 15395 contigs in 12672 unsplit bins
2026-08-13 14:35:58.818 | INFO    | 	Wrote cluster file(s) in 0.01 seconds.
2026-08-13 14:36:00.662 | INFO    | 	Wrote 19 bins with 2638 sequences in 1.84 seconds.
2026-08-13 14:36:00.662 | INFO    | 	Clustered contigs in 6.67 seconds.

2026-08-13 14:36:00.679 | INFO    | Completed Vamb in 2025.87 seconds.
TaxVAMB done: /mnt/ME5024_PA2/shared/groups/ZHANGLU/Results_of_CAMI2_Other_datasets_other_binning_tools/TaxVAMB/Gastrointestinal_tract/Gastrointestinal_tract-2017.12.04_18.45.54_sample_10; finished=Thu Aug 13 14:36:01 HKT 2026
