TaxVAMB: sample=Oral-2017.12.04_18.45.54_sample_14, threads=32, started=Thu Aug 13 14:41:52 HKT 2026
2026-08-13 14:41:55.074 | INFO    | Starting Vamb version 5.0.4
2026-08-13 14:41:55.075 | INFO    | Random seed is 23050317800617543
2026-08-13 14:41:55.075 | INFO    | Invoked with CLI args: '/mnt/ME5024_PA1/home/csbhzou/miniconda3/envs/taxvamb/bin/vamb bin taxvamb --outdir /mnt/ME5024_PA2/shared/groups/ZHANGLU/Results_of_CAMI2_Other_datasets_other_binning_tools/TaxVAMB/Oral/Oral-2017.12.04_18.45.54_sample_14 --fasta /mnt/ME5024_PA2/shared/groups/ZHANGLU/Data-CAMI2-others-datasets/Oral-2017.12.04_18.45.54_sample_14.contigs.fasta --bamdir /mnt/ME5024_PA2/shared/groups/ZHANGLU/TaxVAMB-Taxonomy-TSV/Oral-2017.12.04_18.45.54_sample_14/bamdir --taxonomy /mnt/ME5024_PA2/shared/groups/ZHANGLU/TaxVAMB-Taxonomy-TSV/Oral-2017.12.04_18.45.54_sample_14/Oral-2017.12.04_18.45.54_sample_14.taxonomy.tsv --minfasta 200000 -m 2000 -p 32'
2026-08-13 14:41:55.075 | INFO    | Loading TNF
2026-08-13 14:41:55.075 | INFO    | 	Minimum sequence length: 2000
2026-08-13 14:41:55.075 | INFO    | 	Loading data from FASTA file /mnt/ME5024_PA2/shared/groups/ZHANGLU/Data-CAMI2-others-datasets/Oral-2017.12.04_18.45.54_sample_14.contigs.fasta

2026-08-13 14:41:56.479 | WARNING | Binsplit separator (option `-o`) implicitly passed as "C", but sequence identifier "NODE_1_length_673305_cov_31.686051" does not contain this separator, or contains it at the very start or end.
A binsplit separator X implies that every sequence identifier is formatted as
[sample identifier][X][sequence identifier], e.g. a binsplit separator of 'C' means that 'S1C19' and '7C11' are valid identifiers.

Skipping binsplitting.

2026-08-13 14:41:56.480 | WARNING | The minimum sequence length has been set to 2000, but 226517 sequences fell below this threshold and was filtered away.
Better results are obtained if the sequence file is filtered to the minimum sequence length before mapping.

2026-08-13 14:41:56.480 | INFO    | 	Kept 46449613 bases in 5436 sequences
2026-08-13 14:41:56.480 | INFO    | 	Processed TNF in 1.41 seconds.

2026-08-13 14:41:56.480 | INFO    | Loading depths
2026-08-13 14:41:56.480 | INFO    | 	Reference hash: 964eef8dfad6b35728225d14b065bd0b
2026-08-13 14:41:56.480 | INFO    | 	Parsing 1 BAM files with 32 threads
2026-08-13 14:41:56.480 | INFO    | 	Min identity: 0.0
2026-08-13 14:42:23.618 | INFO    | 	Order of columns is:
2026-08-13 14:42:23.618 | INFO    | 	     0: /mnt/ME5024_PA2/shared/groups/ZHANGLU/TaxVAMB-Taxonomy-TSV/Oral-2017.12.04_18.45.54_sample_14/bamdir/Oral-2017.12.04_18.45.54_sample_14.sorted.bam
2026-08-13 14:42:23.618 | INFO    | 	Processed abundance in 27.14 seconds.

2026-08-13 14:42:23.618 | INFO    | Predicting taxonomy with Taxometer
2026-08-13 14:42:23.647 | INFO    | 	249 nodes in the graph
2026-08-13 14:42:23.663 | INFO    | 	Created dataloader
2026-08-13 14:42:23.663 | INFO    | Starting training the taxonomy predictor
2026-08-13 14:42:23.663 | INFO    | Using threshold 0.5
2026-08-13 14:42:24.452 | INFO    | 	Network properties:
2026-08-13 14:42:24.453 | INFO    | 	    CUDA: False
2026-08-13 14:42:24.453 | INFO    | 	    Hierarchical loss: flat_softmax
2026-08-13 14:42:24.453 | INFO    | 	    Alpha: 0.5
2026-08-13 14:42:24.453 | INFO    | 	    Beta: 200.0
2026-08-13 14:42:24.453 | INFO    | 	    Dropout: 0.2
2026-08-13 14:42:24.453 | INFO    | 	    N hidden: 512, 512, 512, 512
2026-08-13 14:42:24.453 | INFO    | 	Training properties:
2026-08-13 14:42:24.453 | INFO    | 	    N epochs: 100
2026-08-13 14:42:24.453 | INFO    | 	    Starting batch size: 1024
2026-08-13 14:42:24.453 | INFO    | 	    Batchsteps: None
2026-08-13 14:42:24.453 | INFO    | 	    Learning rate: 0.001
2026-08-13 14:42:24.453 | INFO    | 	    N labels: torch.Size([5436, 1])
Using decoupled weight decay
2026-08-13 14:42:24.759 | INFO    | 	Epoch: 1	CE: 4.4146190	Batchsize: 1024
2026-08-13 14:42:25.052 | INFO    | 	Epoch: 2	CE: 2.4468805	Batchsize: 1024
2026-08-13 14:42:25.337 | INFO    | 	Epoch: 3	CE: 1.2784219	Batchsize: 1024
2026-08-13 14:42:25.627 | INFO    | 	Epoch: 4	CE: 0.8281993	Batchsize: 1024
2026-08-13 14:42:25.916 | INFO    | 	Epoch: 5	CE: 0.5759936	Batchsize: 1024
2026-08-13 14:42:26.209 | INFO    | 	Epoch: 6	CE: 0.4352557	Batchsize: 1024
2026-08-13 14:42:26.487 | INFO    | 	Epoch: 7	CE: 0.3580623	Batchsize: 1024
2026-08-13 14:42:26.762 | INFO    | 	Epoch: 8	CE: 0.2997353	Batchsize: 1024
2026-08-13 14:42:27.037 | INFO    | 	Epoch: 9	CE: 0.2598711	Batchsize: 1024
2026-08-13 14:42:27.320 | INFO    | 	Epoch: 10	CE: 0.2327691	Batchsize: 1024
2026-08-13 14:42:27.605 | INFO    | 	Epoch: 11	CE: 0.1970762	Batchsize: 1024
2026-08-13 14:42:27.882 | INFO    | 	Epoch: 12	CE: 0.1858376	Batchsize: 1024
2026-08-13 14:42:28.161 | INFO    | 	Epoch: 13	CE: 0.1760376	Batchsize: 1024
2026-08-13 14:42:28.464 | INFO    | 	Epoch: 14	CE: 0.1534934	Batchsize: 1024
2026-08-13 14:42:28.739 | INFO    | 	Epoch: 15	CE: 0.1332733	Batchsize: 1024
2026-08-13 14:42:29.032 | INFO    | 	Epoch: 16	CE: 0.1283437	Batchsize: 1024
2026-08-13 14:42:29.331 | INFO    | 	Epoch: 17	CE: 0.1215809	Batchsize: 1024
2026-08-13 14:42:29.636 | INFO    | 	Epoch: 18	CE: 0.1005480	Batchsize: 1024
2026-08-13 14:42:29.917 | INFO    | 	Epoch: 19	CE: 0.1017085	Batchsize: 1024
2026-08-13 14:42:30.209 | INFO    | 	Epoch: 20	CE: 0.0845586	Batchsize: 1024
2026-08-13 14:42:30.492 | INFO    | 	Epoch: 21	CE: 0.0817210	Batchsize: 1024
2026-08-13 14:42:30.770 | INFO    | 	Epoch: 22	CE: 0.0763759	Batchsize: 1024
2026-08-13 14:42:31.043 | INFO    | 	Epoch: 23	CE: 0.0720226	Batchsize: 1024
2026-08-13 14:42:31.335 | INFO    | 	Epoch: 24	CE: 0.0671836	Batchsize: 1024
2026-08-13 14:42:31.626 | INFO    | 	Epoch: 25	CE: 0.0562556	Batchsize: 1024
2026-08-13 14:42:31.915 | INFO    | 	Epoch: 26	CE: 0.0631156	Batchsize: 1024
2026-08-13 14:42:32.193 | INFO    | 	Epoch: 27	CE: 0.0546844	Batchsize: 1024
2026-08-13 14:42:32.472 | INFO    | 	Epoch: 28	CE: 0.0472302	Batchsize: 1024
2026-08-13 14:42:32.758 | INFO    | 	Epoch: 29	CE: 0.0526679	Batchsize: 1024
2026-08-13 14:42:33.047 | INFO    | 	Epoch: 30	CE: 0.0473552	Batchsize: 1024
2026-08-13 14:42:33.325 | INFO    | 	Epoch: 31	CE: 0.0491003	Batchsize: 1024
2026-08-13 14:42:33.595 | INFO    | 	Epoch: 32	CE: 0.0437255	Batchsize: 1024
2026-08-13 14:42:33.885 | INFO    | 	Epoch: 33	CE: 0.0458265	Batchsize: 1024
2026-08-13 14:42:34.169 | INFO    | 	Epoch: 34	CE: 0.0421143	Batchsize: 1024
2026-08-13 14:42:34.462 | INFO    | 	Epoch: 35	CE: 0.0438285	Batchsize: 1024
2026-08-13 14:42:34.740 | INFO    | 	Epoch: 36	CE: 0.0478426	Batchsize: 1024
2026-08-13 14:42:35.013 | INFO    | 	Epoch: 37	CE: 0.0330878	Batchsize: 1024
2026-08-13 14:42:35.290 | INFO    | 	Epoch: 38	CE: 0.0381294	Batchsize: 1024
2026-08-13 14:42:35.573 | INFO    | 	Epoch: 39	CE: 0.0344324	Batchsize: 1024
2026-08-13 14:42:35.878 | INFO    | 	Epoch: 40	CE: 0.0305101	Batchsize: 1024
2026-08-13 14:42:36.158 | INFO    | 	Epoch: 41	CE: 0.0292690	Batchsize: 1024
2026-08-13 14:42:36.426 | INFO    | 	Epoch: 42	CE: 0.0321325	Batchsize: 1024
2026-08-13 14:42:36.707 | INFO    | 	Epoch: 43	CE: 0.0321466	Batchsize: 1024
2026-08-13 14:42:37.008 | INFO    | 	Epoch: 44	CE: 0.0271049	Batchsize: 1024
2026-08-13 14:42:37.285 | INFO    | 	Epoch: 45	CE: 0.0234813	Batchsize: 1024
2026-08-13 14:42:37.569 | INFO    | 	Epoch: 46	CE: 0.0302293	Batchsize: 1024
2026-08-13 14:42:37.855 | INFO    | 	Epoch: 47	CE: 0.0271857	Batchsize: 1024
2026-08-13 14:42:38.129 | INFO    | 	Epoch: 48	CE: 0.0279859	Batchsize: 1024
2026-08-13 14:42:38.413 | INFO    | 	Epoch: 49	CE: 0.0255922	Batchsize: 1024
2026-08-13 14:42:38.683 | INFO    | 	Epoch: 50	CE: 0.0266722	Batchsize: 1024
2026-08-13 14:42:38.952 | INFO    | 	Epoch: 51	CE: 0.0259945	Batchsize: 1024
2026-08-13 14:42:39.230 | INFO    | 	Epoch: 52	CE: 0.0216205	Batchsize: 1024
2026-08-13 14:42:39.494 | INFO    | 	Epoch: 53	CE: 0.0198030	Batchsize: 1024
2026-08-13 14:42:39.819 | INFO    | 	Epoch: 54	CE: 0.0231181	Batchsize: 1024
2026-08-13 14:42:40.108 | INFO    | 	Epoch: 55	CE: 0.0191262	Batchsize: 1024
2026-08-13 14:42:40.393 | INFO    | 	Epoch: 56	CE: 0.0211776	Batchsize: 1024
2026-08-13 14:42:40.670 | INFO    | 	Epoch: 57	CE: 0.0200349	Batchsize: 1024
2026-08-13 14:42:40.958 | INFO    | 	Epoch: 58	CE: 0.0253190	Batchsize: 1024
2026-08-13 14:42:41.240 | INFO    | 	Epoch: 59	CE: 0.0249294	Batchsize: 1024
2026-08-13 14:42:41.527 | INFO    | 	Epoch: 60	CE: 0.0247058	Batchsize: 1024
2026-08-13 14:42:41.809 | INFO    | 	Epoch: 61	CE: 0.0196587	Batchsize: 1024
2026-08-13 14:42:42.093 | INFO    | 	Epoch: 62	CE: 0.0239490	Batchsize: 1024
2026-08-13 14:42:42.378 | INFO    | 	Epoch: 63	CE: 0.0152817	Batchsize: 1024
2026-08-13 14:42:42.663 | INFO    | 	Epoch: 64	CE: 0.0176962	Batchsize: 1024
2026-08-13 14:42:42.956 | INFO    | 	Epoch: 65	CE: 0.0175511	Batchsize: 1024
2026-08-13 14:42:43.242 | INFO    | 	Epoch: 66	CE: 0.0154371	Batchsize: 1024
2026-08-13 14:42:43.526 | INFO    | 	Epoch: 67	CE: 0.0162391	Batchsize: 1024
2026-08-13 14:42:43.797 | INFO    | 	Epoch: 68	CE: 0.0190917	Batchsize: 1024
2026-08-13 14:42:44.103 | INFO    | 	Epoch: 69	CE: 0.0182645	Batchsize: 1024
2026-08-13 14:42:44.396 | INFO    | 	Epoch: 70	CE: 0.0181017	Batchsize: 1024
2026-08-13 14:42:44.667 | INFO    | 	Epoch: 71	CE: 0.0136087	Batchsize: 1024
2026-08-13 14:42:44.936 | INFO    | 	Epoch: 72	CE: 0.0135378	Batchsize: 1024
2026-08-13 14:42:45.220 | INFO    | 	Epoch: 73	CE: 0.0117503	Batchsize: 1024
2026-08-13 14:42:45.492 | INFO    | 	Epoch: 74	CE: 0.0156688	Batchsize: 1024
2026-08-13 14:42:45.785 | INFO    | 	Epoch: 75	CE: 0.0092898	Batchsize: 1024
2026-08-13 14:42:46.073 | INFO    | 	Epoch: 76	CE: 0.0104127	Batchsize: 1024
2026-08-13 14:42:46.361 | INFO    | 	Epoch: 77	CE: 0.0120694	Batchsize: 1024
2026-08-13 14:42:46.654 | INFO    | 	Epoch: 78	CE: 0.0118301	Batchsize: 1024
2026-08-13 14:42:46.935 | INFO    | 	Epoch: 79	CE: 0.0102746	Batchsize: 1024
2026-08-13 14:42:47.217 | INFO    | 	Epoch: 80	CE: 0.0105999	Batchsize: 1024
2026-08-13 14:42:47.496 | INFO    | 	Epoch: 81	CE: 0.0088225	Batchsize: 1024
2026-08-13 14:42:47.786 | INFO    | 	Epoch: 82	CE: 0.0096702	Batchsize: 1024
2026-08-13 14:42:48.057 | INFO    | 	Epoch: 83	CE: 0.0116977	Batchsize: 1024
2026-08-13 14:42:48.342 | INFO    | 	Epoch: 84	CE: 0.0103104	Batchsize: 1024
2026-08-13 14:42:48.622 | INFO    | 	Epoch: 85	CE: 0.0134663	Batchsize: 1024
2026-08-13 14:42:48.895 | INFO    | 	Epoch: 86	CE: 0.0088886	Batchsize: 1024
2026-08-13 14:42:49.166 | INFO    | 	Epoch: 87	CE: 0.0103367	Batchsize: 1024
2026-08-13 14:42:49.444 | INFO    | 	Epoch: 88	CE: 0.0123486	Batchsize: 1024
2026-08-13 14:42:49.735 | INFO    | 	Epoch: 89	CE: 0.0108955	Batchsize: 1024
2026-08-13 14:42:50.034 | INFO    | 	Epoch: 90	CE: 0.0103176	Batchsize: 1024
2026-08-13 14:42:50.315 | INFO    | 	Epoch: 91	CE: 0.0107432	Batchsize: 1024
2026-08-13 14:42:50.587 | INFO    | 	Epoch: 92	CE: 0.0091196	Batchsize: 1024
2026-08-13 14:42:50.880 | INFO    | 	Epoch: 93	CE: 0.0125592	Batchsize: 1024
2026-08-13 14:42:51.167 | INFO    | 	Epoch: 94	CE: 0.0065902	Batchsize: 1024
2026-08-13 14:42:51.455 | INFO    | 	Epoch: 95	CE: 0.0098523	Batchsize: 1024
2026-08-13 14:42:51.728 | INFO    | 	Epoch: 96	CE: 0.0104897	Batchsize: 1024
2026-08-13 14:42:52.004 | INFO    | 	Epoch: 97	CE: 0.0095655	Batchsize: 1024
2026-08-13 14:42:52.279 | INFO    | 	Epoch: 98	CE: 0.0078282	Batchsize: 1024
2026-08-13 14:42:52.578 | INFO    | 	Epoch: 99	CE: 0.0097670	Batchsize: 1024
2026-08-13 14:42:52.872 | INFO    | 	Epoch: 100	CE: 0.0106127	Batchsize: 1024
2026-08-13 14:42:52.883 | INFO    | Finished training the taxonomy predictor in 29.22 seconds.
2026-08-13 14:42:52.883 | INFO    | Writing the taxonomy predictions
2026-08-13 14:42:52.883 | INFO    | Using threshold 0.5
2026-08-13 14:42:53.295 | INFO    | Completed taxonomy predictions in 29.68 seconds.
2026-08-13 14:42:53.354 | INFO    | 	Network properties:
2026-08-13 14:42:53.355 | INFO    | 	    CUDA: False
2026-08-13 14:42:53.355 | INFO    | 	    Alpha: 0.5
2026-08-13 14:42:53.355 | INFO    | 	    Beta: 200.0
2026-08-13 14:42:53.355 | INFO    | 	    Dropout: 0.0
2026-08-13 14:42:53.355 | INFO    | 	    N hidden: 256, 256
2026-08-13 14:42:53.355 | INFO    | 	    N latent: 32
2026-08-13 14:42:53.355 | INFO    | 	Training properties:
2026-08-13 14:42:53.355 | INFO    | 	    N epochs: 300
2026-08-13 14:42:53.355 | INFO    | 	    Starting batch size: 256
2026-08-13 14:42:53.355 | INFO    | 	    Batchsteps: 25, 75, 150, 225
2026-08-13 14:42:53.355 | INFO    | 	    Learning rate: 0.001
2026-08-13 14:42:53.355 | INFO    | 	    N sequences: 5436
2026-08-13 14:42:53.355 | INFO    | 	    N samples: 1
2026-08-13 14:42:54.292 | INFO    | 		Epoch: 0  loss_vamb: 6.34666e-01  ab_vamb: 2.12879e-01  ce_vamb: 0.00000e+00  sse_vamb: 4.18328e-01  kld_vamb: 2.70932e-03  loss_labels: 1.75421e+00  ce_labels_labels: 1.74810e+00  kld_labels: 3.90868e+01  correct_labels_labels: 0.00000e+00  loss_joint: 3.10582e+00  ce_joint: 0.00000e+00  sse_joint: 8.42824e+01  ce_labels_joint: 2.44467e+00  kld_vamb_joint: 1.09050e+00  kld_labels_joint: 1.06147e+00  correct_labels_joint: 0.00000e+00  loss: 5.49470e+00
2026-08-13 14:42:55.344 | INFO    | 		Epoch: 1  loss_vamb: 3.09322e-01  ab_vamb: 5.87426e-02  ce_vamb: 0.00000e+00  sse_vamb: 2.44186e-01  kld_vamb: 6.33745e-03  loss_labels: 3.95093e-01  ce_labels_labels: 3.84139e-01  kld_labels: 7.01055e+01  correct_labels_labels: 0.00000e+00  loss_joint: 1.04672e+00  ce_joint: 0.00000e+00  sse_joint: 4.93208e+01  ce_labels_joint: 7.45211e-01  kld_vamb_joint: 1.81071e+00  kld_labels_joint: 1.80920e+00  correct_labels_joint: 0.00000e+00  loss: 1.75114e+00
2026-08-13 14:42:56.390 | INFO    | 		Epoch: 2  loss_vamb: 2.45633e-01  ab_vamb: 3.56905e-02  ce_vamb: 0.00000e+00  sse_vamb: 2.01630e-01  kld_vamb: 8.34183e-03  loss_labels: 2.49891e-01  ce_labels_labels: 2.38077e-01  kld_labels: 7.56116e+01  correct_labels_labels: 0.00000e+00  loss_joint: 7.04166e-01  ce_joint: 0.00000e+00  sse_joint: 4.27917e+01  ce_labels_joint: 4.58446e-01  kld_vamb_joint: 2.03777e+00  kld_labels_joint: 2.03788e+00  correct_labels_joint: 0.00000e+00  loss: 1.19969e+00
2026-08-13 14:42:57.431 | INFO    | 		Epoch: 3  loss_vamb: 2.22752e-01  ab_vamb: 2.79549e-02  ce_vamb: 0.00000e+00  sse_vamb: 1.85280e-01  kld_vamb: 9.53469e-03  loss_labels: 1.96601e-01  ce_labels_labels: 1.84324e-01  kld_labels: 7.85781e+01  correct_labels_labels: 0.00000e+00  loss_joint: 5.67904e-01  ce_joint: 0.00000e+00  sse_joint: 3.99698e+01  ce_labels_joint: 3.42183e-01  kld_vamb_joint: 2.11043e+00  kld_labels_joint: 2.16734e+00  correct_labels_joint: 0.00000e+00  loss: 9.87258e-01
2026-08-13 14:42:58.461 | INFO    | 		Epoch: 4  loss_vamb: 2.09111e-01  ab_vamb: 2.37652e-02  ce_vamb: 0.00000e+00  sse_vamb: 1.74964e-01  kld_vamb: 1.04043e-02  loss_labels: 1.53909e-01  ce_labels_labels: 1.41500e-01  kld_labels: 7.94187e+01  correct_labels_labels: 0.00000e+00  loss_joint: 4.80099e-01  ce_joint: 0.00000e+00  sse_joint: 3.79066e+01  ce_labels_joint: 2.67050e-01  kld_vamb_joint: 2.18309e+00  kld_labels_joint: 2.27848e+00  correct_labels_joint: 0.00000e+00  loss: 8.43120e-01
2026-08-13 14:42:59.517 | INFO    | 		Epoch: 5  loss_vamb: 1.99108e-01  ab_vamb: 2.12006e-02  ce_vamb: 0.00000e+00  sse_vamb: 1.66922e-01  kld_vamb: 1.10072e-02  loss_labels: 1.19923e-01  ce_labels_labels: 1.07556e-01  kld_labels: 7.91503e+01  correct_labels_labels: 0.00000e+00  loss_joint: 4.21520e-01  ce_joint: 0.00000e+00  sse_joint: 3.66571e+01  ce_labels_joint: 2.17608e-01  kld_vamb_joint: 2.20101e+00  kld_labels_joint: 2.36911e+00  correct_labels_joint: 0.00000e+00  loss: 7.40551e-01
2026-08-13 14:43:00.636 | INFO    | 		Epoch: 6  loss_vamb: 1.90550e-01  ab_vamb: 1.81731e-02  ce_vamb: 0.00000e+00  sse_vamb: 1.60791e-01  kld_vamb: 1.16181e-02  loss_labels: 9.22286e-02  ce_labels_labels: 7.99644e-02  kld_labels: 7.84906e+01  correct_labels_labels: 0.00000e+00  loss_joint: 3.79619e-01  ce_joint: 0.00000e+00  sse_joint: 3.55102e+01  ce_labels_joint: 1.82365e-01  kld_vamb_joint: 2.30121e+00  kld_labels_joint: 2.50487e+00  correct_labels_joint: 0.00000e+00  loss: 6.62398e-01
2026-08-13 14:43:01.676 | INFO    | 		Epoch: 7  loss_vamb: 1.85892e-01  ab_vamb: 1.79424e-02  ce_vamb: 0.00000e+00  sse_vamb: 1.55786e-01  kld_vamb: 1.21888e-02  loss_labels: 6.76042e-02  ce_labels_labels: 5.53874e-02  kld_labels: 7.81877e+01  correct_labels_labels: 0.00000e+00  loss_joint: 3.41443e-01  ce_joint: 0.00000e+00  sse_joint: 3.45524e+01  ce_labels_joint: 1.49837e-01  kld_vamb_joint: 2.34612e+00  kld_labels_joint: 2.65356e+00  correct_labels_joint: 0.00000e+00  loss: 5.94940e-01
2026-08-13 14:43:02.705 | INFO    | 		Epoch: 8  loss_vamb: 1.79881e-01  ab_vamb: 1.59708e-02  ce_vamb: 0.00000e+00  sse_vamb: 1.51327e-01  kld_vamb: 1.26025e-02  loss_labels: 5.13385e-02  ce_labels_labels: 3.91994e-02  kld_labels: 7.76905e+01  correct_labels_labels: 0.00000e+00  loss_joint: 3.02987e-01  ce_joint: 0.00000e+00  sse_joint: 3.36940e+01  ce_labels_joint: 1.17349e-01  kld_vamb_joint: 2.40780e+00  kld_labels_joint: 2.82985e+00  correct_labels_joint: 0.00000e+00  loss: 5.34206e-01
2026-08-13 14:43:03.846 | INFO    | 		Epoch: 9  loss_vamb: 1.76062e-01  ab_vamb: 1.56006e-02  ce_vamb: 0.00000e+00  sse_vamb: 1.47478e-01  kld_vamb: 1.30085e-02  loss_labels: 3.80360e-02  ce_labels_labels: 2.60232e-02  kld_labels: 7.68815e+01  correct_labels_labels: 0.00000e+00  loss_joint: 2.80163e-01  ce_joint: 0.00000e+00  sse_joint: 3.29545e+01  ce_labels_joint: 9.85751e-02  kld_vamb_joint: 2.46358e+00  kld_labels_joint: 2.93126e+00  correct_labels_joint: 0.00000e+00  loss: 4.94260e-01
2026-08-13 14:43:04.885 | INFO    | 		Epoch: 10  loss_vamb: 1.73534e-01  ab_vamb: 1.56193e-02  ce_vamb: 0.00000e+00  sse_vamb: 1.44542e-01  kld_vamb: 1.33953e-02  loss_labels: 2.95370e-02  ce_labels_labels: 1.76959e-02  kld_labels: 7.57831e+01  correct_labels_labels: 0.00000e+00  loss_joint: 2.53946e-01  ce_joint: 0.00000e+00  sse_joint: 3.23804e+01  ce_labels_joint: 7.61001e-02  kld_vamb_joint: 2.49404e+00  kld_labels_joint: 3.04479e+00  correct_labels_joint: 0.00000e+00  loss: 4.57017e-01
2026-08-13 14:43:06.047 | INFO    | 		Epoch: 11  loss_vamb: 1.69202e-01  ab_vamb: 1.44515e-02  ce_vamb: 0.00000e+00  sse_vamb: 1.41146e-01  kld_vamb: 1.36307e-02  loss_labels: 2.61326e-02  ce_labels_labels: 1.46133e-02  kld_labels: 7.37234e+01  correct_labels_labels: 0.00000e+00  loss_joint: 2.36761e-01  ce_joint: 0.00000e+00  sse_joint: 3.18645e+01  ce_labels_joint: 6.16387e-02  kld_vamb_joint: 2.53923e+00  kld_labels_joint: 3.21012e+00  correct_labels_joint: 0.00000e+00  loss: 4.32096e-01
2026-08-13 14:43:07.095 | INFO    | 		Epoch: 12  loss_vamb: 1.65874e-01  ab_vamb: 1.35391e-02  ce_vamb: 0.00000e+00  sse_vamb: 1.38389e-01  kld_vamb: 1.39692e-02  loss_labels: 2.22105e-02  ce_labels_labels: 1.08532e-02  kld_labels: 7.26871e+01  correct_labels_labels: 0.00000e+00  loss_joint: 2.20322e-01  ce_joint: 0.00000e+00  sse_joint: 3.11652e+01  ce_labels_joint: 4.96875e-02  kld_vamb_joint: 2.57585e+00  kld_labels_joint: 3.33513e+00  correct_labels_joint: 0.00000e+00  loss: 4.08406e-01
2026-08-13 14:43:08.133 | INFO    | 		Epoch: 13  loss_vamb: 1.63117e-01  ab_vamb: 1.26599e-02  ce_vamb: 0.00000e+00  sse_vamb: 1.36224e-01  kld_vamb: 1.42532e-02  loss_labels: 1.81409e-02  ce_labels_labels: 7.05013e-03  kld_labels: 7.09810e+01  correct_labels_labels: 0.00000e+00  loss_joint: 2.06558e-01  ce_joint: 0.00000e+00  sse_joint: 3.06367e+01  ce_labels_joint: 3.89113e-02  kld_vamb_joint: 2.63515e+00  kld_labels_joint: 3.47827e+00  correct_labels_joint: 0.00000e+00  loss: 3.87817e-01
2026-08-13 14:43:09.163 | INFO    | 		Epoch: 14  loss_vamb: 1.60294e-01  ab_vamb: 1.24438e-02  ce_vamb: 0.00000e+00  sse_vamb: 1.33407e-01  kld_vamb: 1.44620e-02  loss_labels: 1.68828e-02  ce_labels_labels: 6.06789e-03  kld_labels: 6.92154e+01  correct_labels_labels: 0.00000e+00  loss_joint: 2.02511e-01  ce_joint: 0.00000e+00  sse_joint: 3.02863e+01  ce_labels_joint: 3.76957e-02  kld_vamb_joint: 2.73747e+00  kld_labels_joint: 3.65574e+00  correct_labels_joint: 0.00000e+00  loss: 3.79688e-01
2026-08-13 14:43:10.210 | INFO    | 		Epoch: 15  loss_vamb: 1.58379e-01  ab_vamb: 1.24741e-02  ce_vamb: 0.00000e+00  sse_vamb: 1.31234e-01  kld_vamb: 1.46837e-02  loss_labels: 1.57282e-02  ce_labels_labels: 5.39238e-03  kld_labels: 6.61496e+01  correct_labels_labels: 0.00000e+00  loss_joint: 1.90247e-01  ce_joint: 0.00000e+00  sse_joint: 2.98240e+01  ce_labels_joint: 2.81454e-02  kld_vamb_joint: 2.79396e+00  kld_labels_joint: 3.81311e+00  correct_labels_joint: 0.00000e+00  loss: 3.64354e-01
2026-08-13 14:43:11.269 | INFO    | 		Epoch: 16  loss_vamb: 1.56232e-01  ab_vamb: 1.17614e-02  ce_vamb: 0.00000e+00  sse_vamb: 1.29519e-01  kld_vamb: 1.49714e-02  loss_labels: 1.42726e-02  ce_labels_labels: 4.46190e-03  kld_labels: 6.27886e+01  correct_labels_labels: 0.00000e+00  loss_joint: 1.83108e-01  ce_joint: 0.00000e+00  sse_joint: 2.94642e+01  ce_labels_joint: 2.35498e-02  kld_vamb_joint: 2.84968e+00  kld_labels_joint: 3.97818e+00  correct_labels_joint: 0.00000e+00  loss: 3.53613e-01
2026-08-13 14:43:12.297 | INFO    | 		Epoch: 17  loss_vamb: 1.54325e-01  ab_vamb: 1.16327e-02  ce_vamb: 0.00000e+00  sse_vamb: 1.27474e-01  kld_vamb: 1.52273e-02  loss_labels: 1.48106e-02  ce_labels_labels: 5.21069e-03  kld_labels: 6.14396e+01  correct_labels_labels: 0.00000e+00  loss_joint: 1.79055e-01  ce_joint: 0.00000e+00  sse_joint: 2.90568e+01  ce_labels_joint: 2.11384e-02  kld_vamb_joint: 2.86149e+00  kld_labels_joint: 4.08319e+00  correct_labels_joint: 0.00000e+00  loss: 3.48191e-01
2026-08-13 14:43:13.318 | INFO    | 		Epoch: 18  loss_vamb: 1.52234e-01  ab_vamb: 1.10937e-02  ce_vamb: 0.00000e+00  sse_vamb: 1.25684e-01  kld_vamb: 1.54740e-02  loss_labels: 1.39004e-02  ce_labels_labels: 4.52190e-03  kld_labels: 6.00226e+01  correct_labels_labels: 0.00000e+00  loss_joint: 1.76115e-01  ce_joint: 0.00000e+00  sse_joint: 2.87548e+01  ce_labels_joint: 2.09241e-02  kld_vamb_joint: 2.90156e+00  kld_labels_joint: 4.21802e+00  correct_labels_joint: 0.00000e+00  loss: 3.42249e-01
2026-08-13 14:43:14.370 | INFO    | 		Epoch: 19  loss_vamb: 1.50470e-01  ab_vamb: 1.08184e-02  ce_vamb: 0.00000e+00  sse_vamb: 1.24053e-01  kld_vamb: 1.56206e-02  loss_labels: 1.25402e-02  ce_labels_labels: 3.55605e-03  kld_labels: 5.74986e+01  correct_labels_labels: 0.00000e+00  loss_joint: 1.74488e-01  ce_joint: 0.00000e+00  sse_joint: 2.84057e+01  ce_labels_joint: 2.04186e-02  kld_vamb_joint: 2.97932e+00  kld_labels_joint: 4.39362e+00  correct_labels_joint: 0.00000e+00  loss: 3.37499e-01
2026-08-13 14:43:15.412 | INFO    | 		Epoch: 20  loss_vamb: 1.48576e-01  ab_vamb: 1.05548e-02  ce_vamb: 0.00000e+00  sse_vamb: 1.22121e-01  kld_vamb: 1.59232e-02  loss_labels: 1.24348e-02  ce_labels_labels: 3.68172e-03  kld_labels: 5.60200e+01  correct_labels_labels: 0.00000e+00  loss_joint: 1.69115e-01  ce_joint: 0.00000e+00  sse_joint: 2.79695e+01  ce_labels_joint: 1.75527e-02  kld_vamb_joint: 3.05354e+00  kld_labels_joint: 4.59970e+00  correct_labels_joint: 0.00000e+00  loss: 3.30126e-01
2026-08-13 14:43:16.760 | INFO    | 		Epoch: 21  loss_vamb: 1.47561e-01  ab_vamb: 1.07579e-02  ce_vamb: 0.00000e+00  sse_vamb: 1.20745e-01  kld_vamb: 1.60711e-02  loss_labels: 1.19286e-02  ce_labels_labels: 3.42772e-03  kld_labels: 5.44056e+01  correct_labels_labels: 0.00000e+00  loss_joint: 1.64435e-01  ce_joint: 0.00000e+00  sse_joint: 2.78015e+01  ce_labels_joint: 1.41346e-02  kld_vamb_joint: 3.11070e+00  kld_labels_joint: 4.78102e+00  correct_labels_joint: 0.00000e+00  loss: 3.23925e-01
2026-08-13 14:43:17.823 | INFO    | 		Epoch: 22  loss_vamb: 1.45473e-01  ab_vamb: 1.01280e-02  ce_vamb: 0.00000e+00  sse_vamb: 1.19010e-01  kld_vamb: 1.63596e-02  loss_labels: 1.22637e-02  ce_labels_labels: 3.95748e-03  kld_labels: 5.31599e+01  correct_labels_labels: 0.00000e+00  loss_joint: 1.60644e-01  ce_joint: 0.00000e+00  sse_joint: 2.74752e+01  ce_labels_joint: 1.27915e-02  kld_vamb_joint: 3.15906e+00  kld_labels_joint: 4.97749e+00  correct_labels_joint: 0.00000e+00  loss: 3.18381e-01
2026-08-13 14:43:18.863 | INFO    | 		Epoch: 23  loss_vamb: 1.44491e-01  ab_vamb: 1.01889e-02  ce_vamb: 0.00000e+00  sse_vamb: 1.17833e-01  kld_vamb: 1.65005e-02  loss_labels: 1.13688e-02  ce_labels_labels: 2.80792e-03  kld_labels: 5.47896e+01  correct_labels_labels: 0.00000e+00  loss_joint: 1.58924e-01  ce_joint: 0.00000e+00  sse_joint: 2.70334e+01  ce_labels_joint: 1.34734e-02  kld_vamb_joint: 3.13951e+00  kld_labels_joint: 5.01359e+00  correct_labels_joint: 0.00000e+00  loss: 3.14784e-01
2026-08-13 14:43:19.916 | INFO    | 		Epoch: 24  loss_vamb: 1.43447e-01  ab_vamb: 1.00673e-02  ce_vamb: 0.00000e+00  sse_vamb: 1.16676e-01  kld_vamb: 1.67333e-02  loss_labels: 1.17345e-02  ce_labels_labels: 3.09770e-03  kld_labels: 5.52756e+01  correct_labels_labels: 0.00000e+00  loss_joint: 1.57993e-01  ce_joint: 0.00000e+00  sse_joint: 2.68955e+01  ce_labels_joint: 1.31195e-02  kld_vamb_joint: 3.15440e+00  kld_labels_joint: 5.07482e+00  correct_labels_joint: 0.00000e+00  loss: 3.13175e-01
2026-08-13 14:43:20.718 | INFO    | 		Epoch: 25  loss_vamb: 1.40077e-01  ab_vamb: 9.20026e-03  ce_vamb: 0.00000e+00  sse_vamb: 1.13809e-01  kld_vamb: 1.68950e-02  loss_labels: 1.03917e-02  ce_labels_labels: 1.92216e-03  kld_labels: 5.42048e+01  correct_labels_labels: 0.00000e+00  loss_joint: 1.54223e-01  ce_joint: 0.00000e+00  sse_joint: 2.62598e+01  ce_labels_joint: 1.38901e-02  kld_vamb_joint: 3.16331e+00  kld_labels_joint: 5.18299e+00  correct_labels_joint: 0.00000e+00  loss: 3.04691e-01
2026-08-13 14:43:21.826 | INFO    | 		Epoch: 26  loss_vamb: 1.40226e-01  ab_vamb: 1.01194e-02  ce_vamb: 0.00000e+00  sse_vamb: 1.13238e-01  kld_vamb: 1.69585e-02  loss_labels: 1.08394e-02  ce_labels_labels: 2.58693e-03  kld_labels: 5.28159e+01  correct_labels_labels: 0.00000e+00  loss_joint: 1.50601e-01  ce_joint: 0.00000e+00  sse_joint: 2.60544e+01  ce_labels_joint: 1.01099e-02  kld_vamb_joint: 3.21728e+00  kld_labels_joint: 5.34897e+00  correct_labels_joint: 0.00000e+00  loss: 3.01667e-01
2026-08-13 14:43:22.756 | INFO    | 		Epoch: 27  loss_vamb: 1.39279e-01  ab_vamb: 9.76208e-03  ce_vamb: 0.00000e+00  sse_vamb: 1.12705e-01  kld_vamb: 1.70537e-02  loss_labels: 1.05673e-02  ce_labels_labels: 2.45522e-03  kld_labels: 5.19175e+01  correct_labels_labels: 0.00000e+00  loss_joint: 1.49727e-01  ce_joint: 0.00000e+00  sse_joint: 2.58348e+01  ce_labels_joint: 1.09663e-02  kld_vamb_joint: 3.20669e+00  kld_labels_joint: 5.42176e+00  correct_labels_joint: 0.00000e+00  loss: 2.99573e-01
2026-08-13 14:43:23.597 | INFO    | 		Epoch: 28  loss_vamb: 1.38674e-01  ab_vamb: 9.82147e-03  ce_vamb: 0.00000e+00  sse_vamb: 1.11667e-01  kld_vamb: 1.71613e-02  loss_labels: 1.00168e-02  ce_labels_labels: 2.07892e-03  kld_labels: 5.08024e+01  correct_labels_labels: 0.00000e+00  loss_joint: 1.44516e-01  ce_joint: 0.00000e+00  sse_joint: 2.55265e+01  ce_labels_joint: 7.94680e-03  kld_vamb_joint: 3.20876e+00  kld_labels_joint: 5.46864e+00  correct_labels_joint: 0.00000e+00  loss: 2.93207e-01
2026-08-13 14:43:24.438 | INFO    | 		Epoch: 29  loss_vamb: 1.37130e-01  ab_vamb: 8.64373e-03  ce_vamb: 0.00000e+00  sse_vamb: 1.11377e-01  kld_vamb: 1.72403e-02  loss_labels: 9.44084e-03  ce_labels_labels: 1.70496e-03  kld_labels: 4.95097e+01  correct_labels_labels: 0.00000e+00  loss_joint: 1.42969e-01  ce_joint: 0.00000e+00  sse_joint: 2.53741e+01  ce_labels_joint: 7.98387e-03  kld_vamb_joint: 3.23250e+00  kld_labels_joint: 5.58266e+00  correct_labels_joint: 0.00000e+00  loss: 2.89539e-01
2026-08-13 14:43:25.282 | INFO    | 		Epoch: 30  loss_vamb: 1.37896e-01  ab_vamb: 9.35558e-03  ce_vamb: 0.00000e+00  sse_vamb: 1.11464e-01  kld_vamb: 1.72604e-02  loss_labels: 9.66639e-03  ce_labels_labels: 2.08168e-03  kld_labels: 4.85422e+01  correct_labels_labels: 0.00000e+00  loss_joint: 1.42509e-01  ce_joint: 0.00000e+00  sse_joint: 2.53569e+01  ce_labels_joint: 7.02467e-03  kld_vamb_joint: 3.28147e+00  kld_labels_joint: 5.66346e+00  correct_labels_joint: 0.00000e+00  loss: 2.90072e-01
2026-08-13 14:43:26.127 | INFO    | 		Epoch: 31  loss_vamb: 1.35192e-01  ab_vamb: 8.51953e-03  ce_vamb: 0.00000e+00  sse_vamb: 1.09510e-01  kld_vamb: 1.73137e-02  loss_labels: 9.92353e-03  ce_labels_labels: 2.40194e-03  kld_labels: 4.81382e+01  correct_labels_labels: 0.00000e+00  loss_joint: 1.39434e-01  ce_joint: 0.00000e+00  sse_joint: 2.49447e+01  ce_labels_joint: 6.95063e-03  kld_vamb_joint: 3.28502e+00  kld_labels_joint: 5.72840e+00  correct_labels_joint: 0.00000e+00  loss: 2.84550e-01
2026-08-13 14:43:26.957 | INFO    | 		Epoch: 32  loss_vamb: 1.35132e-01  ab_vamb: 8.15823e-03  ce_vamb: 0.00000e+00  sse_vamb: 1.10046e-01  kld_vamb: 1.72877e-02  loss_labels: 9.69828e-03  ce_labels_labels: 2.16019e-03  kld_labels: 4.82438e+01  correct_labels_labels: 0.00000e+00  loss_joint: 1.39003e-01  ce_joint: 0.00000e+00  sse_joint: 2.50047e+01  ce_labels_joint: 6.17497e-03  kld_vamb_joint: 3.32642e+00  kld_labels_joint: 5.77892e+00  correct_labels_joint: 0.00000e+00  loss: 2.83832e-01
2026-08-13 14:43:27.781 | INFO    | 		Epoch: 33  loss_vamb: 1.34024e-01  ab_vamb: 8.03477e-03  ce_vamb: 0.00000e+00  sse_vamb: 1.08630e-01  kld_vamb: 1.74258e-02  loss_labels: 9.47137e-03  ce_labels_labels: 1.95687e-03  kld_labels: 4.80928e+01  correct_labels_labels: 0.00000e+00  loss_joint: 1.37018e-01  ce_joint: 0.00000e+00  sse_joint: 2.46606e+01  ce_labels_joint: 6.28997e-03  kld_vamb_joint: 3.33566e+00  kld_labels_joint: 5.86065e+00  correct_labels_joint: 0.00000e+00  loss: 2.80513e-01
2026-08-13 14:43:28.608 | INFO    | 		Epoch: 34  loss_vamb: 1.34714e-01  ab_vamb: 8.77830e-03  ce_vamb: 0.00000e+00  sse_vamb: 1.08460e-01  kld_vamb: 1.74309e-02  loss_labels: 8.92370e-03  ce_labels_labels: 1.47349e-03  kld_labels: 4.76814e+01  correct_labels_labels: 0.00000e+00  loss_joint: 1.39385e-01  ce_joint: 0.00000e+00  sse_joint: 2.47211e+01  ce_labels_joint: 7.39584e-03  kld_vamb_joint: 3.32392e+00  kld_labels_joint: 5.89795e+00  correct_labels_joint: 0.00000e+00  loss: 2.83023e-01
2026-08-13 14:43:29.435 | INFO    | 		Epoch: 35  loss_vamb: 1.34008e-01  ab_vamb: 8.34412e-03  ce_vamb: 0.00000e+00  sse_vamb: 1.07846e-01  kld_vamb: 1.75625e-02  loss_labels: 9.04410e-03  ce_labels_labels: 1.72471e-03  kld_labels: 4.68441e+01  correct_labels_labels: 0.00000e+00  loss_joint: 1.37117e-01  ce_joint: 0.00000e+00  sse_joint: 2.45963e+01  ce_labels_joint: 5.92673e-03  kld_vamb_joint: 3.31989e+00  kld_labels_joint: 5.95536e+00  correct_labels_joint: 0.00000e+00  loss: 2.80170e-01
2026-08-13 14:43:30.259 | INFO    | 		Epoch: 36  loss_vamb: 1.33402e-01  ab_vamb: 7.93131e-03  ce_vamb: 0.00000e+00  sse_vamb: 1.07738e-01  kld_vamb: 1.75907e-02  loss_labels: 8.85400e-03  ce_labels_labels: 1.71301e-03  kld_labels: 4.57024e+01  correct_labels_labels: 0.00000e+00  loss_joint: 1.36832e-01  ce_joint: 0.00000e+00  sse_joint: 2.45538e+01  ce_labels_joint: 6.47534e-03  kld_vamb_joint: 3.36002e+00  kld_labels_joint: 6.02758e+00  correct_labels_joint: 0.00000e+00  loss: 2.79087e-01
2026-08-13 14:43:31.082 | INFO    | 		Epoch: 37  loss_vamb: 1.32324e-01  ab_vamb: 7.73488e-03  ce_vamb: 0.00000e+00  sse_vamb: 1.06886e-01  kld_vamb: 1.76751e-02  loss_labels: 8.92587e-03  ce_labels_labels: 1.85199e-03  kld_labels: 4.52728e+01  correct_labels_labels: 0.00000e+00  loss_joint: 1.34200e-01  ce_joint: 0.00000e+00  sse_joint: 2.43907e+01  ce_labels_joint: 5.14238e-03  kld_vamb_joint: 3.38574e+00  kld_labels_joint: 6.10093e+00  correct_labels_joint: 0.00000e+00  loss: 2.75449e-01
2026-08-13 14:43:32.020 | INFO    | 		Epoch: 38  loss_vamb: 1.32031e-01  ab_vamb: 8.16656e-03  ce_vamb: 0.00000e+00  sse_vamb: 1.06118e-01  kld_vamb: 1.77582e-02  loss_labels: 9.21398e-03  ce_labels_labels: 2.14724e-03  kld_labels: 4.52271e+01  correct_labels_labels: 0.00000e+00  loss_joint: 1.34616e-01  ce_joint: 0.00000e+00  sse_joint: 2.41718e+01  ce_labels_joint: 5.52289e-03  kld_vamb_joint: 3.40086e+00  kld_labels_joint: 6.18357e+00  correct_labels_joint: 0.00000e+00  loss: 2.75862e-01
2026-08-13 14:43:32.865 | INFO    | 		Epoch: 39  loss_vamb: 1.32190e-01  ab_vamb: 8.44908e-03  ce_vamb: 0.00000e+00  sse_vamb: 1.05860e-01  kld_vamb: 1.78569e-02  loss_labels: 8.37346e-03  ce_labels_labels: 1.30477e-03  kld_labels: 4.52396e+01  correct_labels_labels: 0.00000e+00  loss_joint: 1.34375e-01  ce_joint: 0.00000e+00  sse_joint: 2.41159e+01  ce_labels_joint: 5.71137e-03  kld_vamb_joint: 3.40233e+00  kld_labels_joint: 6.21013e+00  correct_labels_joint: 0.00000e+00  loss: 2.74939e-01
2026-08-13 14:43:33.882 | INFO    | 		Epoch: 40  loss_vamb: 1.31868e-01  ab_vamb: 8.62628e-03  ce_vamb: 0.00000e+00  sse_vamb: 1.05423e-01  kld_vamb: 1.78782e-02  loss_labels: 8.38821e-03  ce_labels_labels: 1.45147e-03  kld_labels: 4.43951e+01  correct_labels_labels: 0.00000e+00  loss_joint: 1.33473e-01  ce_joint: 0.00000e+00  sse_joint: 2.39428e+01  ce_labels_joint: 5.22896e-03  kld_vamb_joint: 3.39587e+00  kld_labels_joint: 6.31298e+00  correct_labels_joint: 0.00000e+00  loss: 2.73728e-01
2026-08-13 14:43:34.713 | INFO    | 		Epoch: 41  loss_vamb: 1.30736e-01  ab_vamb: 7.57674e-03  ce_vamb: 0.00000e+00  sse_vamb: 1.05333e-01  kld_vamb: 1.79172e-02  loss_labels: 9.91641e-03  ce_labels_labels: 3.10752e-03  kld_labels: 4.35769e+01  correct_labels_labels: 0.00000e+00  loss_joint: 1.31030e-01  ce_joint: 0.00000e+00  sse_joint: 2.38959e+01  ce_labels_joint: 4.50049e-03  kld_vamb_joint: 3.42445e+00  kld_labels_joint: 6.40064e+00  correct_labels_joint: 0.00000e+00  loss: 2.71682e-01
2026-08-13 14:43:35.557 | INFO    | 		Epoch: 42  loss_vamb: 1.30508e-01  ab_vamb: 7.66037e-03  ce_vamb: 0.00000e+00  sse_vamb: 1.04865e-01  kld_vamb: 1.80058e-02  loss_labels: 8.46785e-03  ce_labels_labels: 1.54361e-03  kld_labels: 4.43151e+01  correct_labels_labels: 0.00000e+00  loss_joint: 1.30832e-01  ce_joint: 0.00000e+00  sse_joint: 2.37735e+01  ce_labels_joint: 4.94852e-03  kld_vamb_joint: 3.44503e+00  kld_labels_joint: 6.45257e+00  correct_labels_joint: 0.00000e+00  loss: 2.69808e-01
2026-08-13 14:43:36.444 | INFO    | 		Epoch: 43  loss_vamb: 1.29023e-01  ab_vamb: 7.25285e-03  ce_vamb: 0.00000e+00  sse_vamb: 1.03719e-01  kld_vamb: 1.80369e-02  loss_labels: 8.52742e-03  ce_labels_labels: 1.60350e-03  kld_labels: 4.43131e+01  correct_labels_labels: 0.00000e+00  loss_joint: 1.29347e-01  ce_joint: 0.00000e+00  sse_joint: 2.35024e+01  ce_labels_joint: 5.10600e-03  kld_vamb_joint: 3.48192e+00  kld_labels_joint: 6.52001e+00  correct_labels_joint: 0.00000e+00  loss: 2.66898e-01
2026-08-13 14:43:37.288 | INFO    | 		Epoch: 44  loss_vamb: 1.30271e-01  ab_vamb: 7.71852e-03  ce_vamb: 0.00000e+00  sse_vamb: 1.04466e-01  kld_vamb: 1.81311e-02  loss_labels: 8.94317e-03  ce_labels_labels: 2.06557e-03  kld_labels: 4.40167e+01  correct_labels_labels: 0.00000e+00  loss_joint: 1.30728e-01  ce_joint: 0.00000e+00  sse_joint: 2.37336e+01  ce_labels_joint: 4.75294e-03  kld_vamb_joint: 3.48262e+00  kld_labels_joint: 6.57702e+00  correct_labels_joint: 0.00000e+00  loss: 2.69942e-01
2026-08-13 14:43:38.156 | INFO    | 		Epoch: 45  loss_vamb: 1.28679e-01  ab_vamb: 8.05333e-03  ce_vamb: 0.00000e+00  sse_vamb: 1.02498e-01  kld_vamb: 1.81674e-02  loss_labels: 9.03686e-03  ce_labels_labels: 2.12360e-03  kld_labels: 4.42448e+01  correct_labels_labels: 0.00000e+00  loss_joint: 1.28141e-01  ce_joint: 0.00000e+00  sse_joint: 2.33504e+01  ce_labels_joint: 4.16338e-03  kld_vamb_joint: 3.48993e+00  kld_labels_joint: 6.62539e+00  correct_labels_joint: 0.00000e+00  loss: 2.65856e-01
2026-08-13 14:43:39.060 | INFO    | 		Epoch: 46  loss_vamb: 1.28874e-01  ab_vamb: 8.08562e-03  ce_vamb: 0.00000e+00  sse_vamb: 1.02603e-01  kld_vamb: 1.82157e-02  loss_labels: 8.41040e-03  ce_labels_labels: 1.55605e-03  kld_labels: 4.38678e+01  correct_labels_labels: 0.00000e+00  loss_joint: 1.28924e-01  ce_joint: 0.00000e+00  sse_joint: 2.31644e+01  ce_labels_joint: 5.02083e-03  kld_vamb_joint: 3.49132e+00  kld_labels_joint: 6.70089e+00  correct_labels_joint: 0.00000e+00  loss: 2.66208e-01
2026-08-13 14:43:39.838 | INFO    | 		Epoch: 47  loss_vamb: 1.26933e-01  ab_vamb: 7.20250e-03  ce_vamb: 0.00000e+00  sse_vamb: 1.01658e-01  kld_vamb: 1.81960e-02  loss_labels: 8.49897e-03  ce_labels_labels: 1.78952e-03  kld_labels: 4.29405e+01  correct_labels_labels: 0.00000e+00  loss_joint: 1.25557e-01  ce_joint: 0.00000e+00  sse_joint: 2.30564e+01  ce_labels_joint: 3.44217e-03  kld_vamb_joint: 3.50268e+00  kld_labels_joint: 6.75917e+00  correct_labels_joint: 0.00000e+00  loss: 2.60988e-01
2026-08-13 14:43:40.669 | INFO    | 		Epoch: 48  loss_vamb: 1.26796e-01  ab_vamb: 6.64166e-03  ce_vamb: 0.00000e+00  sse_vamb: 1.02150e-01  kld_vamb: 1.82451e-02  loss_labels: 8.71870e-03  ce_labels_labels: 1.94719e-03  kld_labels: 4.33376e+01  correct_labels_labels: 0.00000e+00  loss_joint: 1.25321e-01  ce_joint: 0.00000e+00  sse_joint: 2.30337e+01  ce_labels_joint: 4.27681e-03  kld_vamb_joint: 3.51419e+00  kld_labels_joint: 6.79236e+00  correct_labels_joint: 0.00000e+00  loss: 2.60835e-01
2026-08-13 14:43:41.484 | INFO    | 		Epoch: 49  loss_vamb: 1.27446e-01  ab_vamb: 7.93904e-03  ce_vamb: 0.00000e+00  sse_vamb: 1.01058e-01  kld_vamb: 1.83998e-02  loss_labels: 8.24641e-03  ce_labels_labels: 1.35216e-03  kld_labels: 4.41232e+01  correct_labels_labels: 0.00000e+00  loss_joint: 1.25318e-01  ce_joint: 0.00000e+00  sse_joint: 2.28708e+01  ce_labels_joint: 3.90030e-03  kld_vamb_joint: 3.51383e+00  kld_labels_joint: 6.79378e+00  correct_labels_joint: 0.00000e+00  loss: 2.61011e-01
2026-08-13 14:43:42.495 | INFO    | 		Epoch: 50  loss_vamb: 1.29244e-01  ab_vamb: 9.89157e-03  ce_vamb: 0.00000e+00  sse_vamb: 1.00856e-01  kld_vamb: 1.85082e-02  loss_labels: 8.24291e-03  ce_labels_labels: 1.41281e-03  kld_labels: 4.37127e+01  correct_labels_labels: 0.00000e+00  loss_joint: 1.26398e-01  ce_joint: 0.00000e+00  sse_joint: 2.27040e+01  ce_labels_joint: 4.08720e-03  kld_vamb_joint: 3.51738e+00  kld_labels_joint: 6.89271e+00  correct_labels_joint: 0.00000e+00  loss: 2.63885e-01
2026-08-13 14:43:43.321 | INFO    | 		Epoch: 51  loss_vamb: 1.26936e-01  ab_vamb: 7.76069e-03  ce_vamb: 0.00000e+00  sse_vamb: 1.00615e-01  kld_vamb: 1.85768e-02  loss_labels: 8.19079e-03  ce_labels_labels: 1.48973e-03  kld_labels: 4.28868e+01  correct_labels_labels: 0.00000e+00  loss_joint: 1.24702e-01  ce_joint: 0.00000e+00  sse_joint: 2.27287e+01  ce_labels_joint: 4.32628e-03  kld_vamb_joint: 3.50354e+00  kld_labels_joint: 6.93281e+00  correct_labels_joint: 0.00000e+00  loss: 2.59829e-01
2026-08-13 14:43:44.317 | INFO    | 		Epoch: 52  loss_vamb: 1.26723e-01  ab_vamb: 7.94613e-03  ce_vamb: 0.00000e+00  sse_vamb: 1.00093e-01  kld_vamb: 1.86484e-02  loss_labels: 8.09442e-03  ce_labels_labels: 1.48584e-03  kld_labels: 4.22949e+01  correct_labels_labels: 0.00000e+00  loss_joint: 1.24194e-01  ce_joint: 0.00000e+00  sse_joint: 2.26359e+01  ce_labels_joint: 4.11730e-03  kld_vamb_joint: 3.53656e+00  kld_labels_joint: 7.01946e+00  correct_labels_joint: 0.00000e+00  loss: 2.59012e-01
2026-08-13 14:43:45.138 | INFO    | 		Epoch: 53  loss_vamb: 1.25872e-01  ab_vamb: 7.89002e-03  ce_vamb: 0.00000e+00  sse_vamb: 9.93404e-02  kld_vamb: 1.87219e-02  loss_labels: 8.41314e-03  ce_labels_labels: 1.86644e-03  kld_labels: 4.18989e+01  correct_labels_labels: 0.00000e+00  loss_joint: 1.24282e-01  ce_joint: 0.00000e+00  sse_joint: 2.25371e+01  ce_labels_joint: 4.32146e-03  kld_vamb_joint: 3.54494e+00  kld_labels_joint: 7.06289e+00  correct_labels_joint: 0.00000e+00  loss: 2.58567e-01
2026-08-13 14:43:45.993 | INFO    | 		Epoch: 54  loss_vamb: 1.25135e-01  ab_vamb: 7.04488e-03  ce_vamb: 0.00000e+00  sse_vamb: 9.94297e-02  kld_vamb: 1.87343e-02  loss_labels: 8.45484e-03  ce_labels_labels: 1.94890e-03  kld_labels: 4.16381e+01  correct_labels_labels: 0.00000e+00  loss_joint: 1.23188e-01  ce_joint: 0.00000e+00  sse_joint: 2.24923e+01  ce_labels_joint: 4.15041e-03  kld_vamb_joint: 3.59342e+00  kld_labels_joint: 7.09520e+00  correct_labels_joint: 0.00000e+00  loss: 2.56777e-01
2026-08-13 14:43:46.878 | INFO    | 		Epoch: 55  loss_vamb: 1.26569e-01  ab_vamb: 8.72632e-03  ce_vamb: 0.00000e+00  sse_vamb: 9.91916e-02  kld_vamb: 1.87960e-02  loss_labels: 8.13816e-03  ce_labels_labels: 1.65249e-03  kld_labels: 4.15083e+01  correct_labels_labels: 0.00000e+00  loss_joint: 1.23929e-01  ce_joint: 0.00000e+00  sse_joint: 2.24852e+01  ce_labels_joint: 3.48755e-03  kld_vamb_joint: 3.61092e+00  kld_labels_joint: 7.15302e+00  correct_labels_joint: 0.00000e+00  loss: 2.58636e-01
2026-08-13 14:43:47.710 | INFO    | 		Epoch: 56  loss_vamb: 1.24459e-01  ab_vamb: 6.89360e-03  ce_vamb: 0.00000e+00  sse_vamb: 9.85122e-02  kld_vamb: 1.88283e-02  loss_labels: 7.97880e-03  ce_labels_labels: 1.47216e-03  kld_labels: 4.16425e+01  correct_labels_labels: 0.00000e+00  loss_joint: 1.23453e-01  ce_joint: 0.00000e+00  sse_joint: 2.22342e+01  ce_labels_joint: 5.35738e-03  kld_vamb_joint: 3.58536e+00  kld_labels_joint: 7.19358e+00  correct_labels_joint: 0.00000e+00  loss: 2.55890e-01
2026-08-13 14:43:48.540 | INFO    | 		Epoch: 57  loss_vamb: 1.25073e-01  ab_vamb: 7.60508e-03  ce_vamb: 0.00000e+00  sse_vamb: 9.85337e-02  kld_vamb: 1.88461e-02  loss_labels: 7.53745e-03  ce_labels_labels: 1.08488e-03  kld_labels: 4.12964e+01  correct_labels_labels: 0.00000e+00  loss_joint: 1.21864e-01  ce_joint: 0.00000e+00  sse_joint: 2.22944e+01  ce_labels_joint: 2.99614e-03  kld_vamb_joint: 3.61962e+00  kld_labels_joint: 7.26121e+00  correct_labels_joint: 0.00000e+00  loss: 2.54474e-01
2026-08-13 14:43:49.367 | INFO    | 		Epoch: 58  loss_vamb: 1.24154e-01  ab_vamb: 7.37166e-03  ce_vamb: 0.00000e+00  sse_vamb: 9.79879e-02  kld_vamb: 1.89442e-02  loss_labels: 7.66644e-03  ce_labels_labels: 1.38080e-03  kld_labels: 4.02281e+01  correct_labels_labels: 0.00000e+00  loss_joint: 1.20790e-01  ce_joint: 0.00000e+00  sse_joint: 2.21918e+01  ce_labels_joint: 3.66797e-03  kld_vamb_joint: 3.60827e+00  kld_labels_joint: 7.32920e+00  correct_labels_joint: 0.00000e+00  loss: 2.52611e-01
2026-08-13 14:43:50.201 | INFO    | 		Epoch: 59  loss_vamb: 1.24109e-01  ab_vamb: 7.80459e-03  ce_vamb: 0.00000e+00  sse_vamb: 9.73883e-02  kld_vamb: 1.90289e-02  loss_labels: 7.56732e-03  ce_labels_labels: 1.39296e-03  kld_labels: 3.95159e+01  correct_labels_labels: 0.00000e+00  loss_joint: 1.21013e-01  ce_joint: 0.00000e+00  sse_joint: 2.20162e+01  ce_labels_joint: 3.36192e-03  kld_vamb_joint: 3.59723e+00  kld_labels_joint: 7.39030e+00  correct_labels_joint: 0.00000e+00  loss: 2.52690e-01
2026-08-13 14:43:51.085 | INFO    | 		Epoch: 60  loss_vamb: 1.23412e-01  ab_vamb: 6.68816e-03  ce_vamb: 0.00000e+00  sse_vamb: 9.79985e-02  kld_vamb: 1.89433e-02  loss_labels: 8.53327e-03  ce_labels_labels: 2.34302e-03  kld_labels: 3.96176e+01  correct_labels_labels: 0.00000e+00  loss_joint: 1.19771e-01  ce_joint: 0.00000e+00  sse_joint: 2.20771e+01  ce_labels_joint: 3.42800e-03  kld_vamb_joint: 3.62973e+00  kld_labels_joint: 7.41892e+00  correct_labels_joint: 0.00000e+00  loss: 2.51716e-01
2026-08-13 14:43:51.917 | INFO    | 		Epoch: 61  loss_vamb: 1.22058e-01  ab_vamb: 6.20560e-03  ce_vamb: 0.00000e+00  sse_vamb: 9.68058e-02  kld_vamb: 1.90560e-02  loss_labels: 8.88224e-03  ce_labels_labels: 2.43720e-03  kld_labels: 4.12482e+01  correct_labels_labels: 0.00000e+00  loss_joint: 1.18323e-01  ce_joint: 0.00000e+00  sse_joint: 2.18136e+01  ce_labels_joint: 3.62894e-03  kld_vamb_joint: 3.65752e+00  kld_labels_joint: 7.44114e+00  correct_labels_joint: 0.00000e+00  loss: 2.49264e-01
2026-08-13 14:43:52.742 | INFO    | 		Epoch: 62  loss_vamb: 1.22876e-01  ab_vamb: 6.73203e-03  ce_vamb: 0.00000e+00  sse_vamb: 9.71283e-02  kld_vamb: 1.89962e-02  loss_labels: 8.42135e-03  ce_labels_labels: 1.66183e-03  kld_labels: 4.32609e+01  correct_labels_labels: 0.00000e+00  loss_joint: 1.19243e-01  ce_joint: 0.00000e+00  sse_joint: 2.18442e+01  ce_labels_joint: 3.87564e-03  kld_vamb_joint: 3.69286e+00  kld_labels_joint: 7.45535e+00  correct_labels_joint: 0.00000e+00  loss: 2.50540e-01
2026-08-13 14:43:53.662 | INFO    | 		Epoch: 63  loss_vamb: 1.22238e-01  ab_vamb: 6.67801e-03  ce_vamb: 0.00000e+00  sse_vamb: 9.64782e-02  kld_vamb: 1.91630e-02  loss_labels: 8.56856e-03  ce_labels_labels: 1.61481e-03  kld_labels: 4.45040e+01  correct_labels_labels: 0.00000e+00  loss_joint: 1.17851e-01  ce_joint: 0.00000e+00  sse_joint: 2.17770e+01  ce_labels_joint: 2.88250e-03  kld_vamb_joint: 3.69419e+00  kld_labels_joint: 7.49378e+00  correct_labels_joint: 0.00000e+00  loss: 2.48658e-01
2026-08-13 14:43:54.549 | INFO    | 		Epoch: 64  loss_vamb: 1.23598e-01  ab_vamb: 8.83097e-03  ce_vamb: 0.00000e+00  sse_vamb: 9.57062e-02  kld_vamb: 1.91154e-02  loss_labels: 1.01282e-02  ce_labels_labels: 3.07137e-03  kld_labels: 4.51635e+01  correct_labels_labels: 0.00000e+00  loss_joint: 1.19591e-01  ce_joint: 0.00000e+00  sse_joint: 2.15750e+01  ce_labels_joint: 3.46211e-03  kld_vamb_joint: 3.71531e+00  kld_labels_joint: 7.51773e+00  correct_labels_joint: 0.00000e+00  loss: 2.53317e-01
2026-08-13 14:43:55.391 | INFO    | 		Epoch: 65  loss_vamb: 1.23185e-01  ab_vamb: 8.72192e-03  ce_vamb: 0.00000e+00  sse_vamb: 9.50054e-02  kld_vamb: 1.92763e-02  loss_labels: 8.41870e-03  ce_labels_labels: 1.19469e-03  kld_labels: 4.62337e+01  correct_labels_labels: 0.00000e+00  loss_joint: 1.19706e-01  ce_joint: 0.00000e+00  sse_joint: 2.14042e+01  ce_labels_joint: 4.82486e-03  kld_vamb_joint: 3.68021e+00  kld_labels_joint: 7.54646e+00  correct_labels_joint: 0.00000e+00  loss: 2.51309e-01
2026-08-13 14:43:56.237 | INFO    | 		Epoch: 66  loss_vamb: 1.23485e-01  ab_vamb: 8.51559e-03  ce_vamb: 0.00000e+00  sse_vamb: 9.57786e-02  kld_vamb: 1.92977e-02  loss_labels: 8.22108e-03  ce_labels_labels: 1.12885e-03  kld_labels: 4.53903e+01  correct_labels_labels: 0.00000e+00  loss_joint: 1.19833e-01  ce_joint: 0.00000e+00  sse_joint: 2.16225e+01  ce_labels_joint: 3.74050e-03  kld_vamb_joint: 3.76559e+00  kld_labels_joint: 7.62515e+00  correct_labels_joint: 0.00000e+00  loss: 2.51539e-01
2026-08-13 14:43:57.078 | INFO    | 		Epoch: 67  loss_vamb: 1.21273e-01  ab_vamb: 6.95953e-03  ce_vamb: 0.00000e+00  sse_vamb: 9.48824e-02  kld_vamb: 1.93372e-02  loss_labels: 8.26338e-03  ce_labels_labels: 1.37466e-03  kld_labels: 4.40878e+01  correct_labels_labels: 0.00000e+00  loss_joint: 1.18700e-01  ce_joint: 0.00000e+00  sse_joint: 2.14348e+01  ce_labels_joint: 4.54987e-03  kld_vamb_joint: 3.74918e+00  kld_labels_joint: 7.68642e+00  correct_labels_joint: 0.00000e+00  loss: 2.48236e-01
2026-08-13 14:43:57.906 | INFO    | 		Epoch: 68  loss_vamb: 1.22300e-01  ab_vamb: 7.86185e-03  ce_vamb: 0.00000e+00  sse_vamb: 9.50874e-02  kld_vamb: 1.93519e-02  loss_labels: 7.52610e-03  ce_labels_labels: 8.88101e-04  kld_labels: 4.24832e+01  correct_labels_labels: 0.00000e+00  loss_joint: 1.18825e-01  ce_joint: 0.00000e+00  sse_joint: 2.14824e+01  ce_labels_joint: 3.83764e-03  kld_vamb_joint: 3.78459e+00  kld_labels_joint: 7.77867e+00  correct_labels_joint: 0.00000e+00  loss: 2.48651e-01
2026-08-13 14:43:58.750 | INFO    | 		Epoch: 69  loss_vamb: 1.21287e-01  ab_vamb: 7.35795e-03  ce_vamb: 0.00000e+00  sse_vamb: 9.43726e-02  kld_vamb: 1.94650e-02  loss_labels: 7.42836e-03  ce_labels_labels: 1.01647e-03  kld_labels: 4.10361e+01  correct_labels_labels: 0.00000e+00  loss_joint: 1.16842e-01  ce_joint: 0.00000e+00  sse_joint: 2.12991e+01  ce_labels_joint: 3.38225e-03  kld_vamb_joint: 3.80149e+00  kld_labels_joint: 7.85567e+00  correct_labels_joint: 0.00000e+00  loss: 2.45557e-01
2026-08-13 14:43:59.580 | INFO    | 		Epoch: 70  loss_vamb: 1.22289e-01  ab_vamb: 9.07740e-03  ce_vamb: 0.00000e+00  sse_vamb: 9.38236e-02  kld_vamb: 1.93723e-02  loss_labels: 7.66265e-03  ce_labels_labels: 1.41673e-03  kld_labels: 3.99739e+01  correct_labels_labels: 0.00000e+00  loss_joint: 1.17689e-01  ce_joint: 0.00000e+00  sse_joint: 2.12023e+01  ce_labels_joint: 3.05605e-03  kld_vamb_joint: 3.85765e+00  kld_labels_joint: 7.93311e+00  correct_labels_joint: 0.00000e+00  loss: 2.47640e-01
2026-08-13 14:44:00.486 | INFO    | 		Epoch: 71  loss_vamb: 1.20856e-01  ab_vamb: 7.50533e-03  ce_vamb: 0.00000e+00  sse_vamb: 9.37122e-02  kld_vamb: 1.94790e-02  loss_labels: 8.26986e-03  ce_labels_labels: 1.89899e-03  kld_labels: 4.07735e+01  correct_labels_labels: 0.00000e+00  loss_joint: 1.16960e-01  ce_joint: 0.00000e+00  sse_joint: 2.11700e+01  ce_labels_joint: 3.95814e-03  kld_vamb_joint: 3.80638e+00  kld_labels_joint: 7.90162e+00  correct_labels_joint: 0.00000e+00  loss: 2.46086e-01
2026-08-13 14:44:01.305 | INFO    | 		Epoch: 72  loss_vamb: 1.21046e-01  ab_vamb: 7.88459e-03  ce_vamb: 0.00000e+00  sse_vamb: 9.37655e-02  kld_vamb: 1.94926e-02  loss_labels: 7.96205e-03  ce_labels_labels: 1.46360e-03  kld_labels: 4.15900e+01  correct_labels_labels: 0.00000e+00  loss_joint: 1.16085e-01  ce_joint: 0.00000e+00  sse_joint: 2.11353e+01  ce_labels_joint: 3.03656e-03  kld_vamb_joint: 3.82261e+00  kld_labels_joint: 7.93941e+00  correct_labels_joint: 0.00000e+00  loss: 2.45093e-01
2026-08-13 14:44:02.124 | INFO    | 		Epoch: 73  loss_vamb: 1.19058e-01  ab_vamb: 6.21386e-03  ce_vamb: 0.00000e+00  sse_vamb: 9.32119e-02  kld_vamb: 1.95783e-02  loss_labels: 7.83088e-03  ce_labels_labels: 1.23658e-03  kld_labels: 4.22035e+01  correct_labels_labels: 0.00000e+00  loss_joint: 1.14925e-01  ce_joint: 0.00000e+00  sse_joint: 2.10194e+01  ce_labels_joint: 3.87829e-03  kld_vamb_joint: 3.82646e+00  kld_labels_joint: 8.00787e+00  correct_labels_joint: 0.00000e+00  loss: 2.41814e-01
2026-08-13 14:44:02.951 | INFO    | 		Epoch: 74  loss_vamb: 1.18317e-01  ab_vamb: 5.92988e-03  ce_vamb: 0.00000e+00  sse_vamb: 9.28535e-02  kld_vamb: 1.95340e-02  loss_labels: 8.03889e-03  ce_labels_labels: 1.47534e-03  kld_labels: 4.20068e+01  correct_labels_labels: 0.00000e+00  loss_joint: 1.14645e-01  ce_joint: 0.00000e+00  sse_joint: 2.09425e+01  ce_labels_joint: 3.79198e-03  kld_vamb_joint: 3.87424e+00  kld_labels_joint: 8.04481e+00  correct_labels_joint: 0.00000e+00  loss: 2.41000e-01
2026-08-13 14:44:03.643 | INFO    | 		Epoch: 75  loss_vamb: 1.16820e-01  ab_vamb: 5.63417e-03  ce_vamb: 0.00000e+00  sse_vamb: 9.14612e-02  kld_vamb: 1.95680e-02  loss_labels: 8.31470e-03  ce_labels_labels: 1.73444e-03  kld_labels: 4.21137e+01  correct_labels_labels: 0.00000e+00  loss_joint: 1.12692e-01  ce_joint: 0.00000e+00  sse_joint: 2.06563e+01  ce_labels_joint: 3.63890e-03  kld_vamb_joint: 3.88924e+00  kld_labels_joint: 8.08532e+00  correct_labels_joint: 0.00000e+00  loss: 2.37827e-01
2026-08-13 14:44:04.453 | INFO    | 		Epoch: 76  loss_vamb: 1.16578e-01  ab_vamb: 5.45510e-03  ce_vamb: 0.00000e+00  sse_vamb: 9.16336e-02  kld_vamb: 1.96105e-02  loss_labels: 8.08153e-03  ce_labels_labels: 1.44443e-03  kld_labels: 4.24775e+01  correct_labels_labels: 0.00000e+00  loss_joint: 1.11944e-01  ce_joint: 0.00000e+00  sse_joint: 2.07037e+01  ce_labels_joint: 3.48651e-03  kld_vamb_joint: 3.89141e+00  kld_labels_joint: 8.08157e+00  correct_labels_joint: 0.00000e+00  loss: 2.36603e-01
2026-08-13 14:44:05.311 | INFO    | 		Epoch: 77  loss_vamb: 1.17048e-01  ab_vamb: 6.32450e-03  ce_vamb: 0.00000e+00  sse_vamb: 9.08672e-02  kld_vamb: 1.96630e-02  loss_labels: 8.40780e-03  ce_labels_labels: 1.69448e-03  kld_labels: 4.29652e+01  correct_labels_labels: 0.00000e+00  loss_joint: 1.12459e-01  ce_joint: 0.00000e+00  sse_joint: 2.05215e+01  ce_labels_joint: 3.35432e-03  kld_vamb_joint: 3.87587e+00  kld_labels_joint: 8.08145e+00  correct_labels_joint: 0.00000e+00  loss: 2.37914e-01
2026-08-13 14:44:06.140 | INFO    | 		Epoch: 78  loss_vamb: 1.15835e-01  ab_vamb: 5.37318e-03  ce_vamb: 0.00000e+00  sse_vamb: 9.06514e-02  kld_vamb: 1.97076e-02  loss_labels: 7.57919e-03  ce_labels_labels: 8.75016e-04  kld_labels: 4.29067e+01  correct_labels_labels: 0.00000e+00  loss_joint: 1.10197e-01  ce_joint: 0.00000e+00  sse_joint: 2.04646e+01  ce_labels_joint: 2.84869e-03  kld_vamb_joint: 3.86431e+00  kld_labels_joint: 8.10408e+00  correct_labels_joint: 0.00000e+00  loss: 2.33612e-01
2026-08-13 14:44:06.812 | INFO    | 		Epoch: 79  loss_vamb: 1.15524e-01  ab_vamb: 5.17775e-03  ce_vamb: 0.00000e+00  sse_vamb: 9.06837e-02  kld_vamb: 1.97372e-02  loss_labels: 7.49001e-03  ce_labels_labels: 8.74547e-04  kld_labels: 4.23389e+01  correct_labels_labels: 0.00000e+00  loss_joint: 1.09295e-01  ce_joint: 0.00000e+00  sse_joint: 2.04529e+01  ce_labels_joint: 2.13788e-03  kld_vamb_joint: 3.84490e+00  kld_labels_joint: 8.13403e+00  correct_labels_joint: 0.00000e+00  loss: 2.32309e-01
2026-08-13 14:44:07.610 | INFO    | 		Epoch: 80  loss_vamb: 1.15506e-01  ab_vamb: 5.31274e-03  ce_vamb: 0.00000e+00  sse_vamb: 9.04104e-02  kld_vamb: 1.97746e-02  loss_labels: 7.28463e-03  ce_labels_labels: 8.03729e-04  kld_labels: 4.14778e+01  correct_labels_labels: 0.00000e+00  loss_joint: 1.10024e-01  ce_joint: 0.00000e+00  sse_joint: 2.03863e+01  ce_labels_joint: 2.83759e-03  kld_vamb_joint: 3.84394e+00  kld_labels_joint: 8.20868e+00  correct_labels_joint: 0.00000e+00  loss: 2.32815e-01
2026-08-13 14:44:08.438 | INFO    | 		Epoch: 81  loss_vamb: 1.14981e-01  ab_vamb: 4.94396e-03  ce_vamb: 0.00000e+00  sse_vamb: 9.02865e-02  kld_vamb: 1.97358e-02  loss_labels: 7.53407e-03  ce_labels_labels: 1.23543e-03  kld_labels: 4.03113e+01  correct_labels_labels: 0.00000e+00  loss_joint: 1.09289e-01  ce_joint: 0.00000e+00  sse_joint: 2.03358e+01  ce_labels_joint: 2.68643e-03  kld_vamb_joint: 3.86922e+00  kld_labels_joint: 8.26178e+00  correct_labels_joint: 0.00000e+00  loss: 2.31804e-01
2026-08-13 14:44:09.205 | INFO    | 		Epoch: 82  loss_vamb: 1.15567e-01  ab_vamb: 5.51898e-03  ce_vamb: 0.00000e+00  sse_vamb: 9.03210e-02  kld_vamb: 1.97650e-02  loss_labels: 7.45179e-03  ce_labels_labels: 1.24005e-03  kld_labels: 3.97551e+01  correct_labels_labels: 0.00000e+00  loss_joint: 1.10275e-01  ce_joint: 0.00000e+00  sse_joint: 2.02978e+01  ce_labels_joint: 3.65979e-03  kld_vamb_joint: 3.88439e+00  kld_labels_joint: 8.31861e+00  correct_labels_joint: 0.00000e+00  loss: 2.33294e-01
2026-08-13 14:44:10.024 | INFO    | 		Epoch: 83  loss_vamb: 1.15634e-01  ab_vamb: 5.40474e-03  ce_vamb: 0.00000e+00  sse_vamb: 9.04410e-02  kld_vamb: 1.97766e-02  loss_labels: 7.14415e-03  ce_labels_labels: 1.02125e-03  kld_labels: 3.91866e+01  correct_labels_labels: 0.00000e+00  loss_joint: 1.08898e-01  ce_joint: 0.00000e+00  sse_joint: 2.02914e+01  ce_labels_joint: 1.99416e-03  kld_vamb_joint: 3.90523e+00  kld_labels_joint: 8.36121e+00  correct_labels_joint: 0.00000e+00  loss: 2.31675e-01
2026-08-13 14:44:10.841 | INFO    | 		Epoch: 84  loss_vamb: 1.14016e-01  ab_vamb: 4.64085e-03  ce_vamb: 0.00000e+00  sse_vamb: 8.96449e-02  kld_vamb: 1.97731e-02  loss_labels: 6.82059e-03  ce_labels_labels: 7.61627e-04  kld_labels: 3.87774e+01  correct_labels_labels: 0.00000e+00  loss_joint: 1.08861e-01  ce_joint: 0.00000e+00  sse_joint: 2.01534e+01  ce_labels_joint: 3.06703e-03  kld_vamb_joint: 3.93678e+00  kld_labels_joint: 8.43656e+00  correct_labels_joint: 0.00000e+00  loss: 2.29697e-01
2026-08-13 14:44:11.658 | INFO    | 		Epoch: 85  loss_vamb: 1.14317e-01  ab_vamb: 4.72788e-03  ce_vamb: 0.00000e+00  sse_vamb: 8.98169e-02  kld_vamb: 1.98048e-02  loss_labels: 6.91237e-03  ce_labels_labels: 9.54990e-04  kld_labels: 3.81273e+01  correct_labels_labels: 0.00000e+00  loss_joint: 1.07073e-01  ce_joint: 0.00000e+00  sse_joint: 2.00803e+01  ce_labels_joint: 1.78127e-03  kld_vamb_joint: 3.91659e+00  kld_labels_joint: 8.46848e+00  correct_labels_joint: 0.00000e+00  loss: 2.28302e-01
2026-08-13 14:44:12.406 | INFO    | 		Epoch: 86  loss_vamb: 1.15832e-01  ab_vamb: 6.09444e-03  ce_vamb: 0.00000e+00  sse_vamb: 9.00447e-02  kld_vamb: 1.97690e-02  loss_labels: 7.03847e-03  ce_labels_labels: 1.15094e-03  kld_labels: 3.76802e+01  correct_labels_labels: 0.00000e+00  loss_joint: 1.08972e-01  ce_joint: 0.00000e+00  sse_joint: 2.02010e+01  ce_labels_joint: 2.24455e-03  kld_vamb_joint: 3.90176e+00  kld_labels_joint: 8.47296e+00  correct_labels_joint: 0.00000e+00  loss: 2.31842e-01
2026-08-13 14:44:13.148 | INFO    | 		Epoch: 87  loss_vamb: 1.14524e-01  ab_vamb: 5.11631e-03  ce_vamb: 0.00000e+00  sse_vamb: 8.96434e-02  kld_vamb: 1.98492e-02  loss_labels: 7.07775e-03  ce_labels_labels: 1.22287e-03  kld_labels: 3.74712e+01  correct_labels_labels: 0.00000e+00  loss_joint: 1.07418e-01  ce_joint: 0.00000e+00  sse_joint: 1.99742e+01  ce_labels_joint: 2.40595e-03  kld_vamb_joint: 3.89705e+00  kld_labels_joint: 8.50614e+00  correct_labels_joint: 0.00000e+00  loss: 2.29019e-01
2026-08-13 14:44:13.913 | INFO    | 		Epoch: 88  loss_vamb: 1.14780e-01  ab_vamb: 5.78716e-03  ce_vamb: 0.00000e+00  sse_vamb: 8.91787e-02  kld_vamb: 1.98364e-02  loss_labels: 7.08810e-03  ce_labels_labels: 1.22420e-03  kld_labels: 3.75290e+01  correct_labels_labels: 0.00000e+00  loss_joint: 1.07352e-01  ce_joint: 0.00000e+00  sse_joint: 1.99488e+01  ce_labels_joint: 1.97389e-03  kld_vamb_joint: 3.89595e+00  kld_labels_joint: 8.48763e+00  correct_labels_joint: 0.00000e+00  loss: 2.29220e-01
2026-08-13 14:44:14.709 | INFO    | 		Epoch: 89  loss_vamb: 1.14608e-01  ab_vamb: 5.57926e-03  ce_vamb: 0.00000e+00  sse_vamb: 8.91698e-02  kld_vamb: 1.98807e-02  loss_labels: 6.98138e-03  ce_labels_labels: 1.10747e-03  kld_labels: 3.75930e+01  correct_labels_labels: 0.00000e+00  loss_joint: 1.07416e-01  ce_joint: 0.00000e+00  sse_joint: 1.98960e+01  ce_labels_joint: 2.51870e-03  kld_vamb_joint: 3.90114e+00  kld_labels_joint: 8.53273e+00  correct_labels_joint: 0.00000e+00  loss: 2.29005e-01
2026-08-13 14:44:15.547 | INFO    | 		Epoch: 90  loss_vamb: 1.14722e-01  ab_vamb: 5.91013e-03  ce_vamb: 0.00000e+00  sse_vamb: 8.89651e-02  kld_vamb: 1.98829e-02  loss_labels: 6.68851e-03  ce_labels_labels: 7.95877e-04  kld_labels: 3.77128e+01  correct_labels_labels: 0.00000e+00  loss_joint: 1.08519e-01  ce_joint: 0.00000e+00  sse_joint: 1.98760e+01  ce_labels_joint: 3.23720e-03  kld_vamb_joint: 3.89402e+00  kld_labels_joint: 8.53319e+00  correct_labels_joint: 0.00000e+00  loss: 2.29930e-01
2026-08-13 14:44:16.306 | INFO    | 		Epoch: 91  loss_vamb: 1.13537e-01  ab_vamb: 5.07938e-03  ce_vamb: 0.00000e+00  sse_vamb: 8.84110e-02  kld_vamb: 1.99597e-02  loss_labels: 6.75761e-03  ce_labels_labels: 8.80665e-04  kld_labels: 3.76124e+01  correct_labels_labels: 0.00000e+00  loss_joint: 1.06440e-01  ce_joint: 0.00000e+00  sse_joint: 1.98149e+01  ce_labels_joint: 1.96446e-03  kld_vamb_joint: 3.90644e+00  kld_labels_joint: 8.57498e+00  correct_labels_joint: 0.00000e+00  loss: 2.26734e-01
2026-08-13 14:44:16.997 | INFO    | 		Epoch: 92  loss_vamb: 1.13591e-01  ab_vamb: 5.19673e-03  ce_vamb: 0.00000e+00  sse_vamb: 8.84056e-02  kld_vamb: 1.99389e-02  loss_labels: 7.67328e-03  ce_labels_labels: 1.86441e-03  kld_labels: 3.71768e+01  correct_labels_labels: 0.00000e+00  loss_joint: 1.06512e-01  ce_joint: 0.00000e+00  sse_joint: 1.98121e+01  ce_labels_joint: 2.37678e-03  kld_vamb_joint: 3.90095e+00  kld_labels_joint: 8.59038e+00  correct_labels_joint: 0.00000e+00  loss: 2.27776e-01
2026-08-13 14:44:17.822 | INFO    | 		Epoch: 93  loss_vamb: 1.13497e-01  ab_vamb: 4.85066e-03  ce_vamb: 0.00000e+00  sse_vamb: 8.88169e-02  kld_vamb: 1.98834e-02  loss_labels: 6.79471e-03  ce_labels_labels: 1.00693e-03  kld_labels: 3.70418e+01  correct_labels_labels: 0.00000e+00  loss_joint: 1.06881e-01  ce_joint: 0.00000e+00  sse_joint: 1.98430e+01  ce_labels_joint: 2.59696e-03  kld_vamb_joint: 3.91681e+00  kld_labels_joint: 8.65066e+00  correct_labels_joint: 0.00000e+00  loss: 2.27173e-01
2026-08-13 14:44:18.571 | INFO    | 		Epoch: 94  loss_vamb: 1.14325e-01  ab_vamb: 5.24676e-03  ce_vamb: 0.00000e+00  sse_vamb: 8.92701e-02  kld_vamb: 1.99154e-02  loss_labels: 7.28427e-03  ce_labels_labels: 1.51196e-03  kld_labels: 3.69428e+01  correct_labels_labels: 0.00000e+00  loss_joint: 1.06677e-01  ce_joint: 0.00000e+00  sse_joint: 1.99572e+01  ce_labels_joint: 2.15993e-03  kld_vamb_joint: 3.92816e+00  kld_labels_joint: 8.70443e+00  correct_labels_joint: 0.00000e+00  loss: 2.28286e-01
2026-08-13 14:44:19.356 | INFO    | 		Epoch: 95  loss_vamb: 1.13446e-01  ab_vamb: 5.45087e-03  ce_vamb: 0.00000e+00  sse_vamb: 8.78736e-02  kld_vamb: 1.99881e-02  loss_labels: 7.33668e-03  ce_labels_labels: 1.46993e-03  kld_labels: 3.75472e+01  correct_labels_labels: 0.00000e+00  loss_joint: 1.05626e-01  ce_joint: 0.00000e+00  sse_joint: 1.96558e+01  ce_labels_joint: 1.96640e-03  kld_vamb_joint: 3.92904e+00  kld_labels_joint: 8.69048e+00  correct_labels_joint: 0.00000e+00  loss: 2.26409e-01
2026-08-13 14:44:20.177 | INFO    | 		Epoch: 96  loss_vamb: 1.14555e-01  ab_vamb: 6.04668e-03  ce_vamb: 0.00000e+00  sse_vamb: 8.86844e-02  kld_vamb: 2.00348e-02  loss_labels: 6.86559e-03  ce_labels_labels: 8.63335e-04  kld_labels: 3.84144e+01  correct_labels_labels: 0.00000e+00  loss_joint: 1.06938e-01  ce_joint: 0.00000e+00  sse_joint: 1.97571e+01  ce_labels_joint: 2.22909e-03  kld_vamb_joint: 3.95999e+00  kld_labels_joint: 8.70615e+00  correct_labels_joint: 0.00000e+00  loss: 2.28358e-01
2026-08-13 14:44:21.178 | INFO    | 		Epoch: 97  loss_vamb: 1.13713e-01  ab_vamb: 5.53368e-03  ce_vamb: 0.00000e+00  sse_vamb: 8.81001e-02  kld_vamb: 2.00231e-02  loss_labels: 7.49248e-03  ce_labels_labels: 1.41839e-03  kld_labels: 3.88742e+01  correct_labels_labels: 0.00000e+00  loss_joint: 1.05834e-01  ce_joint: 0.00000e+00  sse_joint: 1.96594e+01  ce_labels_joint: 2.20902e-03  kld_vamb_joint: 3.94878e+00  kld_labels_joint: 8.71029e+00  correct_labels_joint: 0.00000e+00  loss: 2.27040e-01
2026-08-13 14:44:21.980 | INFO    | 		Epoch: 98  loss_vamb: 1.12582e-01  ab_vamb: 4.63050e-03  ce_vamb: 0.00000e+00  sse_vamb: 8.80033e-02  kld_vamb: 2.00111e-02  loss_labels: 6.84795e-03  ce_labels_labels: 7.72880e-04  kld_labels: 3.88805e+01  correct_labels_labels: 0.00000e+00  loss_joint: 1.04280e-01  ce_joint: 0.00000e+00  sse_joint: 1.96094e+01  ce_labels_joint: 1.67116e-03  kld_vamb_joint: 3.94433e+00  kld_labels_joint: 8.71075e+00  correct_labels_joint: 0.00000e+00  loss: 2.23709e-01
2026-08-13 14:44:22.838 | INFO    | 		Epoch: 99  loss_vamb: 1.13010e-01  ab_vamb: 4.96740e-03  ce_vamb: 0.00000e+00  sse_vamb: 8.81354e-02  kld_vamb: 2.00581e-02  loss_labels: 6.75187e-03  ce_labels_labels: 7.26585e-04  kld_labels: 3.85618e+01  correct_labels_labels: 0.00000e+00  loss_joint: 1.05036e-01  ce_joint: 0.00000e+00  sse_joint: 1.96009e+01  ce_labels_joint: 2.27612e-03  kld_vamb_joint: 3.93698e+00  kld_labels_joint: 8.73958e+00  correct_labels_joint: 0.00000e+00  loss: 2.24799e-01
2026-08-13 14:44:23.635 | INFO    | 		Epoch: 100  loss_vamb: 1.13004e-01  ab_vamb: 5.40688e-03  ce_vamb: 0.00000e+00  sse_vamb: 8.75275e-02  kld_vamb: 2.00610e-02  loss_labels: 7.35237e-03  ce_labels_labels: 1.33369e-03  kld_labels: 3.85196e+01  correct_labels_labels: 0.00000e+00  loss_joint: 1.04648e-01  ce_joint: 0.00000e+00  sse_joint: 1.94198e+01  ce_labels_joint: 2.14110e-03  kld_vamb_joint: 3.94288e+00  kld_labels_joint: 8.75085e+00  correct_labels_joint: 0.00000e+00  loss: 2.25004e-01
2026-08-13 14:44:24.478 | INFO    | 		Epoch: 101  loss_vamb: 1.12664e-01  ab_vamb: 5.08562e-03  ce_vamb: 0.00000e+00  sse_vamb: 8.74271e-02  kld_vamb: 2.00596e-02  loss_labels: 6.82648e-03  ce_labels_labels: 7.95839e-04  kld_labels: 3.85961e+01  correct_labels_labels: 0.00000e+00  loss_joint: 1.03986e-01  ce_joint: 0.00000e+00  sse_joint: 1.94592e+01  ce_labels_joint: 1.86679e-03  kld_vamb_joint: 3.94314e+00  kld_labels_joint: 8.78056e+00  correct_labels_joint: 0.00000e+00  loss: 2.23476e-01
2026-08-13 14:44:25.298 | INFO    | 		Epoch: 102  loss_vamb: 1.13275e-01  ab_vamb: 5.70033e-03  ce_vamb: 0.00000e+00  sse_vamb: 8.74155e-02  kld_vamb: 2.00769e-02  loss_labels: 7.17016e-03  ce_labels_labels: 1.17581e-03  kld_labels: 3.83639e+01  correct_labels_labels: 0.00000e+00  loss_joint: 1.05131e-01  ce_joint: 0.00000e+00  sse_joint: 1.94153e+01  ce_labels_joint: 2.58105e-03  kld_vamb_joint: 3.92749e+00  kld_labels_joint: 8.78217e+00  correct_labels_joint: 0.00000e+00  loss: 2.25576e-01
2026-08-13 14:44:26.111 | INFO    | 		Epoch: 103  loss_vamb: 1.13321e-01  ab_vamb: 5.41404e-03  ce_vamb: 0.00000e+00  sse_vamb: 8.77764e-02  kld_vamb: 2.00735e-02  loss_labels: 6.63861e-03  ce_labels_labels: 6.95890e-04  kld_labels: 3.80334e+01  correct_labels_labels: 0.00000e+00  loss_joint: 1.05488e-01  ce_joint: 0.00000e+00  sse_joint: 1.95015e+01  ce_labels_joint: 2.74230e-03  kld_vamb_joint: 3.93965e+00  kld_labels_joint: 8.80911e+00  correct_labels_joint: 0.00000e+00  loss: 2.25448e-01
2026-08-13 14:44:26.948 | INFO    | 		Epoch: 104  loss_vamb: 1.12675e-01  ab_vamb: 5.25674e-03  ce_vamb: 0.00000e+00  sse_vamb: 8.73011e-02  kld_vamb: 2.01554e-02  loss_labels: 6.90325e-03  ce_labels_labels: 1.03080e-03  kld_labels: 3.75837e+01  correct_labels_labels: 0.00000e+00  loss_joint: 1.04998e-01  ce_joint: 0.00000e+00  sse_joint: 1.94903e+01  ce_labels_joint: 2.49959e-03  kld_vamb_joint: 3.95000e+00  kld_labels_joint: 8.87083e+00  correct_labels_joint: 0.00000e+00  loss: 2.24576e-01
2026-08-13 14:44:27.770 | INFO    | 		Epoch: 105  loss_vamb: 1.11879e-01  ab_vamb: 4.69573e-03  ce_vamb: 0.00000e+00  sse_vamb: 8.71937e-02  kld_vamb: 2.01523e-02  loss_labels: 6.53860e-03  ce_labels_labels: 7.45746e-04  kld_labels: 3.70743e+01  correct_labels_labels: 0.00000e+00  loss_joint: 1.03592e-01  ce_joint: 0.00000e+00  sse_joint: 1.93923e+01  ce_labels_joint: 2.17906e-03  kld_vamb_joint: 3.97701e+00  kld_labels_joint: 8.90761e+00  correct_labels_joint: 0.00000e+00  loss: 2.22010e-01
2026-08-13 14:44:28.824 | INFO    | 		Epoch: 106  loss_vamb: 1.12342e-01  ab_vamb: 4.76696e-03  ce_vamb: 0.00000e+00  sse_vamb: 8.74090e-02  kld_vamb: 2.01981e-02  loss_labels: 6.91387e-03  ce_labels_labels: 1.19490e-03  kld_labels: 3.66014e+01  correct_labels_labels: 0.00000e+00  loss_joint: 1.03543e-01  ce_joint: 0.00000e+00  sse_joint: 1.93838e+01  ce_labels_joint: 1.56647e-03  kld_vamb_joint: 3.98232e+00  kld_labels_joint: 8.96644e+00  correct_labels_joint: 0.00000e+00  loss: 2.22799e-01
2026-08-13 14:44:29.605 | INFO    | 		Epoch: 107  loss_vamb: 1.12484e-01  ab_vamb: 5.60419e-03  ce_vamb: 0.00000e+00  sse_vamb: 8.67079e-02  kld_vamb: 2.02388e-02  loss_labels: 6.93758e-03  ce_labels_labels: 1.27850e-03  kld_labels: 3.62181e+01  correct_labels_labels: 0.00000e+00  loss_joint: 1.03608e-01  ce_joint: 0.00000e+00  sse_joint: 1.92701e+01  ce_labels_joint: 1.74818e-03  kld_vamb_joint: 3.99659e+00  kld_labels_joint: 9.00803e+00  correct_labels_joint: 0.00000e+00  loss: 2.23030e-01
2026-08-13 14:44:30.415 | INFO    | 		Epoch: 108  loss_vamb: 1.11814e-01  ab_vamb: 4.81743e-03  ce_vamb: 0.00000e+00  sse_vamb: 8.67572e-02  kld_vamb: 2.01769e-02  loss_labels: 7.00704e-03  ce_labels_labels: 1.36150e-03  kld_labels: 3.61315e+01  correct_labels_labels: 0.00000e+00  loss_joint: 1.02788e-01  ce_joint: 0.00000e+00  sse_joint: 1.92197e+01  ce_labels_joint: 2.04044e-03  kld_vamb_joint: 4.01543e+00  kld_labels_joint: 9.03560e+00  correct_labels_joint: 0.00000e+00  loss: 2.21609e-01
2026-08-13 14:44:31.198 | INFO    | 		Epoch: 109  loss_vamb: 1.11974e-01  ab_vamb: 5.20131e-03  ce_vamb: 0.00000e+00  sse_vamb: 8.65120e-02  kld_vamb: 2.02444e-02  loss_labels: 6.86007e-03  ce_labels_labels: 1.24636e-03  kld_labels: 3.59278e+01  correct_labels_labels: 0.00000e+00  loss_joint: 1.04249e-01  ce_joint: 0.00000e+00  sse_joint: 1.92895e+01  ce_labels_joint: 2.75259e-03  kld_vamb_joint: 3.98901e+00  kld_labels_joint: 9.04366e+00  correct_labels_joint: 0.00000e+00  loss: 2.23083e-01
2026-08-13 14:44:32.052 | INFO    | 		Epoch: 110  loss_vamb: 1.12181e-01  ab_vamb: 4.87588e-03  ce_vamb: 0.00000e+00  sse_vamb: 8.70397e-02  kld_vamb: 2.02212e-02  loss_labels: 7.43724e-03  ce_labels_labels: 1.80412e-03  kld_labels: 3.60520e+01  correct_labels_labels: 0.00000e+00  loss_joint: 1.03206e-01  ce_joint: 0.00000e+00  sse_joint: 1.92437e+01  ce_labels_joint: 2.14840e-03  kld_vamb_joint: 4.00310e+00  kld_labels_joint: 9.07044e+00  correct_labels_joint: 0.00000e+00  loss: 2.22824e-01
2026-08-13 14:44:32.852 | INFO    | 		Epoch: 111  loss_vamb: 1.12561e-01  ab_vamb: 5.80107e-03  ce_vamb: 0.00000e+00  sse_vamb: 8.65002e-02  kld_vamb: 2.02852e-02  loss_labels: 7.02150e-03  ce_labels_labels: 1.24832e-03  kld_labels: 3.69483e+01  correct_labels_labels: 0.00000e+00  loss_joint: 1.03678e-01  ce_joint: 0.00000e+00  sse_joint: 1.91057e+01  ce_labels_joint: 2.76027e-03  kld_vamb_joint: 4.01415e+00  kld_labels_joint: 9.05619e+00  correct_labels_joint: 0.00000e+00  loss: 2.23260e-01
2026-08-13 14:44:33.713 | INFO    | 		Epoch: 112  loss_vamb: 1.11492e-01  ab_vamb: 5.03989e-03  ce_vamb: 0.00000e+00  sse_vamb: 8.61888e-02  kld_vamb: 2.02557e-02  loss_labels: 7.03067e-03  ce_labels_labels: 1.06590e-03  kld_labels: 3.81745e+01  correct_labels_labels: 0.00000e+00  loss_joint: 1.03637e-01  ce_joint: 0.00000e+00  sse_joint: 1.90667e+01  ce_labels_joint: 3.20388e-03  kld_vamb_joint: 4.01277e+00  kld_labels_joint: 9.01661e+00  correct_labels_joint: 0.00000e+00  loss: 2.22160e-01
2026-08-13 14:44:34.546 | INFO    | 		Epoch: 113  loss_vamb: 1.11310e-01  ab_vamb: 5.23389e-03  ce_vamb: 0.00000e+00  sse_vamb: 8.59010e-02  kld_vamb: 2.02557e-02  loss_labels: 6.59669e-03  ce_labels_labels: 5.43210e-04  kld_labels: 3.87423e+01  correct_labels_labels: 0.00000e+00  loss_joint: 1.02220e-01  ce_joint: 0.00000e+00  sse_joint: 1.90971e+01  ce_labels_joint: 1.95971e-03  kld_vamb_joint: 4.03396e+00  kld_labels_joint: 9.02963e+00  correct_labels_joint: 0.00000e+00  loss: 2.20126e-01
2026-08-13 14:44:35.372 | INFO    | 		Epoch: 114  loss_vamb: 1.11460e-01  ab_vamb: 5.08580e-03  ce_vamb: 0.00000e+00  sse_vamb: 8.60868e-02  kld_vamb: 2.02315e-02  loss_labels: 7.24812e-03  ce_labels_labels: 1.22219e-03  kld_labels: 3.85660e+01  correct_labels_labels: 0.00000e+00  loss_joint: 1.02819e-01  ce_joint: 0.00000e+00  sse_joint: 1.90822e+01  ce_labels_joint: 2.13285e-03  kld_vamb_joint: 4.02467e+00  kld_labels_joint: 9.05516e+00  correct_labels_joint: 0.00000e+00  loss: 2.21527e-01
2026-08-13 14:44:36.186 | INFO    | 		Epoch: 115  loss_vamb: 1.11558e-01  ab_vamb: 5.38004e-03  ce_vamb: 0.00000e+00  sse_vamb: 8.59184e-02  kld_vamb: 2.03269e-02  loss_labels: 6.86131e-03  ce_labels_labels: 8.48803e-04  kld_labels: 3.84801e+01  correct_labels_labels: 0.00000e+00  loss_joint: 1.02649e-01  ce_joint: 0.00000e+00  sse_joint: 1.90340e+01  ce_labels_joint: 1.94337e-03  kld_vamb_joint: 4.02207e+00  kld_labels_joint: 9.07244e+00  correct_labels_joint: 0.00000e+00  loss: 2.21068e-01
2026-08-13 14:44:37.042 | INFO    | 		Epoch: 116  loss_vamb: 1.12137e-01  ab_vamb: 5.56565e-03  ce_vamb: 0.00000e+00  sse_vamb: 8.63821e-02  kld_vamb: 2.02884e-02  loss_labels: 6.69029e-03  ce_labels_labels: 7.52616e-04  kld_labels: 3.80011e+01  correct_labels_labels: 0.00000e+00  loss_joint: 1.02504e-01  ce_joint: 0.00000e+00  sse_joint: 1.90822e+01  ce_labels_joint: 1.62258e-03  kld_vamb_joint: 4.03562e+00  kld_labels_joint: 9.09090e+00  correct_labels_joint: 0.00000e+00  loss: 2.21332e-01
2026-08-13 14:44:37.791 | INFO    | 		Epoch: 117  loss_vamb: 1.11827e-01  ab_vamb: 5.75167e-03  ce_vamb: 0.00000e+00  sse_vamb: 8.57964e-02  kld_vamb: 2.03223e-02  loss_labels: 6.69487e-03  ce_labels_labels: 8.33186e-04  kld_labels: 3.75148e+01  correct_labels_labels: 0.00000e+00  loss_joint: 1.03166e-01  ce_joint: 0.00000e+00  sse_joint: 1.89918e+01  ce_labels_joint: 2.76317e-03  kld_vamb_joint: 4.05130e+00  kld_labels_joint: 9.15758e+00  correct_labels_joint: 0.00000e+00  loss: 2.21688e-01
2026-08-13 14:44:38.659 | INFO    | 		Epoch: 118  loss_vamb: 1.11063e-01  ab_vamb: 4.96189e-03  ce_vamb: 0.00000e+00  sse_vamb: 8.57028e-02  kld_vamb: 2.03937e-02  loss_labels: 6.51471e-03  ce_labels_labels: 7.39550e-04  kld_labels: 3.69610e+01  correct_labels_labels: 0.00000e+00  loss_joint: 1.02841e-01  ce_joint: 0.00000e+00  sse_joint: 1.90219e+01  ce_labels_joint: 2.86972e-03  kld_vamb_joint: 4.06247e+00  kld_labels_joint: 9.19643e+00  correct_labels_joint: 0.00000e+00  loss: 2.20419e-01
2026-08-13 14:44:39.436 | INFO    | 		Epoch: 119  loss_vamb: 1.10579e-01  ab_vamb: 4.98105e-03  ce_vamb: 0.00000e+00  sse_vamb: 8.52980e-02  kld_vamb: 2.03801e-02  loss_labels: 6.59968e-03  ce_labels_labels: 9.09512e-04  kld_labels: 3.64171e+01  correct_labels_labels: 0.00000e+00  loss_joint: 1.02478e-01  ce_joint: 0.00000e+00  sse_joint: 1.89992e+01  ce_labels_joint: 2.39026e-03  kld_vamb_joint: 4.08565e+00  kld_labels_joint: 9.24497e+00  correct_labels_joint: 0.00000e+00  loss: 2.19656e-01
2026-08-13 14:44:40.252 | INFO    | 		Epoch: 120  loss_vamb: 1.10445e-01  ab_vamb: 4.57278e-03  ce_vamb: 0.00000e+00  sse_vamb: 8.55361e-02  kld_vamb: 2.03969e-02  loss_labels: 6.64674e-03  ce_labels_labels: 1.03592e-03  kld_labels: 3.59093e+01  correct_labels_labels: 0.00000e+00  loss_joint: 1.03742e-01  ce_joint: 0.00000e+00  sse_joint: 1.90486e+01  ce_labels_joint: 4.02926e-03  kld_vamb_joint: 4.08262e+00  kld_labels_joint: 9.27726e+00  correct_labels_joint: 0.00000e+00  loss: 2.20833e-01
2026-08-13 14:44:41.109 | INFO    | 		Epoch: 121  loss_vamb: 1.10876e-01  ab_vamb: 4.97922e-03  ce_vamb: 0.00000e+00  sse_vamb: 8.55317e-02  kld_vamb: 2.04186e-02  loss_labels: 7.68115e-03  ce_labels_labels: 2.13293e-03  kld_labels: 3.55086e+01  correct_labels_labels: 0.00000e+00  loss_joint: 1.01338e-01  ce_joint: 0.00000e+00  sse_joint: 1.89324e+01  ce_labels_joint: 1.93071e-03  kld_vamb_joint: 4.08460e+00  kld_labels_joint: 9.31368e+00  correct_labels_joint: 0.00000e+00  loss: 2.19896e-01
2026-08-13 14:44:42.177 | INFO    | 		Epoch: 122  loss_vamb: 1.11051e-01  ab_vamb: 5.23377e-03  ce_vamb: 0.00000e+00  sse_vamb: 8.54496e-02  kld_vamb: 2.04565e-02  loss_labels: 6.82025e-03  ce_labels_labels: 1.22003e-03  kld_labels: 3.58414e+01  correct_labels_labels: 0.00000e+00  loss_joint: 1.02339e-01  ce_joint: 0.00000e+00  sse_joint: 1.90049e+01  ce_labels_joint: 2.31300e-03  kld_vamb_joint: 4.10169e+00  kld_labels_joint: 9.33297e+00  correct_labels_joint: 0.00000e+00  loss: 2.20211e-01
2026-08-13 14:44:43.056 | INFO    | 		Epoch: 123  loss_vamb: 1.11229e-01  ab_vamb: 5.31112e-03  ce_vamb: 0.00000e+00  sse_vamb: 8.54223e-02  kld_vamb: 2.04681e-02  loss_labels: 8.04136e-03  ce_labels_labels: 2.36686e-03  kld_labels: 3.63168e+01  correct_labels_labels: 0.00000e+00  loss_joint: 1.01514e-01  ce_joint: 0.00000e+00  sse_joint: 1.89422e+01  ce_labels_joint: 1.69400e-03  kld_vamb_joint: 4.10304e+00  kld_labels_joint: 9.35851e+00  correct_labels_joint: 0.00000e+00  loss: 2.20785e-01
2026-08-13 14:44:43.894 | INFO    | 		Epoch: 124  loss_vamb: 1.10289e-01  ab_vamb: 5.11162e-03  ce_vamb: 0.00000e+00  sse_vamb: 8.47532e-02  kld_vamb: 2.04242e-02  loss_labels: 7.48341e-03  ce_labels_labels: 1.67722e-03  kld_labels: 3.71596e+01  correct_labels_labels: 0.00000e+00  loss_joint: 1.01405e-01  ce_joint: 0.00000e+00  sse_joint: 1.88151e+01  ce_labels_joint: 2.18116e-03  kld_vamb_joint: 4.11821e+00  kld_labels_joint: 9.34689e+00  correct_labels_joint: 0.00000e+00  loss: 2.19178e-01
2026-08-13 14:44:44.904 | INFO    | 		Epoch: 125  loss_vamb: 1.11027e-01  ab_vamb: 5.19407e-03  ce_vamb: 0.00000e+00  sse_vamb: 8.52800e-02  kld_vamb: 2.04596e-02  loss_labels: 6.68345e-03  ce_labels_labels: 7.00400e-04  kld_labels: 3.82915e+01  correct_labels_labels: 0.00000e+00  loss_joint: 1.01516e-01  ce_joint: 0.00000e+00  sse_joint: 1.88274e+01  ce_labels_joint: 2.01521e-03  kld_vamb_joint: 4.13402e+00  kld_labels_joint: 9.33708e+00  correct_labels_joint: 0.00000e+00  loss: 2.19226e-01
2026-08-13 14:44:45.747 | INFO    | 		Epoch: 126  loss_vamb: 1.10318e-01  ab_vamb: 5.23828e-03  ce_vamb: 0.00000e+00  sse_vamb: 8.45869e-02  kld_vamb: 2.04853e-02  loss_labels: 7.00911e-03  ce_labels_labels: 9.74540e-04  kld_labels: 3.86213e+01  correct_labels_labels: 0.00000e+00  loss_joint: 1.01909e-01  ce_joint: 0.00000e+00  sse_joint: 1.87520e+01  ce_labels_joint: 3.08598e-03  kld_vamb_joint: 4.12545e+00  kld_labels_joint: 9.32381e+00  correct_labels_joint: 0.00000e+00  loss: 2.19236e-01
2026-08-13 14:44:46.579 | INFO    | 		Epoch: 127  loss_vamb: 1.10159e-01  ab_vamb: 4.95905e-03  ce_vamb: 0.00000e+00  sse_vamb: 8.46400e-02  kld_vamb: 2.04764e-02  loss_labels: 7.07304e-03  ce_labels_labels: 1.00358e-03  kld_labels: 3.88446e+01  correct_labels_labels: 0.00000e+00  loss_joint: 1.01036e-01  ce_joint: 0.00000e+00  sse_joint: 1.87200e+01  ce_labels_joint: 2.54878e-03  kld_vamb_joint: 4.15393e+00  kld_labels_joint: 9.37357e+00  correct_labels_joint: 0.00000e+00  loss: 2.18268e-01
2026-08-13 14:44:47.358 | INFO    | 		Epoch: 128  loss_vamb: 1.10915e-01  ab_vamb: 5.46376e-03  ce_vamb: 0.00000e+00  sse_vamb: 8.47441e-02  kld_vamb: 2.05491e-02  loss_labels: 6.87464e-03  ce_labels_labels: 8.54061e-04  kld_labels: 3.85317e+01  correct_labels_labels: 0.00000e+00  loss_joint: 1.00820e-01  ce_joint: 0.00000e+00  sse_joint: 1.87280e+01  ce_labels_joint: 1.88192e-03  kld_vamb_joint: 4.15815e+00  kld_labels_joint: 9.41535e+00  correct_labels_joint: 0.00000e+00  loss: 2.18610e-01
2026-08-13 14:44:48.173 | INFO    | 		Epoch: 129  loss_vamb: 1.10409e-01  ab_vamb: 5.45906e-03  ce_vamb: 0.00000e+00  sse_vamb: 8.44595e-02  kld_vamb: 2.05923e-02  loss_labels: 6.99156e-03  ce_labels_labels: 1.04052e-03  kld_labels: 3.80866e+01  correct_labels_labels: 0.00000e+00  loss_joint: 1.00683e-01  ce_joint: 0.00000e+00  sse_joint: 1.86516e+01  ce_labels_joint: 2.42509e-03  kld_vamb_joint: 4.17333e+00  kld_labels_joint: 9.47072e+00  correct_labels_joint: 0.00000e+00  loss: 2.18084e-01
2026-08-13 14:44:49.009 | INFO    | 		Epoch: 130  loss_vamb: 1.10796e-01  ab_vamb: 5.73665e-03  ce_vamb: 0.00000e+00  sse_vamb: 8.46619e-02  kld_vamb: 2.05724e-02  loss_labels: 7.32059e-03  ce_labels_labels: 1.35865e-03  kld_labels: 3.81564e+01  correct_labels_labels: 0.00000e+00  loss_joint: 1.01006e-01  ce_joint: 0.00000e+00  sse_joint: 1.87890e+01  ce_labels_joint: 1.93175e-03  kld_vamb_joint: 4.16496e+00  kld_labels_joint: 9.41783e+00  correct_labels_joint: 0.00000e+00  loss: 2.19123e-01
2026-08-13 14:44:49.975 | INFO    | 		Epoch: 131  loss_vamb: 1.10332e-01  ab_vamb: 5.40380e-03  ce_vamb: 0.00000e+00  sse_vamb: 8.42322e-02  kld_vamb: 2.05489e-02  loss_labels: 6.58636e-03  ce_labels_labels: 6.43407e-04  kld_labels: 3.80349e+01  correct_labels_labels: 0.00000e+00  loss_joint: 1.00142e-01  ce_joint: 0.00000e+00  sse_joint: 1.85773e+01  ce_labels_joint: 2.08372e-03  kld_vamb_joint: 4.17396e+00  kld_labels_joint: 9.47627e+00  correct_labels_joint: 0.00000e+00  loss: 2.17060e-01
2026-08-13 14:44:50.783 | INFO    | 		Epoch: 132  loss_vamb: 1.09858e-01  ab_vamb: 4.89646e-03  ce_vamb: 0.00000e+00  sse_vamb: 8.41769e-02  kld_vamb: 2.06414e-02  loss_labels: 6.80280e-03  ce_labels_labels: 9.08118e-04  kld_labels: 3.77260e+01  correct_labels_labels: 0.00000e+00  loss_joint: 1.01335e-01  ce_joint: 0.00000e+00  sse_joint: 1.86126e+01  ce_labels_joint: 3.16235e-03  kld_vamb_joint: 4.17151e+00  kld_labels_joint: 9.49875e+00  correct_labels_joint: 0.00000e+00  loss: 2.17995e-01
2026-08-13 14:44:51.658 | INFO    | 		Epoch: 133  loss_vamb: 1.09589e-01  ab_vamb: 5.00577e-03  ce_vamb: 0.00000e+00  sse_vamb: 8.39010e-02  kld_vamb: 2.06713e-02  loss_labels: 6.55020e-03  ce_labels_labels: 7.39049e-04  kld_labels: 3.71914e+01  correct_labels_labels: 0.00000e+00  loss_joint: 1.00054e-01  ce_joint: 0.00000e+00  sse_joint: 1.86047e+01  ce_labels_joint: 2.27561e-03  kld_vamb_joint: 4.15724e+00  kld_labels_joint: 9.52659e+00  correct_labels_joint: 0.00000e+00  loss: 2.16194e-01
2026-08-13 14:44:52.467 | INFO    | 		Epoch: 134  loss_vamb: 1.09711e-01  ab_vamb: 5.19913e-03  ce_vamb: 0.00000e+00  sse_vamb: 8.38518e-02  kld_vamb: 2.06201e-02  loss_labels: 6.62953e-03  ce_labels_labels: 9.02847e-04  kld_labels: 3.66508e+01  correct_labels_labels: 0.00000e+00  loss_joint: 9.97948e-02  ce_joint: 0.00000e+00  sse_joint: 1.84986e+01  ce_labels_joint: 2.41272e-03  kld_vamb_joint: 4.16269e+00  kld_labels_joint: 9.53657e+00  correct_labels_joint: 0.00000e+00  loss: 2.16136e-01
2026-08-13 14:44:53.283 | INFO    | 		Epoch: 135  loss_vamb: 1.09331e-01  ab_vamb: 4.86295e-03  ce_vamb: 0.00000e+00  sse_vamb: 8.36193e-02  kld_vamb: 2.05938e-02  loss_labels: 7.16792e-03  ce_labels_labels: 1.51094e-03  kld_labels: 3.62047e+01  correct_labels_labels: 0.00000e+00  loss_joint: 1.00128e-01  ce_joint: 0.00000e+00  sse_joint: 1.84953e+01  ce_labels_joint: 2.61409e-03  kld_vamb_joint: 4.19850e+00  kld_labels_joint: 9.62381e+00  correct_labels_joint: 0.00000e+00  loss: 2.16627e-01
2026-08-13 14:44:54.160 | INFO    | 		Epoch: 136  loss_vamb: 1.11402e-01  ab_vamb: 6.88391e-03  ce_vamb: 0.00000e+00  sse_vamb: 8.40809e-02  kld_vamb: 2.06155e-02  loss_labels: 6.54273e-03  ce_labels_labels: 8.64881e-04  kld_labels: 3.63382e+01  correct_labels_labels: 0.00000e+00  loss_joint: 1.02100e-01  ce_joint: 0.00000e+00  sse_joint: 1.86025e+01  ce_labels_joint: 2.33891e-03  kld_vamb_joint: 4.19849e+00  kld_labels_joint: 9.62828e+00  correct_labels_joint: 0.00000e+00  loss: 2.20045e-01
2026-08-13 14:44:55.036 | INFO    | 		Epoch: 137  loss_vamb: 1.09310e-01  ab_vamb: 4.98163e-03  ce_vamb: 0.00000e+00  sse_vamb: 8.36444e-02  kld_vamb: 2.06971e-02  loss_labels: 6.73782e-03  ce_labels_labels: 1.03865e-03  kld_labels: 3.64747e+01  correct_labels_labels: 0.00000e+00  loss_joint: 9.90773e-02  ce_joint: 0.00000e+00  sse_joint: 1.85335e+01  ce_labels_joint: 1.72050e-03  kld_vamb_joint: 4.20012e+00  kld_labels_joint: 9.63834e+00  correct_labels_joint: 0.00000e+00  loss: 2.15125e-01
2026-08-13 14:44:55.850 | INFO    | 		Epoch: 138  loss_vamb: 1.09821e-01  ab_vamb: 5.14039e-03  ce_vamb: 0.00000e+00  sse_vamb: 8.38654e-02  kld_vamb: 2.06810e-02  loss_labels: 6.83391e-03  ce_labels_labels: 1.13182e-03  kld_labels: 3.64934e+01  correct_labels_labels: 0.00000e+00  loss_joint: 9.87477e-02  ce_joint: 0.00000e+00  sse_joint: 1.84719e+01  ce_labels_joint: 1.38032e-03  kld_vamb_joint: 4.22330e+00  kld_labels_joint: 9.65584e+00  correct_labels_joint: 0.00000e+00  loss: 2.15403e-01
2026-08-13 14:44:56.808 | INFO    | 		Epoch: 139  loss_vamb: 1.09627e-01  ab_vamb: 5.49992e-03  ce_vamb: 0.00000e+00  sse_vamb: 8.33516e-02  kld_vamb: 2.07347e-02  loss_labels: 6.37489e-03  ce_labels_labels: 7.18066e-04  kld_labels: 3.62037e+01  correct_labels_labels: 0.00000e+00  loss_joint: 9.93226e-02  ce_joint: 0.00000e+00  sse_joint: 1.83857e+01  ce_labels_joint: 1.98294e-03  kld_vamb_joint: 4.22328e+00  kld_labels_joint: 9.70397e+00  correct_labels_joint: 0.00000e+00  loss: 2.15324e-01
2026-08-13 14:44:57.624 | INFO    | 		Epoch: 140  loss_vamb: 1.09762e-01  ab_vamb: 5.61173e-03  ce_vamb: 0.00000e+00  sse_vamb: 8.35812e-02  kld_vamb: 2.06991e-02  loss_labels: 6.56713e-03  ce_labels_labels: 9.41050e-04  kld_labels: 3.60069e+01  correct_labels_labels: 0.00000e+00  loss_joint: 9.91536e-02  ce_joint: 0.00000e+00  sse_joint: 1.84175e+01  ce_labels_joint: 2.07221e-03  kld_vamb_joint: 4.19687e+00  kld_labels_joint: 9.68210e+00  correct_labels_joint: 0.00000e+00  loss: 2.15483e-01
2026-08-13 14:44:58.593 | INFO    | 		Epoch: 141  loss_vamb: 1.09004e-01  ab_vamb: 4.99714e-03  ce_vamb: 0.00000e+00  sse_vamb: 8.33516e-02  kld_vamb: 2.06950e-02  loss_labels: 6.48164e-03  ce_labels_labels: 8.93461e-04  kld_labels: 3.57644e+01  correct_labels_labels: 0.00000e+00  loss_joint: 9.93393e-02  ce_joint: 0.00000e+00  sse_joint: 1.84018e+01  ce_labels_joint: 2.55658e-03  kld_vamb_joint: 4.22956e+00  kld_labels_joint: 9.73428e+00  correct_labels_joint: 0.00000e+00  loss: 2.14825e-01
2026-08-13 14:44:59.396 | INFO    | 		Epoch: 142  loss_vamb: 1.08778e-01  ab_vamb: 4.89921e-03  ce_vamb: 0.00000e+00  sse_vamb: 8.29203e-02  kld_vamb: 2.07451e-02  loss_labels: 6.53016e-03  ce_labels_labels: 1.00281e-03  kld_labels: 3.53751e+01  correct_labels_labels: 0.00000e+00  loss_joint: 9.82981e-02  ce_joint: 0.00000e+00  sse_joint: 1.82954e+01  ce_labels_joint: 1.96096e-03  kld_vamb_joint: 4.25991e+00  kld_labels_joint: 9.77801e+00  correct_labels_joint: 0.00000e+00  loss: 2.13606e-01
2026-08-13 14:45:00.232 | INFO    | 		Epoch: 143  loss_vamb: 1.08531e-01  ab_vamb: 5.18430e-03  ce_vamb: 0.00000e+00  sse_vamb: 8.27532e-02  kld_vamb: 2.07140e-02  loss_labels: 7.25268e-03  ce_labels_labels: 1.72863e-03  kld_labels: 3.53539e+01  correct_labels_labels: 0.00000e+00  loss_joint: 9.82576e-02  ce_joint: 0.00000e+00  sse_joint: 1.83376e+01  ce_labels_joint: 1.87691e-03  kld_vamb_joint: 4.28146e+00  kld_labels_joint: 9.78490e+00  correct_labels_joint: 0.00000e+00  loss: 2.14041e-01
2026-08-13 14:45:01.065 | INFO    | 		Epoch: 144  loss_vamb: 1.10033e-01  ab_vamb: 6.07861e-03  ce_vamb: 0.00000e+00  sse_vamb: 8.32374e-02  kld_vamb: 2.06904e-02  loss_labels: 7.55988e-03  ce_labels_labels: 1.94216e-03  kld_labels: 3.59534e+01  correct_labels_labels: 0.00000e+00  loss_joint: 9.91548e-02  ce_joint: 0.00000e+00  sse_joint: 1.83403e+01  ce_labels_joint: 1.57688e-03  kld_vamb_joint: 4.28326e+00  kld_labels_joint: 9.77316e+00  correct_labels_joint: 0.00000e+00  loss: 2.16748e-01
2026-08-13 14:45:01.844 | INFO    | 		Epoch: 145  loss_vamb: 1.08230e-01  ab_vamb: 4.99003e-03  ce_vamb: 0.00000e+00  sse_vamb: 8.24592e-02  kld_vamb: 2.07650e-02  loss_labels: 6.47894e-03  ce_labels_labels: 7.75224e-04  kld_labels: 3.65038e+01  correct_labels_labels: 0.00000e+00  loss_joint: 9.84661e-02  ce_joint: 0.00000e+00  sse_joint: 1.81990e+01  ce_labels_joint: 2.27341e-03  kld_vamb_joint: 4.25298e+00  kld_labels_joint: 9.74886e+00  correct_labels_joint: 0.00000e+00  loss: 2.13175e-01
2026-08-13 14:45:02.562 | INFO    | 		Epoch: 146  loss_vamb: 1.08496e-01  ab_vamb: 4.85456e-03  ce_vamb: 0.00000e+00  sse_vamb: 8.28201e-02  kld_vamb: 2.07611e-02  loss_labels: 6.30975e-03  ce_labels_labels: 5.56675e-04  kld_labels: 3.68197e+01  correct_labels_labels: 0.00000e+00  loss_joint: 9.89935e-02  ce_joint: 0.00000e+00  sse_joint: 1.83233e+01  ce_labels_joint: 2.34535e-03  kld_vamb_joint: 4.27527e+00  kld_labels_joint: 9.79482e+00  correct_labels_joint: 0.00000e+00  loss: 2.13799e-01
2026-08-13 14:45:03.291 | INFO    | 		Epoch: 147  loss_vamb: 1.08323e-01  ab_vamb: 4.99766e-03  ce_vamb: 0.00000e+00  sse_vamb: 8.26256e-02  kld_vamb: 2.07430e-02  loss_labels: 6.45325e-03  ce_labels_labels: 7.59015e-04  kld_labels: 3.64431e+01  correct_labels_labels: 0.00000e+00  loss_joint: 9.74907e-02  ce_joint: 0.00000e+00  sse_joint: 1.81890e+01  ce_labels_joint: 1.64162e-03  kld_vamb_joint: 4.30536e+00  kld_labels_joint: 9.85035e+00  correct_labels_joint: 0.00000e+00  loss: 2.12267e-01
2026-08-13 14:45:04.072 | INFO    | 		Epoch: 148  loss_vamb: 1.08303e-01  ab_vamb: 5.01265e-03  ce_vamb: 0.00000e+00  sse_vamb: 8.25711e-02  kld_vamb: 2.07525e-02  loss_labels: 6.35559e-03  ce_labels_labels: 7.09423e-04  kld_labels: 3.61355e+01  correct_labels_labels: 0.00000e+00  loss_joint: 9.79907e-02  ce_joint: 0.00000e+00  sse_joint: 1.82225e+01  ce_labels_joint: 2.01571e-03  kld_vamb_joint: 4.28887e+00  kld_labels_joint: 9.88465e+00  correct_labels_joint: 0.00000e+00  loss: 2.12649e-01
2026-08-13 14:45:04.833 | INFO    | 		Epoch: 149  loss_vamb: 1.07767e-01  ab_vamb: 4.86886e-03  ce_vamb: 0.00000e+00  sse_vamb: 8.20611e-02  kld_vamb: 2.07443e-02  loss_labels: 6.27936e-03  ce_labels_labels: 7.18903e-04  kld_labels: 3.55869e+01  correct_labels_labels: 0.00000e+00  loss_joint: 9.77407e-02  ce_joint: 0.00000e+00  sse_joint: 1.81672e+01  ce_labels_joint: 2.03129e-03  kld_vamb_joint: 4.30318e+00  kld_labels_joint: 9.93661e+00  correct_labels_joint: 0.00000e+00  loss: 2.11787e-01
2026-08-13 14:45:05.460 | INFO    | 		Epoch: 150  loss_vamb: 1.07554e-01  ab_vamb: 4.71293e-03  ce_vamb: 0.00000e+00  sse_vamb: 8.19334e-02  kld_vamb: 2.07275e-02  loss_labels: 6.20612e-03  ce_labels_labels: 6.71284e-04  kld_labels: 3.54230e+01  correct_labels_labels: 0.00000e+00  loss_joint: 9.73878e-02  ce_joint: 0.00000e+00  sse_joint: 1.80848e+01  ce_labels_joint: 2.32398e-03  kld_vamb_joint: 4.28523e+00  kld_labels_joint: 9.91164e+00  correct_labels_joint: 0.00000e+00  loss: 2.11148e-01
2026-08-13 14:45:06.297 | INFO    | 		Epoch: 151  loss_vamb: 1.07846e-01  ab_vamb: 4.81073e-03  ce_vamb: 0.00000e+00  sse_vamb: 8.23612e-02  kld_vamb: 2.07449e-02  loss_labels: 6.65917e-03  ce_labels_labels: 1.13754e-03  kld_labels: 3.53384e+01  correct_labels_labels: 0.00000e+00  loss_joint: 9.67426e-02  ce_joint: 0.00000e+00  sse_joint: 1.81328e+01  ce_labels_joint: 1.58819e-03  kld_vamb_joint: 4.29758e+00  kld_labels_joint: 9.95191e+00  correct_labels_joint: 0.00000e+00  loss: 2.11247e-01
2026-08-13 14:45:07.117 | INFO    | 		Epoch: 152  loss_vamb: 1.07207e-01  ab_vamb: 4.66638e-03  ce_vamb: 0.00000e+00  sse_vamb: 8.17370e-02  kld_vamb: 2.07067e-02  loss_labels: 6.76070e-03  ce_labels_labels: 1.23439e-03  kld_labels: 3.53684e+01  correct_labels_labels: 0.00000e+00  loss_joint: 9.75751e-02  ce_joint: 0.00000e+00  sse_joint: 1.80370e+01  ce_labels_joint: 2.39076e-03  kld_vamb_joint: 4.27988e+00  kld_labels_joint: 9.93280e+00  correct_labels_joint: 0.00000e+00  loss: 2.11543e-01
2026-08-13 14:45:07.951 | INFO    | 		Epoch: 153  loss_vamb: 1.07200e-01  ab_vamb: 4.57561e-03  ce_vamb: 0.00000e+00  sse_vamb: 8.15366e-02  kld_vamb: 2.08097e-02  loss_labels: 5.94166e-03  ce_labels_labels: 4.41414e-04  kld_labels: 3.52016e+01  correct_labels_labels: 0.00000e+00  loss_joint: 9.68871e-02  ce_joint: 0.00000e+00  sse_joint: 1.80250e+01  ce_labels_joint: 1.64052e-03  kld_vamb_joint: 4.29514e+00  kld_labels_joint: 9.98409e+00  correct_labels_joint: 0.00000e+00  loss: 2.10029e-01
2026-08-13 14:45:08.721 | INFO    | 		Epoch: 154  loss_vamb: 1.07297e-01  ab_vamb: 4.69760e-03  ce_vamb: 0.00000e+00  sse_vamb: 8.17518e-02  kld_vamb: 2.07677e-02  loss_labels: 6.32954e-03  ce_labels_labels: 8.42169e-04  kld_labels: 3.51192e+01  correct_labels_labels: 0.00000e+00  loss_joint: 9.67451e-02  ce_joint: 0.00000e+00  sse_joint: 1.79764e+01  ce_labels_joint: 1.78403e-03  kld_vamb_joint: 4.28537e+00  kld_labels_joint: 9.96657e+00  correct_labels_joint: 0.00000e+00  loss: 2.10372e-01
2026-08-13 14:45:09.611 | INFO    | 		Epoch: 155  loss_vamb: 1.06512e-01  ab_vamb: 4.25618e-03  ce_vamb: 0.00000e+00  sse_vamb: 8.13344e-02  kld_vamb: 2.07637e-02  loss_labels: 6.06430e-03  ce_labels_labels: 5.93012e-04  kld_labels: 3.50162e+01  correct_labels_labels: 0.00000e+00  loss_joint: 9.64097e-02  ce_joint: 0.00000e+00  sse_joint: 1.78874e+01  ce_labels_joint: 2.51679e-03  kld_vamb_joint: 4.29680e+00  kld_labels_joint: 9.99575e+00  correct_labels_joint: 0.00000e+00  loss: 2.08986e-01
2026-08-13 14:45:10.400 | INFO    | 		Epoch: 156  loss_vamb: 1.06360e-01  ab_vamb: 4.08801e-03  ce_vamb: 0.00000e+00  sse_vamb: 8.17342e-02  kld_vamb: 2.07728e-02  loss_labels: 6.19499e-03  ce_labels_labels: 7.63268e-04  kld_labels: 3.47630e+01  correct_labels_labels: 0.00000e+00  loss_joint: 9.57585e-02  ce_joint: 0.00000e+00  sse_joint: 1.79665e+01  ce_labels_joint: 1.77149e-03  kld_vamb_joint: 4.30335e+00  kld_labels_joint: 1.00166e+01  correct_labels_joint: 0.00000e+00  loss: 2.08314e-01
2026-08-13 14:45:11.132 | INFO    | 		Epoch: 157  loss_vamb: 1.06280e-01  ab_vamb: 4.33459e-03  ce_vamb: 0.00000e+00  sse_vamb: 8.07113e-02  kld_vamb: 2.08423e-02  loss_labels: 6.96285e-03  ce_labels_labels: 1.54346e-03  kld_labels: 3.46841e+01  correct_labels_labels: 0.00000e+00  loss_joint: 9.46746e-02  ce_joint: 0.00000e+00  sse_joint: 1.76990e+01  ce_labels_joint: 1.68085e-03  kld_vamb_joint: 4.31948e+00  kld_labels_joint: 1.00595e+01  correct_labels_joint: 0.00000e+00  loss: 2.07917e-01
2026-08-13 14:45:11.773 | INFO    | 		Epoch: 158  loss_vamb: 1.06445e-01  ab_vamb: 4.36005e-03  ce_vamb: 0.00000e+00  sse_vamb: 8.15053e-02  kld_vamb: 2.08242e-02  loss_labels: 6.50031e-03  ce_labels_labels: 1.11422e-03  kld_labels: 3.44710e+01  correct_labels_labels: 0.00000e+00  loss_joint: 9.56707e-02  ce_joint: 0.00000e+00  sse_joint: 1.79625e+01  ce_labels_joint: 1.49820e-03  kld_vamb_joint: 4.34717e+00  kld_labels_joint: 1.00900e+01  correct_labels_joint: 0.00000e+00  loss: 2.08616e-01
2026-08-13 14:45:12.553 | INFO    | 		Epoch: 159  loss_vamb: 1.06486e-01  ab_vamb: 4.06854e-03  ce_vamb: 0.00000e+00  sse_vamb: 8.16390e-02  kld_vamb: 2.08181e-02  loss_labels: 6.41748e-03  ce_labels_labels: 1.02616e-03  kld_labels: 3.45045e+01  correct_labels_labels: 0.00000e+00  loss_joint: 9.62935e-02  ce_joint: 0.00000e+00  sse_joint: 1.80558e+01  ce_labels_joint: 1.67991e-03  kld_vamb_joint: 4.32601e+00  kld_labels_joint: 1.00771e+01  correct_labels_joint: 0.00000e+00  loss: 2.09197e-01
2026-08-13 14:45:13.339 | INFO    | 		Epoch: 160  loss_vamb: 1.06103e-01  ab_vamb: 4.01609e-03  ce_vamb: 0.00000e+00  sse_vamb: 8.08782e-02  kld_vamb: 2.08342e-02  loss_labels: 6.74017e-03  ce_labels_labels: 1.35526e-03  kld_labels: 3.44634e+01  correct_labels_labels: 0.00000e+00  loss_joint: 9.55110e-02  ce_joint: 0.00000e+00  sse_joint: 1.78003e+01  ce_labels_joint: 1.83089e-03  kld_vamb_joint: 4.31414e+00  kld_labels_joint: 1.00796e+01  correct_labels_joint: 0.00000e+00  loss: 2.08354e-01
2026-08-13 14:45:14.158 | INFO    | 		Epoch: 161  loss_vamb: 1.06164e-01  ab_vamb: 4.20957e-03  ce_vamb: 0.00000e+00  sse_vamb: 8.08799e-02  kld_vamb: 2.08166e-02  loss_labels: 6.57668e-03  ce_labels_labels: 1.15333e-03  kld_labels: 3.47094e+01  correct_labels_labels: 0.00000e+00  loss_joint: 9.55215e-02  ce_joint: 0.00000e+00  sse_joint: 1.78286e+01  ce_labels_joint: 1.59857e-03  kld_vamb_joint: 4.34050e+00  kld_labels_joint: 1.00905e+01  correct_labels_joint: 0.00000e+00  loss: 2.08262e-01
2026-08-13 14:45:14.984 | INFO    | 		Epoch: 162  loss_vamb: 1.06502e-01  ab_vamb: 4.34886e-03  ce_vamb: 0.00000e+00  sse_vamb: 8.11161e-02  kld_vamb: 2.08343e-02  loss_labels: 6.33334e-03  ce_labels_labels: 9.03265e-04  kld_labels: 3.47525e+01  correct_labels_labels: 0.00000e+00  loss_joint: 9.60905e-02  ce_joint: 0.00000e+00  sse_joint: 1.78584e+01  ce_labels_joint: 2.01896e-03  kld_vamb_joint: 4.32077e+00  kld_labels_joint: 1.00638e+01  correct_labels_joint: 0.00000e+00  loss: 2.08926e-01
2026-08-13 14:45:15.784 | INFO    | 		Epoch: 163  loss_vamb: 1.05605e-01  ab_vamb: 4.12433e-03  ce_vamb: 0.00000e+00  sse_vamb: 8.04418e-02  kld_vamb: 2.08124e-02  loss_labels: 5.93811e-03  ce_labels_labels: 4.73083e-04  kld_labels: 3.49762e+01  correct_labels_labels: 0.00000e+00  loss_joint: 9.63800e-02  ce_joint: 0.00000e+00  sse_joint: 1.77368e+01  ce_labels_joint: 3.14533e-03  kld_vamb_joint: 4.34201e+00  kld_labels_joint: 1.01065e+01  correct_labels_joint: 0.00000e+00  loss: 2.07923e-01
2026-08-13 14:45:16.578 | INFO    | 		Epoch: 164  loss_vamb: 1.06914e-01  ab_vamb: 4.95419e-03  ce_vamb: 0.00000e+00  sse_vamb: 8.15557e-02  kld_vamb: 2.07354e-02  loss_labels: 6.37384e-03  ce_labels_labels: 8.92401e-04  kld_labels: 3.50812e+01  correct_labels_labels: 0.00000e+00  loss_joint: 9.66039e-02  ce_joint: 0.00000e+00  sse_joint: 1.79626e+01  ce_labels_joint: 2.19749e-03  kld_vamb_joint: 4.34645e+00  kld_labels_joint: 1.00461e+01  correct_labels_joint: 0.00000e+00  loss: 2.09892e-01
2026-08-13 14:45:17.387 | INFO    | 		Epoch: 165  loss_vamb: 1.06542e-01  ab_vamb: 4.56674e-03  ce_vamb: 0.00000e+00  sse_vamb: 8.09759e-02  kld_vamb: 2.08578e-02  loss_labels: 6.44689e-03  ce_labels_labels: 9.60870e-04  kld_labels: 3.51105e+01  correct_labels_labels: 0.00000e+00  loss_joint: 9.60394e-02  ce_joint: 0.00000e+00  sse_joint: 1.77441e+01  ce_labels_joint: 2.81034e-03  kld_vamb_joint: 4.35740e+00  kld_labels_joint: 1.01045e+01  correct_labels_joint: 0.00000e+00  loss: 2.09029e-01
2026-08-13 14:45:18.207 | INFO    | 		Epoch: 166  loss_vamb: 1.06941e-01  ab_vamb: 4.79175e-03  ce_vamb: 0.00000e+00  sse_vamb: 8.08600e-02  kld_vamb: 2.08632e-02  loss_labels: 6.13392e-03  ce_labels_labels: 6.53215e-04  kld_labels: 3.50765e+01  correct_labels_labels: 0.00000e+00  loss_joint: 9.55095e-02  ce_joint: 0.00000e+00  sse_joint: 1.77556e+01  ce_labels_joint: 1.51343e-03  kld_vamb_joint: 4.34343e+00  kld_labels_joint: 1.00987e+01  correct_labels_joint: 0.00000e+00  loss: 2.08584e-01
2026-08-13 14:45:19.029 | INFO    | 		Epoch: 167  loss_vamb: 1.05966e-01  ab_vamb: 4.08413e-03  ce_vamb: 0.00000e+00  sse_vamb: 8.08763e-02  kld_vamb: 2.08786e-02  loss_labels: 7.33237e-03  ce_labels_labels: 1.85573e-03  kld_labels: 3.50505e+01  correct_labels_labels: 0.00000e+00  loss_joint: 9.53152e-02  ce_joint: 0.00000e+00  sse_joint: 1.78361e+01  ce_labels_joint: 1.41420e-03  kld_vamb_joint: 4.34663e+00  kld_labels_joint: 1.01083e+01  correct_labels_joint: 0.00000e+00  loss: 2.08614e-01
2026-08-13 14:45:19.831 | INFO    | 		Epoch: 168  loss_vamb: 1.06003e-01  ab_vamb: 4.21301e-03  ce_vamb: 0.00000e+00  sse_vamb: 8.10033e-02  kld_vamb: 2.08751e-02  loss_labels: 6.20234e-03  ce_labels_labels: 7.04583e-04  kld_labels: 3.51856e+01  correct_labels_labels: 0.00000e+00  loss_joint: 9.51046e-02  ce_joint: 0.00000e+00  sse_joint: 1.78744e+01  ce_labels_joint: 1.51338e-03  kld_vamb_joint: 4.35937e+00  kld_labels_joint: 1.01083e+01  correct_labels_joint: 0.00000e+00  loss: 2.07310e-01
2026-08-13 14:45:20.547 | INFO    | 		Epoch: 169  loss_vamb: 1.06204e-01  ab_vamb: 4.55701e-03  ce_vamb: 0.00000e+00  sse_vamb: 8.07098e-02  kld_vamb: 2.08808e-02  loss_labels: 5.97182e-03  ce_labels_labels: 4.61800e-04  kld_labels: 3.52641e+01  correct_labels_labels: 0.00000e+00  loss_joint: 9.54870e-02  ce_joint: 0.00000e+00  sse_joint: 1.77578e+01  ce_labels_joint: 2.09933e-03  kld_vamb_joint: 4.35432e+00  kld_labels_joint: 1.01336e+01  correct_labels_joint: 0.00000e+00  loss: 2.07663e-01
2026-08-13 14:45:21.247 | INFO    | 		Epoch: 170  loss_vamb: 1.05446e-01  ab_vamb: 4.03905e-03  ce_vamb: 0.00000e+00  sse_vamb: 8.03669e-02  kld_vamb: 2.08641e-02  loss_labels: 6.80391e-03  ce_labels_labels: 1.29273e-03  kld_labels: 3.52715e+01  correct_labels_labels: 0.00000e+00  loss_joint: 9.43011e-02  ce_joint: 0.00000e+00  sse_joint: 1.77586e+01  ce_labels_joint: 1.25767e-03  kld_vamb_joint: 4.35609e+00  kld_labels_joint: 1.01096e+01  correct_labels_joint: 0.00000e+00  loss: 2.06551e-01
2026-08-13 14:45:22.030 | INFO    | 		Epoch: 171  loss_vamb: 1.05591e-01  ab_vamb: 4.08217e-03  ce_vamb: 0.00000e+00  sse_vamb: 8.09386e-02  kld_vamb: 2.09035e-02  loss_labels: 6.19930e-03  ce_labels_labels: 6.97345e-04  kld_labels: 3.52125e+01  correct_labels_labels: 0.00000e+00  loss_joint: 9.43310e-02  ce_joint: 0.00000e+00  sse_joint: 1.78104e+01  ce_labels_joint: 1.59962e-03  kld_vamb_joint: 4.35649e+00  kld_labels_joint: 1.01499e+01  correct_labels_joint: 0.00000e+00  loss: 2.06121e-01
2026-08-13 14:45:22.806 | INFO    | 		Epoch: 172  loss_vamb: 1.05759e-01  ab_vamb: 4.11330e-03  ce_vamb: 0.00000e+00  sse_vamb: 8.06591e-02  kld_vamb: 2.09382e-02  loss_labels: 6.29538e-03  ce_labels_labels: 7.76501e-04  kld_labels: 3.53208e+01  correct_labels_labels: 0.00000e+00  loss_joint: 9.50694e-02  ce_joint: 0.00000e+00  sse_joint: 1.77499e+01  ce_labels_joint: 1.86344e-03  kld_vamb_joint: 4.36690e+00  kld_labels_joint: 1.01960e+01  correct_labels_joint: 0.00000e+00  loss: 2.07123e-01
2026-08-13 14:45:23.638 | INFO    | 		Epoch: 173  loss_vamb: 1.05057e-01  ab_vamb: 3.90696e-03  ce_vamb: 0.00000e+00  sse_vamb: 8.03328e-02  kld_vamb: 2.08931e-02  loss_labels: 6.62849e-03  ce_labels_labels: 1.11669e-03  kld_labels: 3.52755e+01  correct_labels_labels: 0.00000e+00  loss_joint: 9.42872e-02  ce_joint: 0.00000e+00  sse_joint: 1.77735e+01  ce_labels_joint: 1.22222e-03  kld_vamb_joint: 4.36471e+00  kld_labels_joint: 1.01628e+01  correct_labels_joint: 0.00000e+00  loss: 2.05972e-01
2026-08-13 14:45:24.422 | INFO    | 		Epoch: 174  loss_vamb: 1.05102e-01  ab_vamb: 3.92732e-03  ce_vamb: 0.00000e+00  sse_vamb: 8.03657e-02  kld_vamb: 2.08604e-02  loss_labels: 6.43000e-03  ce_labels_labels: 9.03844e-04  kld_labels: 3.53674e+01  correct_labels_labels: 0.00000e+00  loss_joint: 9.38351e-02  ce_joint: 0.00000e+00  sse_joint: 1.77165e+01  ce_labels_joint: 1.42769e-03  kld_vamb_joint: 4.35934e+00  kld_labels_joint: 1.01576e+01  correct_labels_joint: 0.00000e+00  loss: 2.05367e-01
2026-08-13 14:45:25.173 | INFO    | 		Epoch: 175  loss_vamb: 1.05471e-01  ab_vamb: 3.99123e-03  ce_vamb: 0.00000e+00  sse_vamb: 8.02574e-02  kld_vamb: 2.09322e-02  loss_labels: 6.01002e-03  ce_labels_labels: 4.77768e-04  kld_labels: 3.54064e+01  correct_labels_labels: 0.00000e+00  loss_joint: 9.43742e-02  ce_joint: 0.00000e+00  sse_joint: 1.76595e+01  ce_labels_joint: 1.30468e-03  kld_vamb_joint: 4.37593e+00  kld_labels_joint: 1.02119e+01  correct_labels_joint: 0.00000e+00  loss: 2.05856e-01
2026-08-13 14:45:25.893 | INFO    | 		Epoch: 176  loss_vamb: 1.05997e-01  ab_vamb: 4.31850e-03  ce_vamb: 0.00000e+00  sse_vamb: 8.06336e-02  kld_vamb: 2.09066e-02  loss_labels: 6.38221e-03  ce_labels_labels: 8.41822e-04  kld_labels: 3.54585e+01  correct_labels_labels: 0.00000e+00  loss_joint: 9.44104e-02  ce_joint: 0.00000e+00  sse_joint: 1.76900e+01  ce_labels_joint: 1.58702e-03  kld_vamb_joint: 4.39282e+00  kld_labels_joint: 1.02385e+01  correct_labels_joint: 0.00000e+00  loss: 2.06790e-01
2026-08-13 14:45:26.660 | INFO    | 		Epoch: 177  loss_vamb: 1.05652e-01  ab_vamb: 4.19390e-03  ce_vamb: 0.00000e+00  sse_vamb: 8.05631e-02  kld_vamb: 2.09060e-02  loss_labels: 6.32292e-03  ce_labels_labels: 8.03838e-04  kld_labels: 3.53221e+01  correct_labels_labels: 0.00000e+00  loss_joint: 9.46524e-02  ce_joint: 0.00000e+00  sse_joint: 1.76692e+01  ce_labels_joint: 1.97188e-03  kld_vamb_joint: 4.37381e+00  kld_labels_joint: 1.02468e+01  correct_labels_joint: 0.00000e+00  loss: 2.06628e-01
2026-08-13 14:45:27.407 | INFO    | 		Epoch: 178  loss_vamb: 1.06203e-01  ab_vamb: 4.85347e-03  ce_vamb: 0.00000e+00  sse_vamb: 8.03905e-02  kld_vamb: 2.08363e-02  loss_labels: 6.25146e-03  ce_labels_labels: 7.26823e-04  kld_labels: 3.53577e+01  correct_labels_labels: 0.00000e+00  loss_joint: 9.54377e-02  ce_joint: 0.00000e+00  sse_joint: 1.77292e+01  ce_labels_joint: 1.83405e-03  kld_vamb_joint: 4.36926e+00  kld_labels_joint: 1.01898e+01  correct_labels_joint: 0.00000e+00  loss: 2.07892e-01
2026-08-13 14:45:28.193 | INFO    | 		Epoch: 179  loss_vamb: 1.05552e-01  ab_vamb: 4.25271e-03  ce_vamb: 0.00000e+00  sse_vamb: 8.00942e-02  kld_vamb: 2.09382e-02  loss_labels: 6.28760e-03  ce_labels_labels: 7.76604e-04  kld_labels: 3.52704e+01  correct_labels_labels: 0.00000e+00  loss_joint: 9.42671e-02  ce_joint: 0.00000e+00  sse_joint: 1.75707e+01  ce_labels_joint: 1.71612e-03  kld_vamb_joint: 4.40264e+00  kld_labels_joint: 1.02649e+01  correct_labels_joint: 0.00000e+00  loss: 2.06107e-01
2026-08-13 14:45:28.947 | INFO    | 		Epoch: 180  loss_vamb: 1.05368e-01  ab_vamb: 4.20708e-03  ce_vamb: 0.00000e+00  sse_vamb: 8.02471e-02  kld_vamb: 2.09222e-02  loss_labels: 7.33735e-03  ce_labels_labels: 1.85291e-03  kld_labels: 3.51004e+01  correct_labels_labels: 0.00000e+00  loss_joint: 9.37022e-02  ce_joint: 0.00000e+00  sse_joint: 1.76611e+01  ce_labels_joint: 1.20659e-03  kld_vamb_joint: 4.39952e+00  kld_labels_joint: 1.02530e+01  correct_labels_joint: 0.00000e+00  loss: 2.06407e-01
2026-08-13 14:45:29.702 | INFO    | 		Epoch: 181  loss_vamb: 1.05537e-01  ab_vamb: 4.43988e-03  ce_vamb: 0.00000e+00  sse_vamb: 7.99437e-02  kld_vamb: 2.08651e-02  loss_labels: 6.42516e-03  ce_labels_labels: 9.46311e-04  kld_labels: 3.50646e+01  correct_labels_labels: 0.00000e+00  loss_joint: 9.37522e-02  ce_joint: 0.00000e+00  sse_joint: 1.74886e+01  ce_labels_joint: 1.54179e-03  kld_vamb_joint: 4.38872e+00  kld_labels_joint: 1.02137e+01  correct_labels_joint: 0.00000e+00  loss: 2.05714e-01
2026-08-13 14:45:30.386 | INFO    | 		Epoch: 182  loss_vamb: 1.05434e-01  ab_vamb: 4.16023e-03  ce_vamb: 0.00000e+00  sse_vamb: 8.05310e-02  kld_vamb: 2.08897e-02  loss_labels: 6.24388e-03  ce_labels_labels: 7.74847e-04  kld_labels: 3.50018e+01  correct_labels_labels: 0.00000e+00  loss_joint: 9.28911e-02  ce_joint: 0.00000e+00  sse_joint: 1.75537e+01  ce_labels_joint: 1.18562e-03  kld_vamb_joint: 4.40110e+00  kld_labels_joint: 1.02594e+01  correct_labels_joint: 0.00000e+00  loss: 2.04569e-01
2026-08-13 14:45:31.183 | INFO    | 		Epoch: 183  loss_vamb: 1.05583e-01  ab_vamb: 4.18507e-03  ce_vamb: 0.00000e+00  sse_vamb: 8.05001e-02  kld_vamb: 2.09462e-02  loss_labels: 6.22163e-03  ce_labels_labels: 7.66905e-04  kld_labels: 3.49102e+01  correct_labels_labels: 0.00000e+00  loss_joint: 9.36775e-02  ce_joint: 0.00000e+00  sse_joint: 1.76435e+01  ce_labels_joint: 1.19467e-03  kld_vamb_joint: 4.39457e+00  kld_labels_joint: 1.02706e+01  correct_labels_joint: 0.00000e+00  loss: 2.05482e-01
2026-08-13 14:45:31.970 | INFO    | 		Epoch: 184  loss_vamb: 1.05825e-01  ab_vamb: 4.23968e-03  ce_vamb: 0.00000e+00  sse_vamb: 8.09334e-02  kld_vamb: 2.08616e-02  loss_labels: 6.96935e-03  ce_labels_labels: 1.54011e-03  kld_labels: 3.47471e+01  correct_labels_labels: 0.00000e+00  loss_joint: 9.44216e-02  ce_joint: 0.00000e+00  sse_joint: 1.77297e+01  ce_labels_joint: 1.61510e-03  kld_vamb_joint: 4.39404e+00  kld_labels_joint: 1.02365e+01  correct_labels_joint: 0.00000e+00  loss: 2.07216e-01
2026-08-13 14:45:32.695 | INFO    | 		Epoch: 185  loss_vamb: 1.05142e-01  ab_vamb: 3.97266e-03  ce_vamb: 0.00000e+00  sse_vamb: 8.02214e-02  kld_vamb: 2.08779e-02  loss_labels: 6.62022e-03  ce_labels_labels: 1.15651e-03  kld_labels: 3.49677e+01  correct_labels_labels: 0.00000e+00  loss_joint: 9.36582e-02  ce_joint: 0.00000e+00  sse_joint: 1.76001e+01  ce_labels_joint: 1.45445e-03  kld_vamb_joint: 4.41013e+00  kld_labels_joint: 1.02864e+01  correct_labels_joint: 0.00000e+00  loss: 2.05421e-01
2026-08-13 14:45:33.512 | INFO    | 		Epoch: 186  loss_vamb: 1.05863e-01  ab_vamb: 4.91848e-03  ce_vamb: 0.00000e+00  sse_vamb: 8.04000e-02  kld_vamb: 2.08544e-02  loss_labels: 8.01652e-03  ce_labels_labels: 2.56498e-03  kld_labels: 3.48899e+01  correct_labels_labels: 0.00000e+00  loss_joint: 9.46937e-02  ce_joint: 0.00000e+00  sse_joint: 1.76531e+01  ce_labels_joint: 1.78127e-03  kld_vamb_joint: 4.40550e+00  kld_labels_joint: 1.02953e+01  correct_labels_joint: 0.00000e+00  loss: 2.08573e-01
2026-08-13 14:45:34.239 | INFO    | 		Epoch: 187  loss_vamb: 1.05126e-01  ab_vamb: 4.12595e-03  ce_vamb: 0.00000e+00  sse_vamb: 8.05054e-02  kld_vamb: 2.08720e-02  loss_labels: 5.96901e-03  ce_labels_labels: 4.95059e-04  kld_labels: 3.50333e+01  correct_labels_labels: 0.00000e+00  loss_joint: 9.44475e-02  ce_joint: 0.00000e+00  sse_joint: 1.76998e+01  ce_labels_joint: 2.04944e-03  kld_vamb_joint: 4.41193e+00  kld_labels_joint: 1.02980e+01  correct_labels_joint: 0.00000e+00  loss: 2.05543e-01
2026-08-13 14:45:35.001 | INFO    | 		Epoch: 188  loss_vamb: 1.05113e-01  ab_vamb: 4.06334e-03  ce_vamb: 0.00000e+00  sse_vamb: 7.97640e-02  kld_vamb: 2.09515e-02  loss_labels: 6.11318e-03  ce_labels_labels: 6.36555e-04  kld_labels: 3.50504e+01  correct_labels_labels: 0.00000e+00  loss_joint: 9.29773e-02  ce_joint: 0.00000e+00  sse_joint: 1.74466e+01  ce_labels_joint: 1.11834e-03  kld_vamb_joint: 4.42620e+00  kld_labels_joint: 1.03437e+01  correct_labels_joint: 0.00000e+00  loss: 2.04204e-01
2026-08-13 14:45:35.825 | INFO    | 		Epoch: 189  loss_vamb: 1.06085e-01  ab_vamb: 4.37828e-03  ce_vamb: 0.00000e+00  sse_vamb: 8.08511e-02  kld_vamb: 2.09322e-02  loss_labels: 5.89568e-03  ce_labels_labels: 4.04412e-04  kld_labels: 3.51441e+01  correct_labels_labels: 0.00000e+00  loss_joint: 9.42475e-02  ce_joint: 0.00000e+00  sse_joint: 1.76335e+01  ce_labels_joint: 1.75849e-03  kld_vamb_joint: 4.43371e+00  kld_labels_joint: 1.03707e+01  correct_labels_joint: 0.00000e+00  loss: 2.06228e-01
2026-08-13 14:45:36.666 | INFO    | 		Epoch: 190  loss_vamb: 1.04904e-01  ab_vamb: 4.07034e-03  ce_vamb: 0.00000e+00  sse_vamb: 8.00744e-02  kld_vamb: 2.09362e-02  loss_labels: 6.21418e-03  ce_labels_labels: 7.47802e-04  kld_labels: 3.49848e+01  correct_labels_labels: 0.00000e+00  loss_joint: 9.34666e-02  ce_joint: 0.00000e+00  sse_joint: 1.75464e+01  ce_labels_joint: 1.44416e-03  kld_vamb_joint: 4.44840e+00  kld_labels_joint: 1.03516e+01  correct_labels_joint: 0.00000e+00  loss: 2.04585e-01
2026-08-13 14:45:37.474 | INFO    | 		Epoch: 191  loss_vamb: 1.05342e-01  ab_vamb: 4.21231e-03  ce_vamb: 0.00000e+00  sse_vamb: 8.01175e-02  kld_vamb: 2.09020e-02  loss_labels: 6.28179e-03  ce_labels_labels: 8.30492e-04  kld_labels: 3.48883e+01  correct_labels_labels: 0.00000e+00  loss_joint: 9.51367e-02  ce_joint: 0.00000e+00  sse_joint: 1.76259e+01  ce_labels_joint: 2.62530e-03  kld_vamb_joint: 4.41174e+00  kld_labels_joint: 1.03238e+01  correct_labels_joint: 0.00000e+00  loss: 2.06761e-01
2026-08-13 14:45:38.274 | INFO    | 		Epoch: 192  loss_vamb: 1.04805e-01  ab_vamb: 4.01538e-03  ce_vamb: 0.00000e+00  sse_vamb: 8.02049e-02  kld_vamb: 2.08996e-02  loss_labels: 6.38334e-03  ce_labels_labels: 9.61161e-04  kld_labels: 3.47020e+01  correct_labels_labels: 0.00000e+00  loss_joint: 9.35362e-02  ce_joint: 0.00000e+00  sse_joint: 1.75340e+01  ce_labels_joint: 1.83976e-03  kld_vamb_joint: 4.42000e+00  kld_labels_joint: 1.03686e+01  correct_labels_joint: 0.00000e+00  loss: 2.04724e-01
2026-08-13 14:45:39.088 | INFO    | 		Epoch: 193  loss_vamb: 1.05074e-01  ab_vamb: 4.21699e-03  ce_vamb: 0.00000e+00  sse_vamb: 7.99552e-02  kld_vamb: 2.08858e-02  loss_labels: 6.48316e-03  ce_labels_labels: 1.06682e-03  kld_labels: 3.46646e+01  correct_labels_labels: 0.00000e+00  loss_joint: 9.28902e-02  ce_joint: 0.00000e+00  sse_joint: 1.75043e+01  ce_labels_joint: 1.10613e-03  kld_vamb_joint: 4.41714e+00  kld_labels_joint: 1.03774e+01  correct_labels_joint: 0.00000e+00  loss: 2.04447e-01
2026-08-13 14:45:39.912 | INFO    | 		Epoch: 194  loss_vamb: 1.05254e-01  ab_vamb: 4.23512e-03  ce_vamb: 0.00000e+00  sse_vamb: 8.02065e-02  kld_vamb: 2.09396e-02  loss_labels: 6.91592e-03  ce_labels_labels: 1.49739e-03  kld_labels: 3.46786e+01  correct_labels_labels: 0.00000e+00  loss_joint: 9.35391e-02  ce_joint: 0.00000e+00  sse_joint: 1.75444e+01  ce_labels_joint: 1.63385e-03  kld_vamb_joint: 4.44093e+00  kld_labels_joint: 1.04143e+01  correct_labels_joint: 0.00000e+00  loss: 2.05709e-01
2026-08-13 14:45:40.725 | INFO    | 		Epoch: 195  loss_vamb: 1.04947e-01  ab_vamb: 4.26206e-03  ce_vamb: 0.00000e+00  sse_vamb: 7.98934e-02  kld_vamb: 2.09604e-02  loss_labels: 5.98722e-03  ce_labels_labels: 5.70497e-04  kld_labels: 3.46670e+01  correct_labels_labels: 0.00000e+00  loss_joint: 9.36126e-02  ce_joint: 0.00000e+00  sse_joint: 1.74779e+01  ce_labels_joint: 1.78941e-03  kld_vamb_joint: 4.42718e+00  kld_labels_joint: 1.04092e+01  correct_labels_joint: 0.00000e+00  loss: 2.04547e-01
2026-08-13 14:45:41.522 | INFO    | 		Epoch: 196  loss_vamb: 1.05754e-01  ab_vamb: 4.00249e-03  ce_vamb: 0.00000e+00  sse_vamb: 8.07662e-02  kld_vamb: 2.09902e-02  loss_labels: 6.05570e-03  ce_labels_labels: 6.14756e-04  kld_labels: 3.48220e+01  correct_labels_labels: 0.00000e+00  loss_joint: 9.43334e-02  ce_joint: 0.00000e+00  sse_joint: 1.77306e+01  ce_labels_joint: 1.65213e-03  kld_vamb_joint: 4.41753e+00  kld_labels_joint: 1.03787e+01  correct_labels_joint: 0.00000e+00  loss: 2.06143e-01
2026-08-13 14:45:42.343 | INFO    | 		Epoch: 197  loss_vamb: 1.04482e-01  ab_vamb: 3.92839e-03  ce_vamb: 0.00000e+00  sse_vamb: 7.98279e-02  kld_vamb: 2.09795e-02  loss_labels: 6.25788e-03  ce_labels_labels: 8.38869e-04  kld_labels: 3.46817e+01  correct_labels_labels: 0.00000e+00  loss_joint: 9.29686e-02  ce_joint: 0.00000e+00  sse_joint: 1.75682e+01  ce_labels_joint: 1.20169e-03  kld_vamb_joint: 4.43432e+00  kld_labels_joint: 1.04374e+01  correct_labels_joint: 0.00000e+00  loss: 2.03709e-01
2026-08-13 14:45:43.174 | INFO    | 		Epoch: 198  loss_vamb: 1.04355e-01  ab_vamb: 4.07389e-03  ce_vamb: 0.00000e+00  sse_vamb: 7.92567e-02  kld_vamb: 2.09570e-02  loss_labels: 6.11095e-03  ce_labels_labels: 6.90314e-04  kld_labels: 3.46921e+01  correct_labels_labels: 0.00000e+00  loss_joint: 9.33807e-02  ce_joint: 0.00000e+00  sse_joint: 1.74319e+01  ce_labels_joint: 1.86503e-03  kld_vamb_joint: 4.40412e+00  kld_labels_joint: 1.03809e+01  correct_labels_joint: 0.00000e+00  loss: 2.03847e-01
2026-08-13 14:45:43.947 | INFO    | 		Epoch: 199  loss_vamb: 1.04931e-01  ab_vamb: 4.42641e-03  ce_vamb: 0.00000e+00  sse_vamb: 7.94044e-02  kld_vamb: 2.10253e-02  loss_labels: 7.03865e-03  ce_labels_labels: 1.63967e-03  kld_labels: 3.45534e+01  correct_labels_labels: 0.00000e+00  loss_joint: 9.40014e-02  ce_joint: 0.00000e+00  sse_joint: 1.73537e+01  ce_labels_joint: 2.94266e-03  kld_vamb_joint: 4.43624e+00  kld_labels_joint: 1.04350e+01  correct_labels_joint: 0.00000e+00  loss: 2.05971e-01
2026-08-13 14:45:44.740 | INFO    | 		Epoch: 200  loss_vamb: 1.04688e-01  ab_vamb: 4.17021e-03  ce_vamb: 0.00000e+00  sse_vamb: 7.96902e-02  kld_vamb: 2.09839e-02  loss_labels: 6.32444e-03  ce_labels_labels: 9.07610e-04  kld_labels: 3.46677e+01  correct_labels_labels: 0.00000e+00  loss_joint: 9.31790e-02  ce_joint: 0.00000e+00  sse_joint: 1.74827e+01  ce_labels_joint: 1.49082e-03  kld_vamb_joint: 4.43414e+00  kld_labels_joint: 1.04279e+01  correct_labels_joint: 0.00000e+00  loss: 2.04191e-01
2026-08-13 14:45:45.530 | INFO    | 		Epoch: 201  loss_vamb: 1.06108e-01  ab_vamb: 5.73324e-03  ce_vamb: 0.00000e+00  sse_vamb: 7.90650e-02  kld_vamb: 2.10264e-02  loss_labels: 6.12333e-03  ce_labels_labels: 6.85320e-04  kld_labels: 3.48033e+01  correct_labels_labels: 0.00000e+00  loss_joint: 9.51352e-02  ce_joint: 0.00000e+00  sse_joint: 1.73596e+01  ce_labels_joint: 2.12724e-03  kld_vamb_joint: 4.45545e+00  kld_labels_joint: 1.04487e+01  correct_labels_joint: 0.00000e+00  loss: 2.07367e-01
2026-08-13 14:45:46.369 | INFO    | 		Epoch: 202  loss_vamb: 1.04277e-01  ab_vamb: 3.74194e-03  ce_vamb: 0.00000e+00  sse_vamb: 7.97969e-02  kld_vamb: 2.09949e-02  loss_labels: 6.11548e-03  ce_labels_labels: 6.71926e-04  kld_labels: 3.48387e+01  correct_labels_labels: 0.00000e+00  loss_joint: 9.27505e-02  ce_joint: 0.00000e+00  sse_joint: 1.74834e+01  ce_labels_joint: 1.50454e-03  kld_vamb_joint: 4.47526e+00  kld_labels_joint: 1.04666e+01  correct_labels_joint: 0.00000e+00  loss: 2.03143e-01
2026-08-13 14:45:47.176 | INFO    | 		Epoch: 203  loss_vamb: 1.04840e-01  ab_vamb: 4.30688e-03  ce_vamb: 0.00000e+00  sse_vamb: 7.96696e-02  kld_vamb: 2.09934e-02  loss_labels: 6.15002e-03  ce_labels_labels: 7.12519e-04  kld_labels: 3.48000e+01  correct_labels_labels: 0.00000e+00  loss_joint: 9.27306e-02  ce_joint: 0.00000e+00  sse_joint: 1.75025e+01  ce_labels_joint: 1.16968e-03  kld_vamb_joint: 4.50378e+00  kld_labels_joint: 1.04990e+01  correct_labels_joint: 0.00000e+00  loss: 2.03720e-01
2026-08-13 14:45:47.980 | INFO    | 		Epoch: 204  loss_vamb: 1.04564e-01  ab_vamb: 4.07809e-03  ce_vamb: 0.00000e+00  sse_vamb: 7.94144e-02  kld_vamb: 2.10424e-02  loss_labels: 5.73003e-03  ce_labels_labels: 3.21354e-04  kld_labels: 3.46155e+01  correct_labels_labels: 0.00000e+00  loss_joint: 9.26496e-02  ce_joint: 0.00000e+00  sse_joint: 1.73495e+01  ce_labels_joint: 1.67594e-03  kld_vamb_joint: 4.49993e+00  kld_labels_joint: 1.05086e+01  correct_labels_joint: 0.00000e+00  loss: 2.02943e-01
2026-08-13 14:45:48.765 | INFO    | 		Epoch: 205  loss_vamb: 1.04732e-01  ab_vamb: 4.14792e-03  ce_vamb: 0.00000e+00  sse_vamb: 7.94483e-02  kld_vamb: 2.10599e-02  loss_labels: 5.91093e-03  ce_labels_labels: 5.19410e-04  kld_labels: 3.45057e+01  correct_labels_labels: 0.00000e+00  loss_joint: 9.27388e-02  ce_joint: 0.00000e+00  sse_joint: 1.73558e+01  ce_labels_joint: 1.41423e-03  kld_vamb_joint: 4.46224e+00  kld_labels_joint: 1.04916e+01  correct_labels_joint: 0.00000e+00  loss: 2.03382e-01
2026-08-13 14:45:49.578 | INFO    | 		Epoch: 206  loss_vamb: 1.06685e-01  ab_vamb: 5.70455e-03  ce_vamb: 0.00000e+00  sse_vamb: 8.02525e-02  kld_vamb: 2.10221e-02  loss_labels: 5.91347e-03  ce_labels_labels: 5.41390e-04  kld_labels: 3.43813e+01  correct_labels_labels: 0.00000e+00  loss_joint: 9.37372e-02  ce_joint: 0.00000e+00  sse_joint: 1.74880e+01  ce_labels_joint: 1.05261e-03  kld_vamb_joint: 4.47171e+00  kld_labels_joint: 1.05007e+01  correct_labels_joint: 0.00000e+00  loss: 2.06336e-01
2026-08-13 14:45:50.342 | INFO    | 		Epoch: 207  loss_vamb: 1.04219e-01  ab_vamb: 3.64353e-03  ce_vamb: 0.00000e+00  sse_vamb: 7.91262e-02  kld_vamb: 2.10441e-02  loss_labels: 5.80625e-03  ce_labels_labels: 4.79041e-04  kld_labels: 3.40941e+01  correct_labels_labels: 0.00000e+00  loss_joint: 9.18105e-02  ce_joint: 0.00000e+00  sse_joint: 1.73006e+01  ce_labels_joint: 9.61593e-04  kld_vamb_joint: 4.48772e+00  kld_labels_joint: 1.05322e+01  correct_labels_joint: 0.00000e+00  loss: 2.01836e-01
2026-08-13 14:45:51.131 | INFO    | 		Epoch: 208  loss_vamb: 1.04870e-01  ab_vamb: 4.20604e-03  ce_vamb: 0.00000e+00  sse_vamb: 7.96911e-02  kld_vamb: 2.10419e-02  loss_labels: 6.12244e-03  ce_labels_labels: 8.48725e-04  kld_labels: 3.37518e+01  correct_labels_labels: 0.00000e+00  loss_joint: 9.35156e-02  ce_joint: 0.00000e+00  sse_joint: 1.74577e+01  ce_labels_joint: 1.85631e-03  kld_vamb_joint: 4.49880e+00  kld_labels_joint: 1.05812e+01  correct_labels_joint: 0.00000e+00  loss: 2.04508e-01
2026-08-13 14:45:51.930 | INFO    | 		Epoch: 209  loss_vamb: 1.04427e-01  ab_vamb: 4.00849e-03  ce_vamb: 0.00000e+00  sse_vamb: 7.92707e-02  kld_vamb: 2.09912e-02  loss_labels: 7.04295e-03  ce_labels_labels: 1.80846e-03  kld_labels: 3.35008e+01  correct_labels_labels: 0.00000e+00  loss_joint: 9.22349e-02  ce_joint: 0.00000e+00  sse_joint: 1.72745e+01  ce_labels_joint: 1.52612e-03  kld_vamb_joint: 4.48771e+00  kld_labels_joint: 1.05928e+01  correct_labels_joint: 0.00000e+00  loss: 2.03705e-01
2026-08-13 14:45:52.723 | INFO    | 		Epoch: 210  loss_vamb: 1.04283e-01  ab_vamb: 4.02996e-03  ce_vamb: 0.00000e+00  sse_vamb: 7.92303e-02  kld_vamb: 2.09900e-02  loss_labels: 7.37715e-03  ce_labels_labels: 2.11267e-03  kld_labels: 3.36927e+01  correct_labels_labels: 0.00000e+00  loss_joint: 9.35178e-02  ce_joint: 0.00000e+00  sse_joint: 1.73303e+01  ce_labels_joint: 2.22613e-03  kld_vamb_joint: 4.51252e+00  kld_labels_joint: 1.06018e+01  correct_labels_joint: 0.00000e+00  loss: 2.05178e-01
2026-08-13 14:45:53.532 | INFO    | 		Epoch: 211  loss_vamb: 1.04310e-01  ab_vamb: 3.95421e-03  ce_vamb: 0.00000e+00  sse_vamb: 7.94764e-02  kld_vamb: 2.09696e-02  loss_labels: 6.48560e-03  ce_labels_labels: 1.22685e-03  kld_labels: 3.36560e+01  correct_labels_labels: 0.00000e+00  loss_joint: 9.26145e-02  ce_joint: 0.00000e+00  sse_joint: 1.74338e+01  ce_labels_joint: 1.37730e-03  kld_vamb_joint: 4.48889e+00  kld_labels_joint: 1.05504e+01  correct_labels_joint: 0.00000e+00  loss: 2.03410e-01
2026-08-13 14:45:54.366 | INFO    | 		Epoch: 212  loss_vamb: 1.05118e-01  ab_vamb: 4.59144e-03  ce_vamb: 0.00000e+00  sse_vamb: 7.93249e-02  kld_vamb: 2.10336e-02  loss_labels: 6.69540e-03  ce_labels_labels: 1.40033e-03  kld_labels: 3.38884e+01  correct_labels_labels: 0.00000e+00  loss_joint: 9.29496e-02  ce_joint: 0.00000e+00  sse_joint: 1.72868e+01  ce_labels_joint: 1.88257e-03  kld_vamb_joint: 4.50143e+00  kld_labels_joint: 1.06351e+01  correct_labels_joint: 0.00000e+00  loss: 2.04763e-01
2026-08-13 14:45:55.187 | INFO    | 		Epoch: 213  loss_vamb: 1.04544e-01  ab_vamb: 4.41077e-03  ce_vamb: 0.00000e+00  sse_vamb: 7.92441e-02  kld_vamb: 2.10670e-02  loss_labels: 5.65070e-03  ce_labels_labels: 3.12679e-04  kld_labels: 3.41634e+01  correct_labels_labels: 0.00000e+00  loss_joint: 9.29551e-02  ce_joint: 0.00000e+00  sse_joint: 1.73443e+01  ce_labels_joint: 1.98320e-03  kld_vamb_joint: 4.50791e+00  kld_labels_joint: 1.05778e+01  correct_labels_joint: 0.00000e+00  loss: 2.03150e-01
2026-08-13 14:45:55.993 | INFO    | 		Epoch: 214  loss_vamb: 1.05153e-01  ab_vamb: 4.72014e-03  ce_vamb: 0.00000e+00  sse_vamb: 7.97206e-02  kld_vamb: 2.09827e-02  loss_labels: 6.28113e-03  ce_labels_labels: 9.50008e-04  kld_labels: 3.41192e+01  correct_labels_labels: 0.00000e+00  loss_joint: 9.28866e-02  ce_joint: 0.00000e+00  sse_joint: 1.74336e+01  ce_labels_joint: 1.43518e-03  kld_vamb_joint: 4.50636e+00  kld_labels_joint: 1.05768e+01  correct_labels_joint: 0.00000e+00  loss: 2.04321e-01
2026-08-13 14:45:56.815 | INFO    | 		Epoch: 215  loss_vamb: 1.04324e-01  ab_vamb: 4.05092e-03  ce_vamb: 0.00000e+00  sse_vamb: 7.92804e-02  kld_vamb: 2.10203e-02  loss_labels: 6.02154e-03  ce_labels_labels: 6.93539e-04  kld_labels: 3.40992e+01  correct_labels_labels: 0.00000e+00  loss_joint: 9.22216e-02  ce_joint: 0.00000e+00  sse_joint: 1.72848e+01  ce_labels_joint: 1.44359e-03  kld_vamb_joint: 4.51040e+00  kld_labels_joint: 1.06306e+01  correct_labels_joint: 0.00000e+00  loss: 2.02567e-01
2026-08-13 14:45:57.584 | INFO    | 		Epoch: 216  loss_vamb: 1.04605e-01  ab_vamb: 4.41181e-03  ce_vamb: 0.00000e+00  sse_vamb: 7.89017e-02  kld_vamb: 2.11664e-02  loss_labels: 6.60819e-03  ce_labels_labels: 1.27400e-03  kld_labels: 3.41388e+01  correct_labels_labels: 0.00000e+00  loss_joint: 9.27330e-02  ce_joint: 0.00000e+00  sse_joint: 1.72811e+01  ce_labels_joint: 1.80459e-03  kld_vamb_joint: 4.51499e+00  kld_labels_joint: 1.06443e+01  correct_labels_joint: 0.00000e+00  loss: 2.03947e-01
2026-08-13 14:45:58.333 | INFO    | 		Epoch: 217  loss_vamb: 1.04415e-01  ab_vamb: 4.60343e-03  ce_vamb: 0.00000e+00  sse_vamb: 7.85821e-02  kld_vamb: 2.10486e-02  loss_labels: 5.96821e-03  ce_labels_labels: 6.34343e-04  kld_labels: 3.41368e+01  correct_labels_labels: 0.00000e+00  loss_joint: 9.25107e-02  ce_joint: 0.00000e+00  sse_joint: 1.72030e+01  ce_labels_joint: 1.68975e-03  kld_vamb_joint: 4.50965e+00  kld_labels_joint: 1.06020e+01  correct_labels_joint: 0.00000e+00  loss: 2.02894e-01
2026-08-13 14:45:59.111 | INFO    | 		Epoch: 218  loss_vamb: 1.04391e-01  ab_vamb: 4.19710e-03  ce_vamb: 0.00000e+00  sse_vamb: 7.92870e-02  kld_vamb: 2.10383e-02  loss_labels: 6.28251e-03  ce_labels_labels: 9.43618e-04  kld_labels: 3.41689e+01  correct_labels_labels: 0.00000e+00  loss_joint: 9.16184e-02  ce_joint: 0.00000e+00  sse_joint: 1.72573e+01  ce_labels_joint: 1.05875e-03  kld_vamb_joint: 4.51868e+00  kld_labels_joint: 1.06338e+01  correct_labels_joint: 0.00000e+00  loss: 2.02291e-01
2026-08-13 14:45:59.943 | INFO    | 		Epoch: 219  loss_vamb: 1.04307e-01  ab_vamb: 4.26596e-03  ce_vamb: 0.00000e+00  sse_vamb: 7.90563e-02  kld_vamb: 2.10829e-02  loss_labels: 6.10369e-03  ce_labels_labels: 7.33808e-04  kld_labels: 3.43673e+01  correct_labels_labels: 0.00000e+00  loss_joint: 9.23911e-02  ce_joint: 0.00000e+00  sse_joint: 1.72653e+01  ce_labels_joint: 1.80225e-03  kld_vamb_joint: 4.53077e+00  kld_labels_joint: 1.06529e+01  correct_labels_joint: 0.00000e+00  loss: 2.02801e-01
2026-08-13 14:46:00.763 | INFO    | 		Epoch: 220  loss_vamb: 1.04141e-01  ab_vamb: 4.09933e-03  ce_vamb: 0.00000e+00  sse_vamb: 7.88047e-02  kld_vamb: 2.11001e-02  loss_labels: 6.49612e-03  ce_labels_labels: 1.11692e-03  kld_labels: 3.44269e+01  correct_labels_labels: 0.00000e+00  loss_joint: 9.24620e-02  ce_joint: 0.00000e+00  sse_joint: 1.73198e+01  ce_labels_joint: 1.38308e-03  kld_vamb_joint: 4.53793e+00  kld_labels_joint: 1.06529e+01  correct_labels_joint: 0.00000e+00  loss: 2.03099e-01
2026-08-13 14:46:01.688 | INFO    | 		Epoch: 221  loss_vamb: 1.04054e-01  ab_vamb: 3.97714e-03  ce_vamb: 0.00000e+00  sse_vamb: 7.89706e-02  kld_vamb: 2.10579e-02  loss_labels: 6.44574e-03  ce_labels_labels: 1.03979e-03  kld_labels: 3.45981e+01  correct_labels_labels: 0.00000e+00  loss_joint: 9.17330e-02  ce_joint: 0.00000e+00  sse_joint: 1.72674e+01  ce_labels_joint: 1.11061e-03  kld_vamb_joint: 4.53074e+00  kld_labels_joint: 1.06401e+01  correct_labels_joint: 0.00000e+00  loss: 2.02233e-01
2026-08-13 14:46:02.561 | INFO    | 		Epoch: 222  loss_vamb: 1.04284e-01  ab_vamb: 4.13999e-03  ce_vamb: 0.00000e+00  sse_vamb: 7.89003e-02  kld_vamb: 2.10849e-02  loss_labels: 5.93678e-03  ce_labels_labels: 5.08673e-04  kld_labels: 3.47399e+01  correct_labels_labels: 0.00000e+00  loss_joint: 9.15186e-02  ce_joint: 0.00000e+00  sse_joint: 1.71839e+01  ce_labels_joint: 1.10753e-03  kld_vamb_joint: 4.54111e+00  kld_labels_joint: 1.06265e+01  correct_labels_joint: 0.00000e+00  loss: 2.01740e-01
2026-08-13 14:46:03.337 | INFO    | 		Epoch: 223  loss_vamb: 1.04665e-01  ab_vamb: 4.40655e-03  ce_vamb: 0.00000e+00  sse_vamb: 7.94841e-02  kld_vamb: 2.10441e-02  loss_labels: 6.75052e-03  ce_labels_labels: 1.32115e-03  kld_labels: 3.47480e+01  correct_labels_labels: 0.00000e+00  loss_joint: 9.25807e-02  ce_joint: 0.00000e+00  sse_joint: 1.73560e+01  ce_labels_joint: 1.62882e-03  kld_vamb_joint: 4.55254e+00  kld_labels_joint: 1.06497e+01  correct_labels_joint: 0.00000e+00  loss: 2.03996e-01
2026-08-13 14:46:04.279 | INFO    | 		Epoch: 224  loss_vamb: 1.04635e-01  ab_vamb: 4.15508e-03  ce_vamb: 0.00000e+00  sse_vamb: 7.94836e-02  kld_vamb: 2.10906e-02  loss_labels: 6.25806e-03  ce_labels_labels: 8.24149e-04  kld_labels: 3.47771e+01  correct_labels_labels: 0.00000e+00  loss_joint: 9.18566e-02  ce_joint: 0.00000e+00  sse_joint: 1.72788e+01  ce_labels_joint: 1.43843e-03  kld_vamb_joint: 4.52337e+00  kld_labels_joint: 1.06176e+01  correct_labels_joint: 0.00000e+00  loss: 2.02749e-01
2026-08-13 14:46:04.993 | INFO    | 		Epoch: 225  loss_vamb: 1.03665e-01  ab_vamb: 3.94067e-03  ce_vamb: 0.00000e+00  sse_vamb: 7.86802e-02  kld_vamb: 2.10631e-02  loss_labels: 6.43078e-03  ce_labels_labels: 1.00078e-03  kld_labels: 3.47520e+01  correct_labels_labels: 0.00000e+00  loss_joint: 9.11331e-02  ce_joint: 0.00000e+00  sse_joint: 1.71330e+01  ce_labels_joint: 1.46911e-03  kld_vamb_joint: 4.54816e+00  kld_labels_joint: 1.06549e+01  correct_labels_joint: 0.00000e+00  loss: 2.01229e-01
2026-08-13 14:46:05.680 | INFO    | 		Epoch: 226  loss_vamb: 1.03664e-01  ab_vamb: 3.90359e-03  ce_vamb: 0.00000e+00  sse_vamb: 7.84737e-02  kld_vamb: 2.11483e-02  loss_labels: 6.00590e-03  ce_labels_labels: 5.89090e-04  kld_labels: 3.46676e+01  correct_labels_labels: 0.00000e+00  loss_joint: 9.20254e-02  ce_joint: 0.00000e+00  sse_joint: 1.71726e+01  ce_labels_joint: 1.95782e-03  kld_vamb_joint: 4.52454e+00  kld_labels_joint: 1.06559e+01  correct_labels_joint: 0.00000e+00  loss: 2.01695e-01
2026-08-13 14:46:06.471 | INFO    | 		Epoch: 227  loss_vamb: 1.03307e-01  ab_vamb: 3.96979e-03  ce_vamb: 0.00000e+00  sse_vamb: 7.82154e-02  kld_vamb: 2.10992e-02  loss_labels: 6.25083e-03  ce_labels_labels: 8.38178e-04  kld_labels: 3.46410e+01  correct_labels_labels: 0.00000e+00  loss_joint: 9.10357e-02  ce_joint: 0.00000e+00  sse_joint: 1.71512e+01  ce_labels_joint: 1.11772e-03  kld_vamb_joint: 4.52119e+00  kld_labels_joint: 1.06364e+01  correct_labels_joint: 0.00000e+00  loss: 2.00594e-01
2026-08-13 14:46:07.256 | INFO    | 		Epoch: 228  loss_vamb: 1.03652e-01  ab_vamb: 4.17862e-03  ce_vamb: 0.00000e+00  sse_vamb: 7.80077e-02  kld_vamb: 2.12058e-02  loss_labels: 6.65215e-03  ce_labels_labels: 1.24038e-03  kld_labels: 3.46353e+01  correct_labels_labels: 0.00000e+00  loss_joint: 9.07035e-02  ce_joint: 0.00000e+00  sse_joint: 1.69999e+01  ce_labels_joint: 1.31276e-03  kld_vamb_joint: 4.53189e+00  kld_labels_joint: 1.06814e+01  correct_labels_joint: 0.00000e+00  loss: 2.01008e-01
2026-08-13 14:46:07.966 | INFO    | 		Epoch: 229  loss_vamb: 1.03613e-01  ab_vamb: 3.87259e-03  ce_vamb: 0.00000e+00  sse_vamb: 7.86249e-02  kld_vamb: 2.12093e-02  loss_labels: 6.31747e-03  ce_labels_labels: 9.15613e-04  kld_labels: 3.45719e+01  correct_labels_labels: 0.00000e+00  loss_joint: 9.17163e-02  ce_joint: 0.00000e+00  sse_joint: 1.71318e+01  ce_labels_joint: 1.98642e-03  kld_vamb_joint: 4.54983e+00  kld_labels_joint: 1.07096e+01  correct_labels_joint: 0.00000e+00  loss: 2.01646e-01
2026-08-13 14:46:08.757 | INFO    | 		Epoch: 230  loss_vamb: 1.03316e-01  ab_vamb: 3.93851e-03  ce_vamb: 0.00000e+00  sse_vamb: 7.80784e-02  kld_vamb: 2.11813e-02  loss_labels: 6.29799e-03  ce_labels_labels: 8.97969e-04  kld_labels: 3.45601e+01  correct_labels_labels: 0.00000e+00  loss_joint: 9.10272e-02  ce_joint: 0.00000e+00  sse_joint: 1.70786e+01  ce_labels_joint: 1.50373e-03  kld_vamb_joint: 4.53855e+00  kld_labels_joint: 1.06752e+01  correct_labels_joint: 0.00000e+00  loss: 2.00641e-01
2026-08-13 14:46:09.514 | INFO    | 		Epoch: 231  loss_vamb: 1.03612e-01  ab_vamb: 4.05441e-03  ce_vamb: 0.00000e+00  sse_vamb: 7.80558e-02  kld_vamb: 2.12129e-02  loss_labels: 5.84492e-03  ce_labels_labels: 4.42343e-04  kld_labels: 3.45765e+01  correct_labels_labels: 0.00000e+00  loss_joint: 9.09691e-02  ce_joint: 0.00000e+00  sse_joint: 1.70244e+01  ce_labels_joint: 1.40610e-03  kld_vamb_joint: 4.54914e+00  kld_labels_joint: 1.07078e+01  correct_labels_joint: 0.00000e+00  loss: 2.00426e-01
2026-08-13 14:46:10.255 | INFO    | 		Epoch: 232  loss_vamb: 1.03696e-01  ab_vamb: 3.94364e-03  ce_vamb: 0.00000e+00  sse_vamb: 7.88189e-02  kld_vamb: 2.11499e-02  loss_labels: 6.44633e-03  ce_labels_labels: 1.06243e-03  kld_labels: 3.44570e+01  correct_labels_labels: 0.00000e+00  loss_joint: 9.22138e-02  ce_joint: 0.00000e+00  sse_joint: 1.72171e+01  ce_labels_joint: 2.40218e-03  kld_vamb_joint: 4.50749e+00  kld_labels_joint: 1.06695e+01  correct_labels_joint: 0.00000e+00  loss: 2.02357e-01
2026-08-13 14:46:10.834 | INFO    | 		Epoch: 233  loss_vamb: 1.03359e-01  ab_vamb: 3.79005e-03  ce_vamb: 0.00000e+00  sse_vamb: 7.81223e-02  kld_vamb: 2.12107e-02  loss_labels: 5.92778e-03  ce_labels_labels: 5.47340e-04  kld_labels: 3.44348e+01  correct_labels_labels: 0.00000e+00  loss_joint: 9.05666e-02  ce_joint: 0.00000e+00  sse_joint: 1.70320e+01  ce_labels_joint: 1.41157e-03  kld_vamb_joint: 4.53135e+00  kld_labels_joint: 1.07097e+01  correct_labels_joint: 0.00000e+00  loss: 1.99854e-01
2026-08-13 14:46:11.516 | INFO    | 		Epoch: 234  loss_vamb: 1.03237e-01  ab_vamb: 3.78413e-03  ce_vamb: 0.00000e+00  sse_vamb: 7.84809e-02  kld_vamb: 2.11708e-02  loss_labels: 5.75379e-03  ce_labels_labels: 3.74843e-04  kld_labels: 3.44252e+01  correct_labels_labels: 0.00000e+00  loss_joint: 9.08379e-02  ce_joint: 0.00000e+00  sse_joint: 1.71412e+01  ce_labels_joint: 1.14523e-03  kld_vamb_joint: 4.53525e+00  kld_labels_joint: 1.06864e+01  correct_labels_joint: 0.00000e+00  loss: 1.99829e-01
2026-08-13 14:46:12.276 | INFO    | 		Epoch: 235  loss_vamb: 1.03351e-01  ab_vamb: 4.15109e-03  ce_vamb: 0.00000e+00  sse_vamb: 7.80805e-02  kld_vamb: 2.11637e-02  loss_labels: 5.92672e-03  ce_labels_labels: 5.38991e-04  kld_labels: 3.44814e+01  correct_labels_labels: 0.00000e+00  loss_joint: 8.99547e-02  ce_joint: 0.00000e+00  sse_joint: 1.69797e+01  ce_labels_joint: 1.12796e-03  kld_vamb_joint: 4.55464e+00  kld_labels_joint: 1.07226e+01  correct_labels_joint: 0.00000e+00  loss: 1.99232e-01
2026-08-13 14:46:12.877 | INFO    | 		Epoch: 236  loss_vamb: 1.03487e-01  ab_vamb: 3.86602e-03  ce_vamb: 0.00000e+00  sse_vamb: 7.84052e-02  kld_vamb: 2.11563e-02  loss_labels: 5.81582e-03  ce_labels_labels: 4.34123e-04  kld_labels: 3.44429e+01  correct_labels_labels: 0.00000e+00  loss_joint: 9.18788e-02  ce_joint: 0.00000e+00  sse_joint: 1.71464e+01  ce_labels_joint: 2.07462e-03  kld_vamb_joint: 4.54998e+00  kld_labels_joint: 1.07323e+01  correct_labels_joint: 0.00000e+00  loss: 2.01182e-01
2026-08-13 14:46:13.563 | INFO    | 		Epoch: 237  loss_vamb: 1.03186e-01  ab_vamb: 3.80836e-03  ce_vamb: 0.00000e+00  sse_vamb: 7.82766e-02  kld_vamb: 2.11913e-02  loss_labels: 6.29699e-03  ce_labels_labels: 9.35993e-04  kld_labels: 3.43104e+01  correct_labels_labels: 0.00000e+00  loss_joint: 9.08065e-02  ce_joint: 0.00000e+00  sse_joint: 1.70884e+01  ce_labels_joint: 1.37738e-03  kld_vamb_joint: 4.56131e+00  kld_labels_joint: 1.07437e+01  correct_labels_joint: 0.00000e+00  loss: 2.00290e-01
2026-08-13 14:46:14.403 | INFO    | 		Epoch: 238  loss_vamb: 1.03618e-01  ab_vamb: 3.73494e-03  ce_vamb: 0.00000e+00  sse_vamb: 7.87566e-02  kld_vamb: 2.11621e-02  loss_labels: 6.12717e-03  ce_labels_labels: 7.61226e-04  kld_labels: 3.43420e+01  correct_labels_labels: 0.00000e+00  loss_joint: 9.13491e-02  ce_joint: 0.00000e+00  sse_joint: 1.71833e+01  ce_labels_joint: 1.38672e-03  kld_vamb_joint: 4.54708e+00  kld_labels_joint: 1.07383e+01  correct_labels_joint: 0.00000e+00  loss: 2.01095e-01
2026-08-13 14:46:15.245 | INFO    | 		Epoch: 239  loss_vamb: 1.03064e-01  ab_vamb: 3.78556e-03  ce_vamb: 0.00000e+00  sse_vamb: 7.81025e-02  kld_vamb: 2.11618e-02  loss_labels: 6.01803e-03  ce_labels_labels: 6.81566e-04  kld_labels: 3.41533e+01  correct_labels_labels: 0.00000e+00  loss_joint: 9.09284e-02  ce_joint: 0.00000e+00  sse_joint: 1.71224e+01  ce_labels_joint: 1.14869e-03  kld_vamb_joint: 4.55809e+00  kld_labels_joint: 1.07674e+01  correct_labels_joint: 0.00000e+00  loss: 2.00011e-01
2026-08-13 14:46:16.072 | INFO    | 		Epoch: 240  loss_vamb: 1.03437e-01  ab_vamb: 3.75600e-03  ce_vamb: 0.00000e+00  sse_vamb: 7.87110e-02  kld_vamb: 2.11333e-02  loss_labels: 5.97375e-03  ce_labels_labels: 6.22639e-04  kld_labels: 3.42471e+01  correct_labels_labels: 0.00000e+00  loss_joint: 9.12130e-02  ce_joint: 0.00000e+00  sse_joint: 1.71877e+01  ce_labels_joint: 1.48144e-03  kld_vamb_joint: 4.54426e+00  kld_labels_joint: 1.07202e+01  correct_labels_joint: 0.00000e+00  loss: 2.00624e-01
2026-08-13 14:46:16.869 | INFO    | 		Epoch: 241  loss_vamb: 1.02995e-01  ab_vamb: 3.84205e-03  ce_vamb: 0.00000e+00  sse_vamb: 7.79451e-02  kld_vamb: 2.11349e-02  loss_labels: 5.80050e-03  ce_labels_labels: 4.56394e-04  kld_labels: 3.42023e+01  correct_labels_labels: 0.00000e+00  loss_joint: 9.03007e-02  ce_joint: 0.00000e+00  sse_joint: 1.70181e+01  ce_labels_joint: 1.08753e-03  kld_vamb_joint: 4.54711e+00  kld_labels_joint: 1.07207e+01  correct_labels_joint: 0.00000e+00  loss: 1.99097e-01
2026-08-13 14:46:17.669 | INFO    | 		Epoch: 242  loss_vamb: 1.02954e-01  ab_vamb: 3.84059e-03  ce_vamb: 0.00000e+00  sse_vamb: 7.79246e-02  kld_vamb: 2.11961e-02  loss_labels: 5.76811e-03  ce_labels_labels: 4.52528e-04  kld_labels: 3.40197e+01  correct_labels_labels: 0.00000e+00  loss_joint: 9.20628e-02  ce_joint: 0.00000e+00  sse_joint: 1.70723e+01  ce_labels_joint: 2.35610e-03  kld_vamb_joint: 4.58044e+00  kld_labels_joint: 1.08039e+01  correct_labels_joint: 0.00000e+00  loss: 2.00784e-01
2026-08-13 14:46:18.449 | INFO    | 		Epoch: 243  loss_vamb: 1.03417e-01  ab_vamb: 4.08482e-03  ce_vamb: 0.00000e+00  sse_vamb: 7.79596e-02  kld_vamb: 2.12140e-02  loss_labels: 5.88311e-03  ce_labels_labels: 5.59305e-04  kld_labels: 3.40723e+01  correct_labels_labels: 0.00000e+00  loss_joint: 9.05456e-02  ce_joint: 0.00000e+00  sse_joint: 1.69957e+01  ce_labels_joint: 1.31884e-03  kld_vamb_joint: 4.57037e+00  kld_labels_joint: 1.07974e+01  correct_labels_joint: 0.00000e+00  loss: 1.99846e-01
2026-08-13 14:46:19.251 | INFO    | 		Epoch: 244  loss_vamb: 1.02303e-01  ab_vamb: 3.87408e-03  ce_vamb: 0.00000e+00  sse_vamb: 7.72094e-02  kld_vamb: 2.11241e-02  loss_labels: 5.81165e-03  ce_labels_labels: 5.05512e-04  kld_labels: 3.39593e+01  correct_labels_labels: 0.00000e+00  loss_joint: 9.01645e-02  ce_joint: 0.00000e+00  sse_joint: 1.69546e+01  ce_labels_joint: 1.25968e-03  kld_vamb_joint: 4.57650e+00  kld_labels_joint: 1.07838e+01  correct_labels_joint: 0.00000e+00  loss: 1.98279e-01
2026-08-13 14:46:19.835 | INFO    | 		Epoch: 245  loss_vamb: 1.03076e-01  ab_vamb: 3.69457e-03  ce_vamb: 0.00000e+00  sse_vamb: 7.82227e-02  kld_vamb: 2.11307e-02  loss_labels: 5.84331e-03  ce_labels_labels: 5.59309e-04  kld_labels: 3.38176e+01  correct_labels_labels: 0.00000e+00  loss_joint: 9.03990e-02  ce_joint: 0.00000e+00  sse_joint: 1.70128e+01  ce_labels_joint: 1.24903e-03  kld_vamb_joint: 4.55278e+00  kld_labels_joint: 1.07692e+01  correct_labels_joint: 0.00000e+00  loss: 1.99318e-01
2026-08-13 14:46:20.551 | INFO    | 		Epoch: 246  loss_vamb: 1.02824e-01  ab_vamb: 3.67941e-03  ce_vamb: 0.00000e+00  sse_vamb: 7.78680e-02  kld_vamb: 2.11479e-02  loss_labels: 6.19598e-03  ce_labels_labels: 9.24932e-04  kld_labels: 3.37347e+01  correct_labels_labels: 0.00000e+00  loss_joint: 9.10204e-02  ce_joint: 0.00000e+00  sse_joint: 1.69742e+01  ce_labels_joint: 1.70646e-03  kld_vamb_joint: 4.56489e+00  kld_labels_joint: 1.07821e+01  correct_labels_joint: 0.00000e+00  loss: 2.00040e-01
2026-08-13 14:46:21.236 | INFO    | 		Epoch: 247  loss_vamb: 1.03282e-01  ab_vamb: 3.73721e-03  ce_vamb: 0.00000e+00  sse_vamb: 7.78160e-02  kld_vamb: 2.12208e-02  loss_labels: 5.84308e-03  ce_labels_labels: 5.88796e-04  kld_labels: 3.36274e+01  correct_labels_labels: 0.00000e+00  loss_joint: 9.03533e-02  ce_joint: 0.00000e+00  sse_joint: 1.69096e+01  ce_labels_joint: 1.21007e-03  kld_vamb_joint: 4.56822e+00  kld_labels_joint: 1.08438e+01  correct_labels_joint: 0.00000e+00  loss: 1.99478e-01
2026-08-13 14:46:21.916 | INFO    | 		Epoch: 248  loss_vamb: 1.03306e-01  ab_vamb: 3.84137e-03  ce_vamb: 0.00000e+00  sse_vamb: 7.83343e-02  kld_vamb: 2.11492e-02  loss_labels: 6.40674e-03  ce_labels_labels: 1.15763e-03  kld_labels: 3.35943e+01  correct_labels_labels: 0.00000e+00  loss_joint: 9.11006e-02  ce_joint: 0.00000e+00  sse_joint: 1.71519e+01  ce_labels_joint: 1.18460e-03  kld_vamb_joint: 4.54792e+00  kld_labels_joint: 1.07728e+01  correct_labels_joint: 0.00000e+00  loss: 2.00813e-01
2026-08-13 14:46:22.679 | INFO    | 		Epoch: 249  loss_vamb: 1.02797e-01  ab_vamb: 3.63301e-03  ce_vamb: 0.00000e+00  sse_vamb: 7.78540e-02  kld_vamb: 2.11885e-02  loss_labels: 6.16868e-03  ce_labels_labels: 9.39780e-04  kld_labels: 3.34650e+01  correct_labels_labels: 0.00000e+00  loss_joint: 9.02576e-02  ce_joint: 0.00000e+00  sse_joint: 1.69636e+01  ce_labels_joint: 1.23129e-03  kld_vamb_joint: 4.55752e+00  kld_labels_joint: 1.08009e+01  correct_labels_joint: 0.00000e+00  loss: 1.99223e-01
2026-08-13 14:46:23.373 | INFO    | 		Epoch: 250  loss_vamb: 1.03287e-01  ab_vamb: 3.88016e-03  ce_vamb: 0.00000e+00  sse_vamb: 7.82720e-02  kld_vamb: 2.12026e-02  loss_labels: 5.91181e-03  ce_labels_labels: 6.83593e-04  kld_labels: 3.34606e+01  correct_labels_labels: 0.00000e+00  loss_joint: 9.03936e-02  ce_joint: 0.00000e+00  sse_joint: 1.70517e+01  ce_labels_joint: 1.19163e-03  kld_vamb_joint: 4.55336e+00  kld_labels_joint: 1.08434e+01  correct_labels_joint: 0.00000e+00  loss: 1.99593e-01
2026-08-13 14:46:24.199 | INFO    | 		Epoch: 251  loss_vamb: 1.03091e-01  ab_vamb: 3.76150e-03  ce_vamb: 0.00000e+00  sse_vamb: 7.82888e-02  kld_vamb: 2.11608e-02  loss_labels: 6.17821e-03  ce_labels_labels: 9.73535e-04  kld_labels: 3.33099e+01  correct_labels_labels: 0.00000e+00  loss_joint: 9.10356e-02  ce_joint: 0.00000e+00  sse_joint: 1.70683e+01  ce_labels_joint: 1.65242e-03  kld_vamb_joint: 4.58136e+00  kld_labels_joint: 1.08445e+01  correct_labels_joint: 0.00000e+00  loss: 2.00304e-01
2026-08-13 14:46:24.906 | INFO    | 		Epoch: 252  loss_vamb: 1.03018e-01  ab_vamb: 3.78662e-03  ce_vamb: 0.00000e+00  sse_vamb: 7.82482e-02  kld_vamb: 2.11551e-02  loss_labels: 6.15673e-03  ce_labels_labels: 9.62601e-04  kld_labels: 3.32424e+01  correct_labels_labels: 0.00000e+00  loss_joint: 9.02536e-02  ce_joint: 0.00000e+00  sse_joint: 1.70684e+01  ce_labels_joint: 1.16718e-03  kld_vamb_joint: 4.56565e+00  kld_labels_joint: 1.08444e+01  correct_labels_joint: 0.00000e+00  loss: 1.99429e-01
2026-08-13 14:46:25.740 | INFO    | 		Epoch: 253  loss_vamb: 1.03172e-01  ab_vamb: 3.95630e-03  ce_vamb: 0.00000e+00  sse_vamb: 7.77421e-02  kld_vamb: 2.11718e-02  loss_labels: 6.02631e-03  ce_labels_labels: 8.25906e-04  kld_labels: 3.32826e+01  correct_labels_labels: 0.00000e+00  loss_joint: 9.05358e-02  ce_joint: 0.00000e+00  sse_joint: 1.69822e+01  ce_labels_joint: 1.33463e-03  kld_vamb_joint: 4.57528e+00  kld_labels_joint: 1.08670e+01  correct_labels_joint: 0.00000e+00  loss: 1.99734e-01
2026-08-13 14:46:26.472 | INFO    | 		Epoch: 254  loss_vamb: 1.03054e-01  ab_vamb: 3.83854e-03  ce_vamb: 0.00000e+00  sse_vamb: 7.78243e-02  kld_vamb: 2.11963e-02  loss_labels: 5.66602e-03  ce_labels_labels: 4.82780e-04  kld_labels: 3.31727e+01  correct_labels_labels: 0.00000e+00  loss_joint: 9.07994e-02  ce_joint: 0.00000e+00  sse_joint: 1.70254e+01  ce_labels_joint: 1.46905e-03  kld_vamb_joint: 4.59095e+00  kld_labels_joint: 1.08919e+01  correct_labels_joint: 0.00000e+00  loss: 1.99519e-01
2026-08-13 14:46:27.271 | INFO    | 		Epoch: 255  loss_vamb: 1.03027e-01  ab_vamb: 3.85567e-03  ce_vamb: 0.00000e+00  sse_vamb: 7.81174e-02  kld_vamb: 2.11030e-02  loss_labels: 6.25183e-03  ce_labels_labels: 1.07243e-03  kld_labels: 3.31482e+01  correct_labels_labels: 0.00000e+00  loss_joint: 9.07997e-02  ce_joint: 0.00000e+00  sse_joint: 1.70608e+01  ce_labels_joint: 1.36738e-03  kld_vamb_joint: 4.57227e+00  kld_labels_joint: 1.08281e+01  correct_labels_joint: 0.00000e+00  loss: 2.00078e-01
2026-08-13 14:46:28.060 | INFO    | 		Epoch: 256  loss_vamb: 1.02168e-01  ab_vamb: 3.70012e-03  ce_vamb: 0.00000e+00  sse_vamb: 7.70089e-02  kld_vamb: 2.11962e-02  loss_labels: 7.14108e-03  ce_labels_labels: 1.96939e-03  kld_labels: 3.30988e+01  correct_labels_labels: 0.00000e+00  loss_joint: 8.94347e-02  ce_joint: 0.00000e+00  sse_joint: 1.68359e+01  ce_labels_joint: 1.07628e-03  kld_vamb_joint: 4.58780e+00  kld_labels_joint: 1.08813e+01  correct_labels_joint: 0.00000e+00  loss: 1.98744e-01
2026-08-13 14:46:28.804 | INFO    | 		Epoch: 257  loss_vamb: 1.02802e-01  ab_vamb: 4.02840e-03  ce_vamb: 0.00000e+00  sse_vamb: 7.75456e-02  kld_vamb: 2.12168e-02  loss_labels: 5.82449e-03  ce_labels_labels: 6.39641e-04  kld_labels: 3.31830e+01  correct_labels_labels: 0.00000e+00  loss_joint: 8.99841e-02  ce_joint: 0.00000e+00  sse_joint: 1.68508e+01  ce_labels_joint: 1.53742e-03  kld_vamb_joint: 4.58308e+00  kld_labels_joint: 1.09013e+01  correct_labels_joint: 0.00000e+00  loss: 1.98610e-01
2026-08-13 14:46:29.622 | INFO    | 		Epoch: 258  loss_vamb: 1.03452e-01  ab_vamb: 4.05463e-03  ce_vamb: 0.00000e+00  sse_vamb: 7.82346e-02  kld_vamb: 2.11793e-02  loss_labels: 6.62622e-03  ce_labels_labels: 1.46273e-03  kld_labels: 3.30463e+01  correct_labels_labels: 0.00000e+00  loss_joint: 9.02223e-02  ce_joint: 0.00000e+00  sse_joint: 1.69975e+01  ce_labels_joint: 1.06739e-03  kld_vamb_joint: 4.58200e+00  kld_labels_joint: 1.08812e+01  correct_labels_joint: 0.00000e+00  loss: 2.00301e-01
2026-08-13 14:46:30.434 | INFO    | 		Epoch: 259  loss_vamb: 1.02770e-01  ab_vamb: 3.82095e-03  ce_vamb: 0.00000e+00  sse_vamb: 7.77903e-02  kld_vamb: 2.11907e-02  loss_labels: 6.55128e-03  ce_labels_labels: 1.40335e-03  kld_labels: 3.29467e+01  correct_labels_labels: 0.00000e+00  loss_joint: 9.06249e-02  ce_joint: 0.00000e+00  sse_joint: 1.69977e+01  ce_labels_joint: 1.59631e-03  kld_vamb_joint: 4.58907e+00  kld_labels_joint: 1.08880e+01  correct_labels_joint: 0.00000e+00  loss: 1.99946e-01
2026-08-13 14:46:31.099 | INFO    | 		Epoch: 260  loss_vamb: 1.03002e-01  ab_vamb: 3.90370e-03  ce_vamb: 0.00000e+00  sse_vamb: 7.77993e-02  kld_vamb: 2.11691e-02  loss_labels: 5.88982e-03  ce_labels_labels: 7.15640e-04  kld_labels: 3.31147e+01  correct_labels_labels: 0.00000e+00  loss_joint: 9.09486e-02  ce_joint: 0.00000e+00  sse_joint: 1.69589e+01  ce_labels_joint: 2.09218e-03  kld_vamb_joint: 4.59705e+00  kld_labels_joint: 1.08921e+01  correct_labels_joint: 0.00000e+00  loss: 1.99840e-01
2026-08-13 14:46:31.820 | INFO    | 		Epoch: 261  loss_vamb: 1.02824e-01  ab_vamb: 3.95691e-03  ce_vamb: 0.00000e+00  sse_vamb: 7.79595e-02  kld_vamb: 2.11335e-02  loss_labels: 6.21866e-03  ce_labels_labels: 1.03668e-03  kld_labels: 3.31646e+01  correct_labels_labels: 0.00000e+00  loss_joint: 9.02722e-02  ce_joint: 0.00000e+00  sse_joint: 1.69855e+01  ce_labels_joint: 1.42022e-03  kld_vamb_joint: 4.59115e+00  kld_labels_joint: 1.09007e+01  correct_labels_joint: 0.00000e+00  loss: 1.99315e-01
2026-08-13 14:46:32.582 | INFO    | 		Epoch: 262  loss_vamb: 1.02939e-01  ab_vamb: 3.82105e-03  ce_vamb: 0.00000e+00  sse_vamb: 7.82113e-02  kld_vamb: 2.11690e-02  loss_labels: 6.01698e-03  ce_labels_labels: 8.27877e-04  kld_labels: 3.32103e+01  correct_labels_labels: 0.00000e+00  loss_joint: 9.07426e-02  ce_joint: 0.00000e+00  sse_joint: 1.69558e+01  ce_labels_joint: 1.93273e-03  kld_vamb_joint: 4.60030e+00  kld_labels_joint: 1.09241e+01  correct_labels_joint: 0.00000e+00  loss: 1.99699e-01
2026-08-13 14:46:33.394 | INFO    | 		Epoch: 263  loss_vamb: 1.02473e-01  ab_vamb: 3.93005e-03  ce_vamb: 0.00000e+00  sse_vamb: 7.70654e-02  kld_vamb: 2.11594e-02  loss_labels: 5.59922e-03  ce_labels_labels: 3.93683e-04  kld_labels: 3.33155e+01  correct_labels_labels: 0.00000e+00  loss_joint: 9.00303e-02  ce_joint: 0.00000e+00  sse_joint: 1.68693e+01  ce_labels_joint: 1.14206e-03  kld_vamb_joint: 4.59949e+00  kld_labels_joint: 1.08888e+01  correct_labels_joint: 0.00000e+00  loss: 1.98103e-01
2026-08-13 14:46:34.225 | INFO    | 		Epoch: 264  loss_vamb: 1.02518e-01  ab_vamb: 3.76366e-03  ce_vamb: 0.00000e+00  sse_vamb: 7.78972e-02  kld_vamb: 2.11705e-02  loss_labels: 5.51699e-03  ce_labels_labels: 3.28010e-04  kld_labels: 3.32095e+01  correct_labels_labels: 0.00000e+00  loss_joint: 9.00144e-02  ce_joint: 0.00000e+00  sse_joint: 1.70489e+01  ce_labels_joint: 1.09990e-03  kld_vamb_joint: 4.58074e+00  kld_labels_joint: 1.08790e+01  correct_labels_joint: 0.00000e+00  loss: 1.98050e-01
2026-08-13 14:46:35.060 | INFO    | 		Epoch: 265  loss_vamb: 1.02513e-01  ab_vamb: 3.63898e-03  ce_vamb: 0.00000e+00  sse_vamb: 7.74165e-02  kld_vamb: 2.12142e-02  loss_labels: 5.57651e-03  ce_labels_labels: 4.06402e-04  kld_labels: 3.30887e+01  correct_labels_labels: 0.00000e+00  loss_joint: 9.01993e-02  ce_joint: 0.00000e+00  sse_joint: 1.68826e+01  ce_labels_joint: 1.44138e-03  kld_vamb_joint: 4.61189e+00  kld_labels_joint: 1.09611e+01  correct_labels_joint: 0.00000e+00  loss: 1.98289e-01
2026-08-13 14:46:35.798 | INFO    | 		Epoch: 266  loss_vamb: 1.02953e-01  ab_vamb: 3.76231e-03  ce_vamb: 0.00000e+00  sse_vamb: 7.79958e-02  kld_vamb: 2.12296e-02  loss_labels: 7.76639e-03  ce_labels_labels: 2.59604e-03  kld_labels: 3.30902e+01  correct_labels_labels: 0.00000e+00  loss_joint: 9.03722e-02  ce_joint: 0.00000e+00  sse_joint: 1.69768e+01  ce_labels_joint: 1.24110e-03  kld_vamb_joint: 4.60445e+00  kld_labels_joint: 1.09310e+01  correct_labels_joint: 0.00000e+00  loss: 2.01092e-01
2026-08-13 14:46:36.523 | INFO    | 		Epoch: 267  loss_vamb: 1.02372e-01  ab_vamb: 3.66876e-03  ce_vamb: 0.00000e+00  sse_vamb: 7.75338e-02  kld_vamb: 2.12074e-02  loss_labels: 6.01340e-03  ce_labels_labels: 8.15935e-04  kld_labels: 3.32638e+01  correct_labels_labels: 0.00000e+00  loss_joint: 8.94789e-02  ce_joint: 0.00000e+00  sse_joint: 1.68920e+01  ce_labels_joint: 1.15215e-03  kld_vamb_joint: 4.59686e+00  kld_labels_joint: 1.09320e+01  correct_labels_joint: 0.00000e+00  loss: 1.97864e-01
2026-08-13 14:46:37.307 | INFO    | 		Epoch: 268  loss_vamb: 1.02609e-01  ab_vamb: 3.62734e-03  ce_vamb: 0.00000e+00  sse_vamb: 7.75238e-02  kld_vamb: 2.12562e-02  loss_labels: 5.97475e-03  ce_labels_labels: 7.84635e-04  kld_labels: 3.32167e+01  correct_labels_labels: 0.00000e+00  loss_joint: 9.04118e-02  ce_joint: 0.00000e+00  sse_joint: 1.69115e+01  ce_labels_joint: 1.63667e-03  kld_vamb_joint: 4.60656e+00  kld_labels_joint: 1.09572e+01  correct_labels_joint: 0.00000e+00  loss: 1.98996e-01
2026-08-13 14:46:37.934 | INFO    | 		Epoch: 269  loss_vamb: 1.02847e-01  ab_vamb: 3.98229e-03  ce_vamb: 0.00000e+00  sse_vamb: 7.78894e-02  kld_vamb: 2.11394e-02  loss_labels: 6.46875e-03  ce_labels_labels: 1.28642e-03  kld_labels: 3.31669e+01  correct_labels_labels: 0.00000e+00  loss_joint: 9.00469e-02  ce_joint: 0.00000e+00  sse_joint: 1.69309e+01  ce_labels_joint: 1.25068e-03  kld_vamb_joint: 4.59300e+00  kld_labels_joint: 1.08882e+01  correct_labels_joint: 0.00000e+00  loss: 1.99363e-01
2026-08-13 14:46:38.576 | INFO    | 		Epoch: 270  loss_vamb: 1.03178e-01  ab_vamb: 3.74076e-03  ce_vamb: 0.00000e+00  sse_vamb: 7.80973e-02  kld_vamb: 2.12252e-02  loss_labels: 6.37102e-03  ce_labels_labels: 1.17025e-03  kld_labels: 3.32849e+01  correct_labels_labels: 0.00000e+00  loss_joint: 9.05484e-02  ce_joint: 0.00000e+00  sse_joint: 1.69842e+01  ce_labels_joint: 1.26825e-03  kld_vamb_joint: 4.60195e+00  kld_labels_joint: 1.09396e+01  correct_labels_joint: 0.00000e+00  loss: 2.00097e-01
2026-08-13 14:46:39.259 | INFO    | 		Epoch: 271  loss_vamb: 1.02906e-01  ab_vamb: 4.08190e-03  ce_vamb: 0.00000e+00  sse_vamb: 7.77435e-02  kld_vamb: 2.11963e-02  loss_labels: 5.77634e-03  ce_labels_labels: 5.76179e-04  kld_labels: 3.32810e+01  correct_labels_labels: 0.00000e+00  loss_joint: 8.98638e-02  ce_joint: 0.00000e+00  sse_joint: 1.69065e+01  ce_labels_joint: 1.31454e-03  kld_vamb_joint: 4.62316e+00  kld_labels_joint: 1.09566e+01  correct_labels_joint: 0.00000e+00  loss: 1.98546e-01
2026-08-13 14:46:39.865 | INFO    | 		Epoch: 272  loss_vamb: 1.02957e-01  ab_vamb: 3.75489e-03  ce_vamb: 0.00000e+00  sse_vamb: 7.82104e-02  kld_vamb: 2.11922e-02  loss_labels: 5.52504e-03  ce_labels_labels: 3.42641e-04  kld_labels: 3.31674e+01  correct_labels_labels: 0.00000e+00  loss_joint: 9.02546e-02  ce_joint: 0.00000e+00  sse_joint: 1.69789e+01  ce_labels_joint: 1.41737e-03  kld_vamb_joint: 4.60891e+00  kld_labels_joint: 1.09139e+01  correct_labels_joint: 0.00000e+00  loss: 1.98737e-01
2026-08-13 14:46:40.652 | INFO    | 		Epoch: 273  loss_vamb: 1.02082e-01  ab_vamb: 3.61707e-03  ce_vamb: 0.00000e+00  sse_vamb: 7.72526e-02  kld_vamb: 2.12053e-02  loss_labels: 6.65564e-03  ce_labels_labels: 1.48698e-03  kld_labels: 3.30794e+01  correct_labels_labels: 0.00000e+00  loss_joint: 8.93374e-02  ce_joint: 0.00000e+00  sse_joint: 1.68403e+01  ce_labels_joint: 1.21811e-03  kld_vamb_joint: 4.61392e+00  kld_labels_joint: 1.09465e+01  correct_labels_joint: 0.00000e+00  loss: 1.98075e-01
2026-08-13 14:46:41.526 | INFO    | 		Epoch: 274  loss_vamb: 1.02917e-01  ab_vamb: 3.77980e-03  ce_vamb: 0.00000e+00  sse_vamb: 7.82312e-02  kld_vamb: 2.11506e-02  loss_labels: 6.00620e-03  ce_labels_labels: 8.23898e-04  kld_labels: 3.31668e+01  correct_labels_labels: 0.00000e+00  loss_joint: 9.04070e-02  ce_joint: 0.00000e+00  sse_joint: 1.69922e+01  ce_labels_joint: 1.59742e-03  kld_vamb_joint: 4.61084e+00  kld_labels_joint: 1.09440e+01  correct_labels_joint: 0.00000e+00  loss: 1.99330e-01
2026-08-13 14:46:42.289 | INFO    | 		Epoch: 275  loss_vamb: 1.03183e-01  ab_vamb: 3.92627e-03  ce_vamb: 0.00000e+00  sse_vamb: 7.80756e-02  kld_vamb: 2.12121e-02  loss_labels: 5.64560e-03  ce_labels_labels: 4.76076e-04  kld_labels: 3.30849e+01  correct_labels_labels: 0.00000e+00  loss_joint: 8.93655e-02  ce_joint: 0.00000e+00  sse_joint: 1.68580e+01  ce_labels_joint: 1.11723e-03  kld_vamb_joint: 4.59441e+00  kld_labels_joint: 1.09484e+01  correct_labels_joint: 0.00000e+00  loss: 1.98194e-01
2026-08-13 14:46:43.147 | INFO    | 		Epoch: 276  loss_vamb: 1.02524e-01  ab_vamb: 3.63052e-03  ce_vamb: 0.00000e+00  sse_vamb: 7.77175e-02  kld_vamb: 2.12462e-02  loss_labels: 5.51087e-03  ce_labels_labels: 3.32838e-04  kld_labels: 3.31394e+01  correct_labels_labels: 0.00000e+00  loss_joint: 8.96646e-02  ce_joint: 0.00000e+00  sse_joint: 1.69604e+01  ce_labels_joint: 1.08277e-03  kld_vamb_joint: 4.61110e+00  kld_labels_joint: 1.09687e+01  correct_labels_joint: 0.00000e+00  loss: 1.97699e-01
2026-08-13 14:46:44.005 | INFO    | 		Epoch: 277  loss_vamb: 1.02542e-01  ab_vamb: 3.65305e-03  ce_vamb: 0.00000e+00  sse_vamb: 7.75471e-02  kld_vamb: 2.12617e-02  loss_labels: 5.65311e-03  ce_labels_labels: 4.80523e-04  kld_labels: 3.31046e+01  correct_labels_labels: 0.00000e+00  loss_joint: 8.99282e-02  ce_joint: 0.00000e+00  sse_joint: 1.68913e+01  ce_labels_joint: 1.40265e-03  kld_vamb_joint: 4.61587e+00  kld_labels_joint: 1.09738e+01  correct_labels_joint: 0.00000e+00  loss: 1.98124e-01
2026-08-13 14:46:44.842 | INFO    | 		Epoch: 278  loss_vamb: 1.03054e-01  ab_vamb: 3.81012e-03  ce_vamb: 0.00000e+00  sse_vamb: 7.78688e-02  kld_vamb: 2.12134e-02  loss_labels: 5.78396e-03  ce_labels_labels: 6.26194e-04  kld_labels: 3.30097e+01  correct_labels_labels: 0.00000e+00  loss_joint: 9.00951e-02  ce_joint: 0.00000e+00  sse_joint: 1.69572e+01  ce_labels_joint: 1.20657e-03  kld_vamb_joint: 4.59327e+00  kld_labels_joint: 1.09405e+01  correct_labels_joint: 0.00000e+00  loss: 1.98933e-01
2026-08-13 14:46:45.683 | INFO    | 		Epoch: 279  loss_vamb: 1.02065e-01  ab_vamb: 3.58846e-03  ce_vamb: 0.00000e+00  sse_vamb: 7.69644e-02  kld_vamb: 2.12677e-02  loss_labels: 6.45744e-03  ce_labels_labels: 1.30646e-03  kld_labels: 3.29663e+01  correct_labels_labels: 0.00000e+00  loss_joint: 8.99384e-02  ce_joint: 0.00000e+00  sse_joint: 1.68312e+01  ce_labels_joint: 1.46012e-03  kld_vamb_joint: 4.59342e+00  kld_labels_joint: 1.09498e+01  correct_labels_joint: 0.00000e+00  loss: 1.98461e-01
2026-08-13 14:46:46.590 | INFO    | 		Epoch: 280  loss_vamb: 1.02620e-01  ab_vamb: 3.81747e-03  ce_vamb: 0.00000e+00  sse_vamb: 7.79454e-02  kld_vamb: 2.12161e-02  loss_labels: 5.46893e-03  ce_labels_labels: 3.20834e-04  kld_labels: 3.29478e+01  correct_labels_labels: 0.00000e+00  loss_joint: 8.97493e-02  ce_joint: 0.00000e+00  sse_joint: 1.69400e+01  ce_labels_joint: 1.19774e-03  kld_vamb_joint: 4.58591e+00  kld_labels_joint: 1.09720e+01  correct_labels_joint: 0.00000e+00  loss: 1.97839e-01
2026-08-13 14:46:47.429 | INFO    | 		Epoch: 281  loss_vamb: 1.02275e-01  ab_vamb: 3.60782e-03  ce_vamb: 0.00000e+00  sse_vamb: 7.74904e-02  kld_vamb: 2.11990e-02  loss_labels: 5.98661e-03  ce_labels_labels: 8.49797e-04  kld_labels: 3.28756e+01  correct_labels_labels: 0.00000e+00  loss_joint: 8.98412e-02  ce_joint: 0.00000e+00  sse_joint: 1.68846e+01  ce_labels_joint: 1.32954e-03  kld_vamb_joint: 4.60496e+00  kld_labels_joint: 1.09685e+01  correct_labels_joint: 0.00000e+00  loss: 1.98102e-01
2026-08-13 14:46:48.171 | INFO    | 		Epoch: 282  loss_vamb: 1.02649e-01  ab_vamb: 3.88041e-03  ce_vamb: 0.00000e+00  sse_vamb: 7.72862e-02  kld_vamb: 2.12601e-02  loss_labels: 5.44200e-03  ce_labels_labels: 3.22219e-04  kld_labels: 3.27666e+01  correct_labels_labels: 0.00000e+00  loss_joint: 8.89971e-02  ce_joint: 0.00000e+00  sse_joint: 1.68063e+01  ce_labels_joint: 7.62168e-04  kld_vamb_joint: 4.60827e+00  kld_labels_joint: 1.09958e+01  correct_labels_joint: 0.00000e+00  loss: 1.97088e-01
2026-08-13 14:46:48.888 | INFO    | 		Epoch: 283  loss_vamb: 1.02037e-01  ab_vamb: 3.68819e-03  ce_vamb: 0.00000e+00  sse_vamb: 7.72393e-02  kld_vamb: 2.12042e-02  loss_labels: 5.64056e-03  ce_labels_labels: 5.21887e-04  kld_labels: 3.27595e+01  correct_labels_labels: 0.00000e+00  loss_joint: 8.91123e-02  ce_joint: 0.00000e+00  sse_joint: 1.68712e+01  ce_labels_joint: 1.06189e-03  kld_vamb_joint: 4.62287e+00  kld_labels_joint: 1.10115e+01  correct_labels_joint: 0.00000e+00  loss: 1.96790e-01
2026-08-13 14:46:49.623 | INFO    | 		Epoch: 284  loss_vamb: 1.02143e-01  ab_vamb: 3.89608e-03  ce_vamb: 0.00000e+00  sse_vamb: 7.67501e-02  kld_vamb: 2.12520e-02  loss_labels: 5.60353e-03  ce_labels_labels: 4.90392e-04  kld_labels: 3.27241e+01  correct_labels_labels: 0.00000e+00  loss_joint: 9.01526e-02  ce_joint: 0.00000e+00  sse_joint: 1.67483e+01  ce_labels_joint: 2.11029e-03  kld_vamb_joint: 4.63219e+00  kld_labels_joint: 1.10077e+01  correct_labels_joint: 0.00000e+00  loss: 1.97900e-01
2026-08-13 14:46:50.419 | INFO    | 		Epoch: 285  loss_vamb: 1.02038e-01  ab_vamb: 3.64492e-03  ce_vamb: 0.00000e+00  sse_vamb: 7.70450e-02  kld_vamb: 2.11903e-02  loss_labels: 6.04183e-03  ce_labels_labels: 9.55254e-04  kld_labels: 3.25541e+01  correct_labels_labels: 0.00000e+00  loss_joint: 8.98211e-02  ce_joint: 0.00000e+00  sse_joint: 1.67817e+01  ce_labels_joint: 1.76591e-03  kld_vamb_joint: 4.61670e+00  kld_labels_joint: 1.10167e+01  correct_labels_joint: 0.00000e+00  loss: 1.97901e-01
2026-08-13 14:46:51.186 | INFO    | 		Epoch: 286  loss_vamb: 1.02715e-01  ab_vamb: 4.10604e-03  ce_vamb: 0.00000e+00  sse_vamb: 7.74264e-02  kld_vamb: 2.12503e-02  loss_labels: 6.52139e-03  ce_labels_labels: 1.45271e-03  kld_labels: 3.24395e+01  correct_labels_labels: 0.00000e+00  loss_joint: 8.94097e-02  ce_joint: 0.00000e+00  sse_joint: 1.68693e+01  ce_labels_joint: 9.73765e-04  kld_vamb_joint: 4.63935e+00  kld_labels_joint: 1.10695e+01  correct_labels_joint: 0.00000e+00  loss: 1.98646e-01
2026-08-13 14:46:51.944 | INFO    | 		Epoch: 287  loss_vamb: 1.02238e-01  ab_vamb: 3.76966e-03  ce_vamb: 0.00000e+00  sse_vamb: 7.75136e-02  kld_vamb: 2.12041e-02  loss_labels: 6.40320e-03  ce_labels_labels: 1.33082e-03  kld_labels: 3.24632e+01  correct_labels_labels: 0.00000e+00  loss_joint: 8.91384e-02  ce_joint: 0.00000e+00  sse_joint: 1.68362e+01  ce_labels_joint: 1.22270e-03  kld_vamb_joint: 4.62830e+00  kld_labels_joint: 1.10234e+01  correct_labels_joint: 0.00000e+00  loss: 1.97780e-01
2026-08-13 14:46:52.690 | INFO    | 		Epoch: 288  loss_vamb: 1.02480e-01  ab_vamb: 3.85980e-03  ce_vamb: 0.00000e+00  sse_vamb: 7.72279e-02  kld_vamb: 2.12368e-02  loss_labels: 6.36400e-03  ce_labels_labels: 1.29180e-03  kld_labels: 3.24621e+01  correct_labels_labels: 0.00000e+00  loss_joint: 8.96687e-02  ce_joint: 0.00000e+00  sse_joint: 1.68005e+01  ce_labels_joint: 1.25284e-03  kld_vamb_joint: 4.64057e+00  kld_labels_joint: 1.10705e+01  correct_labels_joint: 0.00000e+00  loss: 1.98513e-01
2026-08-13 14:46:53.449 | INFO    | 		Epoch: 289  loss_vamb: 1.02292e-01  ab_vamb: 3.67867e-03  ce_vamb: 0.00000e+00  sse_vamb: 7.74506e-02  kld_vamb: 2.12390e-02  loss_labels: 5.52871e-03  ce_labels_labels: 4.56839e-04  kld_labels: 3.24600e+01  correct_labels_labels: 0.00000e+00  loss_joint: 8.97471e-02  ce_joint: 0.00000e+00  sse_joint: 1.68408e+01  ce_labels_joint: 1.32121e-03  kld_vamb_joint: 4.63922e+00  kld_labels_joint: 1.10470e+01  correct_labels_joint: 0.00000e+00  loss: 1.97568e-01
2026-08-13 14:46:54.222 | INFO    | 		Epoch: 290  loss_vamb: 1.02477e-01  ab_vamb: 3.58449e-03  ce_vamb: 0.00000e+00  sse_vamb: 7.80179e-02  kld_vamb: 2.12101e-02  loss_labels: 5.93204e-03  ce_labels_labels: 8.41602e-04  kld_labels: 3.25788e+01  correct_labels_labels: 0.00000e+00  loss_joint: 8.97124e-02  ce_joint: 0.00000e+00  sse_joint: 1.69181e+01  ce_labels_joint: 1.36455e-03  kld_vamb_joint: 4.62225e+00  kld_labels_joint: 1.10439e+01  correct_labels_joint: 0.00000e+00  loss: 1.98122e-01
2026-08-13 14:46:54.992 | INFO    | 		Epoch: 291  loss_vamb: 1.02403e-01  ab_vamb: 3.79346e-03  ce_vamb: 0.00000e+00  sse_vamb: 7.74761e-02  kld_vamb: 2.12124e-02  loss_labels: 6.87641e-03  ce_labels_labels: 1.79023e-03  kld_labels: 3.25515e+01  correct_labels_labels: 0.00000e+00  loss_joint: 9.01002e-02  ce_joint: 0.00000e+00  sse_joint: 1.68647e+01  ce_labels_joint: 1.84783e-03  kld_vamb_joint: 4.64253e+00  kld_labels_joint: 1.10333e+01  correct_labels_joint: 0.00000e+00  loss: 1.99380e-01
2026-08-13 14:46:55.709 | INFO    | 		Epoch: 292  loss_vamb: 1.02420e-01  ab_vamb: 3.82051e-03  ce_vamb: 0.00000e+00  sse_vamb: 7.70004e-02  kld_vamb: 2.12624e-02  loss_labels: 5.80427e-03  ce_labels_labels: 7.06503e-04  kld_labels: 3.26257e+01  correct_labels_labels: 0.00000e+00  loss_joint: 8.97270e-02  ce_joint: 0.00000e+00  sse_joint: 1.67797e+01  ce_labels_joint: 1.41080e-03  kld_vamb_joint: 4.63733e+00  kld_labels_joint: 1.10395e+01  correct_labels_joint: 0.00000e+00  loss: 1.97951e-01
2026-08-13 14:46:56.443 | INFO    | 		Epoch: 293  loss_vamb: 1.02188e-01  ab_vamb: 3.80620e-03  ce_vamb: 0.00000e+00  sse_vamb: 7.71658e-02  kld_vamb: 2.12358e-02  loss_labels: 6.05881e-03  ce_labels_labels: 9.74616e-04  kld_labels: 3.25388e+01  correct_labels_labels: 0.00000e+00  loss_joint: 8.92715e-02  ce_joint: 0.00000e+00  sse_joint: 1.67397e+01  ce_labels_joint: 1.47962e-03  kld_vamb_joint: 4.63361e+00  kld_labels_joint: 1.10408e+01  correct_labels_joint: 0.00000e+00  loss: 1.97518e-01
2026-08-13 14:46:57.154 | INFO    | 		Epoch: 294  loss_vamb: 1.01866e-01  ab_vamb: 3.64031e-03  ce_vamb: 0.00000e+00  sse_vamb: 7.66848e-02  kld_vamb: 2.12761e-02  loss_labels: 5.53594e-03  ce_labels_labels: 4.44120e-04  kld_labels: 3.25877e+01  correct_labels_labels: 0.00000e+00  loss_joint: 8.87783e-02  ce_joint: 0.00000e+00  sse_joint: 1.67185e+01  ce_labels_joint: 9.49916e-04  kld_vamb_joint: 4.62852e+00  kld_labels_joint: 1.10395e+01  correct_labels_joint: 0.00000e+00  loss: 1.96180e-01
2026-08-13 14:46:57.869 | INFO    | 		Epoch: 295  loss_vamb: 1.02357e-01  ab_vamb: 3.80694e-03  ce_vamb: 0.00000e+00  sse_vamb: 7.73827e-02  kld_vamb: 2.12135e-02  loss_labels: 5.58448e-03  ce_labels_labels: 4.99520e-04  kld_labels: 3.25437e+01  correct_labels_labels: 0.00000e+00  loss_joint: 8.96543e-02  ce_joint: 0.00000e+00  sse_joint: 1.67996e+01  ce_labels_joint: 1.64494e-03  kld_vamb_joint: 4.62717e+00  kld_labels_joint: 1.10306e+01  correct_labels_joint: 0.00000e+00  loss: 1.97595e-01
2026-08-13 14:46:58.576 | INFO    | 		Epoch: 296  loss_vamb: 1.02437e-01  ab_vamb: 3.84109e-03  ce_vamb: 0.00000e+00  sse_vamb: 7.73825e-02  kld_vamb: 2.12239e-02  loss_labels: 5.71234e-03  ce_labels_labels: 6.31640e-04  kld_labels: 3.25165e+01  correct_labels_labels: 0.00000e+00  loss_joint: 8.94188e-02  ce_joint: 0.00000e+00  sse_joint: 1.68573e+01  ce_labels_joint: 9.95264e-04  kld_vamb_joint: 4.63691e+00  kld_labels_joint: 1.10260e+01  correct_labels_joint: 0.00000e+00  loss: 1.97568e-01
2026-08-13 14:46:59.292 | INFO    | 		Epoch: 297  loss_vamb: 1.01863e-01  ab_vamb: 3.57146e-03  ce_vamb: 0.00000e+00  sse_vamb: 7.72170e-02  kld_vamb: 2.12683e-02  loss_labels: 6.56840e-03  ce_labels_labels: 1.50531e-03  kld_labels: 3.24038e+01  correct_labels_labels: 0.00000e+00  loss_joint: 8.91315e-02  ce_joint: 0.00000e+00  sse_joint: 1.67909e+01  ce_labels_joint: 1.40407e-03  kld_vamb_joint: 4.64740e+00  kld_labels_joint: 1.10741e+01  correct_labels_joint: 0.00000e+00  loss: 1.97563e-01
2026-08-13 14:47:00.031 | INFO    | 		Epoch: 298  loss_vamb: 1.02161e-01  ab_vamb: 3.74349e-03  ce_vamb: 0.00000e+00  sse_vamb: 7.71897e-02  kld_vamb: 2.12812e-02  loss_labels: 5.67353e-03  ce_labels_labels: 6.16277e-04  kld_labels: 3.23664e+01  correct_labels_labels: 0.00000e+00  loss_joint: 8.92214e-02  ce_joint: 0.00000e+00  sse_joint: 1.68284e+01  ce_labels_joint: 9.24137e-04  kld_vamb_joint: 4.63378e+00  kld_labels_joint: 1.10543e+01  correct_labels_joint: 0.00000e+00  loss: 1.97056e-01
2026-08-13 14:47:00.842 | INFO    | 		Epoch: 299  loss_vamb: 1.01847e-01  ab_vamb: 3.63433e-03  ce_vamb: 0.00000e+00  sse_vamb: 7.71290e-02  kld_vamb: 2.12841e-02  loss_labels: 5.37221e-03  ce_labels_labels: 3.18561e-04  kld_labels: 3.23433e+01  correct_labels_labels: 0.00000e+00  loss_joint: 8.85390e-02  ce_joint: 0.00000e+00  sse_joint: 1.67637e+01  ce_labels_joint: 1.03610e-03  kld_vamb_joint: 4.63827e+00  kld_labels_joint: 1.10844e+01  correct_labels_joint: 0.00000e+00  loss: 1.95758e-01
2026-08-13 14:47:01.057 | INFO    | (5436, 32) embedding shape
2026-08-13 14:47:01.183 | INFO    | Clustering
2026-08-13 14:47:01.183 | INFO    | 	Windowsize: 300
2026-08-13 14:47:01.183 | INFO    | 	Min successful thresholds detected: 15
2026-08-13 14:47:01.183 | INFO    | 	Max clusters: None
2026-08-13 14:47:01.183 | INFO    | 	Use CUDA for clustering: False
2026-08-13 14:47:01.183 | INFO    | 	Binsplitter: Defaulting to 'C', but disabled due to incompatible identifiers
2026-08-13 14:47:03.010 | INFO    | 	Clustered 5436 contigs in 3515 unsplit bins
2026-08-13 14:47:03.010 | INFO    | 	Wrote cluster file(s) in 0.0 seconds.
2026-08-13 14:47:04.346 | INFO    | 	Wrote 20 bins with 1855 sequences in 1.34 seconds.
2026-08-13 14:47:04.346 | INFO    | 	Clustered contigs in 1.82 seconds.

2026-08-13 14:47:04.357 | INFO    | Completed Vamb in 309.28 seconds.
TaxVAMB done: /mnt/ME5024_PA2/shared/groups/ZHANGLU/Results_of_CAMI2_Other_datasets_other_binning_tools/TaxVAMB/Oral/Oral-2017.12.04_18.45.54_sample_14; finished=Thu Aug 13 14:47:04 HKT 2026
