TaxVAMB: sample=Airways-2017.12.04_18.56.22_sample_9, threads=32, started=Thu Aug 13 13:57:27 HKT 2026
2026-08-13 13:57:30.110 | INFO    | Starting Vamb version 5.0.4
2026-08-13 13:57:30.110 | INFO    | Random seed is 68935769566738893
2026-08-13 13:57:30.110 | INFO    | Invoked with CLI args: '/mnt/ME5024_PA1/home/csbhzou/miniconda3/envs/taxvamb/bin/vamb bin taxvamb --outdir /mnt/ME5024_PA2/shared/groups/ZHANGLU/Results_of_CAMI2_Other_datasets_other_binning_tools/TaxVAMB/Airways/Airways-2017.12.04_18.56.22_sample_9 --fasta /mnt/ME5024_PA2/shared/groups/ZHANGLU/Data-CAMI2-others-datasets/Airways-2017.12.04_18.56.22_sample_9.contigs.fasta --bamdir /mnt/ME5024_PA2/shared/groups/ZHANGLU/TaxVAMB-Taxonomy-TSV/Airways-2017.12.04_18.56.22_sample_9/bamdir --taxonomy /mnt/ME5024_PA2/shared/groups/ZHANGLU/TaxVAMB-Taxonomy-TSV/Airways-2017.12.04_18.56.22_sample_9/Airways-2017.12.04_18.56.22_sample_9.taxonomy.tsv --minfasta 200000 -m 2000 -p 32'
2026-08-13 13:57:30.110 | INFO    | Loading TNF
2026-08-13 13:57:30.110 | INFO    | 	Minimum sequence length: 2000
2026-08-13 13:57:30.110 | INFO    | 	Loading data from FASTA file /mnt/ME5024_PA2/shared/groups/ZHANGLU/Data-CAMI2-others-datasets/Airways-2017.12.04_18.56.22_sample_9.contigs.fasta

2026-08-13 13:57:31.429 | WARNING | Binsplit separator (option `-o`) implicitly passed as "C", but sequence identifier "NODE_1_length_731597_cov_43.633458" does not contain this separator, or contains it at the very start or end.
A binsplit separator X implies that every sequence identifier is formatted as
[sample identifier][X][sequence identifier], e.g. a binsplit separator of 'C' means that 'S1C19' and '7C11' are valid identifiers.

Skipping binsplitting.

2026-08-13 13:57:31.430 | WARNING | The minimum sequence length has been set to 2000, but 330409 sequences fell below this threshold and was filtered away.
Better results are obtained if the sequence file is filtered to the minimum sequence length before mapping.

2026-08-13 13:57:31.430 | INFO    | 	Kept 31136990 bases in 3384 sequences
2026-08-13 13:57:31.430 | INFO    | 	Processed TNF in 1.32 seconds.

2026-08-13 13:57:31.430 | INFO    | Loading depths
2026-08-13 13:57:31.430 | INFO    | 	Reference hash: 682d1f0dace76cb757f20ef34918303f
2026-08-13 13:57:31.430 | INFO    | 	Parsing 1 BAM files with 32 threads
2026-08-13 13:57:31.430 | INFO    | 	Min identity: 0.0
2026-08-13 13:57:59.016 | INFO    | 	Order of columns is:
2026-08-13 13:57:59.017 | INFO    | 	     0: /mnt/ME5024_PA2/shared/groups/ZHANGLU/TaxVAMB-Taxonomy-TSV/Airways-2017.12.04_18.56.22_sample_9/bamdir/Airways-2017.12.04_18.56.22_sample_9.sorted.bam
2026-08-13 13:57:59.017 | INFO    | 	Processed abundance in 27.59 seconds.

2026-08-13 13:57:59.017 | INFO    | Predicting taxonomy with Taxometer
2026-08-13 13:57:59.034 | INFO    | 	143 nodes in the graph
2026-08-13 13:57:59.045 | INFO    | 	Created dataloader
2026-08-13 13:57:59.045 | INFO    | Starting training the taxonomy predictor
2026-08-13 13:57:59.045 | INFO    | Using threshold 0.5
2026-08-13 13:57:59.823 | INFO    | 	Network properties:
2026-08-13 13:57:59.823 | INFO    | 	    CUDA: False
2026-08-13 13:57:59.823 | INFO    | 	    Hierarchical loss: flat_softmax
2026-08-13 13:57:59.823 | INFO    | 	    Alpha: 0.5
2026-08-13 13:57:59.823 | INFO    | 	    Beta: 200.0
2026-08-13 13:57:59.823 | INFO    | 	    Dropout: 0.2
2026-08-13 13:57:59.823 | INFO    | 	    N hidden: 512, 512, 512, 512
2026-08-13 13:57:59.823 | INFO    | 	Training properties:
2026-08-13 13:57:59.823 | INFO    | 	    N epochs: 100
2026-08-13 13:57:59.824 | INFO    | 	    Starting batch size: 1024
2026-08-13 13:57:59.824 | INFO    | 	    Batchsteps: None
2026-08-13 13:57:59.824 | INFO    | 	    Learning rate: 0.001
2026-08-13 13:57:59.824 | INFO    | 	    N labels: torch.Size([3384, 1])
Using decoupled weight decay
2026-08-13 13:58:00.289 | INFO    | 	Epoch: 1	CE: 3.5722097	Batchsize: 1024
2026-08-13 13:58:00.641 | INFO    | 	Epoch: 2	CE: 3.3892081	Batchsize: 1024
2026-08-13 13:58:00.938 | INFO    | 	Epoch: 3	CE: 1.4841042	Batchsize: 1024
2026-08-13 13:58:01.850 | INFO    | 	Epoch: 4	CE: 1.2463409	Batchsize: 1024
2026-08-13 13:58:02.783 | INFO    | 	Epoch: 5	CE: 0.8711138	Batchsize: 1024
2026-08-13 13:58:03.488 | INFO    | 	Epoch: 6	CE: 0.6124239	Batchsize: 1024
2026-08-13 13:58:03.897 | INFO    | 	Epoch: 7	CE: 0.4893615	Batchsize: 1024
2026-08-13 13:58:04.252 | INFO    | 	Epoch: 8	CE: 0.4417949	Batchsize: 1024
2026-08-13 13:58:04.602 | INFO    | 	Epoch: 9	CE: 0.3691777	Batchsize: 1024
2026-08-13 13:58:04.989 | INFO    | 	Epoch: 10	CE: 0.3560258	Batchsize: 1024
2026-08-13 13:58:05.956 | INFO    | 	Epoch: 11	CE: 0.3080480	Batchsize: 1024
2026-08-13 13:58:07.020 | INFO    | 	Epoch: 12	CE: 0.2764578	Batchsize: 1024
2026-08-13 13:58:08.243 | INFO    | 	Epoch: 13	CE: 0.2739784	Batchsize: 1024
2026-08-13 13:58:08.488 | INFO    | 	Epoch: 14	CE: 0.2237513	Batchsize: 1024
2026-08-13 13:58:08.737 | INFO    | 	Epoch: 15	CE: 0.2226721	Batchsize: 1024
2026-08-13 13:58:08.987 | INFO    | 	Epoch: 16	CE: 0.2041313	Batchsize: 1024
2026-08-13 13:58:09.218 | INFO    | 	Epoch: 17	CE: 0.1988792	Batchsize: 1024
2026-08-13 13:58:09.605 | INFO    | 	Epoch: 18	CE: 0.1888382	Batchsize: 1024
2026-08-13 13:58:09.922 | INFO    | 	Epoch: 19	CE: 0.1684617	Batchsize: 1024
2026-08-13 13:58:10.146 | INFO    | 	Epoch: 20	CE: 0.1709642	Batchsize: 1024
2026-08-13 13:58:10.372 | INFO    | 	Epoch: 21	CE: 0.1714005	Batchsize: 1024
2026-08-13 13:58:10.663 | INFO    | 	Epoch: 22	CE: 0.1545006	Batchsize: 1024
2026-08-13 13:58:10.995 | INFO    | 	Epoch: 23	CE: 0.1552020	Batchsize: 1024
2026-08-13 13:58:11.306 | INFO    | 	Epoch: 24	CE: 0.1494864	Batchsize: 1024
2026-08-13 13:58:11.594 | INFO    | 	Epoch: 25	CE: 0.1203002	Batchsize: 1024
2026-08-13 13:58:12.013 | INFO    | 	Epoch: 26	CE: 0.1243115	Batchsize: 1024
2026-08-13 13:58:12.361 | INFO    | 	Epoch: 27	CE: 0.1228531	Batchsize: 1024
2026-08-13 13:58:12.617 | INFO    | 	Epoch: 28	CE: 0.1128541	Batchsize: 1024
2026-08-13 13:58:12.882 | INFO    | 	Epoch: 29	CE: 0.1043137	Batchsize: 1024
2026-08-13 13:58:13.127 | INFO    | 	Epoch: 30	CE: 0.1077171	Batchsize: 1024
2026-08-13 13:58:13.361 | INFO    | 	Epoch: 31	CE: 0.1060884	Batchsize: 1024
2026-08-13 13:58:13.878 | INFO    | 	Epoch: 32	CE: 0.0979528	Batchsize: 1024
2026-08-13 13:58:14.132 | INFO    | 	Epoch: 33	CE: 0.0911531	Batchsize: 1024
2026-08-13 13:58:16.593 | INFO    | 	Epoch: 34	CE: 0.1035714	Batchsize: 1024
2026-08-13 13:58:16.961 | INFO    | 	Epoch: 35	CE: 0.0886815	Batchsize: 1024
2026-08-13 13:58:17.576 | INFO    | 	Epoch: 36	CE: 0.0874358	Batchsize: 1024
2026-08-13 13:58:17.983 | INFO    | 	Epoch: 37	CE: 0.0883985	Batchsize: 1024
2026-08-13 13:58:18.245 | INFO    | 	Epoch: 38	CE: 0.0785083	Batchsize: 1024
2026-08-13 13:58:18.608 | INFO    | 	Epoch: 39	CE: 0.0928341	Batchsize: 1024
2026-08-13 13:58:18.967 | INFO    | 	Epoch: 40	CE: 0.0694085	Batchsize: 1024
2026-08-13 13:58:19.369 | INFO    | 	Epoch: 41	CE: 0.0672276	Batchsize: 1024
2026-08-13 13:58:19.863 | INFO    | 	Epoch: 42	CE: 0.0800563	Batchsize: 1024
2026-08-13 13:58:21.439 | INFO    | 	Epoch: 43	CE: 0.0681642	Batchsize: 1024
2026-08-13 13:58:22.082 | INFO    | 	Epoch: 44	CE: 0.0609193	Batchsize: 1024
2026-08-13 13:58:22.325 | INFO    | 	Epoch: 45	CE: 0.0646842	Batchsize: 1024
2026-08-13 13:58:22.576 | INFO    | 	Epoch: 46	CE: 0.0640785	Batchsize: 1024
2026-08-13 13:58:23.215 | INFO    | 	Epoch: 47	CE: 0.0633677	Batchsize: 1024
2026-08-13 13:58:23.958 | INFO    | 	Epoch: 48	CE: 0.0530003	Batchsize: 1024
2026-08-13 13:58:24.376 | INFO    | 	Epoch: 49	CE: 0.0633197	Batchsize: 1024
2026-08-13 13:58:24.624 | INFO    | 	Epoch: 50	CE: 0.0580621	Batchsize: 1024
2026-08-13 13:58:24.865 | INFO    | 	Epoch: 51	CE: 0.0682697	Batchsize: 1024
2026-08-13 13:58:25.141 | INFO    | 	Epoch: 52	CE: 0.0611026	Batchsize: 1024
2026-08-13 13:58:25.405 | INFO    | 	Epoch: 53	CE: 0.0601902	Batchsize: 1024
2026-08-13 13:58:25.674 | INFO    | 	Epoch: 54	CE: 0.0639217	Batchsize: 1024
2026-08-13 13:58:25.957 | INFO    | 	Epoch: 55	CE: 0.0515382	Batchsize: 1024
2026-08-13 13:58:26.252 | INFO    | 	Epoch: 56	CE: 0.0556541	Batchsize: 1024
2026-08-13 13:58:26.503 | INFO    | 	Epoch: 57	CE: 0.0518729	Batchsize: 1024
2026-08-13 13:58:26.911 | INFO    | 	Epoch: 58	CE: 0.0493129	Batchsize: 1024
2026-08-13 13:58:27.357 | INFO    | 	Epoch: 59	CE: 0.0486024	Batchsize: 1024
2026-08-13 13:58:27.754 | INFO    | 	Epoch: 60	CE: 0.0526132	Batchsize: 1024
2026-08-13 13:58:28.040 | INFO    | 	Epoch: 61	CE: 0.0597600	Batchsize: 1024
2026-08-13 13:58:28.328 | INFO    | 	Epoch: 62	CE: 0.0550764	Batchsize: 1024
2026-08-13 13:58:28.647 | INFO    | 	Epoch: 63	CE: 0.0505344	Batchsize: 1024
2026-08-13 13:58:28.942 | INFO    | 	Epoch: 64	CE: 0.0432798	Batchsize: 1024
2026-08-13 13:58:29.298 | INFO    | 	Epoch: 65	CE: 0.0556101	Batchsize: 1024
2026-08-13 13:58:29.558 | INFO    | 	Epoch: 66	CE: 0.0472626	Batchsize: 1024
2026-08-13 13:58:29.787 | INFO    | 	Epoch: 67	CE: 0.0354100	Batchsize: 1024
2026-08-13 13:58:30.098 | INFO    | 	Epoch: 68	CE: 0.0368786	Batchsize: 1024
2026-08-13 13:58:30.375 | INFO    | 	Epoch: 69	CE: 0.0439125	Batchsize: 1024
2026-08-13 13:58:30.690 | INFO    | 	Epoch: 70	CE: 0.0355098	Batchsize: 1024
2026-08-13 13:58:30.995 | INFO    | 	Epoch: 71	CE: 0.0365832	Batchsize: 1024
2026-08-13 13:58:31.442 | INFO    | 	Epoch: 72	CE: 0.0335397	Batchsize: 1024
2026-08-13 13:58:31.923 | INFO    | 	Epoch: 73	CE: 0.0351755	Batchsize: 1024
2026-08-13 13:58:32.645 | INFO    | 	Epoch: 74	CE: 0.0338456	Batchsize: 1024
2026-08-13 13:58:33.035 | INFO    | 	Epoch: 75	CE: 0.0321800	Batchsize: 1024
2026-08-13 13:58:33.306 | INFO    | 	Epoch: 76	CE: 0.0374537	Batchsize: 1024
2026-08-13 13:58:33.744 | INFO    | 	Epoch: 77	CE: 0.0258913	Batchsize: 1024
2026-08-13 13:58:34.069 | INFO    | 	Epoch: 78	CE: 0.0367562	Batchsize: 1024
2026-08-13 13:58:34.314 | INFO    | 	Epoch: 79	CE: 0.0302298	Batchsize: 1024
2026-08-13 13:58:34.706 | INFO    | 	Epoch: 80	CE: 0.0317685	Batchsize: 1024
2026-08-13 13:58:35.131 | INFO    | 	Epoch: 81	CE: 0.0248187	Batchsize: 1024
2026-08-13 13:58:35.400 | INFO    | 	Epoch: 82	CE: 0.0293492	Batchsize: 1024
2026-08-13 13:58:35.919 | INFO    | 	Epoch: 83	CE: 0.0304203	Batchsize: 1024
2026-08-13 13:58:36.201 | INFO    | 	Epoch: 84	CE: 0.0286624	Batchsize: 1024
2026-08-13 13:58:36.437 | INFO    | 	Epoch: 85	CE: 0.0312131	Batchsize: 1024
2026-08-13 13:58:36.677 | INFO    | 	Epoch: 86	CE: 0.0312755	Batchsize: 1024
2026-08-13 13:58:37.021 | INFO    | 	Epoch: 87	CE: 0.0295087	Batchsize: 1024
2026-08-13 13:58:37.265 | INFO    | 	Epoch: 88	CE: 0.0259348	Batchsize: 1024
2026-08-13 13:58:37.496 | INFO    | 	Epoch: 89	CE: 0.0292640	Batchsize: 1024
2026-08-13 13:58:37.728 | INFO    | 	Epoch: 90	CE: 0.0231104	Batchsize: 1024
2026-08-13 13:58:37.958 | INFO    | 	Epoch: 91	CE: 0.0261474	Batchsize: 1024
2026-08-13 13:58:38.196 | INFO    | 	Epoch: 92	CE: 0.0256246	Batchsize: 1024
2026-08-13 13:58:38.476 | INFO    | 	Epoch: 93	CE: 0.0183264	Batchsize: 1024
2026-08-13 13:58:38.788 | INFO    | 	Epoch: 94	CE: 0.0229806	Batchsize: 1024
2026-08-13 13:58:39.010 | INFO    | 	Epoch: 95	CE: 0.0174175	Batchsize: 1024
2026-08-13 13:58:39.247 | INFO    | 	Epoch: 96	CE: 0.0217620	Batchsize: 1024
2026-08-13 13:58:39.525 | INFO    | 	Epoch: 97	CE: 0.0203621	Batchsize: 1024
2026-08-13 13:58:39.828 | INFO    | 	Epoch: 98	CE: 0.0196628	Batchsize: 1024
2026-08-13 13:58:40.105 | INFO    | 	Epoch: 99	CE: 0.0318862	Batchsize: 1024
2026-08-13 13:58:40.377 | INFO    | 	Epoch: 100	CE: 0.0176756	Batchsize: 1024
2026-08-13 13:58:40.387 | INFO    | Finished training the taxonomy predictor in 41.34 seconds.
2026-08-13 13:58:40.387 | INFO    | Writing the taxonomy predictions
2026-08-13 13:58:40.387 | INFO    | Using threshold 0.5
2026-08-13 13:58:40.653 | INFO    | Completed taxonomy predictions in 41.64 seconds.
2026-08-13 13:58:40.721 | INFO    | 	Network properties:
2026-08-13 13:58:40.721 | INFO    | 	    CUDA: False
2026-08-13 13:58:40.721 | INFO    | 	    Alpha: 0.5
2026-08-13 13:58:40.721 | INFO    | 	    Beta: 200.0
2026-08-13 13:58:40.721 | INFO    | 	    Dropout: 0.0
2026-08-13 13:58:40.721 | INFO    | 	    N hidden: 256, 256
2026-08-13 13:58:40.721 | INFO    | 	    N latent: 32
2026-08-13 13:58:40.721 | INFO    | 	Training properties:
2026-08-13 13:58:40.721 | INFO    | 	    N epochs: 300
2026-08-13 13:58:40.721 | INFO    | 	    Starting batch size: 256
2026-08-13 13:58:40.721 | INFO    | 	    Batchsteps: 25, 75, 150, 225
2026-08-13 13:58:40.721 | INFO    | 	    Learning rate: 0.001
2026-08-13 13:58:40.721 | INFO    | 	    N sequences: 3384
2026-08-13 13:58:40.721 | INFO    | 	    N samples: 1
2026-08-13 13:58:41.385 | INFO    | 		Epoch: 0  loss_vamb: 6.79811e-01  ab_vamb: 2.64458e-01  ce_vamb: 0.00000e+00  sse_vamb: 4.14120e-01  kld_vamb: 2.65120e-03  loss_labels: 1.77141e+00  ce_labels_labels: 1.76667e+00  kld_labels: 3.02888e+01  correct_labels_labels: 0.00000e+00  loss_joint: 3.09797e+00  ce_joint: 0.00000e+00  sse_joint: 8.66704e+01  ce_labels_joint: 2.38686e+00  kld_vamb_joint: 1.09172e+00  kld_labels_joint: 8.51012e-01  correct_labels_joint: 0.00000e+00  loss: 5.54919e+00
2026-08-13 13:58:42.016 | INFO    | 		Epoch: 1  loss_vamb: 3.16176e-01  ab_vamb: 7.52498e-02  ce_vamb: 0.00000e+00  sse_vamb: 2.35266e-01  kld_vamb: 5.72875e-03  loss_labels: 4.92089e-01  ce_labels_labels: 4.82174e-01  kld_labels: 6.34575e+01  correct_labels_labels: 0.00000e+00  loss_joint: 1.15011e+00  ce_joint: 0.00000e+00  sse_joint: 4.74011e+01  ce_labels_joint: 8.42615e-01  kld_vamb_joint: 2.12069e+00  kld_labels_joint: 1.34998e+00  correct_labels_joint: 0.00000e+00  loss: 1.95837e+00
2026-08-13 13:58:42.778 | INFO    | 		Epoch: 2  loss_vamb: 2.36132e-01  ab_vamb: 4.19382e-02  ce_vamb: 0.00000e+00  sse_vamb: 1.86215e-01  kld_vamb: 7.97884e-03  loss_labels: 3.30762e-01  ce_labels_labels: 3.19557e-01  kld_labels: 7.17092e+01  correct_labels_labels: 0.00000e+00  loss_joint: 8.07917e-01  ce_joint: 0.00000e+00  sse_joint: 3.72902e+01  ce_labels_joint: 5.84665e-01  kld_vamb_joint: 2.48046e+00  kld_labels_joint: 1.63598e+00  correct_labels_joint: 0.00000e+00  loss: 1.37481e+00
2026-08-13 13:58:43.462 | INFO    | 		Epoch: 3  loss_vamb: 2.04933e-01  ab_vamb: 3.30280e-02  ce_vamb: 0.00000e+00  sse_vamb: 1.62519e-01  kld_vamb: 9.38271e-03  loss_labels: 2.51866e-01  ce_labels_labels: 2.40239e-01  kld_labels: 7.44118e+01  correct_labels_labels: 0.00000e+00  loss_joint: 6.47073e-01  ce_joint: 0.00000e+00  sse_joint: 3.36616e+01  ce_labels_joint: 4.47962e-01  kld_vamb_joint: 2.63822e+00  kld_labels_joint: 1.79692e+00  correct_labels_joint: 0.00000e+00  loss: 1.10387e+00
2026-08-13 13:58:44.080 | INFO    | 		Epoch: 4  loss_vamb: 1.89427e-01  ab_vamb: 2.79417e-02  ce_vamb: 0.00000e+00  sse_vamb: 1.51276e-01  kld_vamb: 1.01978e-02  loss_labels: 1.98422e-01  ce_labels_labels: 1.86532e-01  kld_labels: 7.60929e+01  correct_labels_labels: 0.00000e+00  loss_joint: 5.50115e-01  ce_joint: 0.00000e+00  sse_joint: 3.18060e+01  ce_labels_joint: 3.64038e-01  kld_vamb_joint: 2.76645e+00  kld_labels_joint: 1.90507e+00  correct_labels_joint: 0.00000e+00  loss: 9.37963e-01
2026-08-13 13:58:44.728 | INFO    | 		Epoch: 5  loss_vamb: 1.79518e-01  ab_vamb: 2.47456e-02  ce_vamb: 0.00000e+00  sse_vamb: 1.44068e-01  kld_vamb: 1.06858e-02  loss_labels: 1.59189e-01  ce_labels_labels: 1.47193e-01  kld_labels: 7.67721e+01  correct_labels_labels: 0.00000e+00  loss_joint: 4.72489e-01  ce_joint: 0.00000e+00  sse_joint: 3.07842e+01  ce_labels_joint: 2.92720e-01  kld_vamb_joint: 2.90535e+00  kld_labels_joint: 1.99597e+00  correct_labels_joint: 0.00000e+00  loss: 8.11196e-01
2026-08-13 13:58:45.376 | INFO    | 		Epoch: 6  loss_vamb: 1.72572e-01  ab_vamb: 2.26740e-02  ce_vamb: 0.00000e+00  sse_vamb: 1.38844e-01  kld_vamb: 1.10490e-02  loss_labels: 1.20279e-01  ce_labels_labels: 1.08215e-01  kld_labels: 7.72101e+01  correct_labels_labels: 0.00000e+00  loss_joint: 4.20049e-01  ce_joint: 0.00000e+00  sse_joint: 2.99569e+01  ce_labels_joint: 2.44795e-01  kld_vamb_joint: 2.99673e+00  kld_labels_joint: 2.08183e+00  correct_labels_joint: 0.00000e+00  loss: 7.12900e-01
2026-08-13 13:58:46.007 | INFO    | 		Epoch: 7  loss_vamb: 1.68006e-01  ab_vamb: 2.16484e-02  ce_vamb: 0.00000e+00  sse_vamb: 1.35008e-01  kld_vamb: 1.13280e-02  loss_labels: 9.60489e-02  ce_labels_labels: 8.39857e-02  kld_labels: 7.72045e+01  correct_labels_labels: 0.00000e+00  loss_joint: 3.72295e-01  ce_joint: 0.00000e+00  sse_joint: 2.93304e+01  ce_labels_joint: 2.01901e-01  kld_vamb_joint: 3.05523e+00  kld_labels_joint: 2.16521e+00  correct_labels_joint: 0.00000e+00  loss: 6.36350e-01
2026-08-13 13:58:46.645 | INFO    | 		Epoch: 8  loss_vamb: 1.64298e-01  ab_vamb: 2.09423e-02  ce_vamb: 0.00000e+00  sse_vamb: 1.31855e-01  kld_vamb: 1.14972e-02  loss_labels: 7.72613e-02  ce_labels_labels: 6.52450e-02  kld_labels: 7.69043e+01  correct_labels_labels: 0.00000e+00  loss_joint: 3.40920e-01  ce_joint: 0.00000e+00  sse_joint: 2.90686e+01  ce_labels_joint: 1.72646e-01  kld_vamb_joint: 3.10215e+00  kld_labels_joint: 2.24226e+00  correct_labels_joint: 0.00000e+00  loss: 5.82479e-01
2026-08-13 13:58:47.281 | INFO    | 		Epoch: 9  loss_vamb: 1.61700e-01  ab_vamb: 2.07289e-02  ce_vamb: 0.00000e+00  sse_vamb: 1.29443e-01  kld_vamb: 1.15256e-02  loss_labels: 6.20869e-02  ce_labels_labels: 5.01909e-02  kld_labels: 7.61348e+01  correct_labels_labels: 0.00000e+00  loss_joint: 3.01579e-01  ce_joint: 0.00000e+00  sse_joint: 2.86070e+01  ce_labels_joint: 1.37010e-01  kld_vamb_joint: 3.18860e+00  kld_labels_joint: 2.32678e+00  correct_labels_joint: 0.00000e+00  loss: 5.25366e-01
2026-08-13 13:58:47.904 | INFO    | 		Epoch: 10  loss_vamb: 1.58778e-01  ab_vamb: 2.09265e-02  ce_vamb: 0.00000e+00  sse_vamb: 1.26155e-01  kld_vamb: 1.16730e-02  loss_labels: 4.79143e-02  ce_labels_labels: 3.61306e-02  kld_labels: 7.54156e+01  correct_labels_labels: 0.00000e+00  loss_joint: 2.74979e-01  ce_joint: 0.00000e+00  sse_joint: 2.80478e+01  ce_labels_joint: 1.11713e-01  kld_vamb_joint: 3.26591e+00  kld_labels_joint: 2.41914e+00  correct_labels_joint: 0.00000e+00  loss: 4.81671e-01
2026-08-13 13:58:48.544 | INFO    | 		Epoch: 11  loss_vamb: 1.55729e-01  ab_vamb: 2.03075e-02  ce_vamb: 0.00000e+00  sse_vamb: 1.23616e-01  kld_vamb: 1.17720e-02  loss_labels: 4.04470e-02  ce_labels_labels: 2.88656e-02  kld_labels: 7.41211e+01  correct_labels_labels: 0.00000e+00  loss_joint: 2.54826e-01  ce_joint: 0.00000e+00  sse_joint: 2.75097e+01  ce_labels_joint: 9.54078e-02  kld_vamb_joint: 3.39603e+00  kld_labels_joint: 2.55264e+00  correct_labels_joint: 0.00000e+00  loss: 4.51002e-01
2026-08-13 13:58:49.156 | INFO    | 		Epoch: 12  loss_vamb: 1.52241e-01  ab_vamb: 1.91199e-02  ce_vamb: 0.00000e+00  sse_vamb: 1.21221e-01  kld_vamb: 1.18721e-02  loss_labels: 3.32387e-02  ce_labels_labels: 2.18598e-02  kld_labels: 7.28248e+01  correct_labels_labels: 0.00000e+00  loss_joint: 2.44802e-01  ce_joint: 0.00000e+00  sse_joint: 2.73696e+01  ce_labels_joint: 8.51156e-02  kld_vamb_joint: 3.47038e+00  kld_labels_joint: 2.57811e+00  correct_labels_joint: 0.00000e+00  loss: 4.30281e-01
2026-08-13 13:58:49.782 | INFO    | 		Epoch: 13  loss_vamb: 1.48814e-01  ab_vamb: 1.72513e-02  ce_vamb: 0.00000e+00  sse_vamb: 1.19526e-01  kld_vamb: 1.19984e-02  loss_labels: 2.68420e-02  ce_labels_labels: 1.56728e-02  kld_labels: 7.14829e+01  correct_labels_labels: 0.00000e+00  loss_joint: 2.22653e-01  ce_joint: 0.00000e+00  sse_joint: 2.69443e+01  ce_labels_joint: 6.84501e-02  kld_vamb_joint: 3.51972e+00  kld_labels_joint: 2.69569e+00  correct_labels_joint: 0.00000e+00  loss: 3.98309e-01
2026-08-13 13:58:50.402 | INFO    | 		Epoch: 14  loss_vamb: 1.47132e-01  ab_vamb: 1.73351e-02  ce_vamb: 0.00000e+00  sse_vamb: 1.17521e-01  kld_vamb: 1.22449e-02  loss_labels: 2.33167e-02  ce_labels_labels: 1.24378e-02  kld_labels: 6.96247e+01  correct_labels_labels: 0.00000e+00  loss_joint: 2.06935e-01  ce_joint: 0.00000e+00  sse_joint: 2.65536e+01  ce_labels_joint: 5.50121e-02  kld_vamb_joint: 3.58683e+00  kld_labels_joint: 2.80627e+00  correct_labels_joint: 0.00000e+00  loss: 3.77384e-01
2026-08-13 13:58:51.009 | INFO    | 		Epoch: 15  loss_vamb: 1.44033e-01  ab_vamb: 1.56845e-02  ce_vamb: 0.00000e+00  sse_vamb: 1.15944e-01  kld_vamb: 1.23715e-02  loss_labels: 2.03605e-02  ce_labels_labels: 9.83524e-03  kld_labels: 6.73620e+01  correct_labels_labels: 0.00000e+00  loss_joint: 1.95175e-01  ce_joint: 0.00000e+00  sse_joint: 2.62659e+01  ce_labels_joint: 4.62967e-02  kld_vamb_joint: 3.60124e+00  kld_labels_joint: 2.92969e+00  correct_labels_joint: 0.00000e+00  loss: 3.59568e-01
2026-08-13 13:58:51.671 | INFO    | 		Epoch: 16  loss_vamb: 1.41584e-01  ab_vamb: 1.56061e-02  ce_vamb: 0.00000e+00  sse_vamb: 1.13463e-01  kld_vamb: 1.24785e-02  loss_labels: 1.79032e-02  ce_labels_labels: 7.72645e-03  kld_labels: 6.51311e+01  correct_labels_labels: 0.00000e+00  loss_joint: 1.85106e-01  ce_joint: 0.00000e+00  sse_joint: 2.58897e+01  ce_labels_joint: 3.93075e-02  kld_vamb_joint: 3.63753e+00  kld_labels_joint: 3.02746e+00  correct_labels_joint: 0.00000e+00  loss: 3.44593e-01
2026-08-13 13:58:52.300 | INFO    | 		Epoch: 17  loss_vamb: 1.39246e-01  ab_vamb: 1.47272e-02  ce_vamb: 0.00000e+00  sse_vamb: 1.11901e-01  kld_vamb: 1.25890e-02  loss_labels: 1.66622e-02  ce_labels_labels: 6.71810e-03  kld_labels: 6.36425e+01  correct_labels_labels: 0.00000e+00  loss_joint: 1.79370e-01  ce_joint: 0.00000e+00  sse_joint: 2.55340e+01  ce_labels_joint: 3.52645e-02  kld_vamb_joint: 3.65743e+00  kld_labels_joint: 3.10869e+00  correct_labels_joint: 0.00000e+00  loss: 3.35278e-01
2026-08-13 13:58:52.996 | INFO    | 		Epoch: 18  loss_vamb: 1.39107e-01  ab_vamb: 1.52560e-02  ce_vamb: 0.00000e+00  sse_vamb: 1.11108e-01  kld_vamb: 1.27150e-02  loss_labels: 1.60829e-02  ce_labels_labels: 6.38355e-03  kld_labels: 6.20756e+01  correct_labels_labels: 0.00000e+00  loss_joint: 1.77553e-01  ce_joint: 0.00000e+00  sse_joint: 2.53525e+01  ce_labels_joint: 3.43244e-02  kld_vamb_joint: 3.69724e+00  kld_labels_joint: 3.22457e+00  correct_labels_joint: 0.00000e+00  loss: 3.32744e-01
2026-08-13 13:58:53.678 | INFO    | 		Epoch: 19  loss_vamb: 1.37216e-01  ab_vamb: 1.46321e-02  ce_vamb: 0.00000e+00  sse_vamb: 1.09780e-01  kld_vamb: 1.27711e-02  loss_labels: 1.52511e-02  ce_labels_labels: 5.75008e-03  kld_labels: 6.08065e+01  correct_labels_labels: 0.00000e+00  loss_joint: 1.70336e-01  ce_joint: 0.00000e+00  sse_joint: 2.51692e+01  ce_labels_joint: 2.85625e-02  kld_vamb_joint: 3.72994e+00  kld_labels_joint: 3.31326e+00  correct_labels_joint: 0.00000e+00  loss: 3.22803e-01
2026-08-13 13:58:54.331 | INFO    | 		Epoch: 20  loss_vamb: 1.36091e-01  ab_vamb: 1.45947e-02  ce_vamb: 0.00000e+00  sse_vamb: 1.08389e-01  kld_vamb: 1.30847e-02  loss_labels: 1.30194e-02  ce_labels_labels: 3.68462e-03  kld_labels: 5.97423e+01  correct_labels_labels: 0.00000e+00  loss_joint: 1.67373e-01  ce_joint: 0.00000e+00  sse_joint: 2.48629e+01  ce_labels_joint: 2.66905e-02  kld_vamb_joint: 3.77978e+00  kld_labels_joint: 3.39419e+00  correct_labels_joint: 0.00000e+00  loss: 3.16484e-01
2026-08-13 13:58:55.044 | INFO    | 		Epoch: 21  loss_vamb: 1.35001e-01  ab_vamb: 1.43152e-02  ce_vamb: 0.00000e+00  sse_vamb: 1.07473e-01  kld_vamb: 1.31798e-02  loss_labels: 1.34427e-02  ce_labels_labels: 4.35858e-03  kld_labels: 5.81385e+01  correct_labels_labels: 0.00000e+00  loss_joint: 1.62232e-01  ce_joint: 0.00000e+00  sse_joint: 2.45786e+01  ce_labels_joint: 2.32158e-02  kld_vamb_joint: 3.81884e+00  kld_labels_joint: 3.50073e+00  correct_labels_joint: 0.00000e+00  loss: 3.10675e-01
2026-08-13 13:58:55.770 | INFO    | 		Epoch: 22  loss_vamb: 1.33486e-01  ab_vamb: 1.38397e-02  ce_vamb: 0.00000e+00  sse_vamb: 1.06329e-01  kld_vamb: 1.32742e-02  loss_labels: 1.29777e-02  ce_labels_labels: 4.06968e-03  kld_labels: 5.70116e+01  correct_labels_labels: 0.00000e+00  loss_joint: 1.54728e-01  ce_joint: 0.00000e+00  sse_joint: 2.42564e+01  ce_labels_joint: 1.87486e-02  kld_vamb_joint: 3.79798e+00  kld_labels_joint: 3.59057e+00  correct_labels_joint: 0.00000e+00  loss: 3.01192e-01
2026-08-13 13:58:56.409 | INFO    | 		Epoch: 23  loss_vamb: 1.31950e-01  ab_vamb: 1.32373e-02  ce_vamb: 0.00000e+00  sse_vamb: 1.05287e-01  kld_vamb: 1.33944e-02  loss_labels: 1.26841e-02  ce_labels_labels: 3.91433e-03  kld_labels: 5.61265e+01  correct_labels_labels: 0.00000e+00  loss_joint: 1.51391e-01  ce_joint: 0.00000e+00  sse_joint: 2.39091e+01  ce_labels_joint: 1.70572e-02  kld_vamb_joint: 3.89885e+00  kld_labels_joint: 3.77307e+00  correct_labels_joint: 0.00000e+00  loss: 2.96026e-01
2026-08-13 13:58:57.229 | INFO    | 		Epoch: 24  loss_vamb: 1.30713e-01  ab_vamb: 1.29736e-02  ce_vamb: 0.00000e+00  sse_vamb: 1.04152e-01  kld_vamb: 1.35522e-02  loss_labels: 1.13920e-02  ce_labels_labels: 2.81640e-03  kld_labels: 5.48838e+01  correct_labels_labels: 0.00000e+00  loss_joint: 1.45860e-01  ce_joint: 0.00000e+00  sse_joint: 2.36490e+01  ce_labels_joint: 1.30651e-02  kld_vamb_joint: 3.87853e+00  kld_labels_joint: 3.84434e+00  correct_labels_joint: 0.00000e+00  loss: 2.87965e-01
2026-08-13 13:58:57.780 | INFO    | 		Epoch: 25  loss_vamb: 1.28307e-01  ab_vamb: 1.20330e-02  ce_vamb: 0.00000e+00  sse_vamb: 1.02532e-01  kld_vamb: 1.35725e-02  loss_labels: 1.38535e-02  ce_labels_labels: 5.36666e-03  kld_labels: 5.43155e+01  correct_labels_labels: 0.00000e+00  loss_joint: 1.44549e-01  ce_joint: 0.00000e+00  sse_joint: 2.31777e+01  ce_labels_joint: 1.75577e-02  kld_vamb_joint: 3.93324e+00  kld_labels_joint: 3.92742e+00  correct_labels_joint: 0.00000e+00  loss: 2.86709e-01
2026-08-13 13:58:58.330 | INFO    | 		Epoch: 26  loss_vamb: 1.25163e-01  ab_vamb: 1.02319e-02  ce_vamb: 0.00000e+00  sse_vamb: 1.01326e-01  kld_vamb: 1.36067e-02  loss_labels: 1.37274e-02  ce_labels_labels: 5.37354e-03  kld_labels: 5.34645e+01  correct_labels_labels: 0.00000e+00  loss_joint: 1.40789e-01  ce_joint: 0.00000e+00  sse_joint: 2.29395e+01  ce_labels_joint: 1.67283e-02  kld_vamb_joint: 3.90040e+00  kld_labels_joint: 3.94432e+00  correct_labels_joint: 0.00000e+00  loss: 2.79679e-01
2026-08-13 13:58:58.889 | INFO    | 		Epoch: 27  loss_vamb: 1.24105e-01  ab_vamb: 9.30965e-03  ce_vamb: 0.00000e+00  sse_vamb: 1.01156e-01  kld_vamb: 1.36101e-02  loss_labels: 1.29706e-02  ce_labels_labels: 4.74190e-03  kld_labels: 5.26640e+01  correct_labels_labels: 0.00000e+00  loss_joint: 1.36304e-01  ce_joint: 0.00000e+00  sse_joint: 2.29439e+01  ce_labels_joint: 1.26193e-02  kld_vamb_joint: 3.93043e+00  kld_labels_joint: 4.06165e+00  correct_labels_joint: 0.00000e+00  loss: 2.73380e-01
2026-08-13 13:58:59.442 | INFO    | 		Epoch: 28  loss_vamb: 1.21819e-01  ab_vamb: 7.89374e-03  ce_vamb: 0.00000e+00  sse_vamb: 1.00270e-01  kld_vamb: 1.36145e-02  loss_labels: 1.18224e-02  ce_labels_labels: 3.70991e-03  kld_labels: 5.19202e+01  correct_labels_labels: 0.00000e+00  loss_joint: 1.33016e-01  ce_joint: 0.00000e+00  sse_joint: 2.26681e+01  ce_labels_joint: 1.09888e-02  kld_vamb_joint: 3.93411e+00  kld_labels_joint: 4.08356e+00  correct_labels_joint: 0.00000e+00  loss: 2.66657e-01
2026-08-13 13:58:59.992 | INFO    | 		Epoch: 29  loss_vamb: 1.26120e-01  ab_vamb: 1.20133e-02  ce_vamb: 0.00000e+00  sse_vamb: 1.00537e-01  kld_vamb: 1.37244e-02  loss_labels: 1.20923e-02  ce_labels_labels: 4.10200e-03  kld_labels: 5.11382e+01  correct_labels_labels: 0.00000e+00  loss_joint: 1.36860e-01  ce_joint: 0.00000e+00  sse_joint: 2.27740e+01  ce_labels_joint: 1.06546e-02  kld_vamb_joint: 3.90148e+00  kld_labels_joint: 4.16120e+00  correct_labels_joint: 0.00000e+00  loss: 2.75072e-01
2026-08-13 13:59:00.514 | INFO    | 		Epoch: 30  loss_vamb: 1.24181e-01  ab_vamb: 1.07012e-02  ce_vamb: 0.00000e+00  sse_vamb: 9.98128e-02  kld_vamb: 1.37076e-02  loss_labels: 1.10246e-02  ce_labels_labels: 3.13068e-03  kld_labels: 5.05213e+01  correct_labels_labels: 0.00000e+00  loss_joint: 1.32926e-01  ce_joint: 0.00000e+00  sse_joint: 2.26496e+01  ce_labels_joint: 9.41903e-03  kld_vamb_joint: 3.93541e+00  kld_labels_joint: 4.18809e+00  correct_labels_joint: 0.00000e+00  loss: 2.68131e-01
2026-08-13 13:59:01.068 | INFO    | 		Epoch: 31  loss_vamb: 1.24267e-01  ab_vamb: 1.17148e-02  ce_vamb: 0.00000e+00  sse_vamb: 9.84230e-02  kld_vamb: 1.39395e-02  loss_labels: 1.01957e-02  ce_labels_labels: 2.40231e-03  kld_labels: 4.98778e+01  correct_labels_labels: 0.00000e+00  loss_joint: 1.29971e-01  ce_joint: 0.00000e+00  sse_joint: 2.22674e+01  ce_labels_joint: 8.16863e-03  kld_vamb_joint: 3.96000e+00  kld_labels_joint: 4.27725e+00  correct_labels_joint: 0.00000e+00  loss: 2.64434e-01
2026-08-13 13:59:01.601 | INFO    | 		Epoch: 32  loss_vamb: 1.21365e-01  ab_vamb: 8.71014e-03  ce_vamb: 0.00000e+00  sse_vamb: 9.86225e-02  kld_vamb: 1.38696e-02  loss_labels: 9.59165e-03  ce_labels_labels: 1.93671e-03  kld_labels: 4.89916e+01  correct_labels_labels: 0.00000e+00  loss_joint: 1.28061e-01  ce_joint: 0.00000e+00  sse_joint: 2.22374e+01  ce_labels_joint: 8.41856e-03  kld_vamb_joint: 3.93401e+00  kld_labels_joint: 4.30199e+00  correct_labels_joint: 0.00000e+00  loss: 2.59018e-01
2026-08-13 13:59:02.129 | INFO    | 		Epoch: 33  loss_vamb: 1.18833e-01  ab_vamb: 7.37850e-03  ce_vamb: 0.00000e+00  sse_vamb: 9.78132e-02  kld_vamb: 1.39595e-02  loss_labels: 9.72881e-03  ce_labels_labels: 2.17028e-03  kld_labels: 4.83746e+01  correct_labels_labels: 0.00000e+00  loss_joint: 1.26224e-01  ce_joint: 0.00000e+00  sse_joint: 2.20754e+01  ce_labels_joint: 8.67151e-03  kld_vamb_joint: 3.88437e+00  kld_labels_joint: 4.33860e+00  correct_labels_joint: 0.00000e+00  loss: 2.54786e-01
2026-08-13 13:59:02.655 | INFO    | 		Epoch: 34  loss_vamb: 1.20151e-01  ab_vamb: 9.12517e-03  ce_vamb: 0.00000e+00  sse_vamb: 9.75004e-02  kld_vamb: 1.38695e-02  loss_labels: 1.00672e-02  ce_labels_labels: 2.60411e-03  kld_labels: 4.77636e+01  correct_labels_labels: 0.00000e+00  loss_joint: 1.25430e-01  ce_joint: 0.00000e+00  sse_joint: 2.19814e+01  ce_labels_joint: 6.32741e-03  kld_vamb_joint: 3.86682e+00  kld_labels_joint: 4.36625e+00  correct_labels_joint: 0.00000e+00  loss: 2.55648e-01
2026-08-13 13:59:03.193 | INFO    | 		Epoch: 35  loss_vamb: 1.20064e-01  ab_vamb: 8.98094e-03  ce_vamb: 0.00000e+00  sse_vamb: 9.72879e-02  kld_vamb: 1.39609e-02  loss_labels: 9.86788e-03  ce_labels_labels: 2.42519e-03  kld_labels: 4.76332e+01  correct_labels_labels: 0.00000e+00  loss_joint: 1.25283e-01  ce_joint: 0.00000e+00  sse_joint: 2.18314e+01  ce_labels_joint: 7.24024e-03  kld_vamb_joint: 3.87153e+00  kld_labels_joint: 4.41412e+00  correct_labels_joint: 0.00000e+00  loss: 2.55215e-01
2026-08-13 13:59:03.718 | INFO    | 		Epoch: 36  loss_vamb: 1.19678e-01  ab_vamb: 8.79471e-03  ce_vamb: 0.00000e+00  sse_vamb: 9.68145e-02  kld_vamb: 1.39206e-02  loss_labels: 9.91365e-03  ce_labels_labels: 2.43069e-03  kld_labels: 4.78910e+01  correct_labels_labels: 0.00000e+00  loss_joint: 1.25741e-01  ce_joint: 0.00000e+00  sse_joint: 2.18006e+01  ce_labels_joint: 7.70916e-03  kld_vamb_joint: 3.87660e+00  kld_labels_joint: 4.43174e+00  correct_labels_joint: 0.00000e+00  loss: 2.55332e-01
2026-08-13 13:59:04.248 | INFO    | 		Epoch: 37  loss_vamb: 1.20322e-01  ab_vamb: 9.10017e-03  ce_vamb: 0.00000e+00  sse_vamb: 9.74563e-02  kld_vamb: 1.39553e-02  loss_labels: 9.52368e-03  ce_labels_labels: 2.06532e-03  kld_labels: 4.77335e+01  correct_labels_labels: 0.00000e+00  loss_joint: 1.25488e-01  ce_joint: 0.00000e+00  sse_joint: 2.18622e+01  ce_labels_joint: 7.88851e-03  kld_vamb_joint: 3.89787e+00  kld_labels_joint: 4.45897e+00  correct_labels_joint: 0.00000e+00  loss: 2.55334e-01
2026-08-13 13:59:04.774 | INFO    | 		Epoch: 38  loss_vamb: 1.19499e-01  ab_vamb: 8.63343e-03  ce_vamb: 0.00000e+00  sse_vamb: 9.71101e-02  kld_vamb: 1.39805e-02  loss_labels: 9.33918e-03  ce_labels_labels: 1.91481e-03  kld_labels: 4.75160e+01  correct_labels_labels: 0.00000e+00  loss_joint: 1.24046e-01  ce_joint: 0.00000e+00  sse_joint: 2.17867e+01  ce_labels_joint: 7.06001e-03  kld_vamb_joint: 3.90972e+00  kld_labels_joint: 4.49127e+00  correct_labels_joint: 0.00000e+00  loss: 2.52884e-01
2026-08-13 13:59:05.455 | INFO    | 		Epoch: 39  loss_vamb: 1.19672e-01  ab_vamb: 1.00242e-02  ce_vamb: 0.00000e+00  sse_vamb: 9.57759e-02  kld_vamb: 1.40513e-02  loss_labels: 9.26029e-03  ce_labels_labels: 1.92984e-03  kld_labels: 4.69148e+01  correct_labels_labels: 0.00000e+00  loss_joint: 1.24631e-01  ce_joint: 0.00000e+00  sse_joint: 2.15371e+01  ce_labels_joint: 6.54778e-03  kld_vamb_joint: 3.89169e+00  kld_labels_joint: 4.54889e+00  correct_labels_joint: 0.00000e+00  loss: 2.53563e-01
2026-08-13 13:59:06.005 | INFO    | 		Epoch: 40  loss_vamb: 1.17593e-01  ab_vamb: 8.35029e-03  ce_vamb: 0.00000e+00  sse_vamb: 9.55937e-02  kld_vamb: 1.40292e-02  loss_labels: 8.79479e-03  ce_labels_labels: 1.55956e-03  kld_labels: 4.63055e+01  correct_labels_labels: 0.00000e+00  loss_joint: 1.22818e-01  ce_joint: 0.00000e+00  sse_joint: 2.14705e+01  ce_labels_joint: 7.82659e-03  kld_vamb_joint: 3.90651e+00  kld_labels_joint: 4.57509e+00  correct_labels_joint: 0.00000e+00  loss: 2.49205e-01
2026-08-13 13:59:06.541 | INFO    | 		Epoch: 41  loss_vamb: 1.16734e-01  ab_vamb: 8.01873e-03  ce_vamb: 0.00000e+00  sse_vamb: 9.45204e-02  kld_vamb: 1.40941e-02  loss_labels: 9.95377e-03  ce_labels_labels: 2.80528e-03  kld_labels: 4.57504e+01  correct_labels_labels: 0.00000e+00  loss_joint: 1.20905e-01  ce_joint: 0.00000e+00  sse_joint: 2.12451e+01  ce_labels_joint: 6.19697e-03  kld_vamb_joint: 3.91994e+00  kld_labels_joint: 4.63809e+00  correct_labels_joint: 0.00000e+00  loss: 2.47592e-01
2026-08-13 13:59:07.093 | INFO    | 		Epoch: 42  loss_vamb: 1.17815e-01  ab_vamb: 9.04355e-03  ce_vamb: 0.00000e+00  sse_vamb: 9.48408e-02  kld_vamb: 1.40381e-02  loss_labels: 8.87778e-03  ce_labels_labels: 1.79352e-03  kld_labels: 4.53393e+01  correct_labels_labels: 0.00000e+00  loss_joint: 1.23066e-01  ce_joint: 0.00000e+00  sse_joint: 2.13900e+01  ce_labels_joint: 7.61050e-03  kld_vamb_joint: 3.94103e+00  kld_labels_joint: 4.66399e+00  correct_labels_joint: 0.00000e+00  loss: 2.49758e-01
2026-08-13 13:59:07.744 | INFO    | 		Epoch: 43  loss_vamb: 1.16535e-01  ab_vamb: 7.77502e-03  ce_vamb: 0.00000e+00  sse_vamb: 9.46410e-02  kld_vamb: 1.41902e-02  loss_labels: 9.03384e-03  ce_labels_labels: 1.97679e-03  kld_labels: 4.51651e+01  correct_labels_labels: 0.00000e+00  loss_joint: 1.20179e-01  ce_joint: 0.00000e+00  sse_joint: 2.12584e+01  ce_labels_joint: 6.01877e-03  kld_vamb_joint: 3.94034e+00  kld_labels_joint: 4.74555e+00  correct_labels_joint: 0.00000e+00  loss: 2.45748e-01
2026-08-13 13:59:08.251 | INFO    | 		Epoch: 44  loss_vamb: 1.18311e-01  ab_vamb: 1.01211e-02  ce_vamb: 0.00000e+00  sse_vamb: 9.41364e-02  kld_vamb: 1.42669e-02  loss_labels: 8.60907e-03  ce_labels_labels: 1.62217e-03  kld_labels: 4.47161e+01  correct_labels_labels: 0.00000e+00  loss_joint: 1.19694e-01  ce_joint: 0.00000e+00  sse_joint: 2.11008e+01  ce_labels_joint: 5.67816e-03  kld_vamb_joint: 3.90604e+00  kld_labels_joint: 4.78374e+00  correct_labels_joint: 0.00000e+00  loss: 2.46614e-01
2026-08-13 13:59:08.879 | INFO    | 		Epoch: 45  loss_vamb: 1.15592e-01  ab_vamb: 7.74825e-03  ce_vamb: 0.00000e+00  sse_vamb: 9.34991e-02  kld_vamb: 1.42608e-02  loss_labels: 8.84505e-03  ce_labels_labels: 1.96699e-03  kld_labels: 4.40196e+01  correct_labels_labels: 0.00000e+00  loss_joint: 1.16321e-01  ce_joint: 0.00000e+00  sse_joint: 2.08492e+01  ce_labels_joint: 4.70412e-03  kld_vamb_joint: 3.92094e+00  kld_labels_joint: 4.84612e+00  correct_labels_joint: 0.00000e+00  loss: 2.40759e-01
2026-08-13 13:59:09.379 | INFO    | 		Epoch: 46  loss_vamb: 1.16050e-01  ab_vamb: 8.55068e-03  ce_vamb: 0.00000e+00  sse_vamb: 9.35046e-02  kld_vamb: 1.42094e-02  loss_labels: 8.36632e-03  ce_labels_labels: 1.55334e-03  kld_labels: 4.36031e+01  correct_labels_labels: 0.00000e+00  loss_joint: 1.19191e-01  ce_joint: 0.00000e+00  sse_joint: 2.10065e+01  ce_labels_joint: 6.00198e-03  kld_vamb_joint: 3.89650e+00  kld_labels_joint: 4.86690e+00  correct_labels_joint: 0.00000e+00  loss: 2.43607e-01
2026-08-13 13:59:09.901 | INFO    | 		Epoch: 47  loss_vamb: 1.15546e-01  ab_vamb: 8.53249e-03  ce_vamb: 0.00000e+00  sse_vamb: 9.27639e-02  kld_vamb: 1.42290e-02  loss_labels: 8.36739e-03  ce_labels_labels: 1.60451e-03  kld_labels: 4.32824e+01  correct_labels_labels: 0.00000e+00  loss_joint: 1.17918e-01  ce_joint: 0.00000e+00  sse_joint: 2.08222e+01  ce_labels_joint: 5.46988e-03  kld_vamb_joint: 3.90635e+00  kld_labels_joint: 4.88601e+00  correct_labels_joint: 0.00000e+00  loss: 2.41831e-01
2026-08-13 13:59:10.419 | INFO    | 		Epoch: 48  loss_vamb: 1.15170e-01  ab_vamb: 7.52844e-03  ce_vamb: 0.00000e+00  sse_vamb: 9.33516e-02  kld_vamb: 1.42728e-02  loss_labels: 8.67441e-03  ce_labels_labels: 2.00529e-03  kld_labels: 4.26824e+01  correct_labels_labels: 0.00000e+00  loss_joint: 1.16811e-01  ce_joint: 0.00000e+00  sse_joint: 2.08319e+01  ce_labels_joint: 5.10187e-03  kld_vamb_joint: 3.85892e+00  kld_labels_joint: 4.89572e+00  correct_labels_joint: 0.00000e+00  loss: 2.40655e-01
2026-08-13 13:59:10.937 | INFO    | 		Epoch: 49  loss_vamb: 1.16035e-01  ab_vamb: 8.81392e-03  ce_vamb: 0.00000e+00  sse_vamb: 9.28741e-02  kld_vamb: 1.43918e-02  loss_labels: 8.23219e-03  ce_labels_labels: 1.63815e-03  kld_labels: 4.22019e+01  correct_labels_labels: 0.00000e+00  loss_joint: 1.18947e-01  ce_joint: 0.00000e+00  sse_joint: 2.08593e+01  ce_labels_joint: 6.20937e-03  kld_vamb_joint: 3.85092e+00  kld_labels_joint: 4.95759e+00  correct_labels_joint: 0.00000e+00  loss: 2.43214e-01
2026-08-13 13:59:11.448 | INFO    | 		Epoch: 50  loss_vamb: 1.12657e-01  ab_vamb: 7.24073e-03  ce_vamb: 0.00000e+00  sse_vamb: 9.07699e-02  kld_vamb: 1.44953e-02  loss_labels: 8.57781e-03  ce_labels_labels: 2.04598e-03  kld_labels: 4.18037e+01  correct_labels_labels: 0.00000e+00  loss_joint: 1.14600e-01  ce_joint: 0.00000e+00  sse_joint: 2.02957e+01  ce_labels_joint: 5.57512e-03  kld_vamb_joint: 3.86778e+00  kld_labels_joint: 5.01388e+00  correct_labels_joint: 0.00000e+00  loss: 2.35835e-01
2026-08-13 13:59:11.953 | INFO    | 		Epoch: 51  loss_vamb: 1.16145e-01  ab_vamb: 1.03583e-02  ce_vamb: 0.00000e+00  sse_vamb: 9.12764e-02  kld_vamb: 1.44275e-02  loss_labels: 8.98138e-03  ce_labels_labels: 2.41135e-03  kld_labels: 4.20482e+01  correct_labels_labels: 0.00000e+00  loss_joint: 1.16917e-01  ce_joint: 0.00000e+00  sse_joint: 2.04333e+01  ce_labels_joint: 4.60429e-03  kld_vamb_joint: 3.86998e+00  kld_labels_joint: 5.01870e+00  correct_labels_joint: 0.00000e+00  loss: 2.42043e-01
2026-08-13 13:59:12.535 | INFO    | 		Epoch: 52  loss_vamb: 1.11814e-01  ab_vamb: 6.73270e-03  ce_vamb: 0.00000e+00  sse_vamb: 9.04846e-02  kld_vamb: 1.44934e-02  loss_labels: 8.07024e-03  ce_labels_labels: 1.49083e-03  kld_labels: 4.21082e+01  correct_labels_labels: 0.00000e+00  loss_joint: 1.14032e-01  ce_joint: 0.00000e+00  sse_joint: 2.02776e+01  ce_labels_joint: 4.72746e-03  kld_vamb_joint: 3.89537e+00  kld_labels_joint: 5.06059e+00  correct_labels_joint: 0.00000e+00  loss: 2.33916e-01
2026-08-13 13:59:13.079 | INFO    | 		Epoch: 53  loss_vamb: 1.15667e-01  ab_vamb: 1.05544e-02  ce_vamb: 0.00000e+00  sse_vamb: 9.08952e-02  kld_vamb: 1.44190e-02  loss_labels: 9.37734e-03  ce_labels_labels: 2.76421e-03  kld_labels: 4.23240e+01  correct_labels_labels: 0.00000e+00  loss_joint: 1.17099e-01  ce_joint: 0.00000e+00  sse_joint: 2.03814e+01  ce_labels_joint: 4.39458e-03  kld_vamb_joint: 3.86033e+00  kld_labels_joint: 5.06301e+00  correct_labels_joint: 0.00000e+00  loss: 2.42144e-01
2026-08-13 13:59:13.621 | INFO    | 		Epoch: 54  loss_vamb: 1.13856e-01  ab_vamb: 8.88462e-03  ce_vamb: 0.00000e+00  sse_vamb: 9.04327e-02  kld_vamb: 1.45507e-02  loss_labels: 8.46675e-03  ce_labels_labels: 1.86473e-03  kld_labels: 4.22529e+01  correct_labels_labels: 0.00000e+00  loss_joint: 1.13114e-01  ce_joint: 0.00000e+00  sse_joint: 2.03023e+01  ce_labels_joint: 4.07430e-03  kld_vamb_joint: 3.88361e+00  kld_labels_joint: 5.08925e+00  correct_labels_joint: 0.00000e+00  loss: 2.35437e-01
2026-08-13 13:59:14.154 | INFO    | 		Epoch: 55  loss_vamb: 1.13140e-01  ab_vamb: 8.68213e-03  ce_vamb: 0.00000e+00  sse_vamb: 8.99531e-02  kld_vamb: 1.46738e-02  loss_labels: 8.47645e-03  ce_labels_labels: 1.91137e-03  kld_labels: 4.20165e+01  correct_labels_labels: 0.00000e+00  loss_joint: 1.12222e-01  ce_joint: 0.00000e+00  sse_joint: 2.01725e+01  ce_labels_joint: 4.09277e-03  kld_vamb_joint: 3.88698e+00  kld_labels_joint: 5.17501e+00  correct_labels_joint: 0.00000e+00  loss: 2.33839e-01
2026-08-13 13:59:14.680 | INFO    | 		Epoch: 56  loss_vamb: 1.15860e-01  ab_vamb: 1.08991e-02  ce_vamb: 0.00000e+00  sse_vamb: 9.04106e-02  kld_vamb: 1.46928e-02  loss_labels: 7.89627e-03  ce_labels_labels: 1.37574e-03  kld_labels: 4.17314e+01  correct_labels_labels: 0.00000e+00  loss_joint: 1.16185e-01  ce_joint: 0.00000e+00  sse_joint: 2.01893e+01  ce_labels_joint: 4.68692e-03  kld_vamb_joint: 3.84727e+00  kld_labels_joint: 5.18443e+00  correct_labels_joint: 0.00000e+00  loss: 2.39942e-01
2026-08-13 13:59:15.273 | INFO    | 		Epoch: 57  loss_vamb: 1.11924e-01  ab_vamb: 7.56507e-03  ce_vamb: 0.00000e+00  sse_vamb: 9.01356e-02  kld_vamb: 1.45316e-02  loss_labels: 8.15718e-03  ce_labels_labels: 1.73786e-03  kld_labels: 4.10837e+01  correct_labels_labels: 0.00000e+00  loss_joint: 1.11075e-01  ce_joint: 0.00000e+00  sse_joint: 2.00846e+01  ce_labels_joint: 3.95591e-03  kld_vamb_joint: 3.84158e+00  kld_labels_joint: 5.18373e+00  correct_labels_joint: 0.00000e+00  loss: 2.31155e-01
2026-08-13 13:59:15.812 | INFO    | 		Epoch: 58  loss_vamb: 1.12079e-01  ab_vamb: 7.92059e-03  ce_vamb: 0.00000e+00  sse_vamb: 8.94415e-02  kld_vamb: 1.46504e-02  loss_labels: 8.07678e-03  ce_labels_labels: 1.65457e-03  kld_labels: 4.11022e+01  correct_labels_labels: 0.00000e+00  loss_joint: 1.12333e-01  ce_joint: 0.00000e+00  sse_joint: 1.99669e+01  ce_labels_joint: 4.68945e-03  kld_vamb_joint: 3.86440e+00  kld_labels_joint: 5.22663e+00  correct_labels_joint: 0.00000e+00  loss: 2.32490e-01
2026-08-13 13:59:16.345 | INFO    | 		Epoch: 59  loss_vamb: 1.09725e-01  ab_vamb: 6.56894e-03  ce_vamb: 0.00000e+00  sse_vamb: 8.86272e-02  kld_vamb: 1.47412e-02  loss_labels: 7.84489e-03  ce_labels_labels: 1.44217e-03  kld_labels: 4.09774e+01  correct_labels_labels: 0.00000e+00  loss_joint: 1.09438e-01  ce_joint: 0.00000e+00  sse_joint: 1.98149e+01  ce_labels_joint: 4.33274e-03  kld_vamb_joint: 3.89269e+00  kld_labels_joint: 5.27792e+00  correct_labels_joint: 0.00000e+00  loss: 2.27008e-01
2026-08-13 13:59:16.873 | INFO    | 		Epoch: 60  loss_vamb: 1.11462e-01  ab_vamb: 7.80765e-03  ce_vamb: 0.00000e+00  sse_vamb: 8.89347e-02  kld_vamb: 1.48631e-02  loss_labels: 7.67659e-03  ce_labels_labels: 1.32051e-03  kld_labels: 4.06789e+01  correct_labels_labels: 0.00000e+00  loss_joint: 1.11760e-01  ce_joint: 0.00000e+00  sse_joint: 1.99573e+01  ce_labels_joint: 4.30857e-03  kld_vamb_joint: 3.86704e+00  kld_labels_joint: 5.34637e+00  correct_labels_joint: 0.00000e+00  loss: 2.30899e-01
2026-08-13 13:59:17.521 | INFO    | 		Epoch: 61  loss_vamb: 1.12132e-01  ab_vamb: 8.35756e-03  ce_vamb: 0.00000e+00  sse_vamb: 8.89316e-02  kld_vamb: 1.48240e-02  loss_labels: 7.68099e-03  ce_labels_labels: 1.40538e-03  kld_labels: 4.01639e+01  correct_labels_labels: 0.00000e+00  loss_joint: 1.12287e-01  ce_joint: 0.00000e+00  sse_joint: 1.97965e+01  ce_labels_joint: 4.41659e-03  kld_vamb_joint: 3.84771e+00  kld_labels_joint: 5.37202e+00  correct_labels_joint: 0.00000e+00  loss: 2.32100e-01
2026-08-13 13:59:18.094 | INFO    | 		Epoch: 62  loss_vamb: 1.11570e-01  ab_vamb: 8.76349e-03  ce_vamb: 0.00000e+00  sse_vamb: 8.80949e-02  kld_vamb: 1.48441e-02  loss_labels: 9.04152e-03  ce_labels_labels: 2.83502e-03  kld_labels: 3.97216e+01  correct_labels_labels: 0.00000e+00  loss_joint: 1.09672e-01  ce_joint: 0.00000e+00  sse_joint: 1.96751e+01  ce_labels_joint: 3.70967e-03  kld_vamb_joint: 3.83475e+00  kld_labels_joint: 5.39297e+00  correct_labels_joint: 0.00000e+00  loss: 2.30283e-01
2026-08-13 13:59:18.615 | INFO    | 		Epoch: 63  loss_vamb: 1.09155e-01  ab_vamb: 6.57821e-03  ce_vamb: 0.00000e+00  sse_vamb: 8.75231e-02  kld_vamb: 1.48922e-02  loss_labels: 7.70518e-03  ce_labels_labels: 1.49488e-03  kld_labels: 3.97460e+01  correct_labels_labels: 0.00000e+00  loss_joint: 1.08219e-01  ce_joint: 0.00000e+00  sse_joint: 1.95257e+01  ce_labels_joint: 3.29990e-03  kld_vamb_joint: 3.83011e+00  kld_labels_joint: 5.41906e+00  correct_labels_joint: 0.00000e+00  loss: 2.25079e-01
2026-08-13 13:59:19.163 | INFO    | 		Epoch: 64  loss_vamb: 1.10215e-01  ab_vamb: 7.52532e-03  ce_vamb: 0.00000e+00  sse_vamb: 8.75388e-02  kld_vamb: 1.49299e-02  loss_labels: 8.78347e-03  ce_labels_labels: 2.54730e-03  kld_labels: 3.99115e+01  correct_labels_labels: 0.00000e+00  loss_joint: 1.08603e-01  ce_joint: 0.00000e+00  sse_joint: 1.96321e+01  ce_labels_joint: 2.97283e-03  kld_vamb_joint: 3.84768e+00  kld_labels_joint: 5.44736e+00  correct_labels_joint: 0.00000e+00  loss: 2.27602e-01
2026-08-13 13:59:19.797 | INFO    | 		Epoch: 65  loss_vamb: 1.10011e-01  ab_vamb: 7.77744e-03  ce_vamb: 0.00000e+00  sse_vamb: 8.68971e-02  kld_vamb: 1.50874e-02  loss_labels: 7.57221e-03  ce_labels_labels: 1.22774e-03  kld_labels: 4.06046e+01  correct_labels_labels: 0.00000e+00  loss_joint: 1.08093e-01  ce_joint: 0.00000e+00  sse_joint: 1.94291e+01  ce_labels_joint: 3.33905e-03  kld_vamb_joint: 3.84958e+00  kld_labels_joint: 5.46057e+00  correct_labels_joint: 0.00000e+00  loss: 2.25676e-01
2026-08-13 13:59:20.355 | INFO    | 		Epoch: 66  loss_vamb: 1.09856e-01  ab_vamb: 7.96162e-03  ce_vamb: 0.00000e+00  sse_vamb: 8.68001e-02  kld_vamb: 1.50009e-02  loss_labels: 8.43321e-03  ce_labels_labels: 2.07451e-03  kld_labels: 4.06957e+01  correct_labels_labels: 0.00000e+00  loss_joint: 1.09986e-01  ce_joint: 0.00000e+00  sse_joint: 1.93625e+01  ce_labels_joint: 5.32185e-03  kld_vamb_joint: 3.85575e+00  kld_labels_joint: 5.48118e+00  correct_labels_joint: 0.00000e+00  loss: 2.28276e-01
2026-08-13 13:59:20.873 | INFO    | 		Epoch: 67  loss_vamb: 1.11307e-01  ab_vamb: 9.88256e-03  ce_vamb: 0.00000e+00  sse_vamb: 8.63069e-02  kld_vamb: 1.50939e-02  loss_labels: 8.08533e-03  ce_labels_labels: 1.71905e-03  kld_labels: 4.07442e+01  correct_labels_labels: 0.00000e+00  loss_joint: 1.08905e-01  ce_joint: 0.00000e+00  sse_joint: 1.92702e+01  ce_labels_joint: 4.14882e-03  kld_vamb_joint: 3.81335e+00  kld_labels_joint: 5.47805e+00  correct_labels_joint: 0.00000e+00  loss: 2.28297e-01
2026-08-13 13:59:21.420 | INFO    | 		Epoch: 68  loss_vamb: 1.08557e-01  ab_vamb: 7.66107e-03  ce_vamb: 0.00000e+00  sse_vamb: 8.60346e-02  kld_vamb: 1.50055e-02  loss_labels: 7.62690e-03  ce_labels_labels: 1.28275e-03  kld_labels: 4.06026e+01  correct_labels_labels: 0.00000e+00  loss_joint: 1.05927e-01  ce_joint: 0.00000e+00  sse_joint: 1.91466e+01  ce_labels_joint: 2.77258e-03  kld_vamb_joint: 3.81708e+00  kld_labels_joint: 5.46859e+00  correct_labels_joint: 0.00000e+00  loss: 2.22111e-01
2026-08-13 13:59:21.939 | INFO    | 		Epoch: 69  loss_vamb: 1.08398e-01  ab_vamb: 7.11088e-03  ce_vamb: 0.00000e+00  sse_vamb: 8.65636e-02  kld_vamb: 1.49871e-02  loss_labels: 7.95488e-03  ce_labels_labels: 1.68585e-03  kld_labels: 4.01218e+01  correct_labels_labels: 0.00000e+00  loss_joint: 1.06342e-01  ce_joint: 0.00000e+00  sse_joint: 1.92987e+01  ce_labels_joint: 3.58799e-03  kld_vamb_joint: 3.79211e+00  kld_labels_joint: 5.49238e+00  correct_labels_joint: 0.00000e+00  loss: 2.22695e-01
2026-08-13 13:59:22.523 | INFO    | 		Epoch: 70  loss_vamb: 1.08315e-01  ab_vamb: 7.61965e-03  ce_vamb: 0.00000e+00  sse_vamb: 8.53900e-02  kld_vamb: 1.52462e-02  loss_labels: 7.11547e-03  ce_labels_labels: 9.61685e-04  kld_labels: 3.93843e+01  correct_labels_labels: 0.00000e+00  loss_joint: 1.05161e-01  ce_joint: 0.00000e+00  sse_joint: 1.90406e+01  ce_labels_joint: 3.10774e-03  kld_vamb_joint: 3.81926e+00  kld_labels_joint: 5.59328e+00  correct_labels_joint: 0.00000e+00  loss: 2.20592e-01
2026-08-13 13:59:23.068 | INFO    | 		Epoch: 71  loss_vamb: 1.07397e-01  ab_vamb: 7.25679e-03  ce_vamb: 0.00000e+00  sse_vamb: 8.50970e-02  kld_vamb: 1.51180e-02  loss_labels: 7.79407e-03  ce_labels_labels: 1.73383e-03  kld_labels: 3.87855e+01  correct_labels_labels: 0.00000e+00  loss_joint: 1.07120e-01  ce_joint: 0.00000e+00  sse_joint: 1.90888e+01  ce_labels_joint: 4.37287e-03  kld_vamb_joint: 3.83052e+00  kld_labels_joint: 5.64307e+00  correct_labels_joint: 0.00000e+00  loss: 2.22311e-01
2026-08-13 13:59:23.665 | INFO    | 		Epoch: 72  loss_vamb: 1.07746e-01  ab_vamb: 7.96397e-03  ce_vamb: 0.00000e+00  sse_vamb: 8.47117e-02  kld_vamb: 1.50531e-02  loss_labels: 7.42122e-03  ce_labels_labels: 1.43310e-03  kld_labels: 3.83240e+01  correct_labels_labels: 0.00000e+00  loss_joint: 1.06341e-01  ce_joint: 0.00000e+00  sse_joint: 1.89666e+01  ce_labels_joint: 3.84556e-03  kld_vamb_joint: 3.83589e+00  kld_labels_joint: 5.67886e+00  correct_labels_joint: 0.00000e+00  loss: 2.21509e-01
2026-08-13 13:59:24.225 | INFO    | 		Epoch: 73  loss_vamb: 1.07120e-01  ab_vamb: 6.92892e-03  ce_vamb: 0.00000e+00  sse_vamb: 8.51506e-02  kld_vamb: 1.51270e-02  loss_labels: 7.75545e-03  ce_labels_labels: 1.70717e-03  kld_labels: 3.87090e+01  correct_labels_labels: 0.00000e+00  loss_joint: 1.04086e-01  ce_joint: 0.00000e+00  sse_joint: 1.89689e+01  ce_labels_joint: 2.99061e-03  kld_vamb_joint: 3.83182e+00  kld_labels_joint: 5.68759e+00  correct_labels_joint: 0.00000e+00  loss: 2.18961e-01
2026-08-13 13:59:24.790 | INFO    | 		Epoch: 74  loss_vamb: 1.06747e-01  ab_vamb: 6.77532e-03  ce_vamb: 0.00000e+00  sse_vamb: 8.49635e-02  kld_vamb: 1.51639e-02  loss_labels: 7.36602e-03  ce_labels_labels: 1.24379e-03  kld_labels: 3.91823e+01  correct_labels_labels: 0.00000e+00  loss_joint: 1.04733e-01  ce_joint: 0.00000e+00  sse_joint: 1.89891e+01  ce_labels_joint: 3.86297e-03  kld_vamb_joint: 3.79481e+00  kld_labels_joint: 5.66537e+00  correct_labels_joint: 0.00000e+00  loss: 2.18846e-01
2026-08-13 13:59:25.249 | INFO    | 		Epoch: 75  loss_vamb: 1.07344e-01  ab_vamb: 8.32930e-03  ce_vamb: 0.00000e+00  sse_vamb: 8.39470e-02  kld_vamb: 1.50718e-02  loss_labels: 7.29452e-03  ce_labels_labels: 1.12696e-03  kld_labels: 3.94724e+01  correct_labels_labels: 0.00000e+00  loss_joint: 1.04873e-01  ce_joint: 0.00000e+00  sse_joint: 1.87745e+01  ce_labels_joint: 3.68730e-03  kld_vamb_joint: 3.85354e+00  kld_labels_joint: 5.70746e+00  correct_labels_joint: 0.00000e+00  loss: 2.19511e-01
2026-08-13 13:59:25.687 | INFO    | 		Epoch: 76  loss_vamb: 1.06453e-01  ab_vamb: 7.58249e-03  ce_vamb: 0.00000e+00  sse_vamb: 8.36621e-02  kld_vamb: 1.50933e-02  loss_labels: 7.41814e-03  ce_labels_labels: 1.26551e-03  kld_labels: 3.93768e+01  correct_labels_labels: 0.00000e+00  loss_joint: 1.03203e-01  ce_joint: 0.00000e+00  sse_joint: 1.86593e+01  ce_labels_joint: 3.30703e-03  kld_vamb_joint: 3.86177e+00  kld_labels_joint: 5.71457e+00  correct_labels_joint: 0.00000e+00  loss: 2.17074e-01
2026-08-13 13:59:26.301 | INFO    | 		Epoch: 77  loss_vamb: 1.04428e-01  ab_vamb: 5.88030e-03  ce_vamb: 0.00000e+00  sse_vamb: 8.36280e-02  kld_vamb: 1.51607e-02  loss_labels: 7.38284e-03  ce_labels_labels: 1.24544e-03  kld_labels: 3.92794e+01  correct_labels_labels: 0.00000e+00  loss_joint: 1.01051e-01  ce_joint: 0.00000e+00  sse_joint: 1.86467e+01  ce_labels_joint: 2.83869e-03  kld_vamb_joint: 3.84845e+00  kld_labels_joint: 5.74607e+00  correct_labels_joint: 0.00000e+00  loss: 2.12862e-01
2026-08-13 13:59:26.743 | INFO    | 		Epoch: 78  loss_vamb: 1.05256e-01  ab_vamb: 7.14124e-03  ce_vamb: 0.00000e+00  sse_vamb: 8.28470e-02  kld_vamb: 1.53092e-02  loss_labels: 7.42668e-03  ce_labels_labels: 1.31402e-03  kld_labels: 3.91211e+01  correct_labels_labels: 0.00000e+00  loss_joint: 1.02476e-01  ce_joint: 0.00000e+00  sse_joint: 1.85544e+01  ce_labels_joint: 3.01966e-03  kld_vamb_joint: 3.82926e+00  kld_labels_joint: 5.78058e+00  correct_labels_joint: 0.00000e+00  loss: 2.15159e-01
2026-08-13 13:59:27.355 | INFO    | 		Epoch: 79  loss_vamb: 1.03913e-01  ab_vamb: 6.04657e-03  ce_vamb: 0.00000e+00  sse_vamb: 8.28895e-02  kld_vamb: 1.52378e-02  loss_labels: 7.45374e-03  ce_labels_labels: 1.38199e-03  kld_labels: 3.88592e+01  correct_labels_labels: 0.00000e+00  loss_joint: 1.00310e-01  ce_joint: 0.00000e+00  sse_joint: 1.84260e+01  ce_labels_joint: 2.88775e-03  kld_vamb_joint: 3.81420e+00  kld_labels_joint: 5.78312e+00  correct_labels_joint: 0.00000e+00  loss: 2.11677e-01
2026-08-13 13:59:27.930 | INFO    | 		Epoch: 80  loss_vamb: 1.03774e-01  ab_vamb: 6.06852e-03  ce_vamb: 0.00000e+00  sse_vamb: 8.23353e-02  kld_vamb: 1.52949e-02  loss_labels: 7.01868e-03  ce_labels_labels: 9.92994e-04  kld_labels: 3.85644e+01  correct_labels_labels: 0.00000e+00  loss_joint: 1.00762e-01  ce_joint: 0.00000e+00  sse_joint: 1.83949e+01  ce_labels_joint: 2.72702e-03  kld_vamb_joint: 3.82516e+00  kld_labels_joint: 5.82395e+00  correct_labels_joint: 0.00000e+00  loss: 2.11554e-01
2026-08-13 13:59:28.590 | INFO    | 		Epoch: 81  loss_vamb: 1.02938e-01  ab_vamb: 5.33614e-03  ce_vamb: 0.00000e+00  sse_vamb: 8.22963e-02  kld_vamb: 1.53641e-02  loss_labels: 7.00774e-03  ce_labels_labels: 1.00951e-03  kld_labels: 3.83887e+01  correct_labels_labels: 0.00000e+00  loss_joint: 1.00815e-01  ce_joint: 0.00000e+00  sse_joint: 1.83962e+01  ce_labels_joint: 3.04888e-03  kld_vamb_joint: 3.81248e+00  kld_labels_joint: 5.83468e+00  correct_labels_joint: 0.00000e+00  loss: 2.10761e-01
2026-08-13 13:59:29.146 | INFO    | 		Epoch: 82  loss_vamb: 1.03018e-01  ab_vamb: 5.44047e-03  ce_vamb: 0.00000e+00  sse_vamb: 8.21117e-02  kld_vamb: 1.54099e-02  loss_labels: 7.34179e-03  ce_labels_labels: 1.41138e-03  kld_labels: 3.79546e+01  correct_labels_labels: 0.00000e+00  loss_joint: 1.00435e-01  ce_joint: 0.00000e+00  sse_joint: 1.82818e+01  ce_labels_joint: 3.67470e-03  kld_vamb_joint: 3.81582e+00  kld_labels_joint: 5.87532e+00  correct_labels_joint: 0.00000e+00  loss: 2.10795e-01
2026-08-13 13:59:29.579 | INFO    | 		Epoch: 83  loss_vamb: 1.03276e-01  ab_vamb: 5.45142e-03  ce_vamb: 0.00000e+00  sse_vamb: 8.25101e-02  kld_vamb: 1.53928e-02  loss_labels: 7.46636e-03  ce_labels_labels: 1.59036e-03  kld_labels: 3.76064e+01  correct_labels_labels: 0.00000e+00  loss_joint: 1.00916e-01  ce_joint: 0.00000e+00  sse_joint: 1.85127e+01  ce_labels_joint: 2.80422e-03  kld_vamb_joint: 3.81022e+00  kld_labels_joint: 5.88371e+00  correct_labels_joint: 0.00000e+00  loss: 2.11658e-01
2026-08-13 13:59:30.216 | INFO    | 		Epoch: 84  loss_vamb: 1.02527e-01  ab_vamb: 5.49519e-03  ce_vamb: 0.00000e+00  sse_vamb: 8.17482e-02  kld_vamb: 1.53640e-02  loss_labels: 6.98918e-03  ce_labels_labels: 1.14763e-03  kld_labels: 3.73860e+01  correct_labels_labels: 0.00000e+00  loss_joint: 1.00105e-01  ce_joint: 0.00000e+00  sse_joint: 1.82853e+01  ce_labels_joint: 3.30084e-03  kld_vamb_joint: 3.83273e+00  kld_labels_joint: 5.90770e+00  correct_labels_joint: 0.00000e+00  loss: 2.09621e-01
2026-08-13 13:59:30.770 | INFO    | 		Epoch: 85  loss_vamb: 1.03796e-01  ab_vamb: 5.97240e-03  ce_vamb: 0.00000e+00  sse_vamb: 8.23740e-02  kld_vamb: 1.53833e-02  loss_labels: 7.39695e-03  ce_labels_labels: 1.56662e-03  kld_labels: 3.73141e+01  correct_labels_labels: 0.00000e+00  loss_joint: 9.98936e-02  ce_joint: 0.00000e+00  sse_joint: 1.83730e+01  ce_labels_joint: 2.44518e-03  kld_vamb_joint: 3.82450e+00  kld_labels_joint: 5.92265e+00  correct_labels_joint: 0.00000e+00  loss: 2.11087e-01
2026-08-13 13:59:31.368 | INFO    | 		Epoch: 86  loss_vamb: 1.02694e-01  ab_vamb: 5.52801e-03  ce_vamb: 0.00000e+00  sse_vamb: 8.17781e-02  kld_vamb: 1.54264e-02  loss_labels: 7.05903e-03  ce_labels_labels: 1.25838e-03  kld_labels: 3.71242e+01  correct_labels_labels: 0.00000e+00  loss_joint: 9.98152e-02  ce_joint: 0.00000e+00  sse_joint: 1.82511e+01  ce_labels_joint: 3.16605e-03  kld_vamb_joint: 3.81265e+00  kld_labels_joint: 5.93313e+00  correct_labels_joint: 0.00000e+00  loss: 2.09568e-01
2026-08-13 13:59:31.939 | INFO    | 		Epoch: 87  loss_vamb: 1.04867e-01  ab_vamb: 7.44106e-03  ce_vamb: 0.00000e+00  sse_vamb: 8.18677e-02  kld_vamb: 1.54857e-02  loss_labels: 7.10651e-03  ce_labels_labels: 1.32291e-03  kld_labels: 3.70151e+01  correct_labels_labels: 0.00000e+00  loss_joint: 1.00774e-01  ce_joint: 0.00000e+00  sse_joint: 1.82160e+01  ce_labels_joint: 2.82346e-03  kld_vamb_joint: 3.79555e+00  kld_labels_joint: 5.93286e+00  correct_labels_joint: 0.00000e+00  loss: 2.12747e-01
2026-08-13 13:59:32.484 | INFO    | 		Epoch: 88  loss_vamb: 1.01619e-01  ab_vamb: 5.26937e-03  ce_vamb: 0.00000e+00  sse_vamb: 8.07007e-02  kld_vamb: 1.55001e-02  loss_labels: 6.75136e-03  ce_labels_labels: 9.75410e-04  kld_labels: 3.69661e+01  correct_labels_labels: 0.00000e+00  loss_joint: 9.81662e-02  ce_joint: 0.00000e+00  sse_joint: 1.81262e+01  ce_labels_joint: 2.04267e-03  kld_vamb_joint: 3.79277e+00  kld_labels_joint: 5.93188e+00  correct_labels_joint: 0.00000e+00  loss: 2.06537e-01
2026-08-13 13:59:33.039 | INFO    | 		Epoch: 89  loss_vamb: 1.01943e-01  ab_vamb: 5.06464e-03  ce_vamb: 0.00000e+00  sse_vamb: 8.12783e-02  kld_vamb: 1.55179e-02  loss_labels: 7.02156e-03  ce_labels_labels: 1.25868e-03  kld_labels: 3.68824e+01  correct_labels_labels: 0.00000e+00  loss_joint: 9.80776e-02  ce_joint: 0.00000e+00  sse_joint: 1.81260e+01  ce_labels_joint: 2.27103e-03  kld_vamb_joint: 3.77693e+00  kld_labels_joint: 5.97058e+00  correct_labels_joint: 0.00000e+00  loss: 2.07042e-01
2026-08-13 13:59:33.572 | INFO    | 		Epoch: 90  loss_vamb: 1.01537e-01  ab_vamb: 5.12305e-03  ce_vamb: 0.00000e+00  sse_vamb: 8.08121e-02  kld_vamb: 1.54927e-02  loss_labels: 6.79715e-03  ce_labels_labels: 1.04995e-03  kld_labels: 3.67821e+01  correct_labels_labels: 0.00000e+00  loss_joint: 9.77942e-02  ce_joint: 0.00000e+00  sse_joint: 1.80119e+01  ce_labels_joint: 2.18846e-03  kld_vamb_joint: 3.75164e+00  kld_labels_joint: 5.95081e+00  correct_labels_joint: 0.00000e+00  loss: 2.06129e-01
2026-08-13 13:59:36.113 | INFO    | 		Epoch: 91  loss_vamb: 1.02253e-01  ab_vamb: 5.56056e-03  ce_vamb: 0.00000e+00  sse_vamb: 8.12650e-02  kld_vamb: 1.54724e-02  loss_labels: 7.40737e-03  ce_labels_labels: 1.63588e-03  kld_labels: 3.69375e+01  correct_labels_labels: 0.00000e+00  loss_joint: 9.93373e-02  ce_joint: 0.00000e+00  sse_joint: 1.81108e+01  ce_labels_joint: 3.11205e-03  kld_vamb_joint: 3.76270e+00  kld_labels_joint: 5.96636e+00  correct_labels_joint: 0.00000e+00  loss: 2.08997e-01
2026-08-13 13:59:36.757 | INFO    | 		Epoch: 92  loss_vamb: 1.02675e-01  ab_vamb: 6.40102e-03  ce_vamb: 0.00000e+00  sse_vamb: 8.09719e-02  kld_vamb: 1.53914e-02  loss_labels: 6.81558e-03  ce_labels_labels: 1.07161e-03  kld_labels: 3.67614e+01  correct_labels_labels: 0.00000e+00  loss_joint: 9.85423e-02  ce_joint: 0.00000e+00  sse_joint: 1.80083e+01  ce_labels_joint: 2.46532e-03  kld_vamb_joint: 3.78066e+00  kld_labels_joint: 5.99359e+00  correct_labels_joint: 0.00000e+00  loss: 2.08033e-01
2026-08-13 13:59:37.527 | INFO    | 		Epoch: 93  loss_vamb: 1.01537e-01  ab_vamb: 5.74503e-03  ce_vamb: 0.00000e+00  sse_vamb: 8.02775e-02  kld_vamb: 1.55030e-02  loss_labels: 6.73781e-03  ce_labels_labels: 9.64733e-04  kld_labels: 3.69477e+01  correct_labels_labels: 0.00000e+00  loss_joint: 9.81867e-02  ce_joint: 0.00000e+00  sse_joint: 1.78995e+01  ce_labels_joint: 2.61139e-03  kld_vamb_joint: 3.78293e+00  kld_labels_joint: 6.02094e+00  correct_labels_joint: 0.00000e+00  loss: 2.06461e-01
2026-08-13 13:59:38.043 | INFO    | 		Epoch: 94  loss_vamb: 1.02166e-01  ab_vamb: 5.76784e-03  ce_vamb: 0.00000e+00  sse_vamb: 8.07372e-02  kld_vamb: 1.54993e-02  loss_labels: 6.91030e-03  ce_labels_labels: 1.15587e-03  kld_labels: 3.68284e+01  correct_labels_labels: 0.00000e+00  loss_joint: 9.88585e-02  ce_joint: 0.00000e+00  sse_joint: 1.79821e+01  ce_labels_joint: 3.38469e-03  kld_vamb_joint: 3.77668e+00  kld_labels_joint: 6.03065e+00  correct_labels_joint: 0.00000e+00  loss: 2.07935e-01
2026-08-13 13:59:38.752 | INFO    | 		Epoch: 95  loss_vamb: 1.01036e-01  ab_vamb: 4.96481e-03  ce_vamb: 0.00000e+00  sse_vamb: 8.09037e-02  kld_vamb: 1.54759e-02  loss_labels: 6.85960e-03  ce_labels_labels: 1.12307e-03  kld_labels: 3.67138e+01  correct_labels_labels: 0.00000e+00  loss_joint: 9.82609e-02  ce_joint: 0.00000e+00  sse_joint: 1.79711e+01  ce_labels_joint: 3.52168e-03  kld_vamb_joint: 3.78839e+00  kld_labels_joint: 6.04909e+00  correct_labels_joint: 0.00000e+00  loss: 2.06156e-01
2026-08-13 13:59:39.213 | INFO    | 		Epoch: 96  loss_vamb: 1.03426e-01  ab_vamb: 7.01356e-03  ce_vamb: 0.00000e+00  sse_vamb: 8.10608e-02  kld_vamb: 1.55267e-02  loss_labels: 6.82016e-03  ce_labels_labels: 1.11519e-03  kld_labels: 3.65118e+01  correct_labels_labels: 0.00000e+00  loss_joint: 1.00337e-01  ce_joint: 0.00000e+00  sse_joint: 1.80108e+01  ce_labels_joint: 2.92907e-03  kld_vamb_joint: 3.79322e+00  kld_labels_joint: 6.08782e+00  correct_labels_joint: 0.00000e+00  loss: 2.10584e-01
2026-08-13 13:59:39.679 | INFO    | 		Epoch: 97  loss_vamb: 1.00897e-01  ab_vamb: 5.08343e-03  ce_vamb: 0.00000e+00  sse_vamb: 7.99049e-02  kld_vamb: 1.55814e-02  loss_labels: 6.90256e-03  ce_labels_labels: 1.23289e-03  kld_labels: 3.62859e+01  correct_labels_labels: 0.00000e+00  loss_joint: 9.69770e-02  ce_joint: 0.00000e+00  sse_joint: 1.78180e+01  ce_labels_joint: 2.01103e-03  kld_vamb_joint: 3.77691e+00  kld_labels_joint: 6.08533e+00  correct_labels_joint: 0.00000e+00  loss: 2.04776e-01
2026-08-13 13:59:40.238 | INFO    | 		Epoch: 98  loss_vamb: 1.01519e-01  ab_vamb: 5.73625e-03  ce_vamb: 0.00000e+00  sse_vamb: 8.02826e-02  kld_vamb: 1.55295e-02  loss_labels: 7.14866e-03  ce_labels_labels: 1.47868e-03  kld_labels: 3.62878e+01  correct_labels_labels: 0.00000e+00  loss_joint: 9.70749e-02  ce_joint: 0.00000e+00  sse_joint: 1.78467e+01  ce_labels_joint: 2.40601e-03  kld_vamb_joint: 3.78744e+00  kld_labels_joint: 6.10192e+00  correct_labels_joint: 0.00000e+00  loss: 2.05743e-01
2026-08-13 13:59:40.847 | INFO    | 		Epoch: 99  loss_vamb: 1.01546e-01  ab_vamb: 6.03467e-03  ce_vamb: 0.00000e+00  sse_vamb: 7.96701e-02  kld_vamb: 1.55836e-02  loss_labels: 6.86056e-03  ce_labels_labels: 1.17837e-03  kld_labels: 3.63661e+01  correct_labels_labels: 0.00000e+00  loss_joint: 9.77850e-02  ce_joint: 0.00000e+00  sse_joint: 1.77336e+01  ce_labels_joint: 2.38737e-03  kld_vamb_joint: 3.80334e+00  kld_labels_joint: 6.14067e+00  correct_labels_joint: 0.00000e+00  loss: 2.06191e-01
2026-08-13 13:59:41.505 | INFO    | 		Epoch: 100  loss_vamb: 1.00997e-01  ab_vamb: 5.25700e-03  ce_vamb: 0.00000e+00  sse_vamb: 8.02005e-02  kld_vamb: 1.55951e-02  loss_labels: 8.12854e-03  ce_labels_labels: 2.46147e-03  kld_labels: 3.62693e+01  correct_labels_labels: 0.00000e+00  loss_joint: 9.72036e-02  ce_joint: 0.00000e+00  sse_joint: 1.77590e+01  ce_labels_joint: 2.89436e-03  kld_vamb_joint: 3.79812e+00  kld_labels_joint: 6.12216e+00  correct_labels_joint: 0.00000e+00  loss: 2.06329e-01
2026-08-13 13:59:42.011 | INFO    | 		Epoch: 101  loss_vamb: 1.01655e-01  ab_vamb: 5.84577e-03  ce_vamb: 0.00000e+00  sse_vamb: 8.00875e-02  kld_vamb: 1.56659e-02  loss_labels: 7.03819e-03  ce_labels_labels: 1.30731e-03  kld_labels: 3.66776e+01  correct_labels_labels: 0.00000e+00  loss_joint: 9.76642e-02  ce_joint: 0.00000e+00  sse_joint: 1.78207e+01  ce_labels_joint: 2.68889e-03  kld_vamb_joint: 3.81579e+00  kld_labels_joint: 6.15226e+00  correct_labels_joint: 0.00000e+00  loss: 2.06357e-01
2026-08-13 13:59:42.579 | INFO    | 		Epoch: 102  loss_vamb: 1.01431e-01  ab_vamb: 5.31857e-03  ce_vamb: 0.00000e+00  sse_vamb: 8.07818e-02  kld_vamb: 1.55409e-02  loss_labels: 7.34065e-03  ce_labels_labels: 1.57026e-03  kld_labels: 3.69305e+01  correct_labels_labels: 0.00000e+00  loss_joint: 9.68079e-02  ce_joint: 0.00000e+00  sse_joint: 1.78847e+01  ce_labels_joint: 2.20572e-03  kld_vamb_joint: 3.82774e+00  kld_labels_joint: 6.12288e+00  correct_labels_joint: 0.00000e+00  loss: 2.05580e-01
2026-08-13 13:59:43.128 | INFO    | 		Epoch: 103  loss_vamb: 1.00596e-01  ab_vamb: 5.13743e-03  ce_vamb: 0.00000e+00  sse_vamb: 7.97007e-02  kld_vamb: 1.56563e-02  loss_labels: 6.99031e-03  ce_labels_labels: 1.17225e-03  kld_labels: 3.72356e+01  correct_labels_labels: 0.00000e+00  loss_joint: 9.61116e-02  ce_joint: 0.00000e+00  sse_joint: 1.77283e+01  ce_labels_joint: 2.45981e-03  kld_vamb_joint: 3.82185e+00  kld_labels_joint: 6.15727e+00  correct_labels_joint: 0.00000e+00  loss: 2.03698e-01
2026-08-13 13:59:43.662 | INFO    | 		Epoch: 104  loss_vamb: 1.00039e-01  ab_vamb: 5.35881e-03  ce_vamb: 0.00000e+00  sse_vamb: 7.89677e-02  kld_vamb: 1.56931e-02  loss_labels: 6.69812e-03  ce_labels_labels: 8.47926e-04  kld_labels: 3.74413e+01  correct_labels_labels: 0.00000e+00  loss_joint: 9.51687e-02  ce_joint: 0.00000e+00  sse_joint: 1.76298e+01  ce_labels_joint: 2.20791e-03  kld_vamb_joint: 3.80379e+00  kld_labels_joint: 6.13627e+00  correct_labels_joint: 0.00000e+00  loss: 2.01906e-01
2026-08-13 13:59:44.261 | INFO    | 		Epoch: 105  loss_vamb: 1.00855e-01  ab_vamb: 5.72558e-03  ce_vamb: 0.00000e+00  sse_vamb: 7.94654e-02  kld_vamb: 1.56998e-02  loss_labels: 6.90747e-03  ce_labels_labels: 1.01258e-03  kld_labels: 3.77273e+01  correct_labels_labels: 0.00000e+00  loss_joint: 9.60238e-02  ce_joint: 0.00000e+00  sse_joint: 1.76925e+01  ce_labels_joint: 2.18503e-03  kld_vamb_joint: 3.77737e+00  kld_labels_joint: 6.14168e+00  correct_labels_joint: 0.00000e+00  loss: 2.03786e-01
2026-08-13 13:59:44.778 | INFO    | 		Epoch: 106  loss_vamb: 1.00530e-01  ab_vamb: 5.46362e-03  ce_vamb: 0.00000e+00  sse_vamb: 7.93574e-02  kld_vamb: 1.56349e-02  loss_labels: 6.47420e-03  ce_labels_labels: 6.13896e-04  kld_labels: 3.75059e+01  correct_labels_labels: 0.00000e+00  loss_joint: 9.55986e-02  ce_joint: 0.00000e+00  sse_joint: 1.76171e+01  ce_labels_joint: 2.25912e-03  kld_vamb_joint: 3.78811e+00  kld_labels_joint: 6.18209e+00  correct_labels_joint: 0.00000e+00  loss: 2.02603e-01
2026-08-13 13:59:45.400 | INFO    | 		Epoch: 107  loss_vamb: 1.02635e-01  ab_vamb: 7.24559e-03  ce_vamb: 0.00000e+00  sse_vamb: 7.97946e-02  kld_vamb: 1.55995e-02  loss_labels: 7.92401e-03  ce_labels_labels: 2.09762e-03  kld_labels: 3.72889e+01  correct_labels_labels: 0.00000e+00  loss_joint: 9.76829e-02  ce_joint: 0.00000e+00  sse_joint: 1.77129e+01  ce_labels_joint: 2.32359e-03  kld_vamb_joint: 3.76523e+00  kld_labels_joint: 6.15396e+00  correct_labels_joint: 0.00000e+00  loss: 2.08242e-01
2026-08-13 13:59:45.924 | INFO    | 		Epoch: 108  loss_vamb: 1.00321e-01  ab_vamb: 5.97065e-03  ce_vamb: 0.00000e+00  sse_vamb: 7.84352e-02  kld_vamb: 1.58294e-02  loss_labels: 7.20617e-03  ce_labels_labels: 1.41449e-03  kld_labels: 3.70667e+01  correct_labels_labels: 0.00000e+00  loss_joint: 9.51422e-02  ce_joint: 0.00000e+00  sse_joint: 1.74389e+01  ce_labels_joint: 2.88217e-03  kld_vamb_joint: 3.74905e+00  kld_labels_joint: 6.19663e+00  correct_labels_joint: 0.00000e+00  loss: 2.02669e-01
2026-08-13 13:59:46.437 | INFO    | 		Epoch: 109  loss_vamb: 1.02239e-01  ab_vamb: 7.03676e-03  ce_vamb: 0.00000e+00  sse_vamb: 7.95862e-02  kld_vamb: 1.57568e-02  loss_labels: 7.53816e-03  ce_labels_labels: 1.67263e-03  kld_labels: 3.75394e+01  correct_labels_labels: 0.00000e+00  loss_joint: 9.76533e-02  ce_joint: 0.00000e+00  sse_joint: 1.76124e+01  ce_labels_joint: 2.70888e-03  kld_vamb_joint: 3.75298e+00  kld_labels_joint: 6.18870e+00  correct_labels_joint: 0.00000e+00  loss: 2.07430e-01
2026-08-13 13:59:46.896 | INFO    | 		Epoch: 110  loss_vamb: 1.00564e-01  ab_vamb: 5.46982e-03  ce_vamb: 0.00000e+00  sse_vamb: 7.95272e-02  kld_vamb: 1.57511e-02  loss_labels: 6.80417e-03  ce_labels_labels: 9.07436e-04  kld_labels: 3.77391e+01  correct_labels_labels: 0.00000e+00  loss_joint: 9.57417e-02  ce_joint: 0.00000e+00  sse_joint: 1.76619e+01  ce_labels_joint: 2.00268e-03  kld_vamb_joint: 3.76327e+00  kld_labels_joint: 6.17755e+00  correct_labels_joint: 0.00000e+00  loss: 2.03110e-01
2026-08-13 13:59:47.379 | INFO    | 		Epoch: 111  loss_vamb: 9.96063e-02  ab_vamb: 5.15248e-03  ce_vamb: 0.00000e+00  sse_vamb: 7.86983e-02  kld_vamb: 1.58127e-02  loss_labels: 7.37070e-03  ce_labels_labels: 1.43175e-03  kld_labels: 3.80093e+01  correct_labels_labels: 0.00000e+00  loss_joint: 9.56824e-02  ce_joint: 0.00000e+00  sse_joint: 1.74819e+01  ce_labels_joint: 3.07083e-03  kld_vamb_joint: 3.75238e+00  kld_labels_joint: 6.19265e+00  correct_labels_joint: 0.00000e+00  loss: 2.02659e-01
2026-08-13 13:59:47.969 | INFO    | 		Epoch: 112  loss_vamb: 9.97005e-02  ab_vamb: 5.38758e-03  ce_vamb: 0.00000e+00  sse_vamb: 7.83822e-02  kld_vamb: 1.57890e-02  loss_labels: 7.08183e-03  ce_labels_labels: 1.13990e-03  kld_labels: 3.80284e+01  correct_labels_labels: 0.00000e+00  loss_joint: 9.48777e-02  ce_joint: 0.00000e+00  sse_joint: 1.75188e+01  ce_labels_joint: 2.16310e-03  kld_vamb_joint: 3.75767e+00  kld_labels_joint: 6.20056e+00  correct_labels_joint: 0.00000e+00  loss: 2.01660e-01
2026-08-13 13:59:48.479 | INFO    | 		Epoch: 113  loss_vamb: 9.96805e-02  ab_vamb: 5.27312e-03  ce_vamb: 0.00000e+00  sse_vamb: 7.90506e-02  kld_vamb: 1.57730e-02  loss_labels: 7.00196e-03  ce_labels_labels: 1.10706e-03  kld_labels: 3.77274e+01  correct_labels_labels: 0.00000e+00  loss_joint: 9.66344e-02  ce_joint: 0.00000e+00  sse_joint: 1.75445e+01  ce_labels_joint: 4.04315e-03  kld_vamb_joint: 3.78718e+00  kld_labels_joint: 6.22381e+00  correct_labels_joint: 0.00000e+00  loss: 2.03317e-01
2026-08-13 13:59:49.039 | INFO    | 		Epoch: 114  loss_vamb: 1.00201e-01  ab_vamb: 6.40048e-03  ce_vamb: 0.00000e+00  sse_vamb: 7.82893e-02  kld_vamb: 1.58515e-02  loss_labels: 6.90611e-03  ce_labels_labels: 1.03152e-03  kld_labels: 3.75974e+01  correct_labels_labels: 0.00000e+00  loss_joint: 9.50907e-02  ce_joint: 0.00000e+00  sse_joint: 1.74702e+01  ce_labels_joint: 2.06156e-03  kld_vamb_joint: 3.78773e+00  kld_labels_joint: 6.27040e+00  correct_labels_joint: 0.00000e+00  loss: 2.02198e-01
2026-08-13 13:59:49.633 | INFO    | 		Epoch: 115  loss_vamb: 9.95272e-02  ab_vamb: 5.32370e-03  ce_vamb: 0.00000e+00  sse_vamb: 7.84391e-02  kld_vamb: 1.58881e-02  loss_labels: 6.57707e-03  ce_labels_labels: 7.52391e-04  kld_labels: 3.72779e+01  correct_labels_labels: 0.00000e+00  loss_joint: 9.43242e-02  ce_joint: 0.00000e+00  sse_joint: 1.73675e+01  ce_labels_joint: 2.18614e-03  kld_vamb_joint: 3.76787e+00  kld_labels_joint: 6.27018e+00  correct_labels_joint: 0.00000e+00  loss: 2.00428e-01
2026-08-13 13:59:50.159 | INFO    | 		Epoch: 116  loss_vamb: 9.95082e-02  ab_vamb: 5.50752e-03  ce_vamb: 0.00000e+00  sse_vamb: 7.84060e-02  kld_vamb: 1.58082e-02  loss_labels: 6.50250e-03  ce_labels_labels: 7.60680e-04  kld_labels: 3.67476e+01  correct_labels_labels: 0.00000e+00  loss_joint: 9.45271e-02  ce_joint: 0.00000e+00  sse_joint: 1.74198e+01  ce_labels_joint: 2.37491e-03  kld_vamb_joint: 3.78115e+00  kld_labels_joint: 6.28481e+00  correct_labels_joint: 0.00000e+00  loss: 2.00538e-01
2026-08-13 13:59:50.766 | INFO    | 		Epoch: 117  loss_vamb: 9.85825e-02  ab_vamb: 4.97401e-03  ce_vamb: 0.00000e+00  sse_vamb: 7.75138e-02  kld_vamb: 1.59131e-02  loss_labels: 7.35553e-03  ce_labels_labels: 1.65975e-03  kld_labels: 3.64529e+01  correct_labels_labels: 0.00000e+00  loss_joint: 9.35302e-02  ce_joint: 0.00000e+00  sse_joint: 1.72393e+01  ce_labels_joint: 2.03358e-03  kld_vamb_joint: 3.77115e+00  kld_labels_joint: 6.31070e+00  correct_labels_joint: 0.00000e+00  loss: 1.99468e-01
2026-08-13 13:59:51.314 | INFO    | 		Epoch: 118  loss_vamb: 1.00405e-01  ab_vamb: 6.32846e-03  ce_vamb: 0.00000e+00  sse_vamb: 7.82642e-02  kld_vamb: 1.59196e-02  loss_labels: 6.53545e-03  ce_labels_labels: 8.81659e-04  kld_labels: 3.61843e+01  correct_labels_labels: 0.00000e+00  loss_joint: 9.63711e-02  ce_joint: 0.00000e+00  sse_joint: 1.74234e+01  ce_labels_joint: 3.50694e-03  kld_vamb_joint: 3.73303e+00  kld_labels_joint: 6.29738e+00  correct_labels_joint: 0.00000e+00  loss: 2.03312e-01
2026-08-13 13:59:51.765 | INFO    | 		Epoch: 119  loss_vamb: 9.92453e-02  ab_vamb: 5.38464e-03  ce_vamb: 0.00000e+00  sse_vamb: 7.79396e-02  kld_vamb: 1.59329e-02  loss_labels: 6.52540e-03  ce_labels_labels: 9.11909e-04  kld_labels: 3.59263e+01  correct_labels_labels: 0.00000e+00  loss_joint: 9.43852e-02  ce_joint: 0.00000e+00  sse_joint: 1.72905e+01  ce_labels_joint: 2.58688e-03  kld_vamb_joint: 3.75115e+00  kld_labels_joint: 6.32234e+00  correct_labels_joint: 0.00000e+00  loss: 2.00156e-01
2026-08-13 13:59:52.320 | INFO    | 		Epoch: 120  loss_vamb: 9.91222e-02  ab_vamb: 5.19459e-03  ce_vamb: 0.00000e+00  sse_vamb: 7.79574e-02  kld_vamb: 1.59231e-02  loss_labels: 6.49712e-03  ce_labels_labels: 8.91017e-04  kld_labels: 3.58791e+01  correct_labels_labels: 0.00000e+00  loss_joint: 9.40873e-02  ce_joint: 0.00000e+00  sse_joint: 1.73063e+01  ce_labels_joint: 2.20348e-03  kld_vamb_joint: 3.77339e+00  kld_labels_joint: 6.37481e+00  correct_labels_joint: 0.00000e+00  loss: 1.99707e-01
2026-08-13 13:59:52.894 | INFO    | 		Epoch: 121  loss_vamb: 9.94071e-02  ab_vamb: 5.38452e-03  ce_vamb: 0.00000e+00  sse_vamb: 7.80772e-02  kld_vamb: 1.58613e-02  loss_labels: 7.30407e-03  ce_labels_labels: 1.72280e-03  kld_labels: 3.57201e+01  correct_labels_labels: 0.00000e+00  loss_joint: 9.36642e-02  ce_joint: 0.00000e+00  sse_joint: 1.72546e+01  ce_labels_joint: 2.10534e-03  kld_vamb_joint: 3.75155e+00  kld_labels_joint: 6.36146e+00  correct_labels_joint: 0.00000e+00  loss: 2.00375e-01
2026-08-13 13:59:53.371 | INFO    | 		Epoch: 122  loss_vamb: 9.87361e-02  ab_vamb: 5.31367e-03  ce_vamb: 0.00000e+00  sse_vamb: 7.73583e-02  kld_vamb: 1.58714e-02  loss_labels: 6.25681e-03  ce_labels_labels: 7.35876e-04  kld_labels: 3.53340e+01  correct_labels_labels: 0.00000e+00  loss_joint: 9.37971e-02  ce_joint: 0.00000e+00  sse_joint: 1.71641e+01  ce_labels_joint: 2.44745e-03  kld_vamb_joint: 3.76788e+00  kld_labels_joint: 6.40657e+00  correct_labels_joint: 0.00000e+00  loss: 1.98790e-01
2026-08-13 13:59:53.987 | INFO    | 		Epoch: 123  loss_vamb: 9.91301e-02  ab_vamb: 5.07600e-03  ce_vamb: 0.00000e+00  sse_vamb: 7.79352e-02  kld_vamb: 1.59982e-02  loss_labels: 6.29796e-03  ce_labels_labels: 8.37688e-04  kld_labels: 3.49458e+01  correct_labels_labels: 0.00000e+00  loss_joint: 9.31515e-02  ce_joint: 0.00000e+00  sse_joint: 1.72417e+01  ce_labels_joint: 2.06273e-03  kld_vamb_joint: 3.73368e+00  kld_labels_joint: 6.42448e+00  correct_labels_joint: 0.00000e+00  loss: 1.98580e-01
2026-08-13 13:59:54.441 | INFO    | 		Epoch: 124  loss_vamb: 9.91939e-02  ab_vamb: 5.73620e-03  ce_vamb: 0.00000e+00  sse_vamb: 7.74501e-02  kld_vamb: 1.60948e-02  loss_labels: 6.55881e-03  ce_labels_labels: 1.13090e-03  kld_labels: 3.47386e+01  correct_labels_labels: 0.00000e+00  loss_joint: 9.35069e-02  ce_joint: 0.00000e+00  sse_joint: 1.72340e+01  ce_labels_joint: 2.19932e-03  kld_vamb_joint: 3.73507e+00  kld_labels_joint: 6.43529e+00  correct_labels_joint: 0.00000e+00  loss: 1.99260e-01
2026-08-13 13:59:54.912 | INFO    | 		Epoch: 125  loss_vamb: 9.84984e-02  ab_vamb: 5.53496e-03  ce_vamb: 0.00000e+00  sse_vamb: 7.70385e-02  kld_vamb: 1.61034e-02  loss_labels: 7.90431e-03  ce_labels_labels: 2.54010e-03  kld_labels: 3.43309e+01  correct_labels_labels: 0.00000e+00  loss_joint: 9.30223e-02  ce_joint: 0.00000e+00  sse_joint: 1.71358e+01  ce_labels_joint: 2.20725e-03  kld_vamb_joint: 3.73528e+00  kld_labels_joint: 6.48991e+00  correct_labels_joint: 0.00000e+00  loss: 1.99425e-01
2026-08-13 13:59:55.376 | INFO    | 		Epoch: 126  loss_vamb: 9.93601e-02  ab_vamb: 5.57149e-03  ce_vamb: 0.00000e+00  sse_vamb: 7.79790e-02  kld_vamb: 1.59865e-02  loss_labels: 7.57072e-03  ce_labels_labels: 2.14081e-03  kld_labels: 3.47515e+01  correct_labels_labels: 0.00000e+00  loss_joint: 9.45571e-02  ce_joint: 0.00000e+00  sse_joint: 1.72420e+01  ce_labels_joint: 2.64458e-03  kld_vamb_joint: 3.74998e+00  kld_labels_joint: 6.47191e+00  correct_labels_joint: 0.00000e+00  loss: 2.01488e-01
2026-08-13 13:59:56.188 | INFO    | 		Epoch: 127  loss_vamb: 9.88239e-02  ab_vamb: 5.75931e-03  ce_vamb: 0.00000e+00  sse_vamb: 7.70608e-02  kld_vamb: 1.60007e-02  loss_labels: 6.38436e-03  ce_labels_labels: 8.82849e-04  kld_labels: 3.52097e+01  correct_labels_labels: 0.00000e+00  loss_joint: 9.54443e-02  ce_joint: 0.00000e+00  sse_joint: 1.72266e+01  ce_labels_joint: 3.23106e-03  kld_vamb_joint: 3.73353e+00  kld_labels_joint: 6.46533e+00  correct_labels_joint: 0.00000e+00  loss: 2.00653e-01
2026-08-13 13:59:56.658 | INFO    | 		Epoch: 128  loss_vamb: 9.75685e-02  ab_vamb: 4.86298e-03  ce_vamb: 0.00000e+00  sse_vamb: 7.68012e-02  kld_vamb: 1.60001e-02  loss_labels: 6.38452e-03  ce_labels_labels: 8.05216e-04  kld_labels: 3.57076e+01  correct_labels_labels: 0.00000e+00  loss_joint: 9.22980e-02  ce_joint: 0.00000e+00  sse_joint: 1.70466e+01  ce_labels_joint: 2.19693e-03  kld_vamb_joint: 3.74114e+00  kld_labels_joint: 6.46400e+00  correct_labels_joint: 0.00000e+00  loss: 1.96251e-01
2026-08-13 13:59:57.294 | INFO    | 		Epoch: 129  loss_vamb: 9.80051e-02  ab_vamb: 4.90871e-03  ce_vamb: 0.00000e+00  sse_vamb: 7.70700e-02  kld_vamb: 1.60077e-02  loss_labels: 6.24582e-03  ce_labels_labels: 6.57650e-04  kld_labels: 3.57643e+01  correct_labels_labels: 0.00000e+00  loss_joint: 9.19415e-02  ce_joint: 0.00000e+00  sse_joint: 1.69800e+01  ce_labels_joint: 2.18953e-03  kld_vamb_joint: 3.74006e+00  kld_labels_joint: 6.47990e+00  correct_labels_joint: 0.00000e+00  loss: 1.96192e-01
2026-08-13 13:59:58.152 | INFO    | 		Epoch: 130  loss_vamb: 9.77979e-02  ab_vamb: 5.15548e-03  ce_vamb: 0.00000e+00  sse_vamb: 7.66669e-02  kld_vamb: 1.59267e-02  loss_labels: 6.49533e-03  ce_labels_labels: 9.11466e-04  kld_labels: 3.57368e+01  correct_labels_labels: 0.00000e+00  loss_joint: 9.26073e-02  ce_joint: 0.00000e+00  sse_joint: 1.70782e+01  ce_labels_joint: 1.88300e-03  kld_vamb_joint: 3.72434e+00  kld_labels_joint: 6.45175e+00  correct_labels_joint: 0.00000e+00  loss: 1.96901e-01
2026-08-13 13:59:58.690 | INFO    | 		Epoch: 131  loss_vamb: 9.93424e-02  ab_vamb: 6.57214e-03  ce_vamb: 0.00000e+00  sse_vamb: 7.67134e-02  kld_vamb: 1.60456e-02  loss_labels: 6.58086e-03  ce_labels_labels: 1.00739e-03  kld_labels: 3.56702e+01  correct_labels_labels: 0.00000e+00  loss_joint: 9.33224e-02  ce_joint: 0.00000e+00  sse_joint: 1.70193e+01  ce_labels_joint: 2.01856e-03  kld_vamb_joint: 3.70093e+00  kld_labels_joint: 6.47285e+00  correct_labels_joint: 0.00000e+00  loss: 1.99246e-01
2026-08-13 13:59:59.176 | INFO    | 		Epoch: 132  loss_vamb: 9.84727e-02  ab_vamb: 5.45905e-03  ce_vamb: 0.00000e+00  sse_vamb: 7.72439e-02  kld_vamb: 1.60020e-02  loss_labels: 6.79100e-03  ce_labels_labels: 1.25702e-03  kld_labels: 3.54174e+01  correct_labels_labels: 0.00000e+00  loss_joint: 9.31069e-02  ce_joint: 0.00000e+00  sse_joint: 1.71644e+01  ce_labels_joint: 2.29226e-03  kld_vamb_joint: 3.71580e+00  kld_labels_joint: 6.49471e+00  correct_labels_joint: 0.00000e+00  loss: 1.98371e-01
2026-08-13 13:59:59.701 | INFO    | 		Epoch: 133  loss_vamb: 9.82101e-02  ab_vamb: 5.13565e-03  ce_vamb: 0.00000e+00  sse_vamb: 7.71582e-02  kld_vamb: 1.60749e-02  loss_labels: 6.97037e-03  ce_labels_labels: 1.46534e-03  kld_labels: 3.52322e+01  correct_labels_labels: 0.00000e+00  loss_joint: 9.26601e-02  ce_joint: 0.00000e+00  sse_joint: 1.71338e+01  ce_labels_joint: 2.34179e-03  kld_vamb_joint: 3.73366e+00  kld_labels_joint: 6.52907e+00  correct_labels_joint: 0.00000e+00  loss: 1.97841e-01
2026-08-13 14:00:00.326 | INFO    | 		Epoch: 134  loss_vamb: 9.79369e-02  ab_vamb: 5.47117e-03  ce_vamb: 0.00000e+00  sse_vamb: 7.63867e-02  kld_vamb: 1.60950e-02  loss_labels: 6.80242e-03  ce_labels_labels: 1.33037e-03  kld_labels: 3.50211e+01  correct_labels_labels: 0.00000e+00  loss_joint: 9.28334e-02  ce_joint: 0.00000e+00  sse_joint: 1.69127e+01  ce_labels_joint: 2.95071e-03  kld_vamb_joint: 3.71355e+00  kld_labels_joint: 6.52747e+00  correct_labels_joint: 0.00000e+00  loss: 1.97573e-01
2026-08-13 14:00:00.887 | INFO    | 		Epoch: 135  loss_vamb: 9.72922e-02  ab_vamb: 4.78895e-03  ce_vamb: 0.00000e+00  sse_vamb: 7.61451e-02  kld_vamb: 1.61513e-02  loss_labels: 6.96995e-03  ce_labels_labels: 1.52276e-03  kld_labels: 3.48620e+01  correct_labels_labels: 0.00000e+00  loss_joint: 9.12536e-02  ce_joint: 0.00000e+00  sse_joint: 1.68411e+01  ce_labels_joint: 2.24801e-03  kld_vamb_joint: 3.72039e+00  kld_labels_joint: 6.58453e+00  correct_labels_joint: 0.00000e+00  loss: 1.95516e-01
2026-08-13 14:00:01.469 | INFO    | 		Epoch: 136  loss_vamb: 9.77712e-02  ab_vamb: 5.29610e-03  ce_vamb: 0.00000e+00  sse_vamb: 7.64513e-02  kld_vamb: 1.61461e-02  loss_labels: 6.92210e-03  ce_labels_labels: 1.50108e-03  kld_labels: 3.46945e+01  correct_labels_labels: 0.00000e+00  loss_joint: 9.26215e-02  ce_joint: 0.00000e+00  sse_joint: 1.69022e+01  ce_labels_joint: 2.53375e-03  kld_vamb_joint: 3.75132e+00  kld_labels_joint: 6.59969e+00  correct_labels_joint: 0.00000e+00  loss: 1.97315e-01
2026-08-13 14:00:01.912 | INFO    | 		Epoch: 137  loss_vamb: 9.71107e-02  ab_vamb: 4.73432e-03  ce_vamb: 0.00000e+00  sse_vamb: 7.63000e-02  kld_vamb: 1.60995e-02  loss_labels: 7.77721e-03  ce_labels_labels: 2.32650e-03  kld_labels: 3.48845e+01  correct_labels_labels: 0.00000e+00  loss_joint: 9.14076e-02  ce_joint: 0.00000e+00  sse_joint: 1.69454e+01  ce_labels_joint: 1.87367e-03  kld_vamb_joint: 3.74675e+00  kld_labels_joint: 6.55709e+00  correct_labels_joint: 0.00000e+00  loss: 1.96296e-01
2026-08-13 14:00:02.514 | INFO    | 		Epoch: 138  loss_vamb: 9.68380e-02  ab_vamb: 5.04439e-03  ce_vamb: 0.00000e+00  sse_vamb: 7.56413e-02  kld_vamb: 1.61087e-02  loss_labels: 6.49034e-03  ce_labels_labels: 1.00719e-03  kld_labels: 3.50922e+01  correct_labels_labels: 0.00000e+00  loss_joint: 9.07502e-02  ce_joint: 0.00000e+00  sse_joint: 1.68021e+01  ce_labels_joint: 1.67260e-03  kld_vamb_joint: 3.76790e+00  kld_labels_joint: 6.59498e+00  correct_labels_joint: 0.00000e+00  loss: 1.94079e-01
2026-08-13 14:00:02.999 | INFO    | 		Epoch: 139  loss_vamb: 9.61579e-02  ab_vamb: 4.56235e-03  ce_vamb: 0.00000e+00  sse_vamb: 7.54949e-02  kld_vamb: 1.61101e-02  loss_labels: 6.72361e-03  ce_labels_labels: 1.18917e-03  kld_labels: 3.54204e+01  correct_labels_labels: 0.00000e+00  loss_joint: 9.05002e-02  ce_joint: 0.00000e+00  sse_joint: 1.67832e+01  ce_labels_joint: 2.07085e-03  kld_vamb_joint: 3.76456e+00  kld_labels_joint: 6.59119e+00  correct_labels_joint: 0.00000e+00  loss: 1.93382e-01
2026-08-13 14:00:03.463 | INFO    | 		Epoch: 140  loss_vamb: 9.70033e-02  ab_vamb: 4.78294e-03  ce_vamb: 0.00000e+00  sse_vamb: 7.62852e-02  kld_vamb: 1.61277e-02  loss_labels: 6.91146e-03  ce_labels_labels: 1.35776e-03  kld_labels: 3.55437e+01  correct_labels_labels: 0.00000e+00  loss_joint: 9.07861e-02  ce_joint: 0.00000e+00  sse_joint: 1.68313e+01  ce_labels_joint: 1.56719e-03  kld_vamb_joint: 3.76468e+00  kld_labels_joint: 6.60387e+00  correct_labels_joint: 0.00000e+00  loss: 1.94701e-01
2026-08-13 14:00:03.988 | INFO    | 		Epoch: 141  loss_vamb: 9.74895e-02  ab_vamb: 5.55040e-03  ce_vamb: 0.00000e+00  sse_vamb: 7.57278e-02  kld_vamb: 1.61464e-02  loss_labels: 6.78433e-03  ce_labels_labels: 1.19421e-03  kld_labels: 3.57768e+01  correct_labels_labels: 0.00000e+00  loss_joint: 9.07060e-02  ce_joint: 0.00000e+00  sse_joint: 1.67459e+01  ce_labels_joint: 1.76319e-03  kld_vamb_joint: 3.74116e+00  kld_labels_joint: 6.59291e+00  correct_labels_joint: 0.00000e+00  loss: 1.94980e-01
2026-08-13 14:00:04.542 | INFO    | 		Epoch: 142  loss_vamb: 9.67597e-02  ab_vamb: 5.07303e-03  ce_vamb: 0.00000e+00  sse_vamb: 7.53681e-02  kld_vamb: 1.61295e-02  loss_labels: 6.84460e-03  ce_labels_labels: 1.21221e-03  kld_labels: 3.60473e+01  correct_labels_labels: 0.00000e+00  loss_joint: 9.10549e-02  ce_joint: 0.00000e+00  sse_joint: 1.66873e+01  ce_labels_joint: 2.25845e-03  kld_vamb_joint: 3.77221e+00  kld_labels_joint: 6.62522e+00  correct_labels_joint: 0.00000e+00  loss: 1.94659e-01
2026-08-13 14:00:05.103 | INFO    | 		Epoch: 143  loss_vamb: 9.67966e-02  ab_vamb: 5.00679e-03  ce_vamb: 0.00000e+00  sse_vamb: 7.56388e-02  kld_vamb: 1.62037e-02  loss_labels: 6.27737e-03  ce_labels_labels: 6.02268e-04  kld_labels: 3.63206e+01  correct_labels_labels: 0.00000e+00  loss_joint: 9.05473e-02  ce_joint: 0.00000e+00  sse_joint: 1.67129e+01  ce_labels_joint: 2.01810e-03  kld_vamb_joint: 3.74546e+00  kld_labels_joint: 6.61745e+00  correct_labels_joint: 0.00000e+00  loss: 1.93621e-01
2026-08-13 14:00:05.743 | INFO    | 		Epoch: 144  loss_vamb: 9.60503e-02  ab_vamb: 4.93060e-03  ce_vamb: 0.00000e+00  sse_vamb: 7.49088e-02  kld_vamb: 1.61700e-02  loss_labels: 6.49801e-03  ce_labels_labels: 8.00337e-04  kld_labels: 3.64651e+01  correct_labels_labels: 0.00000e+00  loss_joint: 9.13221e-02  ce_joint: 0.00000e+00  sse_joint: 1.66553e+01  ce_labels_joint: 2.93566e-03  kld_vamb_joint: 3.76229e+00  kld_labels_joint: 6.63425e+00  correct_labels_joint: 0.00000e+00  loss: 1.93870e-01
2026-08-13 14:00:06.349 | INFO    | 		Epoch: 145  loss_vamb: 9.65625e-02  ab_vamb: 5.47544e-03  ce_vamb: 0.00000e+00  sse_vamb: 7.49302e-02  kld_vamb: 1.61506e-02  loss_labels: 6.58448e-03  ce_labels_labels: 8.99125e-04  kld_labels: 3.63863e+01  correct_labels_labels: 0.00000e+00  loss_joint: 9.01451e-02  ce_joint: 0.00000e+00  sse_joint: 1.65697e+01  ce_labels_joint: 1.83098e-03  kld_vamb_joint: 3.76104e+00  kld_labels_joint: 6.64595e+00  correct_labels_joint: 0.00000e+00  loss: 1.93292e-01
2026-08-13 14:00:07.043 | INFO    | 		Epoch: 146  loss_vamb: 9.74172e-02  ab_vamb: 5.83746e-03  ce_vamb: 0.00000e+00  sse_vamb: 7.54670e-02  kld_vamb: 1.62410e-02  loss_labels: 8.03107e-03  ce_labels_labels: 2.34551e-03  kld_labels: 3.63876e+01  correct_labels_labels: 0.00000e+00  loss_joint: 9.06404e-02  ce_joint: 0.00000e+00  sse_joint: 1.66086e+01  ce_labels_joint: 1.92181e-03  kld_vamb_joint: 3.73714e+00  kld_labels_joint: 6.66871e+00  correct_labels_joint: 0.00000e+00  loss: 1.96089e-01
2026-08-13 14:00:07.802 | INFO    | 		Epoch: 147  loss_vamb: 9.66766e-02  ab_vamb: 5.35123e-03  ce_vamb: 0.00000e+00  sse_vamb: 7.50693e-02  kld_vamb: 1.62144e-02  loss_labels: 6.90817e-03  ce_labels_labels: 1.19634e-03  kld_labels: 3.65557e+01  correct_labels_labels: 0.00000e+00  loss_joint: 8.97693e-02  ce_joint: 0.00000e+00  sse_joint: 1.65768e+01  ce_labels_joint: 2.02500e-03  kld_vamb_joint: 3.73531e+00  kld_labels_joint: 6.66703e+00  correct_labels_joint: 0.00000e+00  loss: 1.93354e-01
2026-08-13 14:00:08.485 | INFO    | 		Epoch: 148  loss_vamb: 9.82406e-02  ab_vamb: 6.99333e-03  ce_vamb: 0.00000e+00  sse_vamb: 7.49381e-02  kld_vamb: 1.62342e-02  loss_labels: 6.72802e-03  ce_labels_labels: 9.88504e-04  kld_labels: 3.67329e+01  correct_labels_labels: 0.00000e+00  loss_joint: 9.10486e-02  ce_joint: 0.00000e+00  sse_joint: 1.65354e+01  ce_labels_joint: 2.03479e-03  kld_vamb_joint: 3.73294e+00  kld_labels_joint: 6.67738e+00  correct_labels_joint: 0.00000e+00  loss: 1.96017e-01
2026-08-13 14:00:09.063 | INFO    | 		Epoch: 149  loss_vamb: 9.73747e-02  ab_vamb: 5.96644e-03  ce_vamb: 0.00000e+00  sse_vamb: 7.50027e-02  kld_vamb: 1.62582e-02  loss_labels: 6.78545e-03  ce_labels_labels: 1.03293e-03  kld_labels: 3.68161e+01  correct_labels_labels: 0.00000e+00  loss_joint: 9.05018e-02  ce_joint: 0.00000e+00  sse_joint: 1.65726e+01  ce_labels_joint: 2.25343e-03  kld_vamb_joint: 3.72405e+00  kld_labels_joint: 6.68141e+00  correct_labels_joint: 0.00000e+00  loss: 1.94662e-01
2026-08-13 14:00:09.521 | INFO    | 		Epoch: 150  loss_vamb: 9.55804e-02  ab_vamb: 4.65105e-03  ce_vamb: 0.00000e+00  sse_vamb: 7.49198e-02  kld_vamb: 1.63013e-02  loss_labels: 6.47522e-03  ce_labels_labels: 7.48248e-04  kld_labels: 3.66526e+01  correct_labels_labels: 0.00000e+00  loss_joint: 8.91198e-02  ce_joint: 0.00000e+00  sse_joint: 1.65353e+01  ce_labels_joint: 1.99689e-03  kld_vamb_joint: 3.73063e+00  kld_labels_joint: 6.71259e+00  correct_labels_joint: 0.00000e+00  loss: 1.91175e-01
2026-08-13 14:00:10.104 | INFO    | 		Epoch: 151  loss_vamb: 9.67217e-02  ab_vamb: 5.85461e-03  ce_vamb: 0.00000e+00  sse_vamb: 7.48081e-02  kld_vamb: 1.63574e-02  loss_labels: 6.95159e-03  ce_labels_labels: 1.19988e-03  kld_labels: 3.68109e+01  correct_labels_labels: 0.00000e+00  loss_joint: 8.89178e-02  ce_joint: 0.00000e+00  sse_joint: 1.65477e+01  ce_labels_joint: 1.60639e-03  kld_vamb_joint: 3.73736e+00  kld_labels_joint: 6.71456e+00  correct_labels_joint: 0.00000e+00  loss: 1.92591e-01
2026-08-13 14:00:10.584 | INFO    | 		Epoch: 152  loss_vamb: 9.59627e-02  ab_vamb: 5.54888e-03  ce_vamb: 0.00000e+00  sse_vamb: 7.41741e-02  kld_vamb: 1.63048e-02  loss_labels: 6.61873e-03  ce_labels_labels: 9.00356e-04  kld_labels: 3.65976e+01  correct_labels_labels: 0.00000e+00  loss_joint: 8.80515e-02  ce_joint: 0.00000e+00  sse_joint: 1.63662e+01  ce_labels_joint: 1.54133e-03  kld_vamb_joint: 3.73562e+00  kld_labels_joint: 6.70477e+00  correct_labels_joint: 0.00000e+00  loss: 1.90633e-01
2026-08-13 14:00:11.113 | INFO    | 		Epoch: 153  loss_vamb: 9.55470e-02  ab_vamb: 4.51895e-03  ce_vamb: 0.00000e+00  sse_vamb: 7.44829e-02  kld_vamb: 1.63396e-02  loss_labels: 6.30327e-03  ce_labels_labels: 6.01810e-04  kld_labels: 3.64893e+01  correct_labels_labels: 0.00000e+00  loss_joint: 9.02691e-02  ce_joint: 0.00000e+00  sse_joint: 1.65490e+01  ce_labels_joint: 2.20286e-03  kld_vamb_joint: 3.72464e+00  kld_labels_joint: 6.71082e+00  correct_labels_joint: 0.00000e+00  loss: 1.92119e-01
2026-08-13 14:00:11.527 | INFO    | 		Epoch: 154  loss_vamb: 9.66124e-02  ab_vamb: 5.60024e-03  ce_vamb: 0.00000e+00  sse_vamb: 7.50337e-02  kld_vamb: 1.63811e-02  loss_labels: 6.34263e-03  ce_labels_labels: 6.50171e-04  kld_labels: 3.64317e+01  correct_labels_labels: 0.00000e+00  loss_joint: 8.95222e-02  ce_joint: 0.00000e+00  sse_joint: 1.66057e+01  ce_labels_joint: 1.64453e-03  kld_vamb_joint: 3.75374e+00  kld_labels_joint: 6.77415e+00  correct_labels_joint: 0.00000e+00  loss: 1.92477e-01
2026-08-13 14:00:11.956 | INFO    | 		Epoch: 155  loss_vamb: 9.63349e-02  ab_vamb: 5.52828e-03  ce_vamb: 0.00000e+00  sse_vamb: 7.45037e-02  kld_vamb: 1.63938e-02  loss_labels: 6.48466e-03  ce_labels_labels: 8.48421e-04  kld_labels: 3.60719e+01  correct_labels_labels: 0.00000e+00  loss_joint: 8.88538e-02  ce_joint: 0.00000e+00  sse_joint: 1.64277e+01  ce_labels_joint: 1.75825e-03  kld_vamb_joint: 3.72640e+00  kld_labels_joint: 6.75995e+00  correct_labels_joint: 0.00000e+00  loss: 1.91673e-01
2026-08-13 14:00:12.580 | INFO    | 		Epoch: 156  loss_vamb: 9.57376e-02  ab_vamb: 5.40591e-03  ce_vamb: 0.00000e+00  sse_vamb: 7.31171e-02  kld_vamb: 1.63991e-02  loss_labels: 8.21103e-03  ce_labels_labels: 2.55645e-03  kld_labels: 3.61893e+01  correct_labels_labels: 0.00000e+00  loss_joint: 8.89628e-02  ce_joint: 0.00000e+00  sse_joint: 1.61779e+01  ce_labels_joint: 1.94141e-03  kld_vamb_joint: 3.72932e+00  kld_labels_joint: 6.80565e+00  correct_labels_joint: 0.00000e+00  loss: 1.92912e-01
2026-08-13 14:00:13.115 | INFO    | 		Epoch: 157  loss_vamb: 9.55018e-02  ab_vamb: 6.07753e-03  ce_vamb: 0.00000e+00  sse_vamb: 7.29449e-02  kld_vamb: 1.62483e-02  loss_labels: 6.61656e-03  ce_labels_labels: 9.42493e-04  kld_labels: 3.63140e+01  correct_labels_labels: 0.00000e+00  loss_joint: 8.95955e-02  ce_joint: 0.00000e+00  sse_joint: 1.62333e+01  ce_labels_joint: 2.84310e-03  kld_vamb_joint: 3.71402e+00  kld_labels_joint: 6.70844e+00  correct_labels_joint: 0.00000e+00  loss: 1.91714e-01
2026-08-13 14:00:13.537 | INFO    | 		Epoch: 158  loss_vamb: 9.61160e-02  ab_vamb: 5.58172e-03  ce_vamb: 0.00000e+00  sse_vamb: 7.46940e-02  kld_vamb: 1.62361e-02  loss_labels: 6.42045e-03  ce_labels_labels: 7.92216e-04  kld_labels: 3.60207e+01  correct_labels_labels: 0.00000e+00  loss_joint: 9.05223e-02  ce_joint: 0.00000e+00  sse_joint: 1.64840e+01  ce_labels_joint: 3.47551e-03  kld_vamb_joint: 3.73979e+00  kld_labels_joint: 6.75767e+00  correct_labels_joint: 0.00000e+00  loss: 1.93059e-01
2026-08-13 14:00:14.261 | INFO    | 		Epoch: 159  loss_vamb: 9.50868e-02  ab_vamb: 4.76932e-03  ce_vamb: 0.00000e+00  sse_vamb: 7.50048e-02  kld_vamb: 1.62428e-02  loss_labels: 6.25294e-03  ce_labels_labels: 6.38765e-04  kld_labels: 3.59307e+01  correct_labels_labels: 0.00000e+00  loss_joint: 8.79872e-02  ce_joint: 0.00000e+00  sse_joint: 1.65735e+01  ce_labels_joint: 1.32496e-03  kld_vamb_joint: 3.71839e+00  kld_labels_joint: 6.75009e+00  correct_labels_joint: 0.00000e+00  loss: 1.89327e-01
2026-08-13 14:00:14.708 | INFO    | 		Epoch: 160  loss_vamb: 9.56491e-02  ab_vamb: 5.20108e-03  ce_vamb: 0.00000e+00  sse_vamb: 7.33178e-02  kld_vamb: 1.63057e-02  loss_labels: 6.42943e-03  ce_labels_labels: 8.15004e-04  kld_labels: 3.59323e+01  correct_labels_labels: 0.00000e+00  loss_joint: 8.89980e-02  ce_joint: 0.00000e+00  sse_joint: 1.61407e+01  ce_labels_joint: 2.42435e-03  kld_vamb_joint: 3.72626e+00  kld_labels_joint: 6.77509e+00  correct_labels_joint: 0.00000e+00  loss: 1.91076e-01
2026-08-13 14:00:15.250 | INFO    | 		Epoch: 161  loss_vamb: 9.52858e-02  ab_vamb: 4.77231e-03  ce_vamb: 0.00000e+00  sse_vamb: 7.38664e-02  kld_vamb: 1.63662e-02  loss_labels: 6.20486e-03  ce_labels_labels: 6.18612e-04  kld_labels: 3.57520e+01  correct_labels_labels: 0.00000e+00  loss_joint: 8.84792e-02  ce_joint: 0.00000e+00  sse_joint: 1.63204e+01  ce_labels_joint: 1.79782e-03  kld_vamb_joint: 3.70542e+00  kld_labels_joint: 6.79443e+00  correct_labels_joint: 0.00000e+00  loss: 1.89970e-01
2026-08-13 14:00:15.610 | INFO    | 		Epoch: 162  loss_vamb: 9.51637e-02  ab_vamb: 4.61468e-03  ce_vamb: 0.00000e+00  sse_vamb: 7.47944e-02  kld_vamb: 1.61743e-02  loss_labels: 6.12888e-03  ce_labels_labels: 5.65373e-04  kld_labels: 3.56064e+01  correct_labels_labels: 0.00000e+00  loss_joint: 8.84263e-02  ce_joint: 0.00000e+00  sse_joint: 1.64834e+01  ce_labels_joint: 2.05322e-03  kld_vamb_joint: 3.71683e+00  kld_labels_joint: 6.77282e+00  correct_labels_joint: 0.00000e+00  loss: 1.89719e-01
2026-08-13 14:00:16.166 | INFO    | 		Epoch: 163  loss_vamb: 9.61779e-02  ab_vamb: 5.64938e-03  ce_vamb: 0.00000e+00  sse_vamb: 7.42856e-02  kld_vamb: 1.63414e-02  loss_labels: 6.20054e-03  ce_labels_labels: 6.36199e-04  kld_labels: 3.56118e+01  correct_labels_labels: 0.00000e+00  loss_joint: 8.88624e-02  ce_joint: 0.00000e+00  sse_joint: 1.64434e+01  ce_labels_joint: 1.70869e-03  kld_vamb_joint: 3.71669e+00  kld_labels_joint: 6.82240e+00  correct_labels_joint: 0.00000e+00  loss: 1.91241e-01
2026-08-13 14:00:16.694 | INFO    | 		Epoch: 164  loss_vamb: 9.55029e-02  ab_vamb: 4.67469e-03  ce_vamb: 0.00000e+00  sse_vamb: 7.44624e-02  kld_vamb: 1.63189e-02  loss_labels: 6.35210e-03  ce_labels_labels: 8.08580e-04  kld_labels: 3.54785e+01  correct_labels_labels: 0.00000e+00  loss_joint: 8.89278e-02  ce_joint: 0.00000e+00  sse_joint: 1.63790e+01  ce_labels_joint: 2.34306e-03  kld_vamb_joint: 3.71205e+00  kld_labels_joint: 6.81005e+00  correct_labels_joint: 0.00000e+00  loss: 1.90783e-01
2026-08-13 14:00:17.193 | INFO    | 		Epoch: 165  loss_vamb: 9.63678e-02  ab_vamb: 5.57423e-03  ce_vamb: 0.00000e+00  sse_vamb: 7.46717e-02  kld_vamb: 1.61553e-02  loss_labels: 6.37440e-03  ce_labels_labels: 9.01855e-04  kld_labels: 3.50243e+01  correct_labels_labels: 0.00000e+00  loss_joint: 8.93609e-02  ce_joint: 0.00000e+00  sse_joint: 1.64166e+01  ce_labels_joint: 1.78053e-03  kld_vamb_joint: 3.69018e+00  kld_labels_joint: 6.76483e+00  correct_labels_joint: 0.00000e+00  loss: 1.92103e-01
2026-08-13 14:00:17.520 | INFO    | 		Epoch: 166  loss_vamb: 9.52130e-02  ab_vamb: 4.73440e-03  ce_vamb: 0.00000e+00  sse_vamb: 7.44861e-02  kld_vamb: 1.62884e-02  loss_labels: 6.19339e-03  ce_labels_labels: 7.12115e-04  kld_labels: 3.50802e+01  correct_labels_labels: 0.00000e+00  loss_joint: 8.85766e-02  ce_joint: 0.00000e+00  sse_joint: 1.64130e+01  ce_labels_joint: 2.06896e-03  kld_vamb_joint: 3.69369e+00  kld_labels_joint: 6.76737e+00  correct_labels_joint: 0.00000e+00  loss: 1.89983e-01
2026-08-13 14:00:18.033 | INFO    | 		Epoch: 167  loss_vamb: 9.47963e-02  ab_vamb: 4.51575e-03  ce_vamb: 0.00000e+00  sse_vamb: 7.40943e-02  kld_vamb: 1.63457e-02  loss_labels: 6.89685e-03  ce_labels_labels: 1.45390e-03  kld_labels: 3.48349e+01  correct_labels_labels: 0.00000e+00  loss_joint: 8.76811e-02  ce_joint: 0.00000e+00  sse_joint: 1.63009e+01  ce_labels_joint: 1.77165e-03  kld_vamb_joint: 3.73105e+00  kld_labels_joint: 6.84626e+00  correct_labels_joint: 0.00000e+00  loss: 1.89374e-01
2026-08-13 14:00:18.732 | INFO    | 		Epoch: 168  loss_vamb: 9.55502e-02  ab_vamb: 5.43456e-03  ce_vamb: 0.00000e+00  sse_vamb: 7.32343e-02  kld_vamb: 1.63515e-02  loss_labels: 6.27372e-03  ce_labels_labels: 8.44389e-04  kld_labels: 3.47477e+01  correct_labels_labels: 0.00000e+00  loss_joint: 8.81879e-02  ce_joint: 0.00000e+00  sse_joint: 1.61176e+01  ce_labels_joint: 2.00212e-03  kld_vamb_joint: 3.68619e+00  kld_labels_joint: 6.82596e+00  correct_labels_joint: 0.00000e+00  loss: 1.90012e-01
2026-08-13 14:00:19.175 | INFO    | 		Epoch: 169  loss_vamb: 9.64528e-02  ab_vamb: 6.00054e-03  ce_vamb: 0.00000e+00  sse_vamb: 7.33416e-02  kld_vamb: 1.63870e-02  loss_labels: 6.15589e-03  ce_labels_labels: 7.38364e-04  kld_labels: 3.46721e+01  correct_labels_labels: 0.00000e+00  loss_joint: 8.85021e-02  ce_joint: 0.00000e+00  sse_joint: 1.61689e+01  ce_labels_joint: 1.37371e-03  kld_vamb_joint: 3.69356e+00  kld_labels_joint: 6.85236e+00  correct_labels_joint: 0.00000e+00  loss: 1.91111e-01
2026-08-13 14:00:19.609 | INFO    | 		Epoch: 170  loss_vamb: 9.43125e-02  ab_vamb: 4.38299e-03  ce_vamb: 0.00000e+00  sse_vamb: 7.30660e-02  kld_vamb: 1.64055e-02  loss_labels: 6.42658e-03  ce_labels_labels: 1.00087e-03  kld_labels: 3.47245e+01  correct_labels_labels: 0.00000e+00  loss_joint: 8.83557e-02  ce_joint: 0.00000e+00  sse_joint: 1.61469e+01  ce_labels_joint: 2.08811e-03  kld_vamb_joint: 3.71892e+00  kld_labels_joint: 6.85833e+00  correct_labels_joint: 0.00000e+00  loss: 1.89095e-01
2026-08-13 14:00:19.999 | INFO    | 		Epoch: 171  loss_vamb: 9.64031e-02  ab_vamb: 5.37902e-03  ce_vamb: 0.00000e+00  sse_vamb: 7.53590e-02  kld_vamb: 1.62358e-02  loss_labels: 6.66075e-03  ce_labels_labels: 1.24932e-03  kld_labels: 3.46331e+01  correct_labels_labels: 0.00000e+00  loss_joint: 8.86975e-02  ce_joint: 0.00000e+00  sse_joint: 1.66391e+01  ce_labels_joint: 1.57703e-03  kld_vamb_joint: 3.67467e+00  kld_labels_joint: 6.80172e+00  correct_labels_joint: 0.00000e+00  loss: 1.91761e-01
2026-08-13 14:00:20.388 | INFO    | 		Epoch: 172  loss_vamb: 9.48101e-02  ab_vamb: 5.27025e-03  ce_vamb: 0.00000e+00  sse_vamb: 7.33049e-02  kld_vamb: 1.63677e-02  loss_labels: 6.02445e-03  ce_labels_labels: 6.26332e-04  kld_labels: 3.45479e+01  correct_labels_labels: 0.00000e+00  loss_joint: 8.68947e-02  ce_joint: 0.00000e+00  sse_joint: 1.62238e+01  ce_labels_joint: 1.72966e-03  kld_vamb_joint: 3.71849e+00  kld_labels_joint: 6.86810e+00  correct_labels_joint: 0.00000e+00  loss: 1.87729e-01
2026-08-13 14:00:20.919 | INFO    | 		Epoch: 173  loss_vamb: 9.61450e-02  ab_vamb: 5.01345e-03  ce_vamb: 0.00000e+00  sse_vamb: 7.46916e-02  kld_vamb: 1.64623e-02  loss_labels: 6.67962e-03  ce_labels_labels: 1.28446e-03  kld_labels: 3.45290e+01  correct_labels_labels: 0.00000e+00  loss_joint: 8.89954e-02  ce_joint: 0.00000e+00  sse_joint: 1.65393e+01  ce_labels_joint: 1.72037e-03  kld_vamb_joint: 3.66877e+00  kld_labels_joint: 6.87027e+00  correct_labels_joint: 0.00000e+00  loss: 1.91820e-01
2026-08-13 14:00:21.462 | INFO    | 		Epoch: 174  loss_vamb: 9.38133e-02  ab_vamb: 4.25182e-03  ce_vamb: 0.00000e+00  sse_vamb: 7.27393e-02  kld_vamb: 1.64234e-02  loss_labels: 6.16436e-03  ce_labels_labels: 8.22109e-04  kld_labels: 3.41904e+01  correct_labels_labels: 0.00000e+00  loss_joint: 8.64615e-02  ce_joint: 0.00000e+00  sse_joint: 1.60359e+01  ce_labels_joint: 1.56780e-03  kld_vamb_joint: 3.70515e+00  kld_labels_joint: 6.87013e+00  correct_labels_joint: 0.00000e+00  loss: 1.86439e-01
2026-08-13 14:00:21.987 | INFO    | 		Epoch: 175  loss_vamb: 9.49563e-02  ab_vamb: 4.98750e-03  ce_vamb: 0.00000e+00  sse_vamb: 7.29597e-02  kld_vamb: 1.65037e-02  loss_labels: 5.99750e-03  ce_labels_labels: 6.34313e-04  kld_labels: 3.43244e+01  correct_labels_labels: 0.00000e+00  loss_joint: 8.81809e-02  ce_joint: 0.00000e+00  sse_joint: 1.61473e+01  ce_labels_joint: 2.49880e-03  kld_vamb_joint: 3.72105e+00  kld_labels_joint: 6.93157e+00  correct_labels_joint: 0.00000e+00  loss: 1.89135e-01
2026-08-13 14:00:22.525 | INFO    | 		Epoch: 176  loss_vamb: 9.48920e-02  ab_vamb: 5.19733e-03  ce_vamb: 0.00000e+00  sse_vamb: 7.31765e-02  kld_vamb: 1.62844e-02  loss_labels: 6.19131e-03  ce_labels_labels: 8.67710e-04  kld_labels: 3.40710e+01  correct_labels_labels: 0.00000e+00  loss_joint: 8.81486e-02  ce_joint: 0.00000e+00  sse_joint: 1.61107e+01  ce_labels_joint: 2.22371e-03  kld_vamb_joint: 3.69528e+00  kld_labels_joint: 6.85452e+00  correct_labels_joint: 0.00000e+00  loss: 1.89232e-01
2026-08-13 14:00:23.049 | INFO    | 		Epoch: 177  loss_vamb: 9.44085e-02  ab_vamb: 4.67173e-03  ce_vamb: 0.00000e+00  sse_vamb: 7.39613e-02  kld_vamb: 1.62888e-02  loss_labels: 6.38744e-03  ce_labels_labels: 1.06891e-03  kld_labels: 3.40386e+01  correct_labels_labels: 0.00000e+00  loss_joint: 8.73298e-02  ce_joint: 0.00000e+00  sse_joint: 1.63635e+01  ce_labels_joint: 1.30672e-03  kld_vamb_joint: 3.67883e+00  kld_labels_joint: 6.79981e+00  correct_labels_joint: 0.00000e+00  loss: 1.88126e-01
2026-08-13 14:00:23.581 | INFO    | 		Epoch: 178  loss_vamb: 9.44545e-02  ab_vamb: 4.55785e-03  ce_vamb: 0.00000e+00  sse_vamb: 7.32103e-02  kld_vamb: 1.64694e-02  loss_labels: 6.16972e-03  ce_labels_labels: 8.47251e-04  kld_labels: 3.40638e+01  correct_labels_labels: 0.00000e+00  loss_joint: 8.73139e-02  ce_joint: 0.00000e+00  sse_joint: 1.61566e+01  ce_labels_joint: 1.97655e-03  kld_vamb_joint: 3.69044e+00  kld_labels_joint: 6.88486e+00  correct_labels_joint: 0.00000e+00  loss: 1.87938e-01
2026-08-13 14:00:24.104 | INFO    | 		Epoch: 179  loss_vamb: 9.61870e-02  ab_vamb: 5.82453e-03  ce_vamb: 0.00000e+00  sse_vamb: 7.34200e-02  kld_vamb: 1.65877e-02  loss_labels: 6.04941e-03  ce_labels_labels: 7.64704e-04  kld_labels: 3.38221e+01  correct_labels_labels: 0.00000e+00  loss_joint: 8.83683e-02  ce_joint: 0.00000e+00  sse_joint: 1.61991e+01  ce_labels_joint: 1.70376e-03  kld_vamb_joint: 3.69819e+00  kld_labels_joint: 6.94372e+00  correct_labels_joint: 0.00000e+00  loss: 1.90605e-01
2026-08-13 14:00:24.638 | INFO    | 		Epoch: 180  loss_vamb: 9.41629e-02  ab_vamb: 4.39828e-03  ce_vamb: 0.00000e+00  sse_vamb: 7.35303e-02  kld_vamb: 1.64449e-02  loss_labels: 6.35340e-03  ce_labels_labels: 1.05451e-03  kld_labels: 3.39129e+01  correct_labels_labels: 0.00000e+00  loss_joint: 8.66743e-02  ce_joint: 0.00000e+00  sse_joint: 1.62226e+01  ce_labels_joint: 1.57657e-03  kld_vamb_joint: 3.69124e+00  kld_labels_joint: 6.84357e+00  correct_labels_joint: 0.00000e+00  loss: 1.87191e-01
2026-08-13 14:00:25.168 | INFO    | 		Epoch: 181  loss_vamb: 9.48215e-02  ab_vamb: 4.55980e-03  ce_vamb: 0.00000e+00  sse_vamb: 7.41399e-02  kld_vamb: 1.64185e-02  loss_labels: 6.03453e-03  ce_labels_labels: 7.56066e-04  kld_labels: 3.37821e+01  correct_labels_labels: 0.00000e+00  loss_joint: 8.77129e-02  ce_joint: 0.00000e+00  sse_joint: 1.64111e+01  ce_labels_joint: 1.73072e-03  kld_vamb_joint: 3.71109e+00  kld_labels_joint: 6.89941e+00  correct_labels_joint: 0.00000e+00  loss: 1.88569e-01
2026-08-13 14:00:25.768 | INFO    | 		Epoch: 182  loss_vamb: 9.45564e-02  ab_vamb: 4.62351e-03  ce_vamb: 0.00000e+00  sse_vamb: 7.33211e-02  kld_vamb: 1.64278e-02  loss_labels: 5.71691e-03  ce_labels_labels: 4.52455e-04  kld_labels: 3.36925e+01  correct_labels_labels: 0.00000e+00  loss_joint: 8.67828e-02  ce_joint: 0.00000e+00  sse_joint: 1.61130e+01  ce_labels_joint: 1.46075e-03  kld_vamb_joint: 3.70394e+00  kld_labels_joint: 6.87408e+00  correct_labels_joint: 0.00000e+00  loss: 1.87056e-01
2026-08-13 14:00:26.329 | INFO    | 		Epoch: 183  loss_vamb: 9.47732e-02  ab_vamb: 4.69124e-03  ce_vamb: 0.00000e+00  sse_vamb: 7.34329e-02  kld_vamb: 1.64877e-02  loss_labels: 6.32854e-03  ce_labels_labels: 1.06926e-03  kld_labels: 3.36593e+01  correct_labels_labels: 0.00000e+00  loss_joint: 8.77397e-02  ce_joint: 0.00000e+00  sse_joint: 1.62263e+01  ce_labels_joint: 1.43295e-03  kld_vamb_joint: 3.71758e+00  kld_labels_joint: 6.94302e+00  correct_labels_joint: 0.00000e+00  loss: 1.88841e-01
2026-08-13 14:00:26.887 | INFO    | 		Epoch: 184  loss_vamb: 9.42496e-02  ab_vamb: 4.82142e-03  ce_vamb: 0.00000e+00  sse_vamb: 7.33906e-02  kld_vamb: 1.64161e-02  loss_labels: 6.69097e-03  ce_labels_labels: 1.44139e-03  kld_labels: 3.35974e+01  correct_labels_labels: 0.00000e+00  loss_joint: 8.65340e-02  ce_joint: 0.00000e+00  sse_joint: 1.62462e+01  ce_labels_joint: 1.29182e-03  kld_vamb_joint: 3.72014e+00  kld_labels_joint: 6.92700e+00  correct_labels_joint: 0.00000e+00  loss: 1.87475e-01
2026-08-13 14:00:27.467 | INFO    | 		Epoch: 185  loss_vamb: 9.47435e-02  ab_vamb: 4.63422e-03  ce_vamb: 0.00000e+00  sse_vamb: 7.40950e-02  kld_vamb: 1.64276e-02  loss_labels: 5.81439e-03  ce_labels_labels: 6.01491e-04  kld_labels: 3.33626e+01  correct_labels_labels: 0.00000e+00  loss_joint: 8.76200e-02  ce_joint: 0.00000e+00  sse_joint: 1.62611e+01  ce_labels_joint: 2.04874e-03  kld_vamb_joint: 3.71207e+00  kld_labels_joint: 6.91302e+00  correct_labels_joint: 0.00000e+00  loss: 1.88178e-01
2026-08-13 14:00:27.971 | INFO    | 		Epoch: 186  loss_vamb: 9.44878e-02  ab_vamb: 4.96627e-03  ce_vamb: 0.00000e+00  sse_vamb: 7.31741e-02  kld_vamb: 1.63244e-02  loss_labels: 5.99301e-03  ce_labels_labels: 7.63949e-04  kld_labels: 3.34660e+01  correct_labels_labels: 0.00000e+00  loss_joint: 8.71865e-02  ce_joint: 0.00000e+00  sse_joint: 1.61995e+01  ce_labels_joint: 1.38594e-03  kld_vamb_joint: 3.71360e+00  kld_labels_joint: 6.91583e+00  correct_labels_joint: 0.00000e+00  loss: 1.87667e-01
2026-08-13 14:00:28.566 | INFO    | 		Epoch: 187  loss_vamb: 9.46814e-02  ab_vamb: 4.59692e-03  ce_vamb: 0.00000e+00  sse_vamb: 7.36148e-02  kld_vamb: 1.64065e-02  loss_labels: 5.65873e-03  ce_labels_labels: 4.61821e-04  kld_labels: 3.32602e+01  correct_labels_labels: 0.00000e+00  loss_joint: 8.69276e-02  ce_joint: 0.00000e+00  sse_joint: 1.62376e+01  ce_labels_joint: 1.20068e-03  kld_vamb_joint: 3.68099e+00  kld_labels_joint: 6.90582e+00  correct_labels_joint: 0.00000e+00  loss: 1.87268e-01
2026-08-13 14:00:29.014 | INFO    | 		Epoch: 188  loss_vamb: 9.41804e-02  ab_vamb: 4.71398e-03  ce_vamb: 0.00000e+00  sse_vamb: 7.36736e-02  kld_vamb: 1.63918e-02  loss_labels: 6.16927e-03  ce_labels_labels: 1.00734e-03  kld_labels: 3.30364e+01  correct_labels_labels: 0.00000e+00  loss_joint: 8.71119e-02  ce_joint: 0.00000e+00  sse_joint: 1.62583e+01  ce_labels_joint: 1.32510e-03  kld_vamb_joint: 3.70070e+00  kld_labels_joint: 6.93870e+00  correct_labels_joint: 0.00000e+00  loss: 1.87462e-01
2026-08-13 14:00:29.450 | INFO    | 		Epoch: 189  loss_vamb: 9.46173e-02  ab_vamb: 4.80821e-03  ce_vamb: 0.00000e+00  sse_vamb: 7.32680e-02  kld_vamb: 1.64265e-02  loss_labels: 6.12646e-03  ce_labels_labels: 9.45763e-04  kld_labels: 3.31565e+01  correct_labels_labels: 0.00000e+00  loss_joint: 8.76465e-02  ce_joint: 0.00000e+00  sse_joint: 1.62184e+01  ce_labels_joint: 2.02782e-03  kld_vamb_joint: 3.71679e+00  kld_labels_joint: 6.93971e+00  correct_labels_joint: 0.00000e+00  loss: 1.88390e-01
2026-08-13 14:00:29.862 | INFO    | 		Epoch: 190  loss_vamb: 9.47036e-02  ab_vamb: 4.96842e-03  ce_vamb: 0.00000e+00  sse_vamb: 7.26592e-02  kld_vamb: 1.64509e-02  loss_labels: 6.63935e-03  ce_labels_labels: 1.45282e-03  kld_labels: 3.31938e+01  correct_labels_labels: 0.00000e+00  loss_joint: 8.75937e-02  ce_joint: 0.00000e+00  sse_joint: 1.60442e+01  ce_labels_joint: 2.31890e-03  kld_vamb_joint: 3.69254e+00  kld_labels_joint: 6.93534e+00  correct_labels_joint: 0.00000e+00  loss: 1.88937e-01
2026-08-13 14:00:30.201 | INFO    | 		Epoch: 191  loss_vamb: 9.48044e-02  ab_vamb: 5.29102e-03  ce_vamb: 0.00000e+00  sse_vamb: 7.32367e-02  kld_vamb: 1.64586e-02  loss_labels: 8.20498e-03  ce_labels_labels: 3.05483e-03  kld_labels: 3.29610e+01  correct_labels_labels: 0.00000e+00  loss_joint: 8.72493e-02  ce_joint: 0.00000e+00  sse_joint: 1.62019e+01  ce_labels_joint: 2.09797e-03  kld_vamb_joint: 3.71187e+00  kld_labels_joint: 6.98226e+00  correct_labels_joint: 0.00000e+00  loss: 1.90259e-01
2026-08-13 14:00:30.736 | INFO    | 		Epoch: 192  loss_vamb: 9.45902e-02  ab_vamb: 4.87778e-03  ce_vamb: 0.00000e+00  sse_vamb: 7.29808e-02  kld_vamb: 1.64795e-02  loss_labels: 5.84355e-03  ce_labels_labels: 6.84592e-04  kld_labels: 3.30173e+01  correct_labels_labels: 0.00000e+00  loss_joint: 8.79906e-02  ce_joint: 0.00000e+00  sse_joint: 1.60487e+01  ce_labels_joint: 3.02945e-03  kld_vamb_joint: 3.67238e+00  kld_labels_joint: 6.97664e+00  correct_labels_joint: 0.00000e+00  loss: 1.88424e-01
2026-08-13 14:00:31.099 | INFO    | 		Epoch: 193  loss_vamb: 9.39366e-02  ab_vamb: 4.43741e-03  ce_vamb: 0.00000e+00  sse_vamb: 7.35352e-02  kld_vamb: 1.63735e-02  loss_labels: 6.97593e-03  ce_labels_labels: 1.81663e-03  kld_labels: 3.30195e+01  correct_labels_labels: 0.00000e+00  loss_joint: 8.81944e-02  ce_joint: 0.00000e+00  sse_joint: 1.62398e+01  ce_labels_joint: 2.70972e-03  kld_vamb_joint: 3.71706e+00  kld_labels_joint: 6.96840e+00  correct_labels_joint: 0.00000e+00  loss: 1.89107e-01
2026-08-13 14:00:31.449 | INFO    | 		Epoch: 194  loss_vamb: 9.37818e-02  ab_vamb: 4.84706e-03  ce_vamb: 0.00000e+00  sse_vamb: 7.21916e-02  kld_vamb: 1.63636e-02  loss_labels: 5.73843e-03  ce_labels_labels: 5.84618e-04  kld_labels: 3.29844e+01  correct_labels_labels: 0.00000e+00  loss_joint: 8.66438e-02  ce_joint: 0.00000e+00  sse_joint: 1.58790e+01  ce_labels_joint: 1.88313e-03  kld_vamb_joint: 3.70089e+00  kld_labels_joint: 6.94239e+00  correct_labels_joint: 0.00000e+00  loss: 1.86164e-01
2026-08-13 14:00:31.806 | INFO    | 		Epoch: 195  loss_vamb: 9.48255e-02  ab_vamb: 4.94674e-03  ce_vamb: 0.00000e+00  sse_vamb: 7.39016e-02  kld_vamb: 1.63651e-02  loss_labels: 5.96103e-03  ce_labels_labels: 8.08988e-04  kld_labels: 3.29730e+01  correct_labels_labels: 0.00000e+00  loss_joint: 8.89294e-02  ce_joint: 0.00000e+00  sse_joint: 1.63478e+01  ce_labels_joint: 2.71343e-03  kld_vamb_joint: 3.70277e+00  kld_labels_joint: 6.92079e+00  correct_labels_joint: 0.00000e+00  loss: 1.89716e-01
2026-08-13 14:00:32.195 | INFO    | 		Epoch: 196  loss_vamb: 9.44424e-02  ab_vamb: 4.55966e-03  ce_vamb: 0.00000e+00  sse_vamb: 7.34348e-02  kld_vamb: 1.65431e-02  loss_labels: 6.09904e-03  ce_labels_labels: 9.52853e-04  kld_labels: 3.29356e+01  correct_labels_labels: 0.00000e+00  loss_joint: 8.73892e-02  ce_joint: 0.00000e+00  sse_joint: 1.62549e+01  ce_labels_joint: 1.57569e-03  kld_vamb_joint: 3.68631e+00  kld_labels_joint: 7.00471e+00  correct_labels_joint: 0.00000e+00  loss: 1.87931e-01
2026-08-13 14:00:32.605 | INFO    | 		Epoch: 197  loss_vamb: 9.40932e-02  ab_vamb: 4.39814e-03  ce_vamb: 0.00000e+00  sse_vamb: 7.33523e-02  kld_vamb: 1.64799e-02  loss_labels: 6.88147e-03  ce_labels_labels: 1.73359e-03  kld_labels: 3.29464e+01  correct_labels_labels: 0.00000e+00  loss_joint: 8.65607e-02  ce_joint: 0.00000e+00  sse_joint: 1.61505e+01  ce_labels_joint: 1.55270e-03  kld_vamb_joint: 3.70818e+00  kld_labels_joint: 7.00297e+00  correct_labels_joint: 0.00000e+00  loss: 1.87535e-01
2026-08-13 14:00:33.011 | INFO    | 		Epoch: 198  loss_vamb: 9.39296e-02  ab_vamb: 4.40827e-03  ce_vamb: 0.00000e+00  sse_vamb: 7.28885e-02  kld_vamb: 1.65272e-02  loss_labels: 6.09374e-03  ce_labels_labels: 9.21131e-04  kld_labels: 3.31047e+01  correct_labels_labels: 0.00000e+00  loss_joint: 8.62631e-02  ce_joint: 0.00000e+00  sse_joint: 1.61017e+01  ce_labels_joint: 1.24866e-03  kld_vamb_joint: 3.71061e+00  kld_labels_joint: 6.99016e+00  correct_labels_joint: 0.00000e+00  loss: 1.86286e-01
2026-08-13 14:00:33.525 | INFO    | 		Epoch: 199  loss_vamb: 9.41371e-02  ab_vamb: 4.65170e-03  ce_vamb: 0.00000e+00  sse_vamb: 7.32271e-02  kld_vamb: 1.65116e-02  loss_labels: 6.25720e-03  ce_labels_labels: 1.07985e-03  kld_labels: 3.31350e+01  correct_labels_labels: 0.00000e+00  loss_joint: 8.70217e-02  ce_joint: 0.00000e+00  sse_joint: 1.62213e+01  ce_labels_joint: 1.49574e-03  kld_vamb_joint: 3.69443e+00  kld_labels_joint: 6.95764e+00  correct_labels_joint: 0.00000e+00  loss: 1.87416e-01
2026-08-13 14:00:34.047 | INFO    | 		Epoch: 200  loss_vamb: 9.38555e-02  ab_vamb: 4.55829e-03  ce_vamb: 0.00000e+00  sse_vamb: 7.27692e-02  kld_vamb: 1.65176e-02  loss_labels: 6.16769e-03  ce_labels_labels: 9.94924e-04  kld_labels: 3.31057e+01  correct_labels_labels: 0.00000e+00  loss_joint: 8.59816e-02  ce_joint: 0.00000e+00  sse_joint: 1.60690e+01  ce_labels_joint: 1.29067e-03  kld_vamb_joint: 3.71164e+00  kld_labels_joint: 7.00306e+00  correct_labels_joint: 0.00000e+00  loss: 1.86005e-01
2026-08-13 14:00:34.572 | INFO    | 		Epoch: 201  loss_vamb: 9.39219e-02  ab_vamb: 4.20610e-03  ce_vamb: 0.00000e+00  sse_vamb: 7.31052e-02  kld_vamb: 1.64502e-02  loss_labels: 6.41275e-03  ce_labels_labels: 1.23563e-03  kld_labels: 3.31335e+01  correct_labels_labels: 0.00000e+00  loss_joint: 8.66896e-02  ce_joint: 0.00000e+00  sse_joint: 1.61215e+01  ce_labels_joint: 1.64180e-03  kld_vamb_joint: 3.71782e+00  kld_labels_joint: 7.00156e+00  correct_labels_joint: 0.00000e+00  loss: 1.87024e-01
2026-08-13 14:00:35.145 | INFO    | 		Epoch: 202  loss_vamb: 9.46279e-02  ab_vamb: 4.83420e-03  ce_vamb: 0.00000e+00  sse_vamb: 7.25634e-02  kld_vamb: 1.65894e-02  loss_labels: 5.84663e-03  ce_labels_labels: 6.65545e-04  kld_labels: 3.31590e+01  correct_labels_labels: 0.00000e+00  loss_joint: 8.67605e-02  ce_joint: 0.00000e+00  sse_joint: 1.59547e+01  ce_labels_joint: 1.65265e-03  kld_vamb_joint: 3.69839e+00  kld_labels_joint: 7.04034e+00  correct_labels_joint: 0.00000e+00  loss: 1.87235e-01
2026-08-13 14:00:35.857 | INFO    | 		Epoch: 203  loss_vamb: 9.31628e-02  ab_vamb: 4.40012e-03  ce_vamb: 0.00000e+00  sse_vamb: 7.28065e-02  kld_vamb: 1.63414e-02  loss_labels: 6.65719e-03  ce_labels_labels: 1.43072e-03  kld_labels: 3.34494e+01  correct_labels_labels: 0.00000e+00  loss_joint: 8.72622e-02  ce_joint: 0.00000e+00  sse_joint: 1.60845e+01  ce_labels_joint: 2.18390e-03  kld_vamb_joint: 3.73760e+00  kld_labels_joint: 6.98732e+00  correct_labels_joint: 0.00000e+00  loss: 1.87082e-01
2026-08-13 14:00:36.404 | INFO    | 		Epoch: 204  loss_vamb: 9.34931e-02  ab_vamb: 4.19784e-03  ce_vamb: 0.00000e+00  sse_vamb: 7.35563e-02  kld_vamb: 1.63523e-02  loss_labels: 6.47312e-03  ce_labels_labels: 1.26216e-03  kld_labels: 3.33501e+01  correct_labels_labels: 0.00000e+00  loss_joint: 8.66700e-02  ce_joint: 0.00000e+00  sse_joint: 1.61782e+01  ce_labels_joint: 1.88962e-03  kld_vamb_joint: 3.74911e+00  kld_labels_joint: 7.01310e+00  correct_labels_joint: 0.00000e+00  loss: 1.86636e-01
2026-08-13 14:00:37.025 | INFO    | 		Epoch: 205  loss_vamb: 9.29476e-02  ab_vamb: 4.31935e-03  ce_vamb: 0.00000e+00  sse_vamb: 7.21312e-02  kld_vamb: 1.65381e-02  loss_labels: 5.75080e-03  ce_labels_labels: 5.39228e-04  kld_labels: 3.33541e+01  correct_labels_labels: 0.00000e+00  loss_joint: 8.62415e-02  ce_joint: 0.00000e+00  sse_joint: 1.59859e+01  ce_labels_joint: 1.84455e-03  kld_vamb_joint: 3.73760e+00  kld_labels_joint: 7.03325e+00  correct_labels_joint: 0.00000e+00  loss: 1.84940e-01
2026-08-13 14:00:37.620 | INFO    | 		Epoch: 206  loss_vamb: 9.38301e-02  ab_vamb: 4.82963e-03  ce_vamb: 0.00000e+00  sse_vamb: 7.27791e-02  kld_vamb: 1.64513e-02  loss_labels: 6.34435e-03  ce_labels_labels: 1.13993e-03  kld_labels: 3.33083e+01  correct_labels_labels: 0.00000e+00  loss_joint: 8.58573e-02  ce_joint: 0.00000e+00  sse_joint: 1.60894e+01  ce_labels_joint: 1.27837e-03  kld_vamb_joint: 3.71558e+00  kld_labels_joint: 7.01428e+00  correct_labels_joint: 0.00000e+00  loss: 1.86032e-01
2026-08-13 14:00:38.243 | INFO    | 		Epoch: 207  loss_vamb: 9.49503e-02  ab_vamb: 5.05336e-03  ce_vamb: 0.00000e+00  sse_vamb: 7.32803e-02  kld_vamb: 1.65688e-02  loss_labels: 6.09021e-03  ce_labels_labels: 8.42485e-04  kld_labels: 3.35854e+01  correct_labels_labels: 0.00000e+00  loss_joint: 8.69735e-02  ce_joint: 0.00000e+00  sse_joint: 1.61792e+01  ce_labels_joint: 1.26971e-03  kld_vamb_joint: 3.73339e+00  kld_labels_joint: 7.05541e+00  correct_labels_joint: 0.00000e+00  loss: 1.88014e-01
2026-08-13 14:00:38.844 | INFO    | 		Epoch: 208  loss_vamb: 9.41363e-02  ab_vamb: 4.37467e-03  ce_vamb: 0.00000e+00  sse_vamb: 7.29641e-02  kld_vamb: 1.65316e-02  loss_labels: 6.22936e-03  ce_labels_labels: 9.64719e-04  kld_labels: 3.36937e+01  correct_labels_labels: 0.00000e+00  loss_joint: 8.64360e-02  ce_joint: 0.00000e+00  sse_joint: 1.60958e+01  ce_labels_joint: 1.44805e-03  kld_vamb_joint: 3.68570e+00  kld_labels_joint: 7.00039e+00  correct_labels_joint: 0.00000e+00  loss: 1.86802e-01
2026-08-13 14:00:39.406 | INFO    | 		Epoch: 209  loss_vamb: 9.42948e-02  ab_vamb: 4.68585e-03  ce_vamb: 0.00000e+00  sse_vamb: 7.34201e-02  kld_vamb: 1.65095e-02  loss_labels: 6.31419e-03  ce_labels_labels: 1.04132e-03  kld_labels: 3.37464e+01  correct_labels_labels: 0.00000e+00  loss_joint: 8.67418e-02  ce_joint: 0.00000e+00  sse_joint: 1.62057e+01  ce_labels_joint: 1.72142e-03  kld_vamb_joint: 3.68791e+00  kld_labels_joint: 7.01349e+00  correct_labels_joint: 0.00000e+00  loss: 1.87351e-01
2026-08-13 14:00:39.947 | INFO    | 		Epoch: 210  loss_vamb: 9.37140e-02  ab_vamb: 4.52732e-03  ce_vamb: 0.00000e+00  sse_vamb: 7.26872e-02  kld_vamb: 1.65676e-02  loss_labels: 6.24534e-03  ce_labels_labels: 1.00005e-03  kld_labels: 3.35698e+01  correct_labels_labels: 0.00000e+00  loss_joint: 8.66074e-02  ce_joint: 0.00000e+00  sse_joint: 1.60533e+01  ce_labels_joint: 1.54499e-03  kld_vamb_joint: 3.70224e+00  kld_labels_joint: 7.06093e+00  correct_labels_joint: 0.00000e+00  loss: 1.86567e-01
2026-08-13 14:00:40.517 | INFO    | 		Epoch: 211  loss_vamb: 9.49392e-02  ab_vamb: 5.45052e-03  ce_vamb: 0.00000e+00  sse_vamb: 7.33670e-02  kld_vamb: 1.63326e-02  loss_labels: 5.99683e-03  ce_labels_labels: 7.83341e-04  kld_labels: 3.33663e+01  correct_labels_labels: 0.00000e+00  loss_joint: 8.75028e-02  ce_joint: 0.00000e+00  sse_joint: 1.61563e+01  ce_labels_joint: 1.60293e-03  kld_vamb_joint: 3.69886e+00  kld_labels_joint: 6.97216e+00  correct_labels_joint: 0.00000e+00  loss: 1.88439e-01
2026-08-13 14:00:41.149 | INFO    | 		Epoch: 212  loss_vamb: 9.42889e-02  ab_vamb: 5.23545e-03  ce_vamb: 0.00000e+00  sse_vamb: 7.25054e-02  kld_vamb: 1.65155e-02  loss_labels: 7.11513e-03  ce_labels_labels: 1.83942e-03  kld_labels: 3.37646e+01  correct_labels_labels: 0.00000e+00  loss_joint: 8.64441e-02  ce_joint: 0.00000e+00  sse_joint: 1.59495e+01  ce_labels_joint: 1.76314e-03  kld_vamb_joint: 3.70596e+00  kld_labels_joint: 7.00988e+00  correct_labels_joint: 0.00000e+00  loss: 1.87848e-01
2026-08-13 14:00:41.604 | INFO    | 		Epoch: 213  loss_vamb: 9.40263e-02  ab_vamb: 4.57954e-03  ce_vamb: 0.00000e+00  sse_vamb: 7.30267e-02  kld_vamb: 1.64739e-02  loss_labels: 5.96948e-03  ce_labels_labels: 6.91781e-04  kld_labels: 3.37773e+01  correct_labels_labels: 0.00000e+00  loss_joint: 8.55253e-02  ce_joint: 0.00000e+00  sse_joint: 1.60124e+01  ce_labels_joint: 1.55244e-03  kld_vamb_joint: 3.71816e+00  kld_labels_joint: 7.00557e+00  correct_labels_joint: 0.00000e+00  loss: 1.85521e-01
2026-08-13 14:00:42.007 | INFO    | 		Epoch: 214  loss_vamb: 9.37017e-02  ab_vamb: 4.40610e-03  ce_vamb: 0.00000e+00  sse_vamb: 7.27009e-02  kld_vamb: 1.65773e-02  loss_labels: 5.97825e-03  ce_labels_labels: 6.79543e-04  kld_labels: 3.39117e+01  correct_labels_labels: 0.00000e+00  loss_joint: 8.60681e-02  ce_joint: 0.00000e+00  sse_joint: 1.60261e+01  ce_labels_joint: 1.42049e-03  kld_vamb_joint: 3.71350e+00  kld_labels_joint: 7.00927e+00  correct_labels_joint: 0.00000e+00  loss: 1.85748e-01
2026-08-13 14:00:42.499 | INFO    | 		Epoch: 215  loss_vamb: 9.41418e-02  ab_vamb: 4.97197e-03  ce_vamb: 0.00000e+00  sse_vamb: 7.32887e-02  kld_vamb: 1.64797e-02  loss_labels: 5.89219e-03  ce_labels_labels: 6.11945e-04  kld_labels: 3.37935e+01  correct_labels_labels: 0.00000e+00  loss_joint: 8.65609e-02  ce_joint: 0.00000e+00  sse_joint: 1.61591e+01  ce_labels_joint: 1.52646e-03  kld_vamb_joint: 3.69700e+00  kld_labels_joint: 6.98672e+00  correct_labels_joint: 0.00000e+00  loss: 1.86595e-01
2026-08-13 14:00:42.979 | INFO    | 		Epoch: 216  loss_vamb: 9.43575e-02  ab_vamb: 4.97491e-03  ce_vamb: 0.00000e+00  sse_vamb: 7.27585e-02  kld_vamb: 1.65348e-02  loss_labels: 5.79090e-03  ce_labels_labels: 5.01467e-04  kld_labels: 3.38524e+01  correct_labels_labels: 0.00000e+00  loss_joint: 8.58563e-02  ce_joint: 0.00000e+00  sse_joint: 1.59691e+01  ce_labels_joint: 1.49036e-03  kld_vamb_joint: 3.68451e+00  kld_labels_joint: 6.98429e+00  correct_labels_joint: 0.00000e+00  loss: 1.86005e-01
2026-08-13 14:00:43.315 | INFO    | 		Epoch: 217  loss_vamb: 9.33032e-02  ab_vamb: 4.43857e-03  ce_vamb: 0.00000e+00  sse_vamb: 7.26978e-02  kld_vamb: 1.65635e-02  loss_labels: 6.41801e-03  ce_labels_labels: 1.14825e-03  kld_labels: 3.37265e+01  correct_labels_labels: 0.00000e+00  loss_joint: 8.52969e-02  ce_joint: 0.00000e+00  sse_joint: 1.59698e+01  ce_labels_joint: 1.72973e-03  kld_vamb_joint: 3.66456e+00  kld_labels_joint: 6.99231e+00  correct_labels_joint: 0.00000e+00  loss: 1.85018e-01
2026-08-13 14:00:43.651 | INFO    | 		Epoch: 218  loss_vamb: 9.30611e-02  ab_vamb: 4.48568e-03  ce_vamb: 0.00000e+00  sse_vamb: 7.20925e-02  kld_vamb: 1.65848e-02  loss_labels: 5.81131e-03  ce_labels_labels: 5.49059e-04  kld_labels: 3.36784e+01  correct_labels_labels: 0.00000e+00  loss_joint: 8.51820e-02  ce_joint: 0.00000e+00  sse_joint: 1.59212e+01  ce_labels_joint: 1.47028e-03  kld_vamb_joint: 3.68023e+00  kld_labels_joint: 7.04139e+00  correct_labels_joint: 0.00000e+00  loss: 1.84054e-01
2026-08-13 14:00:44.175 | INFO    | 		Epoch: 219  loss_vamb: 9.31104e-02  ab_vamb: 4.37911e-03  ce_vamb: 0.00000e+00  sse_vamb: 7.25433e-02  kld_vamb: 1.64480e-02  loss_labels: 5.96299e-03  ce_labels_labels: 6.82349e-04  kld_labels: 3.37961e+01  correct_labels_labels: 0.00000e+00  loss_joint: 8.59416e-02  ce_joint: 0.00000e+00  sse_joint: 1.60458e+01  ce_labels_joint: 1.85925e-03  kld_vamb_joint: 3.71220e+00  kld_labels_joint: 7.02474e+00  correct_labels_joint: 0.00000e+00  loss: 1.85015e-01
2026-08-13 14:00:44.507 | INFO    | 		Epoch: 220  loss_vamb: 9.30225e-02  ab_vamb: 4.25558e-03  ce_vamb: 0.00000e+00  sse_vamb: 7.29460e-02  kld_vamb: 1.64912e-02  loss_labels: 6.14406e-03  ce_labels_labels: 9.10018e-04  kld_labels: 3.34979e+01  correct_labels_labels: 0.00000e+00  loss_joint: 8.56055e-02  ce_joint: 0.00000e+00  sse_joint: 1.60674e+01  ce_labels_joint: 1.40344e-03  kld_vamb_joint: 3.67892e+00  kld_labels_joint: 7.02637e+00  correct_labels_joint: 0.00000e+00  loss: 1.84772e-01
2026-08-13 14:00:44.915 | INFO    | 		Epoch: 221  loss_vamb: 9.26494e-02  ab_vamb: 4.55228e-03  ce_vamb: 0.00000e+00  sse_vamb: 7.17666e-02  kld_vamb: 1.64411e-02  loss_labels: 6.52470e-03  ce_labels_labels: 1.28321e-03  kld_labels: 3.35455e+01  correct_labels_labels: 0.00000e+00  loss_joint: 8.50670e-02  ce_joint: 0.00000e+00  sse_joint: 1.58988e+01  ce_labels_joint: 1.72816e-03  kld_vamb_joint: 3.71278e+00  kld_labels_joint: 7.05336e+00  correct_labels_joint: 0.00000e+00  loss: 1.84241e-01
2026-08-13 14:00:45.367 | INFO    | 		Epoch: 222  loss_vamb: 9.32842e-02  ab_vamb: 4.11688e-03  ce_vamb: 0.00000e+00  sse_vamb: 7.28931e-02  kld_vamb: 1.64746e-02  loss_labels: 6.73151e-03  ce_labels_labels: 1.49190e-03  kld_labels: 3.35335e+01  correct_labels_labels: 0.00000e+00  loss_joint: 8.54998e-02  ce_joint: 0.00000e+00  sse_joint: 1.60277e+01  ce_labels_joint: 1.18904e-03  kld_vamb_joint: 3.72063e+00  kld_labels_joint: 7.04780e+00  correct_labels_joint: 0.00000e+00  loss: 1.85516e-01
2026-08-13 14:00:45.818 | INFO    | 		Epoch: 223  loss_vamb: 9.33274e-02  ab_vamb: 4.51348e-03  ce_vamb: 0.00000e+00  sse_vamb: 7.27082e-02  kld_vamb: 1.64084e-02  loss_labels: 7.37894e-03  ce_labels_labels: 2.12127e-03  kld_labels: 3.36491e+01  correct_labels_labels: 0.00000e+00  loss_joint: 8.61686e-02  ce_joint: 0.00000e+00  sse_joint: 1.60013e+01  ce_labels_joint: 1.73208e-03  kld_vamb_joint: 3.70957e+00  kld_labels_joint: 7.02883e+00  correct_labels_joint: 0.00000e+00  loss: 1.86875e-01
2026-08-13 14:00:46.287 | INFO    | 		Epoch: 224  loss_vamb: 9.35327e-02  ab_vamb: 4.79739e-03  ce_vamb: 0.00000e+00  sse_vamb: 7.23727e-02  kld_vamb: 1.64255e-02  loss_labels: 5.79995e-03  ce_labels_labels: 5.41366e-04  kld_labels: 3.36549e+01  correct_labels_labels: 0.00000e+00  loss_joint: 8.55790e-02  ce_joint: 0.00000e+00  sse_joint: 1.59488e+01  ce_labels_joint: 1.62097e-03  kld_vamb_joint: 3.72286e+00  kld_labels_joint: 7.04705e+00  correct_labels_joint: 0.00000e+00  loss: 1.84912e-01
2026-08-13 14:00:46.874 | INFO    | 		Epoch: 225  loss_vamb: 9.29852e-02  ab_vamb: 4.25638e-03  ce_vamb: 0.00000e+00  sse_vamb: 7.21814e-02  kld_vamb: 1.65475e-02  loss_labels: 6.32136e-03  ce_labels_labels: 1.07617e-03  kld_labels: 3.35692e+01  correct_labels_labels: 0.00000e+00  loss_joint: 8.53808e-02  ce_joint: 0.00000e+00  sse_joint: 1.58644e+01  ce_labels_joint: 1.80121e-03  kld_vamb_joint: 3.72764e+00  kld_labels_joint: 7.07926e+00  correct_labels_joint: 0.00000e+00  loss: 1.84687e-01
2026-08-13 14:00:47.520 | INFO    | 		Epoch: 226  loss_vamb: 9.29172e-02  ab_vamb: 4.26395e-03  ce_vamb: 0.00000e+00  sse_vamb: 7.20933e-02  kld_vamb: 1.65599e-02  loss_labels: 6.03349e-03  ce_labels_labels: 7.91241e-04  kld_labels: 3.35504e+01  correct_labels_labels: 0.00000e+00  loss_joint: 8.56162e-02  ce_joint: 0.00000e+00  sse_joint: 1.58556e+01  ce_labels_joint: 2.08689e-03  kld_vamb_joint: 3.71602e+00  kld_labels_joint: 7.07556e+00  correct_labels_joint: 0.00000e+00  loss: 1.84567e-01
2026-08-13 14:00:48.126 | INFO    | 		Epoch: 227  loss_vamb: 9.31583e-02  ab_vamb: 4.44996e-03  ce_vamb: 0.00000e+00  sse_vamb: 7.21592e-02  kld_vamb: 1.65492e-02  loss_labels: 6.13597e-03  ce_labels_labels: 8.79480e-04  kld_labels: 3.36415e+01  correct_labels_labels: 0.00000e+00  loss_joint: 8.59218e-02  ce_joint: 0.00000e+00  sse_joint: 1.58768e+01  ce_labels_joint: 2.02726e-03  kld_vamb_joint: 3.72981e+00  kld_labels_joint: 7.09190e+00  correct_labels_joint: 0.00000e+00  loss: 1.85216e-01
2026-08-13 14:00:48.926 | INFO    | 		Epoch: 228  loss_vamb: 9.28139e-02  ab_vamb: 4.29278e-03  ce_vamb: 0.00000e+00  sse_vamb: 7.19872e-02  kld_vamb: 1.65339e-02  loss_labels: 5.84385e-03  ce_labels_labels: 6.00387e-04  kld_labels: 3.35582e+01  correct_labels_labels: 0.00000e+00  loss_joint: 8.50387e-02  ce_joint: 0.00000e+00  sse_joint: 1.58609e+01  ce_labels_joint: 1.65427e-03  kld_vamb_joint: 3.74209e+00  kld_labels_joint: 7.08470e+00  correct_labels_joint: 0.00000e+00  loss: 1.83696e-01
2026-08-13 14:00:49.595 | INFO    | 		Epoch: 229  loss_vamb: 9.32372e-02  ab_vamb: 4.49118e-03  ce_vamb: 0.00000e+00  sse_vamb: 7.22243e-02  kld_vamb: 1.65218e-02  loss_labels: 6.27211e-03  ce_labels_labels: 1.01687e-03  kld_labels: 3.36335e+01  correct_labels_labels: 0.00000e+00  loss_joint: 8.62436e-02  ce_joint: 0.00000e+00  sse_joint: 1.58516e+01  ce_labels_joint: 2.73520e-03  kld_vamb_joint: 3.74026e+00  kld_labels_joint: 7.08399e+00  correct_labels_joint: 0.00000e+00  loss: 1.85753e-01
2026-08-13 14:00:50.335 | INFO    | 		Epoch: 230  loss_vamb: 9.27898e-02  ab_vamb: 4.44847e-03  ce_vamb: 0.00000e+00  sse_vamb: 7.18216e-02  kld_vamb: 1.65197e-02  loss_labels: 5.93089e-03  ce_labels_labels: 6.88323e-04  kld_labels: 3.35524e+01  correct_labels_labels: 0.00000e+00  loss_joint: 8.55342e-02  ce_joint: 0.00000e+00  sse_joint: 1.58504e+01  ce_labels_joint: 1.53075e-03  kld_vamb_joint: 3.73944e+00  kld_labels_joint: 7.07466e+00  correct_labels_joint: 0.00000e+00  loss: 1.84255e-01
2026-08-13 14:00:51.027 | INFO    | 		Epoch: 231  loss_vamb: 9.31669e-02  ab_vamb: 4.47034e-03  ce_vamb: 0.00000e+00  sse_vamb: 7.21713e-02  kld_vamb: 1.65253e-02  loss_labels: 6.15777e-03  ce_labels_labels: 9.09880e-04  kld_labels: 3.35865e+01  correct_labels_labels: 0.00000e+00  loss_joint: 8.56121e-02  ce_joint: 0.00000e+00  sse_joint: 1.58837e+01  ce_labels_joint: 1.72305e-03  kld_vamb_joint: 3.73748e+00  kld_labels_joint: 7.07672e+00  correct_labels_joint: 0.00000e+00  loss: 1.84937e-01
2026-08-13 14:00:51.669 | INFO    | 		Epoch: 232  loss_vamb: 9.26242e-02  ab_vamb: 4.26435e-03  ce_vamb: 0.00000e+00  sse_vamb: 7.18092e-02  kld_vamb: 1.65506e-02  loss_labels: 6.28777e-03  ce_labels_labels: 1.03706e-03  kld_labels: 3.36046e+01  correct_labels_labels: 0.00000e+00  loss_joint: 8.56372e-02  ce_joint: 0.00000e+00  sse_joint: 1.58039e+01  ce_labels_joint: 2.18082e-03  kld_vamb_joint: 3.72593e+00  kld_labels_joint: 7.07552e+00  correct_labels_joint: 0.00000e+00  loss: 1.84549e-01
2026-08-13 14:00:52.308 | INFO    | 		Epoch: 233  loss_vamb: 9.29645e-02  ab_vamb: 4.46840e-03  ce_vamb: 0.00000e+00  sse_vamb: 7.19169e-02  kld_vamb: 1.65792e-02  loss_labels: 6.09777e-03  ce_labels_labels: 8.68275e-04  kld_labels: 3.34687e+01  correct_labels_labels: 0.00000e+00  loss_joint: 8.48950e-02  ce_joint: 0.00000e+00  sse_joint: 1.58455e+01  ce_labels_joint: 1.39510e-03  kld_vamb_joint: 3.72548e+00  kld_labels_joint: 7.07496e+00  correct_labels_joint: 0.00000e+00  loss: 1.83957e-01
2026-08-13 14:00:53.026 | INFO    | 		Epoch: 234  loss_vamb: 9.26351e-02  ab_vamb: 4.36495e-03  ce_vamb: 0.00000e+00  sse_vamb: 7.16696e-02  kld_vamb: 1.66006e-02  loss_labels: 5.87394e-03  ce_labels_labels: 6.43163e-04  kld_labels: 3.34770e+01  correct_labels_labels: 0.00000e+00  loss_joint: 8.53194e-02  ce_joint: 0.00000e+00  sse_joint: 1.57960e+01  ce_labels_joint: 1.84553e-03  kld_vamb_joint: 3.71417e+00  kld_labels_joint: 7.07107e+00  correct_labels_joint: 0.00000e+00  loss: 1.83828e-01
2026-08-13 14:00:53.748 | INFO    | 		Epoch: 235  loss_vamb: 9.24130e-02  ab_vamb: 4.13066e-03  ce_vamb: 0.00000e+00  sse_vamb: 7.16721e-02  kld_vamb: 1.66103e-02  loss_labels: 6.17637e-03  ce_labels_labels: 9.37902e-04  kld_labels: 3.35262e+01  correct_labels_labels: 0.00000e+00  loss_joint: 8.48548e-02  ce_joint: 0.00000e+00  sse_joint: 1.58031e+01  ce_labels_joint: 1.55745e-03  kld_vamb_joint: 3.71617e+00  kld_labels_joint: 7.07709e+00  correct_labels_joint: 0.00000e+00  loss: 1.83444e-01
2026-08-13 14:00:54.485 | INFO    | 		Epoch: 236  loss_vamb: 9.23293e-02  ab_vamb: 4.11920e-03  ce_vamb: 0.00000e+00  sse_vamb: 7.16059e-02  kld_vamb: 1.66042e-02  loss_labels: 5.88205e-03  ce_labels_labels: 6.48566e-04  kld_labels: 3.34943e+01  correct_labels_labels: 0.00000e+00  loss_joint: 8.44625e-02  ce_joint: 0.00000e+00  sse_joint: 1.57853e+01  ce_labels_joint: 1.38091e-03  kld_vamb_joint: 3.72450e+00  kld_labels_joint: 7.09836e+00  correct_labels_joint: 0.00000e+00  loss: 1.82674e-01
2026-08-13 14:00:55.284 | INFO    | 		Epoch: 237  loss_vamb: 9.25298e-02  ab_vamb: 4.16635e-03  ce_vamb: 0.00000e+00  sse_vamb: 7.17714e-02  kld_vamb: 1.65921e-02  loss_labels: 5.71273e-03  ce_labels_labels: 4.97930e-04  kld_labels: 3.33747e+01  correct_labels_labels: 0.00000e+00  loss_joint: 8.47898e-02  ce_joint: 0.00000e+00  sse_joint: 1.58344e+01  ce_labels_joint: 1.47542e-03  kld_vamb_joint: 3.71444e+00  kld_labels_joint: 7.10014e+00  correct_labels_joint: 0.00000e+00  loss: 1.83032e-01
2026-08-13 14:00:56.047 | INFO    | 		Epoch: 238  loss_vamb: 9.23098e-02  ab_vamb: 4.26014e-03  ce_vamb: 0.00000e+00  sse_vamb: 7.14562e-02  kld_vamb: 1.65934e-02  loss_labels: 5.88811e-03  ce_labels_labels: 6.92175e-04  kld_labels: 3.32540e+01  correct_labels_labels: 0.00000e+00  loss_joint: 8.47565e-02  ce_joint: 0.00000e+00  sse_joint: 1.57729e+01  ce_labels_joint: 1.49986e-03  kld_vamb_joint: 3.71617e+00  kld_labels_joint: 7.10366e+00  correct_labels_joint: 0.00000e+00  loss: 1.82954e-01
2026-08-13 14:00:56.838 | INFO    | 		Epoch: 239  loss_vamb: 9.25409e-02  ab_vamb: 4.27655e-03  ce_vamb: 0.00000e+00  sse_vamb: 7.16774e-02  kld_vamb: 1.65870e-02  loss_labels: 5.85148e-03  ce_labels_labels: 6.59136e-04  kld_labels: 3.32310e+01  correct_labels_labels: 0.00000e+00  loss_joint: 8.43905e-02  ce_joint: 0.00000e+00  sse_joint: 1.57630e+01  ce_labels_joint: 1.17402e-03  kld_vamb_joint: 3.72658e+00  kld_labels_joint: 7.12397e+00  correct_labels_joint: 0.00000e+00  loss: 1.82783e-01
2026-08-13 14:00:57.680 | INFO    | 		Epoch: 240  loss_vamb: 9.23877e-02  ab_vamb: 4.39391e-03  ce_vamb: 0.00000e+00  sse_vamb: 7.14103e-02  kld_vamb: 1.65835e-02  loss_labels: 5.98330e-03  ce_labels_labels: 7.96320e-04  kld_labels: 3.31967e+01  correct_labels_labels: 0.00000e+00  loss_joint: 8.52160e-02  ce_joint: 0.00000e+00  sse_joint: 1.58032e+01  ce_labels_joint: 1.98858e-03  kld_vamb_joint: 3.71499e+00  kld_labels_joint: 7.12341e+00  correct_labels_joint: 0.00000e+00  loss: 1.83587e-01
2026-08-13 14:00:58.477 | INFO    | 		Epoch: 241  loss_vamb: 9.22888e-02  ab_vamb: 4.38382e-03  ce_vamb: 0.00000e+00  sse_vamb: 7.13198e-02  kld_vamb: 1.65852e-02  loss_labels: 6.16056e-03  ce_labels_labels: 9.91201e-04  kld_labels: 3.30839e+01  correct_labels_labels: 0.00000e+00  loss_joint: 8.51518e-02  ce_joint: 0.00000e+00  sse_joint: 1.57664e+01  ce_labels_joint: 2.14117e-03  kld_vamb_joint: 3.72355e+00  kld_labels_joint: 7.13762e+00  correct_labels_joint: 0.00000e+00  loss: 1.83601e-01
2026-08-13 14:00:59.330 | INFO    | 		Epoch: 242  loss_vamb: 9.22776e-02  ab_vamb: 4.23424e-03  ce_vamb: 0.00000e+00  sse_vamb: 7.14468e-02  kld_vamb: 1.65966e-02  loss_labels: 6.22003e-03  ce_labels_labels: 1.06848e-03  kld_labels: 3.29699e+01  correct_labels_labels: 0.00000e+00  loss_joint: 8.46132e-02  ce_joint: 0.00000e+00  sse_joint: 1.57555e+01  ce_labels_joint: 1.59560e-03  kld_vamb_joint: 3.71994e+00  kld_labels_joint: 7.14365e+00  correct_labels_joint: 0.00000e+00  loss: 1.83111e-01
2026-08-13 14:01:00.226 | INFO    | 		Epoch: 243  loss_vamb: 9.20517e-02  ab_vamb: 4.08207e-03  ce_vamb: 0.00000e+00  sse_vamb: 7.13628e-02  kld_vamb: 1.66068e-02  loss_labels: 5.86913e-03  ce_labels_labels: 7.30851e-04  kld_labels: 3.28850e+01  correct_labels_labels: 0.00000e+00  loss_joint: 8.40694e-02  ce_joint: 0.00000e+00  sse_joint: 1.56880e+01  ce_labels_joint: 1.42909e-03  kld_vamb_joint: 3.70270e+00  kld_labels_joint: 7.14462e+00  correct_labels_joint: 0.00000e+00  loss: 1.81990e-01
2026-08-13 14:01:01.052 | INFO    | 		Epoch: 244  loss_vamb: 9.21819e-02  ab_vamb: 4.21758e-03  ce_vamb: 0.00000e+00  sse_vamb: 7.13493e-02  kld_vamb: 1.66150e-02  loss_labels: 6.19341e-03  ce_labels_labels: 1.04964e-03  kld_labels: 3.29202e+01  correct_labels_labels: 0.00000e+00  loss_joint: 8.45630e-02  ce_joint: 0.00000e+00  sse_joint: 1.56990e+01  ce_labels_joint: 1.81643e-03  kld_vamb_joint: 3.70305e+00  kld_labels_joint: 7.15097e+00  correct_labels_joint: 0.00000e+00  loss: 1.82938e-01
2026-08-13 14:01:01.906 | INFO    | 		Epoch: 245  loss_vamb: 9.22938e-02  ab_vamb: 4.07076e-03  ce_vamb: 0.00000e+00  sse_vamb: 7.16086e-02  kld_vamb: 1.66144e-02  loss_labels: 6.12826e-03  ce_labels_labels: 9.89339e-04  kld_labels: 3.28891e+01  correct_labels_labels: 0.00000e+00  loss_joint: 8.45078e-02  ce_joint: 0.00000e+00  sse_joint: 1.56994e+01  ce_labels_joint: 1.77532e-03  kld_vamb_joint: 3.70890e+00  kld_labels_joint: 7.16886e+00  correct_labels_joint: 0.00000e+00  loss: 1.82930e-01
2026-08-13 14:01:02.789 | INFO    | 		Epoch: 246  loss_vamb: 9.22929e-02  ab_vamb: 4.15329e-03  ce_vamb: 0.00000e+00  sse_vamb: 7.15271e-02  kld_vamb: 1.66125e-02  loss_labels: 5.83590e-03  ce_labels_labels: 7.08880e-04  kld_labels: 3.28129e+01  correct_labels_labels: 0.00000e+00  loss_joint: 8.42924e-02  ce_joint: 0.00000e+00  sse_joint: 1.56940e+01  ce_labels_joint: 1.59373e-03  kld_vamb_joint: 3.70777e+00  kld_labels_joint: 7.16632e+00  correct_labels_joint: 0.00000e+00  loss: 1.82421e-01
2026-08-13 14:01:03.604 | INFO    | 		Epoch: 247  loss_vamb: 9.26148e-02  ab_vamb: 4.46947e-03  ce_vamb: 0.00000e+00  sse_vamb: 7.15309e-02  kld_vamb: 1.66145e-02  loss_labels: 6.01576e-03  ce_labels_labels: 9.09884e-04  kld_labels: 3.26776e+01  correct_labels_labels: 0.00000e+00  loss_joint: 8.49843e-02  ce_joint: 0.00000e+00  sse_joint: 1.57294e+01  ce_labels_joint: 2.11647e-03  kld_vamb_joint: 3.70102e+00  kld_labels_joint: 7.15914e+00  correct_labels_joint: 0.00000e+00  loss: 1.83615e-01
2026-08-13 14:01:04.397 | INFO    | 		Epoch: 248  loss_vamb: 9.19935e-02  ab_vamb: 4.09426e-03  ce_vamb: 0.00000e+00  sse_vamb: 7.12695e-02  kld_vamb: 1.66297e-02  loss_labels: 5.83087e-03  ce_labels_labels: 7.31843e-04  kld_labels: 3.26338e+01  correct_labels_labels: 0.00000e+00  loss_joint: 8.48204e-02  ce_joint: 0.00000e+00  sse_joint: 1.56945e+01  ce_labels_joint: 1.90583e-03  kld_vamb_joint: 3.71289e+00  kld_labels_joint: 7.18778e+00  correct_labels_joint: 0.00000e+00  loss: 1.82645e-01
2026-08-13 14:01:05.226 | INFO    | 		Epoch: 249  loss_vamb: 9.19544e-02  ab_vamb: 4.15841e-03  ce_vamb: 0.00000e+00  sse_vamb: 7.11454e-02  kld_vamb: 1.66506e-02  loss_labels: 5.73967e-03  ce_labels_labels: 6.52032e-04  kld_labels: 3.25609e+01  correct_labels_labels: 0.00000e+00  loss_joint: 8.40793e-02  ce_joint: 0.00000e+00  sse_joint: 1.56952e+01  ce_labels_joint: 1.49342e-03  kld_vamb_joint: 3.68588e+00  kld_labels_joint: 7.17024e+00  correct_labels_joint: 0.00000e+00  loss: 1.81773e-01
2026-08-13 14:01:06.007 | INFO    | 		Epoch: 250  loss_vamb: 9.19522e-02  ab_vamb: 4.25216e-03  ce_vamb: 0.00000e+00  sse_vamb: 7.10256e-02  kld_vamb: 1.66744e-02  loss_labels: 6.23494e-03  ce_labels_labels: 1.14706e-03  kld_labels: 3.25624e+01  correct_labels_labels: 0.00000e+00  loss_joint: 8.39411e-02  ce_joint: 0.00000e+00  sse_joint: 1.56486e+01  ce_labels_joint: 1.41901e-03  kld_vamb_joint: 3.69353e+00  kld_labels_joint: 7.17965e+00  correct_labels_joint: 0.00000e+00  loss: 1.82128e-01
2026-08-13 14:01:06.799 | INFO    | 		Epoch: 251  loss_vamb: 9.22173e-02  ab_vamb: 4.42070e-03  ce_vamb: 0.00000e+00  sse_vamb: 7.11068e-02  kld_vamb: 1.66898e-02  loss_labels: 6.17469e-03  ce_labels_labels: 1.09821e-03  kld_labels: 3.24894e+01  correct_labels_labels: 0.00000e+00  loss_joint: 8.46697e-02  ce_joint: 0.00000e+00  sse_joint: 1.56823e+01  ce_labels_joint: 1.93576e-03  kld_vamb_joint: 3.71125e+00  kld_labels_joint: 7.19449e+00  correct_labels_joint: 0.00000e+00  loss: 1.83062e-01
2026-08-13 14:01:07.576 | INFO    | 		Epoch: 252  loss_vamb: 9.20617e-02  ab_vamb: 4.26452e-03  ce_vamb: 0.00000e+00  sse_vamb: 7.10890e-02  kld_vamb: 1.67082e-02  loss_labels: 5.95215e-03  ce_labels_labels: 8.98775e-04  kld_labels: 3.23416e+01  correct_labels_labels: 0.00000e+00  loss_joint: 8.47942e-02  ce_joint: 0.00000e+00  sse_joint: 1.56966e+01  ce_labels_joint: 1.96712e-03  kld_vamb_joint: 3.69655e+00  kld_labels_joint: 7.21022e+00  correct_labels_joint: 0.00000e+00  loss: 1.82808e-01
2026-08-13 14:01:08.348 | INFO    | 		Epoch: 253  loss_vamb: 9.21383e-02  ab_vamb: 4.19585e-03  ce_vamb: 0.00000e+00  sse_vamb: 7.12311e-02  kld_vamb: 1.67113e-02  loss_labels: 5.82342e-03  ce_labels_labels: 7.72613e-04  kld_labels: 3.23252e+01  correct_labels_labels: 0.00000e+00  loss_joint: 8.46897e-02  ce_joint: 0.00000e+00  sse_joint: 1.56678e+01  ce_labels_joint: 2.07692e-03  kld_vamb_joint: 3.69613e+00  kld_labels_joint: 7.21321e+00  correct_labels_joint: 0.00000e+00  loss: 1.82651e-01
2026-08-13 14:01:09.112 | INFO    | 		Epoch: 254  loss_vamb: 9.21139e-02  ab_vamb: 4.33593e-03  ce_vamb: 0.00000e+00  sse_vamb: 7.10703e-02  kld_vamb: 1.67076e-02  loss_labels: 5.78676e-03  ce_labels_labels: 7.34555e-04  kld_labels: 3.23341e+01  correct_labels_labels: 0.00000e+00  loss_joint: 8.41847e-02  ce_joint: 0.00000e+00  sse_joint: 1.56666e+01  ce_labels_joint: 1.60183e-03  kld_vamb_joint: 3.69466e+00  kld_labels_joint: 7.23563e+00  correct_labels_joint: 0.00000e+00  loss: 1.82085e-01
2026-08-13 14:01:09.940 | INFO    | 		Epoch: 255  loss_vamb: 9.17613e-02  ab_vamb: 3.96192e-03  ce_vamb: 0.00000e+00  sse_vamb: 7.10893e-02  kld_vamb: 1.67102e-02  loss_labels: 5.64175e-03  ce_labels_labels: 6.10842e-04  kld_labels: 3.21978e+01  correct_labels_labels: 0.00000e+00  loss_joint: 8.40325e-02  ce_joint: 0.00000e+00  sse_joint: 1.56432e+01  ce_labels_joint: 1.54616e-03  kld_vamb_joint: 3.69670e+00  kld_labels_joint: 7.22956e+00  correct_labels_joint: 0.00000e+00  loss: 1.81436e-01
2026-08-13 14:01:10.997 | INFO    | 		Epoch: 256  loss_vamb: 9.16855e-02  ab_vamb: 4.04071e-03  ce_vamb: 0.00000e+00  sse_vamb: 7.09332e-02  kld_vamb: 1.67115e-02  loss_labels: 5.70770e-03  ce_labels_labels: 7.06973e-04  kld_labels: 3.20046e+01  correct_labels_labels: 0.00000e+00  loss_joint: 8.47019e-02  ce_joint: 0.00000e+00  sse_joint: 1.56514e+01  ce_labels_joint: 2.25716e-03  kld_vamb_joint: 3.69601e+00  kld_labels_joint: 7.23690e+00  correct_labels_joint: 0.00000e+00  loss: 1.82095e-01
2026-08-13 14:01:11.899 | INFO    | 		Epoch: 257  loss_vamb: 9.21081e-02  ab_vamb: 4.39874e-03  ce_vamb: 0.00000e+00  sse_vamb: 7.10047e-02  kld_vamb: 1.67047e-02  loss_labels: 5.92860e-03  ce_labels_labels: 9.53626e-04  kld_labels: 3.18398e+01  correct_labels_labels: 0.00000e+00  loss_joint: 8.33606e-02  ce_joint: 0.00000e+00  sse_joint: 1.56209e+01  ce_labels_joint: 1.09961e-03  kld_vamb_joint: 3.70596e+00  kld_labels_joint: 7.25094e+00  correct_labels_joint: 0.00000e+00  loss: 1.81397e-01
2026-08-13 14:01:12.710 | INFO    | 		Epoch: 258  loss_vamb: 9.19324e-02  ab_vamb: 4.19829e-03  ce_vamb: 0.00000e+00  sse_vamb: 7.10354e-02  kld_vamb: 1.66986e-02  loss_labels: 5.71496e-03  ce_labels_labels: 7.40142e-04  kld_labels: 3.18388e+01  correct_labels_labels: 0.00000e+00  loss_joint: 8.38384e-02  ce_joint: 0.00000e+00  sse_joint: 1.56121e+01  ce_labels_joint: 1.47467e-03  kld_vamb_joint: 3.70281e+00  kld_labels_joint: 7.26848e+00  correct_labels_joint: 0.00000e+00  loss: 1.81486e-01
2026-08-13 14:01:13.559 | INFO    | 		Epoch: 259  loss_vamb: 9.21032e-02  ab_vamb: 4.25583e-03  ce_vamb: 0.00000e+00  sse_vamb: 7.11528e-02  kld_vamb: 1.66946e-02  loss_labels: 5.82229e-03  ce_labels_labels: 8.66346e-04  kld_labels: 3.17181e+01  correct_labels_labels: 0.00000e+00  loss_joint: 8.51536e-02  ce_joint: 0.00000e+00  sse_joint: 1.55610e+01  ce_labels_joint: 2.88952e-03  kld_vamb_joint: 3.70187e+00  kld_labels_joint: 7.25817e+00  correct_labels_joint: 0.00000e+00  loss: 1.83079e-01
2026-08-13 14:01:14.369 | INFO    | 		Epoch: 260  loss_vamb: 9.19631e-02  ab_vamb: 4.38087e-03  ce_vamb: 0.00000e+00  sse_vamb: 7.08863e-02  kld_vamb: 1.66960e-02  loss_labels: 5.83508e-03  ce_labels_labels: 8.87137e-04  kld_labels: 3.16668e+01  correct_labels_labels: 0.00000e+00  loss_joint: 8.40195e-02  ce_joint: 0.00000e+00  sse_joint: 1.56308e+01  ce_labels_joint: 1.65374e-03  kld_vamb_joint: 3.71036e+00  kld_labels_joint: 7.27722e+00  correct_labels_joint: 0.00000e+00  loss: 1.81818e-01
2026-08-13 14:01:15.175 | INFO    | 		Epoch: 261  loss_vamb: 9.18091e-02  ab_vamb: 4.15053e-03  ce_vamb: 0.00000e+00  sse_vamb: 7.09556e-02  kld_vamb: 1.67030e-02  loss_labels: 5.72874e-03  ce_labels_labels: 8.01460e-04  kld_labels: 3.15346e+01  correct_labels_labels: 0.00000e+00  loss_joint: 8.41057e-02  ce_joint: 0.00000e+00  sse_joint: 1.55866e+01  ce_labels_joint: 1.86920e-03  kld_vamb_joint: 3.69483e+00  kld_labels_joint: 7.26211e+00  correct_labels_joint: 0.00000e+00  loss: 1.81643e-01
2026-08-13 14:01:16.020 | INFO    | 		Epoch: 262  loss_vamb: 9.18190e-02  ab_vamb: 4.26661e-03  ce_vamb: 0.00000e+00  sse_vamb: 7.08458e-02  kld_vamb: 1.67066e-02  loss_labels: 7.43249e-03  ce_labels_labels: 2.50725e-03  kld_labels: 3.15216e+01  correct_labels_labels: 0.00000e+00  loss_joint: 8.39159e-02  ce_joint: 0.00000e+00  sse_joint: 1.56384e+01  ce_labels_joint: 1.60431e-03  kld_vamb_joint: 3.70245e+00  kld_labels_joint: 7.28635e+00  correct_labels_joint: 0.00000e+00  loss: 1.83167e-01
2026-08-13 14:01:16.813 | INFO    | 		Epoch: 263  loss_vamb: 9.16520e-02  ab_vamb: 4.24558e-03  ce_vamb: 0.00000e+00  sse_vamb: 7.06975e-02  kld_vamb: 1.67090e-02  loss_labels: 5.91486e-03  ce_labels_labels: 9.75530e-04  kld_labels: 3.16117e+01  correct_labels_labels: 0.00000e+00  loss_joint: 8.35762e-02  ce_joint: 0.00000e+00  sse_joint: 1.56200e+01  ce_labels_joint: 1.48207e-03  kld_vamb_joint: 3.68464e+00  kld_labels_joint: 7.25103e+00  correct_labels_joint: 0.00000e+00  loss: 1.81143e-01
2026-08-13 14:01:17.630 | INFO    | 		Epoch: 264  loss_vamb: 9.15978e-02  ab_vamb: 3.98138e-03  ce_vamb: 0.00000e+00  sse_vamb: 7.09058e-02  kld_vamb: 1.67106e-02  loss_labels: 5.81121e-03  ce_labels_labels: 8.85082e-04  kld_labels: 3.15272e+01  correct_labels_labels: 0.00000e+00  loss_joint: 8.41854e-02  ce_joint: 0.00000e+00  sse_joint: 1.56059e+01  ce_labels_joint: 2.03549e-03  kld_vamb_joint: 3.70681e+00  kld_labels_joint: 7.30292e+00  correct_labels_joint: 0.00000e+00  loss: 1.81594e-01
2026-08-13 14:01:18.464 | INFO    | 		Epoch: 265  loss_vamb: 9.18140e-02  ab_vamb: 4.42902e-03  ce_vamb: 0.00000e+00  sse_vamb: 7.06850e-02  kld_vamb: 1.66999e-02  loss_labels: 6.69917e-03  ce_labels_labels: 1.77473e-03  kld_labels: 3.15165e+01  correct_labels_labels: 0.00000e+00  loss_joint: 8.39855e-02  ce_joint: 0.00000e+00  sse_joint: 1.55680e+01  ce_labels_joint: 1.77491e-03  kld_vamb_joint: 3.71607e+00  kld_labels_joint: 7.30396e+00  correct_labels_joint: 0.00000e+00  loss: 1.82499e-01
2026-08-13 14:01:19.258 | INFO    | 		Epoch: 266  loss_vamb: 9.17665e-02  ab_vamb: 4.19881e-03  ce_vamb: 0.00000e+00  sse_vamb: 7.08752e-02  kld_vamb: 1.66925e-02  loss_labels: 6.72186e-03  ce_labels_labels: 1.79257e-03  kld_labels: 3.15475e+01  correct_labels_labels: 0.00000e+00  loss_joint: 8.31759e-02  ce_joint: 0.00000e+00  sse_joint: 1.55765e+01  ce_labels_joint: 1.15769e-03  kld_vamb_joint: 3.70647e+00  kld_labels_joint: 7.28958e+00  correct_labels_joint: 0.00000e+00  loss: 1.81664e-01
2026-08-13 14:01:20.123 | INFO    | 		Epoch: 267  loss_vamb: 9.13272e-02  ab_vamb: 3.97623e-03  ce_vamb: 0.00000e+00  sse_vamb: 7.06586e-02  kld_vamb: 1.66923e-02  loss_labels: 5.76996e-03  ce_labels_labels: 8.21098e-04  kld_labels: 3.16727e+01  correct_labels_labels: 0.00000e+00  loss_joint: 8.32950e-02  ce_joint: 0.00000e+00  sse_joint: 1.56100e+01  ce_labels_joint: 1.38840e-03  kld_vamb_joint: 3.69560e+00  kld_labels_joint: 7.28812e+00  correct_labels_joint: 0.00000e+00  loss: 1.80392e-01
2026-08-13 14:01:20.923 | INFO    | 		Epoch: 268  loss_vamb: 9.13831e-02  ab_vamb: 4.00571e-03  ce_vamb: 0.00000e+00  sse_vamb: 7.06783e-02  kld_vamb: 1.66990e-02  loss_labels: 5.73364e-03  ce_labels_labels: 7.91586e-04  kld_labels: 3.16291e+01  correct_labels_labels: 0.00000e+00  loss_joint: 8.35126e-02  ce_joint: 0.00000e+00  sse_joint: 1.55815e+01  ce_labels_joint: 1.63890e-03  kld_vamb_joint: 3.68930e+00  kld_labels_joint: 7.26894e+00  correct_labels_joint: 0.00000e+00  loss: 1.80629e-01
2026-08-13 14:01:21.783 | INFO    | 		Epoch: 269  loss_vamb: 9.14829e-02  ab_vamb: 4.19425e-03  ce_vamb: 0.00000e+00  sse_vamb: 7.05811e-02  kld_vamb: 1.67076e-02  loss_labels: 5.71601e-03  ce_labels_labels: 7.59410e-04  kld_labels: 3.17222e+01  correct_labels_labels: 0.00000e+00  loss_joint: 8.30815e-02  ce_joint: 0.00000e+00  sse_joint: 1.55116e+01  ce_labels_joint: 1.58519e-03  kld_vamb_joint: 3.70502e+00  kld_labels_joint: 7.29490e+00  correct_labels_joint: 0.00000e+00  loss: 1.80280e-01
2026-08-13 14:01:22.628 | INFO    | 		Epoch: 270  loss_vamb: 9.18104e-02  ab_vamb: 4.31527e-03  ce_vamb: 0.00000e+00  sse_vamb: 7.07776e-02  kld_vamb: 1.67175e-02  loss_labels: 5.62008e-03  ce_labels_labels: 6.65326e-04  kld_labels: 3.17104e+01  correct_labels_labels: 0.00000e+00  loss_joint: 8.47685e-02  ce_joint: 0.00000e+00  sse_joint: 1.55806e+01  ce_labels_joint: 2.44095e-03  kld_vamb_joint: 3.70747e+00  kld_labels_joint: 7.28089e+00  correct_labels_joint: 0.00000e+00  loss: 1.82199e-01
2026-08-13 14:01:23.490 | INFO    | 		Epoch: 271  loss_vamb: 9.15069e-02  ab_vamb: 4.13543e-03  ce_vamb: 0.00000e+00  sse_vamb: 7.06393e-02  kld_vamb: 1.67322e-02  loss_labels: 5.72326e-03  ce_labels_labels: 7.62843e-04  kld_labels: 3.17467e+01  correct_labels_labels: 0.00000e+00  loss_joint: 8.42149e-02  ce_joint: 0.00000e+00  sse_joint: 1.55234e+01  ce_labels_joint: 2.48759e-03  kld_vamb_joint: 3.68901e+00  kld_labels_joint: 7.28854e+00  correct_labels_joint: 0.00000e+00  loss: 1.81445e-01
2026-08-13 14:01:24.356 | INFO    | 		Epoch: 272  loss_vamb: 9.12902e-02  ab_vamb: 4.04989e-03  ce_vamb: 0.00000e+00  sse_vamb: 7.04915e-02  kld_vamb: 1.67488e-02  loss_labels: 5.74312e-03  ce_labels_labels: 7.73163e-04  kld_labels: 3.18077e+01  correct_labels_labels: 0.00000e+00  loss_joint: 8.30272e-02  ce_joint: 0.00000e+00  sse_joint: 1.54918e+01  ce_labels_joint: 1.26430e-03  kld_vamb_joint: 3.70695e+00  kld_labels_joint: 7.30543e+00  correct_labels_joint: 0.00000e+00  loss: 1.80061e-01
2026-08-13 14:01:25.175 | INFO    | 		Epoch: 273  loss_vamb: 9.16480e-02  ab_vamb: 4.13018e-03  ce_vamb: 0.00000e+00  sse_vamb: 7.07612e-02  kld_vamb: 1.67566e-02  loss_labels: 5.60741e-03  ce_labels_labels: 6.56747e-04  kld_labels: 3.16843e+01  correct_labels_labels: 0.00000e+00  loss_joint: 8.35136e-02  ce_joint: 0.00000e+00  sse_joint: 1.55218e+01  ce_labels_joint: 1.48691e-03  kld_vamb_joint: 3.69455e+00  kld_labels_joint: 7.30276e+00  correct_labels_joint: 0.00000e+00  loss: 1.80769e-01
2026-08-13 14:01:26.055 | INFO    | 		Epoch: 274  loss_vamb: 9.12573e-02  ab_vamb: 4.18684e-03  ce_vamb: 0.00000e+00  sse_vamb: 7.03097e-02  kld_vamb: 1.67607e-02  loss_labels: 5.55358e-03  ce_labels_labels: 5.88367e-04  kld_labels: 3.17773e+01  correct_labels_labels: 0.00000e+00  loss_joint: 8.28825e-02  ce_joint: 0.00000e+00  sse_joint: 1.55104e+01  ce_labels_joint: 1.32767e-03  kld_vamb_joint: 3.69678e+00  kld_labels_joint: 7.31708e+00  correct_labels_joint: 0.00000e+00  loss: 1.79693e-01
2026-08-13 14:01:26.875 | INFO    | 		Epoch: 275  loss_vamb: 9.14040e-02  ab_vamb: 4.27730e-03  ce_vamb: 0.00000e+00  sse_vamb: 7.03629e-02  kld_vamb: 1.67639e-02  loss_labels: 5.57928e-03  ce_labels_labels: 6.24766e-04  kld_labels: 3.17089e+01  correct_labels_labels: 0.00000e+00  loss_joint: 8.28225e-02  ce_joint: 0.00000e+00  sse_joint: 1.55357e+01  ce_labels_joint: 1.29902e-03  kld_vamb_joint: 3.71268e+00  kld_labels_joint: 7.33140e+00  correct_labels_joint: 0.00000e+00  loss: 1.79806e-01
2026-08-13 14:01:27.747 | INFO    | 		Epoch: 276  loss_vamb: 9.17236e-02  ab_vamb: 4.50209e-03  ce_vamb: 0.00000e+00  sse_vamb: 7.04578e-02  kld_vamb: 1.67637e-02  loss_labels: 5.79405e-03  ce_labels_labels: 8.53107e-04  kld_labels: 3.16220e+01  correct_labels_labels: 0.00000e+00  loss_joint: 8.38660e-02  ce_joint: 0.00000e+00  sse_joint: 1.54921e+01  ce_labels_joint: 1.90945e-03  kld_vamb_joint: 3.69452e+00  kld_labels_joint: 7.32395e+00  correct_labels_joint: 0.00000e+00  loss: 1.81384e-01
2026-08-13 14:01:28.569 | INFO    | 		Epoch: 277  loss_vamb: 9.12974e-02  ab_vamb: 4.04291e-03  ce_vamb: 0.00000e+00  sse_vamb: 7.04858e-02  kld_vamb: 1.67686e-02  loss_labels: 5.96768e-03  ce_labels_labels: 1.01184e-03  kld_labels: 3.17174e+01  correct_labels_labels: 0.00000e+00  loss_joint: 8.28878e-02  ce_joint: 0.00000e+00  sse_joint: 1.54507e+01  ce_labels_joint: 1.64905e-03  kld_vamb_joint: 3.68867e+00  kld_labels_joint: 7.31548e+00  correct_labels_joint: 0.00000e+00  loss: 1.80153e-01
2026-08-13 14:01:29.388 | INFO    | 		Epoch: 278  loss_vamb: 9.13657e-02  ab_vamb: 4.09966e-03  ce_vamb: 0.00000e+00  sse_vamb: 7.04971e-02  kld_vamb: 1.67690e-02  loss_labels: 5.86869e-03  ce_labels_labels: 9.18237e-04  kld_labels: 3.16829e+01  correct_labels_labels: 0.00000e+00  loss_joint: 8.31777e-02  ce_joint: 0.00000e+00  sse_joint: 1.55243e+01  ce_labels_joint: 1.49773e-03  kld_vamb_joint: 3.71291e+00  kld_labels_joint: 7.36525e+00  correct_labels_joint: 0.00000e+00  loss: 1.80412e-01
2026-08-13 14:01:30.228 | INFO    | 		Epoch: 279  loss_vamb: 9.14741e-02  ab_vamb: 4.39720e-03  ce_vamb: 0.00000e+00  sse_vamb: 7.03097e-02  kld_vamb: 1.67672e-02  loss_labels: 5.98553e-03  ce_labels_labels: 1.04057e-03  kld_labels: 3.16477e+01  correct_labels_labels: 0.00000e+00  loss_joint: 8.31739e-02  ce_joint: 0.00000e+00  sse_joint: 1.54851e+01  ce_labels_joint: 1.62074e-03  kld_vamb_joint: 3.70759e+00  kld_labels_joint: 7.36072e+00  correct_labels_joint: 0.00000e+00  loss: 1.80633e-01
2026-08-13 14:01:31.039 | INFO    | 		Epoch: 280  loss_vamb: 9.14510e-02  ab_vamb: 4.24947e-03  ce_vamb: 0.00000e+00  sse_vamb: 7.04414e-02  kld_vamb: 1.67601e-02  loss_labels: 5.76521e-03  ce_labels_labels: 8.19832e-04  kld_labels: 3.16504e+01  correct_labels_labels: 0.00000e+00  loss_joint: 8.26282e-02  ce_joint: 0.00000e+00  sse_joint: 1.54700e+01  ce_labels_joint: 1.16609e-03  kld_vamb_joint: 3.71257e+00  kld_labels_joint: 7.35367e+00  correct_labels_joint: 0.00000e+00  loss: 1.79844e-01
2026-08-13 14:01:31.846 | INFO    | 		Epoch: 281  loss_vamb: 9.09406e-02  ab_vamb: 4.15190e-03  ce_vamb: 0.00000e+00  sse_vamb: 7.00318e-02  kld_vamb: 1.67569e-02  loss_labels: 5.84822e-03  ce_labels_labels: 8.89394e-04  kld_labels: 3.17365e+01  correct_labels_labels: 0.00000e+00  loss_joint: 8.26927e-02  ce_joint: 0.00000e+00  sse_joint: 1.54213e+01  ce_labels_joint: 1.54521e-03  kld_vamb_joint: 3.70168e+00  kld_labels_joint: 7.34282e+00  correct_labels_joint: 0.00000e+00  loss: 1.79482e-01
2026-08-13 14:01:32.734 | INFO    | 		Epoch: 282  loss_vamb: 9.14006e-02  ab_vamb: 4.19923e-03  ce_vamb: 0.00000e+00  sse_vamb: 7.04566e-02  kld_vamb: 1.67447e-02  loss_labels: 5.77980e-03  ce_labels_labels: 8.28547e-04  kld_labels: 3.16880e+01  correct_labels_labels: 0.00000e+00  loss_joint: 8.25075e-02  ce_joint: 0.00000e+00  sse_joint: 1.54287e+01  ce_labels_joint: 1.16048e-03  kld_vamb_joint: 3.70835e+00  kld_labels_joint: 7.36835e+00  correct_labels_joint: 0.00000e+00  loss: 1.79688e-01
2026-08-13 14:01:33.566 | INFO    | 		Epoch: 283  loss_vamb: 9.14567e-02  ab_vamb: 4.30169e-03  ce_vamb: 0.00000e+00  sse_vamb: 7.04161e-02  kld_vamb: 1.67389e-02  loss_labels: 5.72812e-03  ce_labels_labels: 7.69819e-04  kld_labels: 3.17331e+01  correct_labels_labels: 0.00000e+00  loss_joint: 8.25473e-02  ce_joint: 0.00000e+00  sse_joint: 1.53835e+01  ce_labels_joint: 1.40440e-03  kld_vamb_joint: 3.72359e+00  kld_labels_joint: 7.36876e+00  correct_labels_joint: 0.00000e+00  loss: 1.79732e-01
2026-08-13 14:01:34.424 | INFO    | 		Epoch: 284  loss_vamb: 9.13695e-02  ab_vamb: 4.17575e-03  ce_vamb: 0.00000e+00  sse_vamb: 7.04564e-02  kld_vamb: 1.67373e-02  loss_labels: 6.26864e-03  ce_labels_labels: 1.32559e-03  kld_labels: 3.16355e+01  correct_labels_labels: 0.00000e+00  loss_joint: 8.25311e-02  ce_joint: 0.00000e+00  sse_joint: 1.54034e+01  ce_labels_joint: 1.60417e-03  kld_vamb_joint: 3.71858e+00  kld_labels_joint: 7.37442e+00  correct_labels_joint: 0.00000e+00  loss: 1.80169e-01
2026-08-13 14:01:35.226 | INFO    | 		Epoch: 285  loss_vamb: 9.10640e-02  ab_vamb: 4.09856e-03  ce_vamb: 0.00000e+00  sse_vamb: 7.02251e-02  kld_vamb: 1.67404e-02  loss_labels: 6.33512e-03  ce_labels_labels: 1.37881e-03  kld_labels: 3.17204e+01  correct_labels_labels: 0.00000e+00  loss_joint: 8.31149e-02  ce_joint: 0.00000e+00  sse_joint: 1.54508e+01  ce_labels_joint: 1.60099e-03  kld_vamb_joint: 3.71801e+00  kld_labels_joint: 7.38086e+00  correct_labels_joint: 0.00000e+00  loss: 1.80514e-01
2026-08-13 14:01:36.063 | INFO    | 		Epoch: 286  loss_vamb: 9.12157e-02  ab_vamb: 4.18839e-03  ce_vamb: 0.00000e+00  sse_vamb: 7.02763e-02  kld_vamb: 1.67509e-02  loss_labels: 5.70799e-03  ce_labels_labels: 7.45935e-04  kld_labels: 3.17572e+01  correct_labels_labels: 0.00000e+00  loss_joint: 8.23417e-02  ce_joint: 0.00000e+00  sse_joint: 1.53876e+01  ce_labels_joint: 1.34833e-03  kld_vamb_joint: 3.70254e+00  kld_labels_joint: 7.37340e+00  correct_labels_joint: 0.00000e+00  loss: 1.79265e-01
2026-08-13 14:01:36.886 | INFO    | 		Epoch: 287  loss_vamb: 9.08587e-02  ab_vamb: 4.02535e-03  ce_vamb: 0.00000e+00  sse_vamb: 7.00615e-02  kld_vamb: 1.67718e-02  loss_labels: 6.06438e-03  ce_labels_labels: 1.07882e-03  kld_labels: 3.19076e+01  correct_labels_labels: 0.00000e+00  loss_joint: 8.26754e-02  ce_joint: 0.00000e+00  sse_joint: 1.54386e+01  ce_labels_joint: 1.45833e-03  kld_vamb_joint: 3.71425e+00  kld_labels_joint: 7.37833e+00  correct_labels_joint: 0.00000e+00  loss: 1.79598e-01
2026-08-13 14:01:37.677 | INFO    | 		Epoch: 288  loss_vamb: 9.11300e-02  ab_vamb: 4.08703e-03  ce_vamb: 0.00000e+00  sse_vamb: 7.02568e-02  kld_vamb: 1.67862e-02  loss_labels: 5.74128e-03  ce_labels_labels: 7.41107e-04  kld_labels: 3.20011e+01  correct_labels_labels: 0.00000e+00  loss_joint: 8.26203e-02  ce_joint: 0.00000e+00  sse_joint: 1.54452e+01  ce_labels_joint: 1.26555e-03  kld_vamb_joint: 3.70733e+00  kld_labels_joint: 7.39514e+00  correct_labels_joint: 0.00000e+00  loss: 1.79492e-01
2026-08-13 14:01:38.486 | INFO    | 		Epoch: 289  loss_vamb: 9.11468e-02  ab_vamb: 4.05446e-03  ce_vamb: 0.00000e+00  sse_vamb: 7.02929e-02  kld_vamb: 1.67994e-02  loss_labels: 6.17577e-03  ce_labels_labels: 1.17259e-03  kld_labels: 3.20203e+01  correct_labels_labels: 0.00000e+00  loss_joint: 8.26112e-02  ce_joint: 0.00000e+00  sse_joint: 1.53716e+01  ce_labels_joint: 1.46337e-03  kld_vamb_joint: 3.70241e+00  kld_labels_joint: 7.38334e+00  correct_labels_joint: 0.00000e+00  loss: 1.79934e-01
2026-08-13 14:01:39.283 | INFO    | 		Epoch: 290  loss_vamb: 9.08805e-02  ab_vamb: 4.04967e-03  ce_vamb: 0.00000e+00  sse_vamb: 7.00276e-02  kld_vamb: 1.68032e-02  loss_labels: 6.18836e-03  ce_labels_labels: 1.17273e-03  kld_labels: 3.21001e+01  correct_labels_labels: 0.00000e+00  loss_joint: 8.21511e-02  ce_joint: 0.00000e+00  sse_joint: 1.53651e+01  ce_labels_joint: 1.30809e-03  kld_vamb_joint: 3.70317e+00  kld_labels_joint: 7.38003e+00  correct_labels_joint: 0.00000e+00  loss: 1.79220e-01
2026-08-13 14:01:40.072 | INFO    | 		Epoch: 291  loss_vamb: 9.10776e-02  ab_vamb: 4.11107e-03  ce_vamb: 0.00000e+00  sse_vamb: 7.01615e-02  kld_vamb: 1.68050e-02  loss_labels: 5.66383e-03  ce_labels_labels: 6.43348e-04  kld_labels: 3.21311e+01  correct_labels_labels: 0.00000e+00  loss_joint: 8.29006e-02  ce_joint: 0.00000e+00  sse_joint: 1.54722e+01  ce_labels_joint: 1.40292e-03  kld_vamb_joint: 3.70577e+00  kld_labels_joint: 7.36230e+00  correct_labels_joint: 0.00000e+00  loss: 1.79642e-01
2026-08-13 14:01:40.941 | INFO    | 		Epoch: 292  loss_vamb: 9.07496e-02  ab_vamb: 4.08055e-03  ce_vamb: 0.00000e+00  sse_vamb: 6.98583e-02  kld_vamb: 1.68108e-02  loss_labels: 5.76461e-03  ce_labels_labels: 7.36212e-04  kld_labels: 3.21817e+01  correct_labels_labels: 0.00000e+00  loss_joint: 8.25289e-02  ce_joint: 0.00000e+00  sse_joint: 1.53725e+01  ce_labels_joint: 1.50121e-03  kld_vamb_joint: 3.70727e+00  kld_labels_joint: 7.37813e+00  correct_labels_joint: 0.00000e+00  loss: 1.79043e-01
2026-08-13 14:01:41.774 | INFO    | 		Epoch: 293  loss_vamb: 9.07916e-02  ab_vamb: 4.15613e-03  ce_vamb: 0.00000e+00  sse_vamb: 6.98235e-02  kld_vamb: 1.68120e-02  loss_labels: 6.05985e-03  ce_labels_labels: 1.03207e-03  kld_labels: 3.21778e+01  correct_labels_labels: 0.00000e+00  loss_joint: 8.26191e-02  ce_joint: 0.00000e+00  sse_joint: 1.53551e+01  ce_labels_joint: 1.62204e-03  kld_vamb_joint: 3.70479e+00  kld_labels_joint: 7.38333e+00  correct_labels_joint: 0.00000e+00  loss: 1.79471e-01
2026-08-13 14:01:42.654 | INFO    | 		Epoch: 294  loss_vamb: 9.04968e-02  ab_vamb: 3.77309e-03  ce_vamb: 0.00000e+00  sse_vamb: 6.99108e-02  kld_vamb: 1.68129e-02  loss_labels: 5.83562e-03  ce_labels_labels: 8.04724e-04  kld_labels: 3.21977e+01  correct_labels_labels: 0.00000e+00  loss_joint: 8.28285e-02  ce_joint: 0.00000e+00  sse_joint: 1.53726e+01  ce_labels_joint: 1.70799e-03  kld_vamb_joint: 3.71926e+00  kld_labels_joint: 7.39711e+00  correct_labels_joint: 0.00000e+00  loss: 1.79161e-01
2026-08-13 14:01:43.486 | INFO    | 		Epoch: 295  loss_vamb: 9.09515e-02  ab_vamb: 4.19766e-03  ce_vamb: 0.00000e+00  sse_vamb: 6.99505e-02  kld_vamb: 1.68034e-02  loss_labels: 5.74933e-03  ce_labels_labels: 7.06709e-04  kld_labels: 3.22728e+01  correct_labels_labels: 0.00000e+00  loss_joint: 8.31828e-02  ce_joint: 0.00000e+00  sse_joint: 1.53520e+01  ce_labels_joint: 2.25123e-03  kld_vamb_joint: 3.69740e+00  kld_labels_joint: 7.36955e+00  correct_labels_joint: 0.00000e+00  loss: 1.79884e-01
2026-08-13 14:01:44.279 | INFO    | 		Epoch: 296  loss_vamb: 9.07725e-02  ab_vamb: 4.19229e-03  ce_vamb: 0.00000e+00  sse_vamb: 6.97857e-02  kld_vamb: 1.67946e-02  loss_labels: 6.45381e-03  ce_labels_labels: 1.41098e-03  kld_labels: 3.22741e+01  correct_labels_labels: 0.00000e+00  loss_joint: 8.20744e-02  ce_joint: 0.00000e+00  sse_joint: 1.53704e+01  ce_labels_joint: 1.19221e-03  kld_vamb_joint: 3.71570e+00  kld_labels_joint: 7.39964e+00  correct_labels_joint: 0.00000e+00  loss: 1.79301e-01
2026-08-13 14:01:45.113 | INFO    | 		Epoch: 297  loss_vamb: 9.08011e-02  ab_vamb: 4.09338e-03  ce_vamb: 0.00000e+00  sse_vamb: 6.99128e-02  kld_vamb: 1.67950e-02  loss_labels: 5.87052e-03  ce_labels_labels: 8.32496e-04  kld_labels: 3.22434e+01  correct_labels_labels: 0.00000e+00  loss_joint: 8.24792e-02  ce_joint: 0.00000e+00  sse_joint: 1.53739e+01  ce_labels_joint: 1.37398e-03  kld_vamb_joint: 3.70007e+00  kld_labels_joint: 7.38617e+00  correct_labels_joint: 0.00000e+00  loss: 1.79151e-01
2026-08-13 14:01:45.897 | INFO    | 		Epoch: 298  loss_vamb: 9.06979e-02  ab_vamb: 4.02950e-03  ce_vamb: 0.00000e+00  sse_vamb: 6.98745e-02  kld_vamb: 1.67939e-02  loss_labels: 5.55310e-03  ce_labels_labels: 5.10644e-04  kld_labels: 3.22717e+01  correct_labels_labels: 0.00000e+00  loss_joint: 8.23504e-02  ce_joint: 0.00000e+00  sse_joint: 1.53535e+01  ce_labels_joint: 1.50262e-03  kld_vamb_joint: 3.70715e+00  kld_labels_joint: 7.38163e+00  correct_labels_joint: 0.00000e+00  loss: 1.78601e-01
2026-08-13 14:01:46.685 | INFO    | 		Epoch: 299  loss_vamb: 9.11848e-02  ab_vamb: 4.17994e-03  ce_vamb: 0.00000e+00  sse_vamb: 7.02000e-02  kld_vamb: 1.68049e-02  loss_labels: 5.88619e-03  ce_labels_labels: 8.27631e-04  kld_labels: 3.23748e+01  correct_labels_labels: 0.00000e+00  loss_joint: 8.26893e-02  ce_joint: 0.00000e+00  sse_joint: 1.52974e+01  ce_labels_joint: 1.90685e-03  kld_vamb_joint: 3.71087e+00  kld_labels_joint: 7.40463e+00  correct_labels_joint: 0.00000e+00  loss: 1.79760e-01
2026-08-13 14:01:46.889 | INFO    | (3384, 32) embedding shape
2026-08-13 14:01:46.967 | INFO    | Clustering
2026-08-13 14:01:46.967 | INFO    | 	Windowsize: 300
2026-08-13 14:01:46.967 | INFO    | 	Min successful thresholds detected: 15
2026-08-13 14:01:46.967 | INFO    | 	Max clusters: None
2026-08-13 14:01:46.967 | INFO    | 	Use CUDA for clustering: False
2026-08-13 14:01:46.967 | INFO    | 	Binsplitter: Defaulting to 'C', but disabled due to incompatible identifiers
2026-08-13 14:01:47.808 | INFO    | 	Clustered 3384 contigs in 326 unsplit bins
2026-08-13 14:01:47.808 | INFO    | 	Wrote cluster file(s) in 0.0 seconds.
2026-08-13 14:01:49.270 | INFO    | 	Wrote 17 bins with 2948 sequences in 1.46 seconds.
2026-08-13 14:01:49.270 | INFO    | 	Clustered contigs in 0.84 seconds.

2026-08-13 14:01:49.274 | INFO    | Completed Vamb in 259.16 seconds.
TaxVAMB done: /mnt/ME5024_PA2/shared/groups/ZHANGLU/Results_of_CAMI2_Other_datasets_other_binning_tools/TaxVAMB/Airways/Airways-2017.12.04_18.56.22_sample_9; finished=Thu Aug 13 14:01:49 HKT 2026
