TaxVAMB: sample=Gastrointestinal_tract-2017.12.04_18.45.54_sample_4, threads=32, started=Thu Aug 13 14:23:44 HKT 2026
2026-08-13 14:23:47.358 | INFO    | Starting Vamb version 5.0.4
2026-08-13 14:23:47.358 | INFO    | Random seed is 64255198680151155
2026-08-13 14:23:47.358 | INFO    | Invoked with CLI args: '/mnt/ME5024_PA1/home/csbhzou/miniconda3/envs/taxvamb/bin/vamb bin taxvamb --outdir /mnt/ME5024_PA2/shared/groups/ZHANGLU/Results_of_CAMI2_Other_datasets_other_binning_tools/TaxVAMB/Gastrointestinal_tract/Gastrointestinal_tract-2017.12.04_18.45.54_sample_4 --fasta /mnt/ME5024_PA2/shared/groups/ZHANGLU/Data-CAMI2-others-datasets/Gastrointestinal_tract-2017.12.04_18.45.54_sample_4.contigs.fasta --bamdir /mnt/ME5024_PA2/shared/groups/ZHANGLU/TaxVAMB-Taxonomy-TSV/Gastrointestinal_tract-2017.12.04_18.45.54_sample_4/bamdir --taxonomy /mnt/ME5024_PA2/shared/groups/ZHANGLU/TaxVAMB-Taxonomy-TSV/Gastrointestinal_tract-2017.12.04_18.45.54_sample_4/Gastrointestinal_tract-2017.12.04_18.45.54_sample_4.taxonomy.tsv --minfasta 200000 -m 2000 -p 32'
2026-08-13 14:23:47.358 | INFO    | Loading TNF
2026-08-13 14:23:47.358 | INFO    | 	Minimum sequence length: 2000
2026-08-13 14:23:47.358 | INFO    | 	Loading data from FASTA file /mnt/ME5024_PA2/shared/groups/ZHANGLU/Data-CAMI2-others-datasets/Gastrointestinal_tract-2017.12.04_18.45.54_sample_4.contigs.fasta

2026-08-13 14:23:48.883 | WARNING | Binsplit separator (option `-o`) implicitly passed as "C", but sequence identifier "NODE_1_length_870255_cov_21.809761" does not contain this separator, or contains it at the very start or end.
A binsplit separator X implies that every sequence identifier is formatted as
[sample identifier][X][sequence identifier], e.g. a binsplit separator of 'C' means that 'S1C19' and '7C11' are valid identifiers.

Skipping binsplitting.

2026-08-13 14:23:48.883 | WARNING | The minimum sequence length has been set to 2000, but 105612 sequences fell below this threshold and was filtered away.
Better results are obtained if the sequence file is filtered to the minimum sequence length before mapping.

2026-08-13 14:23:48.883 | INFO    | 	Kept 88644921 bases in 7335 sequences
2026-08-13 14:23:48.883 | INFO    | 	Processed TNF in 1.52 seconds.

2026-08-13 14:23:48.883 | INFO    | Loading depths
2026-08-13 14:23:48.883 | INFO    | 	Reference hash: 354206c2959ce689771a27e77665d19b
2026-08-13 14:23:48.884 | INFO    | 	Parsing 1 BAM files with 32 threads
2026-08-13 14:23:48.884 | INFO    | 	Min identity: 0.0
2026-08-13 14:24:15.698 | INFO    | 	Order of columns is:
2026-08-13 14:24:15.698 | INFO    | 	     0: /mnt/ME5024_PA2/shared/groups/ZHANGLU/TaxVAMB-Taxonomy-TSV/Gastrointestinal_tract-2017.12.04_18.45.54_sample_4/bamdir/Gastrointestinal_tract-2017.12.04_18.45.54_sample_4.sorted.bam
2026-08-13 14:24:15.698 | INFO    | 	Processed abundance in 26.81 seconds.

2026-08-13 14:24:15.698 | INFO    | Predicting taxonomy with Taxometer
2026-08-13 14:24:15.736 | INFO    | 	255 nodes in the graph
2026-08-13 14:24:15.782 | INFO    | 	Created dataloader
2026-08-13 14:24:15.782 | INFO    | Starting training the taxonomy predictor
2026-08-13 14:24:15.782 | INFO    | Using threshold 0.5
2026-08-13 14:24:16.585 | INFO    | 	Network properties:
2026-08-13 14:24:16.585 | INFO    | 	    CUDA: False
2026-08-13 14:24:16.585 | INFO    | 	    Hierarchical loss: flat_softmax
2026-08-13 14:24:16.585 | INFO    | 	    Alpha: 0.5
2026-08-13 14:24:16.585 | INFO    | 	    Beta: 200.0
2026-08-13 14:24:16.585 | INFO    | 	    Dropout: 0.2
2026-08-13 14:24:16.585 | INFO    | 	    N hidden: 512, 512, 512, 512
2026-08-13 14:24:16.585 | INFO    | 	Training properties:
2026-08-13 14:24:16.585 | INFO    | 	    N epochs: 100
2026-08-13 14:24:16.585 | INFO    | 	    Starting batch size: 1024
2026-08-13 14:24:16.585 | INFO    | 	    Batchsteps: None
2026-08-13 14:24:16.585 | INFO    | 	    Learning rate: 0.001
2026-08-13 14:24:16.585 | INFO    | 	    N labels: torch.Size([7335, 1])
Using decoupled weight decay
2026-08-13 14:24:17.303 | INFO    | 	Epoch: 1	CE: 4.2105489	Batchsize: 1024
2026-08-13 14:24:17.823 | INFO    | 	Epoch: 2	CE: 1.8003423	Batchsize: 1024
2026-08-13 14:24:18.756 | INFO    | 	Epoch: 3	CE: 0.9303186	Batchsize: 1024
2026-08-13 14:24:19.243 | INFO    | 	Epoch: 4	CE: 0.5504869	Batchsize: 1024
2026-08-13 14:24:19.571 | INFO    | 	Epoch: 5	CE: 0.4069099	Batchsize: 1024
2026-08-13 14:24:19.939 | INFO    | 	Epoch: 6	CE: 0.3604310	Batchsize: 1024
2026-08-13 14:24:20.310 | INFO    | 	Epoch: 7	CE: 0.3139620	Batchsize: 1024
2026-08-13 14:24:20.961 | INFO    | 	Epoch: 8	CE: 0.2651552	Batchsize: 1024
2026-08-13 14:24:21.331 | INFO    | 	Epoch: 9	CE: 0.2253163	Batchsize: 1024
2026-08-13 14:24:21.770 | INFO    | 	Epoch: 10	CE: 0.2140769	Batchsize: 1024
2026-08-13 14:24:22.184 | INFO    | 	Epoch: 11	CE: 0.2050777	Batchsize: 1024
2026-08-13 14:24:22.565 | INFO    | 	Epoch: 12	CE: 0.1848678	Batchsize: 1024
2026-08-13 14:24:22.918 | INFO    | 	Epoch: 13	CE: 0.1794564	Batchsize: 1024
2026-08-13 14:24:23.547 | INFO    | 	Epoch: 14	CE: 0.1599635	Batchsize: 1024
2026-08-13 14:24:23.884 | INFO    | 	Epoch: 15	CE: 0.1506836	Batchsize: 1024
2026-08-13 14:24:24.248 | INFO    | 	Epoch: 16	CE: 0.1447363	Batchsize: 1024
2026-08-13 14:24:24.603 | INFO    | 	Epoch: 17	CE: 0.1352687	Batchsize: 1024
2026-08-13 14:24:24.956 | INFO    | 	Epoch: 18	CE: 0.1272204	Batchsize: 1024
2026-08-13 14:24:25.267 | INFO    | 	Epoch: 19	CE: 0.1267434	Batchsize: 1024
2026-08-13 14:24:25.680 | INFO    | 	Epoch: 20	CE: 0.1156029	Batchsize: 1024
2026-08-13 14:24:26.059 | INFO    | 	Epoch: 21	CE: 0.1181695	Batchsize: 1024
2026-08-13 14:24:26.375 | INFO    | 	Epoch: 22	CE: 0.1121703	Batchsize: 1024
2026-08-13 14:24:26.724 | INFO    | 	Epoch: 23	CE: 0.1076488	Batchsize: 1024
2026-08-13 14:24:27.135 | INFO    | 	Epoch: 24	CE: 0.1003442	Batchsize: 1024
2026-08-13 14:24:27.693 | INFO    | 	Epoch: 25	CE: 0.1004524	Batchsize: 1024
2026-08-13 14:24:28.038 | INFO    | 	Epoch: 26	CE: 0.0902995	Batchsize: 1024
2026-08-13 14:24:28.533 | INFO    | 	Epoch: 27	CE: 0.0897019	Batchsize: 1024
2026-08-13 14:24:29.005 | INFO    | 	Epoch: 28	CE: 0.0756116	Batchsize: 1024
2026-08-13 14:24:29.560 | INFO    | 	Epoch: 29	CE: 0.0898738	Batchsize: 1024
2026-08-13 14:24:30.035 | INFO    | 	Epoch: 30	CE: 0.0810567	Batchsize: 1024
2026-08-13 14:24:30.457 | INFO    | 	Epoch: 31	CE: 0.0878193	Batchsize: 1024
2026-08-13 14:24:30.962 | INFO    | 	Epoch: 32	CE: 0.0837430	Batchsize: 1024
2026-08-13 14:24:31.470 | INFO    | 	Epoch: 33	CE: 0.0861125	Batchsize: 1024
2026-08-13 14:24:31.853 | INFO    | 	Epoch: 34	CE: 0.0722658	Batchsize: 1024
2026-08-13 14:24:32.201 | INFO    | 	Epoch: 35	CE: 0.0801007	Batchsize: 1024
2026-08-13 14:24:32.794 | INFO    | 	Epoch: 36	CE: 0.0782587	Batchsize: 1024
2026-08-13 14:24:33.142 | INFO    | 	Epoch: 37	CE: 0.0699912	Batchsize: 1024
2026-08-13 14:24:33.507 | INFO    | 	Epoch: 38	CE: 0.0655907	Batchsize: 1024
2026-08-13 14:24:33.852 | INFO    | 	Epoch: 39	CE: 0.0736149	Batchsize: 1024
2026-08-13 14:24:34.234 | INFO    | 	Epoch: 40	CE: 0.0640756	Batchsize: 1024
2026-08-13 14:24:34.650 | INFO    | 	Epoch: 41	CE: 0.0630059	Batchsize: 1024
2026-08-13 14:24:35.105 | INFO    | 	Epoch: 42	CE: 0.0605014	Batchsize: 1024
2026-08-13 14:24:35.514 | INFO    | 	Epoch: 43	CE: 0.0501278	Batchsize: 1024
2026-08-13 14:24:35.928 | INFO    | 	Epoch: 44	CE: 0.0551228	Batchsize: 1024
2026-08-13 14:24:36.346 | INFO    | 	Epoch: 45	CE: 0.0471839	Batchsize: 1024
2026-08-13 14:24:36.739 | INFO    | 	Epoch: 46	CE: 0.0511840	Batchsize: 1024
2026-08-13 14:24:37.104 | INFO    | 	Epoch: 47	CE: 0.0509027	Batchsize: 1024
2026-08-13 14:24:37.420 | INFO    | 	Epoch: 48	CE: 0.0445782	Batchsize: 1024
2026-08-13 14:24:37.808 | INFO    | 	Epoch: 49	CE: 0.0473237	Batchsize: 1024
2026-08-13 14:24:38.206 | INFO    | 	Epoch: 50	CE: 0.0432920	Batchsize: 1024
2026-08-13 14:24:38.891 | INFO    | 	Epoch: 51	CE: 0.0461329	Batchsize: 1024
2026-08-13 14:24:39.259 | INFO    | 	Epoch: 52	CE: 0.0458212	Batchsize: 1024
2026-08-13 14:24:39.622 | INFO    | 	Epoch: 53	CE: 0.0461636	Batchsize: 1024
2026-08-13 14:24:40.330 | INFO    | 	Epoch: 54	CE: 0.0455549	Batchsize: 1024
2026-08-13 14:24:40.958 | INFO    | 	Epoch: 55	CE: 0.0478417	Batchsize: 1024
2026-08-13 14:24:41.394 | INFO    | 	Epoch: 56	CE: 0.0477704	Batchsize: 1024
2026-08-13 14:24:41.707 | INFO    | 	Epoch: 57	CE: 0.0446457	Batchsize: 1024
2026-08-13 14:24:42.084 | INFO    | 	Epoch: 58	CE: 0.0436190	Batchsize: 1024
2026-08-13 14:24:42.572 | INFO    | 	Epoch: 59	CE: 0.0427501	Batchsize: 1024
2026-08-13 14:24:42.930 | INFO    | 	Epoch: 60	CE: 0.0434822	Batchsize: 1024
2026-08-13 14:24:43.566 | INFO    | 	Epoch: 61	CE: 0.0414830	Batchsize: 1024
2026-08-13 14:24:43.880 | INFO    | 	Epoch: 62	CE: 0.0384631	Batchsize: 1024
2026-08-13 14:24:44.436 | INFO    | 	Epoch: 63	CE: 0.0364397	Batchsize: 1024
2026-08-13 14:24:44.892 | INFO    | 	Epoch: 64	CE: 0.0412787	Batchsize: 1024
2026-08-13 14:24:45.265 | INFO    | 	Epoch: 65	CE: 0.0390984	Batchsize: 1024
2026-08-13 14:24:45.614 | INFO    | 	Epoch: 66	CE: 0.0351805	Batchsize: 1024
2026-08-13 14:24:45.975 | INFO    | 	Epoch: 67	CE: 0.0345969	Batchsize: 1024
2026-08-13 14:24:46.360 | INFO    | 	Epoch: 68	CE: 0.0357874	Batchsize: 1024
2026-08-13 14:24:46.910 | INFO    | 	Epoch: 69	CE: 0.0295572	Batchsize: 1024
2026-08-13 14:24:47.270 | INFO    | 	Epoch: 70	CE: 0.0286785	Batchsize: 1024
2026-08-13 14:24:47.643 | INFO    | 	Epoch: 71	CE: 0.0331516	Batchsize: 1024
2026-08-13 14:24:47.972 | INFO    | 	Epoch: 72	CE: 0.0353752	Batchsize: 1024
2026-08-13 14:24:48.498 | INFO    | 	Epoch: 73	CE: 0.0311549	Batchsize: 1024
2026-08-13 14:24:48.899 | INFO    | 	Epoch: 74	CE: 0.0289651	Batchsize: 1024
2026-08-13 14:24:49.234 | INFO    | 	Epoch: 75	CE: 0.0260469	Batchsize: 1024
2026-08-13 14:24:50.335 | INFO    | 	Epoch: 76	CE: 0.0320784	Batchsize: 1024
2026-08-13 14:24:51.173 | INFO    | 	Epoch: 77	CE: 0.0293799	Batchsize: 1024
2026-08-13 14:24:51.488 | INFO    | 	Epoch: 78	CE: 0.0308112	Batchsize: 1024
2026-08-13 14:24:51.908 | INFO    | 	Epoch: 79	CE: 0.0329227	Batchsize: 1024
2026-08-13 14:24:52.305 | INFO    | 	Epoch: 80	CE: 0.0284833	Batchsize: 1024
2026-08-13 14:24:52.662 | INFO    | 	Epoch: 81	CE: 0.0245640	Batchsize: 1024
2026-08-13 14:24:53.916 | INFO    | 	Epoch: 82	CE: 0.0374492	Batchsize: 1024
2026-08-13 14:24:54.346 | INFO    | 	Epoch: 83	CE: 0.0323265	Batchsize: 1024
2026-08-13 14:24:54.766 | INFO    | 	Epoch: 84	CE: 0.0289704	Batchsize: 1024
2026-08-13 14:24:55.144 | INFO    | 	Epoch: 85	CE: 0.0285774	Batchsize: 1024
2026-08-13 14:24:55.504 | INFO    | 	Epoch: 86	CE: 0.0321404	Batchsize: 1024
2026-08-13 14:24:55.889 | INFO    | 	Epoch: 87	CE: 0.0291680	Batchsize: 1024
2026-08-13 14:24:56.324 | INFO    | 	Epoch: 88	CE: 0.0335141	Batchsize: 1024
2026-08-13 14:24:56.744 | INFO    | 	Epoch: 89	CE: 0.0256022	Batchsize: 1024
2026-08-13 14:24:57.142 | INFO    | 	Epoch: 90	CE: 0.0266675	Batchsize: 1024
2026-08-13 14:24:57.526 | INFO    | 	Epoch: 91	CE: 0.0262016	Batchsize: 1024
2026-08-13 14:24:57.913 | INFO    | 	Epoch: 92	CE: 0.0306273	Batchsize: 1024
2026-08-13 14:24:58.275 | INFO    | 	Epoch: 93	CE: 0.0268365	Batchsize: 1024
2026-08-13 14:24:58.643 | INFO    | 	Epoch: 94	CE: 0.0209952	Batchsize: 1024
2026-08-13 14:24:59.031 | INFO    | 	Epoch: 95	CE: 0.0278735	Batchsize: 1024
2026-08-13 14:24:59.405 | INFO    | 	Epoch: 96	CE: 0.0259911	Batchsize: 1024
2026-08-13 14:24:59.902 | INFO    | 	Epoch: 97	CE: 0.0196630	Batchsize: 1024
2026-08-13 14:25:00.335 | INFO    | 	Epoch: 98	CE: 0.0261608	Batchsize: 1024
2026-08-13 14:25:00.695 | INFO    | 	Epoch: 99	CE: 0.0215210	Batchsize: 1024
2026-08-13 14:25:01.332 | INFO    | 	Epoch: 100	CE: 0.0177729	Batchsize: 1024
2026-08-13 14:25:01.341 | INFO    | Finished training the taxonomy predictor in 45.56 seconds.
2026-08-13 14:25:01.341 | INFO    | Writing the taxonomy predictions
2026-08-13 14:25:01.342 | INFO    | Using threshold 0.5
2026-08-13 14:25:02.052 | INFO    | Completed taxonomy predictions in 46.35 seconds.
2026-08-13 14:25:02.218 | INFO    | 	Network properties:
2026-08-13 14:25:02.218 | INFO    | 	    CUDA: False
2026-08-13 14:25:02.218 | INFO    | 	    Alpha: 0.5
2026-08-13 14:25:02.218 | INFO    | 	    Beta: 200.0
2026-08-13 14:25:02.218 | INFO    | 	    Dropout: 0.0
2026-08-13 14:25:02.219 | INFO    | 	    N hidden: 256, 256
2026-08-13 14:25:02.219 | INFO    | 	    N latent: 32
2026-08-13 14:25:02.219 | INFO    | 	Training properties:
2026-08-13 14:25:02.219 | INFO    | 	    N epochs: 300
2026-08-13 14:25:02.219 | INFO    | 	    Starting batch size: 256
2026-08-13 14:25:02.219 | INFO    | 	    Batchsteps: 25, 75, 150, 225
2026-08-13 14:25:02.219 | INFO    | 	    Learning rate: 0.001
2026-08-13 14:25:02.219 | INFO    | 	    N sequences: 7335
2026-08-13 14:25:02.219 | INFO    | 	    N samples: 1
2026-08-13 14:25:03.478 | INFO    | 		Epoch: 0  loss_vamb: 5.39905e-01  ab_vamb: 2.14728e-01  ce_vamb: 0.00000e+00  sse_vamb: 3.20400e-01  kld_vamb: 3.65290e-03  loss_labels: 1.47974e+00  ce_labels_labels: 1.47332e+00  kld_labels: 4.10745e+01  correct_labels_labels: 0.00000e+00  loss_joint: 2.70000e+00  ce_joint: 0.00000e+00  sse_joint: 6.42733e+01  ce_labels_joint: 2.16179e+00  kld_vamb_joint: 1.24399e+00  kld_labels_joint: 1.32281e+00  correct_labels_joint: 0.00000e+00  loss: 4.71964e+00
2026-08-13 14:25:04.663 | INFO    | 		Epoch: 1  loss_vamb: 2.24232e-01  ab_vamb: 5.10219e-02  ce_vamb: 0.00000e+00  sse_vamb: 1.65603e-01  kld_vamb: 7.57191e-03  loss_labels: 2.31243e-01  ce_labels_labels: 2.20363e-01  kld_labels: 6.96312e+01  correct_labels_labels: 0.00000e+00  loss_joint: 8.03350e-01  ce_joint: 0.00000e+00  sse_joint: 3.23332e+01  ce_labels_joint: 5.92964e-01  kld_vamb_joint: 2.08437e+00  kld_labels_joint: 1.89325e+00  correct_labels_joint: 0.00000e+00  loss: 1.25882e+00
2026-08-13 14:25:05.861 | INFO    | 		Epoch: 2  loss_vamb: 1.74913e-01  ab_vamb: 2.98914e-02  ce_vamb: 0.00000e+00  sse_vamb: 1.35399e-01  kld_vamb: 9.63806e-03  loss_labels: 1.33769e-01  ce_labels_labels: 1.21776e-01  kld_labels: 7.67543e+01  correct_labels_labels: 0.00000e+00  loss_joint: 4.85401e-01  ce_joint: 0.00000e+00  sse_joint: 2.80174e+01  ce_labels_joint: 3.15237e-01  kld_vamb_joint: 2.33342e+00  kld_labels_joint: 2.08517e+00  correct_labels_joint: 0.00000e+00  loss: 7.94082e-01
2026-08-13 14:25:07.294 | INFO    | 		Epoch: 3  loss_vamb: 1.55938e-01  ab_vamb: 2.41282e-02  ce_vamb: 0.00000e+00  sse_vamb: 1.21135e-01  kld_vamb: 1.07097e-02  loss_labels: 1.00212e-01  ce_labels_labels: 8.79455e-02  kld_labels: 7.85032e+01  correct_labels_labels: 0.00000e+00  loss_joint: 3.63025e-01  ce_joint: 0.00000e+00  sse_joint: 2.58722e+01  ce_labels_joint: 2.08950e-01  kld_vamb_joint: 2.44109e+00  kld_labels_joint: 2.19429e+00  correct_labels_joint: 0.00000e+00  loss: 6.19174e-01
2026-08-13 14:25:08.521 | INFO    | 		Epoch: 4  loss_vamb: 1.43896e-01  ab_vamb: 2.02238e-02  ce_vamb: 0.00000e+00  sse_vamb: 1.12273e-01  kld_vamb: 1.14493e-02  loss_labels: 7.74322e-02  ce_labels_labels: 6.51350e-02  kld_labels: 7.87022e+01  correct_labels_labels: 0.00000e+00  loss_joint: 2.92175e-01  ce_joint: 0.00000e+00  sse_joint: 2.45306e+01  ce_labels_joint: 1.47252e-01  kld_vamb_joint: 2.52884e+00  kld_labels_joint: 2.29658e+00  correct_labels_joint: 0.00000e+00  loss: 5.13503e-01
2026-08-13 14:25:09.750 | INFO    | 		Epoch: 5  loss_vamb: 1.36801e-01  ab_vamb: 1.87797e-02  ce_vamb: 0.00000e+00  sse_vamb: 1.06022e-01  kld_vamb: 1.20529e-02  loss_labels: 5.94863e-02  ce_labels_labels: 4.72297e-02  kld_labels: 7.84428e+01  correct_labels_labels: 0.00000e+00  loss_joint: 2.46344e-01  ce_joint: 0.00000e+00  sse_joint: 2.36161e+01  ce_labels_joint: 1.07221e-01  kld_vamb_joint: 2.63425e+00  kld_labels_joint: 2.42104e+00  correct_labels_joint: 0.00000e+00  loss: 4.42632e-01
2026-08-13 14:25:10.950 | INFO    | 		Epoch: 6  loss_vamb: 1.32440e-01  ab_vamb: 1.76436e-02  ce_vamb: 0.00000e+00  sse_vamb: 1.02335e-01  kld_vamb: 1.25008e-02  loss_labels: 4.86682e-02  ce_labels_labels: 3.65937e-02  kld_labels: 7.72768e+01  correct_labels_labels: 0.00000e+00  loss_joint: 2.19930e-01  ce_joint: 0.00000e+00  sse_joint: 2.29265e+01  ce_labels_joint: 8.52585e-02  kld_vamb_joint: 2.73082e+00  kld_labels_joint: 2.57257e+00  correct_labels_joint: 0.00000e+00  loss: 4.01037e-01
2026-08-13 14:25:12.138 | INFO    | 		Epoch: 7  loss_vamb: 1.27447e-01  ab_vamb: 1.62551e-02  ce_vamb: 0.00000e+00  sse_vamb: 9.84089e-02  kld_vamb: 1.28244e-02  loss_labels: 4.06604e-02  ce_labels_labels: 2.86662e-02  kld_labels: 7.67634e+01  correct_labels_labels: 0.00000e+00  loss_joint: 1.99816e-01  ce_joint: 0.00000e+00  sse_joint: 2.24967e+01  ce_labels_joint: 6.93391e-02  kld_vamb_joint: 2.80749e+00  kld_labels_joint: 2.73757e+00  correct_labels_joint: 0.00000e+00  loss: 3.67923e-01
2026-08-13 14:25:13.329 | INFO    | 		Epoch: 8  loss_vamb: 1.24387e-01  ab_vamb: 1.56731e-02  ce_vamb: 0.00000e+00  sse_vamb: 9.57246e-02  kld_vamb: 1.30283e-02  loss_labels: 3.34633e-02  ce_labels_labels: 2.17152e-02  kld_labels: 7.51878e+01  correct_labels_labels: 0.00000e+00  loss_joint: 1.81200e-01  ce_joint: 0.00000e+00  sse_joint: 2.18882e+01  ce_labels_joint: 5.35677e-02  kld_vamb_joint: 2.93988e+00  kld_labels_joint: 2.89927e+00  correct_labels_joint: 0.00000e+00  loss: 3.39050e-01
2026-08-13 14:25:14.527 | INFO    | 		Epoch: 9  loss_vamb: 1.23754e-01  ab_vamb: 1.70230e-02  ce_vamb: 0.00000e+00  sse_vamb: 9.34341e-02  kld_vamb: 1.33452e-02  loss_labels: 2.68098e-02  ce_labels_labels: 1.53183e-02  kld_labels: 7.35458e+01  correct_labels_labels: 0.00000e+00  loss_joint: 1.69311e-01  ce_joint: 0.00000e+00  sse_joint: 2.14408e+01  ce_labels_joint: 4.52392e-02  kld_vamb_joint: 3.03741e+00  kld_labels_joint: 3.05190e+00  correct_labels_joint: 0.00000e+00  loss: 3.19875e-01
2026-08-13 14:25:15.707 | INFO    | 		Epoch: 10  loss_vamb: 1.23292e-01  ab_vamb: 1.83448e-02  ce_vamb: 0.00000e+00  sse_vamb: 9.14880e-02  kld_vamb: 1.35079e-02  loss_labels: 2.42180e-02  ce_labels_labels: 1.30850e-02  kld_labels: 7.12511e+01  correct_labels_labels: 0.00000e+00  loss_joint: 1.60561e-01  ce_joint: 0.00000e+00  sse_joint: 2.09988e+01  ce_labels_joint: 3.76057e-02  kld_vamb_joint: 3.14343e+00  kld_labels_joint: 3.27063e+00  correct_labels_joint: 0.00000e+00  loss: 3.08071e-01
2026-08-13 14:25:16.949 | INFO    | 		Epoch: 11  loss_vamb: 1.21659e-01  ab_vamb: 1.80790e-02  ce_vamb: 0.00000e+00  sse_vamb: 8.99145e-02  kld_vamb: 1.36907e-02  loss_labels: 2.07168e-02  ce_labels_labels: 9.95440e-03  kld_labels: 6.88793e+01  correct_labels_labels: 0.00000e+00  loss_joint: 1.52407e-01  ce_joint: 0.00000e+00  sse_joint: 2.06326e+01  ce_labels_joint: 3.09642e-02  kld_vamb_joint: 3.23329e+00  kld_labels_joint: 3.42173e+00  correct_labels_joint: 0.00000e+00  loss: 2.94783e-01
2026-08-13 14:25:18.196 | INFO    | 		Epoch: 12  loss_vamb: 1.21301e-01  ab_vamb: 1.91696e-02  ce_vamb: 0.00000e+00  sse_vamb: 8.83134e-02  kld_vamb: 1.38089e-02  loss_labels: 1.81720e-02  ce_labels_labels: 7.78481e-03  kld_labels: 6.64778e+01  correct_labels_labels: 0.00000e+00  loss_joint: 1.44853e-01  ce_joint: 0.00000e+00  sse_joint: 2.03022e+01  ce_labels_joint: 2.51974e-02  kld_vamb_joint: 3.30944e+00  kld_labels_joint: 3.62891e+00  correct_labels_joint: 0.00000e+00  loss: 2.84326e-01
2026-08-13 14:25:19.417 | INFO    | 		Epoch: 13  loss_vamb: 1.15359e-01  ab_vamb: 1.47624e-02  ce_vamb: 0.00000e+00  sse_vamb: 8.66363e-02  kld_vamb: 1.39776e-02  loss_labels: 1.69462e-02  ce_labels_labels: 6.85382e-03  kld_labels: 6.45915e+01  correct_labels_labels: 0.00000e+00  loss_joint: 1.36382e-01  ce_joint: 0.00000e+00  sse_joint: 1.98816e+01  ce_labels_joint: 2.15528e-02  kld_vamb_joint: 3.42865e+00  kld_labels_joint: 3.82011e+00  correct_labels_joint: 0.00000e+00  loss: 2.68687e-01
2026-08-13 14:25:20.608 | INFO    | 		Epoch: 14  loss_vamb: 1.12605e-01  ab_vamb: 1.35179e-02  ce_vamb: 0.00000e+00  sse_vamb: 8.49954e-02  kld_vamb: 1.41258e-02  loss_labels: 1.49936e-02  ce_labels_labels: 5.10699e-03  kld_labels: 6.32741e+01  correct_labels_labels: 0.00000e+00  loss_joint: 1.33353e-01  ce_joint: 0.00000e+00  sse_joint: 1.95241e+01  ce_labels_joint: 2.11446e-02  kld_vamb_joint: 3.43344e+00  kld_labels_joint: 3.98148e+00  correct_labels_joint: 0.00000e+00  loss: 2.60952e-01
2026-08-13 14:25:21.779 | INFO    | 		Epoch: 15  loss_vamb: 1.09939e-01  ab_vamb: 1.22024e-02  ce_vamb: 0.00000e+00  sse_vamb: 8.34938e-02  kld_vamb: 1.42667e-02  loss_labels: 1.36334e-02  ce_labels_labels: 4.08577e-03  kld_labels: 6.11047e+01  correct_labels_labels: 0.00000e+00  loss_joint: 1.29125e-01  ce_joint: 0.00000e+00  sse_joint: 1.93223e+01  ce_labels_joint: 1.82169e-02  kld_vamb_joint: 3.53365e+00  kld_labels_joint: 4.13763e+00  correct_labels_joint: 0.00000e+00  loss: 2.52698e-01
2026-08-13 14:25:23.043 | INFO    | 		Epoch: 16  loss_vamb: 1.08553e-01  ab_vamb: 1.17119e-02  ce_vamb: 0.00000e+00  sse_vamb: 8.24949e-02  kld_vamb: 1.43689e-02  loss_labels: 1.27861e-02  ce_labels_labels: 3.59205e-03  kld_labels: 5.88416e+01  correct_labels_labels: 0.00000e+00  loss_joint: 1.23307e-01  ce_joint: 0.00000e+00  sse_joint: 1.90171e+01  ce_labels_joint: 1.49221e-02  kld_vamb_joint: 3.53219e+00  kld_labels_joint: 4.32603e+00  correct_labels_joint: 0.00000e+00  loss: 2.44645e-01
2026-08-13 14:25:24.264 | INFO    | 		Epoch: 17  loss_vamb: 1.06142e-01  ab_vamb: 1.07611e-02  ce_vamb: 0.00000e+00  sse_vamb: 8.09719e-02  kld_vamb: 1.44353e-02  loss_labels: 1.20607e-02  ce_labels_labels: 3.17709e-03  kld_labels: 5.68553e+01  correct_labels_labels: 0.00000e+00  loss_joint: 1.14405e-01  ce_joint: 0.00000e+00  sse_joint: 1.85173e+01  ce_labels_joint: 9.56844e-03  kld_vamb_joint: 3.64330e+00  kld_labels_joint: 4.53999e+00  correct_labels_joint: 0.00000e+00  loss: 2.32608e-01
2026-08-13 14:25:25.441 | INFO    | 		Epoch: 18  loss_vamb: 1.05044e-01  ab_vamb: 1.05897e-02  ce_vamb: 0.00000e+00  sse_vamb: 7.98862e-02  kld_vamb: 1.45961e-02  loss_labels: 1.22073e-02  ce_labels_labels: 3.49580e-03  kld_labels: 5.57539e+01  correct_labels_labels: 0.00000e+00  loss_joint: 1.13157e-01  ce_joint: 0.00000e+00  sse_joint: 1.82567e+01  ce_labels_joint: 1.01472e-02  kld_vamb_joint: 3.69677e+00  kld_labels_joint: 4.68154e+00  correct_labels_joint: 0.00000e+00  loss: 2.30409e-01
2026-08-13 14:25:26.631 | INFO    | 		Epoch: 19  loss_vamb: 1.04066e-01  ab_vamb: 1.05958e-02  ce_vamb: 0.00000e+00  sse_vamb: 7.87631e-02  kld_vamb: 1.47296e-02  loss_labels: 1.16355e-02  ce_labels_labels: 2.89717e-03  kld_labels: 5.59255e+01  correct_labels_labels: 0.00000e+00  loss_joint: 1.12752e-01  ce_joint: 0.00000e+00  sse_joint: 1.80837e+01  ce_labels_joint: 1.11305e-02  kld_vamb_joint: 3.71513e+00  kld_labels_joint: 4.76694e+00  correct_labels_joint: 0.00000e+00  loss: 2.28454e-01
2026-08-13 14:25:27.816 | INFO    | 		Epoch: 20  loss_vamb: 1.02893e-01  ab_vamb: 1.02492e-02  ce_vamb: 0.00000e+00  sse_vamb: 7.78014e-02  kld_vamb: 1.48645e-02  loss_labels: 1.08462e-02  ce_labels_labels: 2.41276e-03  kld_labels: 5.39739e+01  correct_labels_labels: 0.00000e+00  loss_joint: 1.09898e-01  ce_joint: 0.00000e+00  sse_joint: 1.77482e+01  ce_labels_joint: 9.99123e-03  kld_vamb_joint: 3.75681e+00  kld_labels_joint: 4.89630e+00  correct_labels_joint: 0.00000e+00  loss: 2.23637e-01
2026-08-13 14:25:29.060 | INFO    | 		Epoch: 21  loss_vamb: 1.02020e-01  ab_vamb: 1.03858e-02  ce_vamb: 0.00000e+00  sse_vamb: 7.68504e-02  kld_vamb: 1.48105e-02  loss_labels: 1.22007e-02  ce_labels_labels: 3.87178e-03  kld_labels: 5.33051e+01  correct_labels_labels: 0.00000e+00  loss_joint: 1.06612e-01  ce_joint: 0.00000e+00  sse_joint: 1.76066e+01  ce_labels_joint: 7.46560e-03  kld_vamb_joint: 3.78508e+00  kld_labels_joint: 5.04289e+00  correct_labels_joint: 0.00000e+00  loss: 2.20832e-01
2026-08-13 14:25:30.287 | INFO    | 		Epoch: 22  loss_vamb: 1.00752e-01  ab_vamb: 1.00405e-02  ce_vamb: 0.00000e+00  sse_vamb: 7.57876e-02  kld_vamb: 1.49448e-02  loss_labels: 1.08723e-02  ce_labels_labels: 2.33437e-03  kld_labels: 5.46429e+01  correct_labels_labels: 0.00000e+00  loss_joint: 1.07014e-01  ce_joint: 0.00000e+00  sse_joint: 1.73785e+01  ce_labels_joint: 8.70521e-03  kld_vamb_joint: 3.82850e+00  kld_labels_joint: 5.22325e+00  correct_labels_joint: 0.00000e+00  loss: 2.18638e-01
2026-08-13 14:25:32.434 | INFO    | 		Epoch: 23  loss_vamb: 1.00078e-01  ab_vamb: 1.01642e-02  ce_vamb: 0.00000e+00  sse_vamb: 7.49224e-02  kld_vamb: 1.50085e-02  loss_labels: 1.08696e-02  ce_labels_labels: 2.62384e-03  kld_labels: 5.27731e+01  correct_labels_labels: 0.00000e+00  loss_joint: 1.04525e-01  ce_joint: 0.00000e+00  sse_joint: 1.71820e+01  ce_labels_joint: 7.89032e-03  kld_vamb_joint: 3.92671e+00  kld_labels_joint: 5.37625e+00  correct_labels_joint: 0.00000e+00  loss: 2.15472e-01
2026-08-13 14:25:33.636 | INFO    | 		Epoch: 24  loss_vamb: 9.94575e-02  ab_vamb: 1.00279e-02  ce_vamb: 0.00000e+00  sse_vamb: 7.43160e-02  kld_vamb: 1.51334e-02  loss_labels: 1.09868e-02  ce_labels_labels: 2.69284e-03  kld_labels: 5.30815e+01  correct_labels_labels: 0.00000e+00  loss_joint: 1.06631e-01  ce_joint: 0.00000e+00  sse_joint: 1.71910e+01  ce_labels_joint: 9.64453e-03  kld_vamb_joint: 3.98215e+00  kld_labels_joint: 5.50623e+00  correct_labels_joint: 0.00000e+00  loss: 2.17075e-01
2026-08-13 14:25:34.495 | INFO    | 		Epoch: 25  loss_vamb: 9.79823e-02  ab_vamb: 1.02209e-02  ce_vamb: 0.00000e+00  sse_vamb: 7.25212e-02  kld_vamb: 1.52985e-02  loss_labels: 1.01478e-02  ce_labels_labels: 1.96341e-03  kld_labels: 5.23804e+01  correct_labels_labels: 0.00000e+00  loss_joint: 1.04619e-01  ce_joint: 0.00000e+00  sse_joint: 1.68462e+01  ce_labels_joint: 9.81257e-03  kld_vamb_joint: 4.03400e+00  kld_labels_joint: 5.55281e+00  correct_labels_joint: 0.00000e+00  loss: 2.12749e-01
2026-08-13 14:25:35.451 | INFO    | 		Epoch: 26  loss_vamb: 9.75668e-02  ab_vamb: 1.02805e-02  ce_vamb: 0.00000e+00  sse_vamb: 7.18219e-02  kld_vamb: 1.54310e-02  loss_labels: 1.06315e-02  ce_labels_labels: 2.59481e-03  kld_labels: 5.14350e+01  correct_labels_labels: 0.00000e+00  loss_joint: 1.01245e-01  ce_joint: 0.00000e+00  sse_joint: 1.66779e+01  ce_labels_joint: 7.62272e-03  kld_vamb_joint: 4.02668e+00  kld_labels_joint: 5.64453e+00  correct_labels_joint: 0.00000e+00  loss: 2.09443e-01
2026-08-13 14:25:36.445 | INFO    | 		Epoch: 27  loss_vamb: 9.48297e-02  ab_vamb: 8.67831e-03  ce_vamb: 0.00000e+00  sse_vamb: 7.07343e-02  kld_vamb: 1.54218e-02  loss_labels: 1.00252e-02  ce_labels_labels: 2.11071e-03  kld_labels: 5.06528e+01  correct_labels_labels: 0.00000e+00  loss_joint: 9.68345e-02  ce_joint: 0.00000e+00  sse_joint: 1.64390e+01  ce_labels_joint: 5.40793e-03  kld_vamb_joint: 4.02471e+00  kld_labels_joint: 5.74425e+00  correct_labels_joint: 0.00000e+00  loss: 2.01689e-01
2026-08-13 14:25:37.395 | INFO    | 		Epoch: 28  loss_vamb: 9.52680e-02  ab_vamb: 9.45916e-03  ce_vamb: 0.00000e+00  sse_vamb: 7.04784e-02  kld_vamb: 1.53663e-02  loss_labels: 9.07766e-03  ce_labels_labels: 1.34744e-03  kld_labels: 4.94734e+01  correct_labels_labels: 0.00000e+00  loss_joint: 9.58109e-02  ce_joint: 0.00000e+00  sse_joint: 1.62842e+01  ce_labels_joint: 4.91294e-03  kld_vamb_joint: 4.09024e+00  kld_labels_joint: 5.87207e+00  correct_labels_joint: 0.00000e+00  loss: 2.00157e-01
2026-08-13 14:25:38.342 | INFO    | 		Epoch: 29  loss_vamb: 9.42298e-02  ab_vamb: 8.51852e-03  ce_vamb: 0.00000e+00  sse_vamb: 7.04353e-02  kld_vamb: 1.53312e-02  loss_labels: 9.22264e-03  ce_labels_labels: 1.70843e-03  kld_labels: 4.80909e+01  correct_labels_labels: 0.00000e+00  loss_joint: 9.35338e-02  ce_joint: 0.00000e+00  sse_joint: 1.61579e+01  ce_labels_joint: 4.43491e-03  kld_vamb_joint: 4.13211e+00  kld_labels_joint: 5.95768e+00  correct_labels_joint: 0.00000e+00  loss: 1.96986e-01
2026-08-13 14:25:39.289 | INFO    | 		Epoch: 30  loss_vamb: 9.40630e-02  ab_vamb: 8.34662e-03  ce_vamb: 0.00000e+00  sse_vamb: 7.03282e-02  kld_vamb: 1.53638e-02  loss_labels: 9.33866e-03  ce_labels_labels: 1.86935e-03  kld_labels: 4.78036e+01  correct_labels_labels: 0.00000e+00  loss_joint: 9.20801e-02  ce_joint: 0.00000e+00  sse_joint: 1.60855e+01  ce_labels_joint: 3.24697e-03  kld_vamb_joint: 4.14365e+00  kld_labels_joint: 6.02414e+00  correct_labels_joint: 0.00000e+00  loss: 1.95482e-01
2026-08-13 14:25:40.410 | INFO    | 		Epoch: 31  loss_vamb: 9.47421e-02  ab_vamb: 1.00960e-02  ce_vamb: 0.00000e+00  sse_vamb: 6.93425e-02  kld_vamb: 1.53630e-02  loss_labels: 8.92479e-03  ce_labels_labels: 1.54718e-03  kld_labels: 4.72167e+01  correct_labels_labels: 0.00000e+00  loss_joint: 9.25235e-02  ce_joint: 0.00000e+00  sse_joint: 1.58194e+01  ce_labels_joint: 3.28712e-03  kld_vamb_joint: 4.16968e+00  kld_labels_joint: 6.13901e+00  correct_labels_joint: 0.00000e+00  loss: 1.96190e-01
2026-08-13 14:25:41.347 | INFO    | 		Epoch: 32  loss_vamb: 9.28638e-02  ab_vamb: 8.37749e-03  ce_vamb: 0.00000e+00  sse_vamb: 6.91319e-02  kld_vamb: 1.54075e-02  loss_labels: 9.06827e-03  ce_labels_labels: 1.83196e-03  kld_labels: 4.63124e+01  correct_labels_labels: 0.00000e+00  loss_joint: 9.09165e-02  ce_joint: 0.00000e+00  sse_joint: 1.57218e+01  ce_labels_joint: 3.33233e-03  kld_vamb_joint: 4.16496e+00  kld_labels_joint: 6.22880e+00  correct_labels_joint: 0.00000e+00  loss: 1.92849e-01
2026-08-13 14:25:42.256 | INFO    | 		Epoch: 33  loss_vamb: 9.20970e-02  ab_vamb: 8.30291e-03  ce_vamb: 0.00000e+00  sse_vamb: 6.83397e-02  kld_vamb: 1.54810e-02  loss_labels: 9.00441e-03  ce_labels_labels: 1.85219e-03  kld_labels: 4.57742e+01  correct_labels_labels: 0.00000e+00  loss_joint: 8.93876e-02  ce_joint: 0.00000e+00  sse_joint: 1.55333e+01  ce_labels_joint: 3.46869e-03  kld_vamb_joint: 4.14763e+00  kld_labels_joint: 6.29394e+00  correct_labels_joint: 0.00000e+00  loss: 1.90489e-01
2026-08-13 14:25:43.243 | INFO    | 		Epoch: 34  loss_vamb: 9.35059e-02  ab_vamb: 9.56722e-03  ce_vamb: 0.00000e+00  sse_vamb: 6.84761e-02  kld_vamb: 1.54648e-02  loss_labels: 8.54818e-03  ce_labels_labels: 1.41575e-03  kld_labels: 4.56476e+01  correct_labels_labels: 0.00000e+00  loss_joint: 8.98114e-02  ce_joint: 0.00000e+00  sse_joint: 1.55268e+01  ce_labels_joint: 3.01665e-03  kld_vamb_joint: 4.18346e+00  kld_labels_joint: 6.33684e+00  correct_labels_joint: 0.00000e+00  loss: 1.91866e-01
2026-08-13 14:25:44.750 | INFO    | 		Epoch: 35  loss_vamb: 9.23440e-02  ab_vamb: 8.53181e-03  ce_vamb: 0.00000e+00  sse_vamb: 6.83044e-02  kld_vamb: 1.54933e-02  loss_labels: 8.97414e-03  ce_labels_labels: 1.98607e-03  kld_labels: 4.47237e+01  correct_labels_labels: 0.00000e+00  loss_joint: 8.96734e-02  ce_joint: 0.00000e+00  sse_joint: 1.54833e+01  ce_labels_joint: 3.68182e-03  kld_vamb_joint: 4.18768e+00  kld_labels_joint: 6.41291e+00  correct_labels_joint: 0.00000e+00  loss: 1.90992e-01
2026-08-13 14:25:46.048 | INFO    | 		Epoch: 36  loss_vamb: 9.15250e-02  ab_vamb: 8.37535e-03  ce_vamb: 0.00000e+00  sse_vamb: 6.75497e-02  kld_vamb: 1.56028e-02  loss_labels: 8.37999e-03  ce_labels_labels: 1.48263e-03  kld_labels: 4.41431e+01  correct_labels_labels: 0.00000e+00  loss_joint: 8.79206e-02  ce_joint: 0.00000e+00  sse_joint: 1.53270e+01  ce_labels_joint: 3.21791e-03  kld_vamb_joint: 4.19857e+00  kld_labels_joint: 6.46496e+00  correct_labels_joint: 0.00000e+00  loss: 1.87826e-01
2026-08-13 14:25:47.006 | INFO    | 		Epoch: 37  loss_vamb: 9.08187e-02  ab_vamb: 8.40307e-03  ce_vamb: 0.00000e+00  sse_vamb: 6.67991e-02  kld_vamb: 1.56357e-02  loss_labels: 9.22559e-03  ce_labels_labels: 2.28048e-03  kld_labels: 4.44487e+01  correct_labels_labels: 0.00000e+00  loss_joint: 8.71384e-02  ce_joint: 0.00000e+00  sse_joint: 1.52133e+01  ce_labels_joint: 2.79084e-03  kld_vamb_joint: 4.27760e+00  kld_labels_joint: 6.56514e+00  correct_labels_joint: 0.00000e+00  loss: 1.87183e-01
2026-08-13 14:25:47.965 | INFO    | 		Epoch: 38  loss_vamb: 9.01935e-02  ab_vamb: 7.37439e-03  ce_vamb: 0.00000e+00  sse_vamb: 6.71398e-02  kld_vamb: 1.57194e-02  loss_labels: 8.82749e-03  ce_labels_labels: 1.69386e-03  kld_labels: 4.56552e+01  correct_labels_labels: 0.00000e+00  loss_joint: 8.60039e-02  ce_joint: 0.00000e+00  sse_joint: 1.51255e+01  ce_labels_joint: 3.05846e-03  kld_vamb_joint: 4.24504e+00  kld_labels_joint: 6.56043e+00  correct_labels_joint: 0.00000e+00  loss: 1.85025e-01
2026-08-13 14:25:49.199 | INFO    | 		Epoch: 39  loss_vamb: 9.13788e-02  ab_vamb: 8.12492e-03  ce_vamb: 0.00000e+00  sse_vamb: 6.75843e-02  kld_vamb: 1.57068e-02  loss_labels: 8.67495e-03  ce_labels_labels: 1.56570e-03  kld_labels: 4.54992e+01  correct_labels_labels: 0.00000e+00  loss_joint: 8.80934e-02  ce_joint: 0.00000e+00  sse_joint: 1.52864e+01  ce_labels_joint: 3.46110e-03  kld_vamb_joint: 4.24826e+00  kld_labels_joint: 6.60560e+00  correct_labels_joint: 0.00000e+00  loss: 1.88147e-01
2026-08-13 14:25:50.177 | INFO    | 		Epoch: 40  loss_vamb: 8.93143e-02  ab_vamb: 7.32475e-03  ce_vamb: 0.00000e+00  sse_vamb: 6.62099e-02  kld_vamb: 1.57350e-02  loss_labels: 8.60602e-03  ce_labels_labels: 1.51025e-03  kld_labels: 4.54129e+01  correct_labels_labels: 0.00000e+00  loss_joint: 8.47659e-02  ce_joint: 0.00000e+00  sse_joint: 1.49784e+01  ce_labels_joint: 2.69886e-03  kld_vamb_joint: 4.29799e+00  kld_labels_joint: 6.67820e+00  correct_labels_joint: 0.00000e+00  loss: 1.82686e-01
2026-08-13 14:25:51.128 | INFO    | 		Epoch: 41  loss_vamb: 8.94438e-02  ab_vamb: 7.59021e-03  ce_vamb: 0.00000e+00  sse_vamb: 6.61943e-02  kld_vamb: 1.57291e-02  loss_labels: 9.39370e-03  ce_labels_labels: 2.32314e-03  kld_labels: 4.52516e+01  correct_labels_labels: 0.00000e+00  loss_joint: 8.46507e-02  ce_joint: 0.00000e+00  sse_joint: 1.48395e+01  ce_labels_joint: 3.32431e-03  kld_vamb_joint: 4.26037e+00  kld_labels_joint: 6.69855e+00  correct_labels_joint: 0.00000e+00  loss: 1.83488e-01
2026-08-13 14:25:52.108 | INFO    | 		Epoch: 42  loss_vamb: 8.96130e-02  ab_vamb: 8.12579e-03  ce_vamb: 0.00000e+00  sse_vamb: 6.56767e-02  kld_vamb: 1.57955e-02  loss_labels: 8.76633e-03  ce_labels_labels: 1.50497e-03  kld_labels: 4.64727e+01  correct_labels_labels: 0.00000e+00  loss_joint: 8.51381e-02  ce_joint: 0.00000e+00  sse_joint: 1.48123e+01  ce_labels_joint: 2.79522e-03  kld_vamb_joint: 4.26913e+00  kld_labels_joint: 6.69513e+00  correct_labels_joint: 0.00000e+00  loss: 1.83517e-01
2026-08-13 14:25:53.074 | INFO    | 		Epoch: 43  loss_vamb: 8.82269e-02  ab_vamb: 7.52986e-03  ce_vamb: 0.00000e+00  sse_vamb: 6.49008e-02  kld_vamb: 1.57947e-02  loss_labels: 8.27418e-03  ce_labels_labels: 1.09315e-03  kld_labels: 4.59586e+01  correct_labels_labels: 0.00000e+00  loss_joint: 8.39546e-02  ce_joint: 0.00000e+00  sse_joint: 1.46921e+01  ce_labels_joint: 3.02293e-03  kld_vamb_joint: 4.28069e+00  kld_labels_joint: 6.76807e+00  correct_labels_joint: 0.00000e+00  loss: 1.80456e-01
2026-08-13 14:25:53.986 | INFO    | 		Epoch: 44  loss_vamb: 8.92848e-02  ab_vamb: 8.12880e-03  ce_vamb: 0.00000e+00  sse_vamb: 6.52237e-02  kld_vamb: 1.58740e-02  loss_labels: 8.17273e-03  ce_labels_labels: 1.26018e-03  kld_labels: 4.42403e+01  correct_labels_labels: 0.00000e+00  loss_joint: 8.52300e-02  ce_joint: 0.00000e+00  sse_joint: 1.46801e+01  ce_labels_joint: 3.34002e-03  kld_vamb_joint: 4.29067e+00  kld_labels_joint: 6.85933e+00  correct_labels_joint: 0.00000e+00  loss: 1.82688e-01
2026-08-13 14:25:54.921 | INFO    | 		Epoch: 45  loss_vamb: 9.02049e-02  ab_vamb: 9.52214e-03  ce_vamb: 0.00000e+00  sse_vamb: 6.46432e-02  kld_vamb: 1.60057e-02  loss_labels: 8.61506e-03  ce_labels_labels: 1.90576e-03  kld_labels: 4.29395e+01  correct_labels_labels: 0.00000e+00  loss_joint: 8.44695e-02  ce_joint: 0.00000e+00  sse_joint: 1.45500e+01  ce_labels_joint: 2.80594e-03  kld_vamb_joint: 4.30747e+00  kld_labels_joint: 6.96032e+00  correct_labels_joint: 0.00000e+00  loss: 1.83289e-01
2026-08-13 14:25:55.822 | INFO    | 		Epoch: 46  loss_vamb: 8.90370e-02  ab_vamb: 8.12531e-03  ce_vamb: 0.00000e+00  sse_vamb: 6.48242e-02  kld_vamb: 1.60647e-02  loss_labels: 8.99510e-03  ce_labels_labels: 2.26049e-03  kld_labels: 4.31015e+01  correct_labels_labels: 0.00000e+00  loss_joint: 8.39930e-02  ce_joint: 0.00000e+00  sse_joint: 1.45782e+01  ce_labels_joint: 3.31467e-03  kld_vamb_joint: 4.32047e+00  kld_labels_joint: 6.97225e+00  correct_labels_joint: 0.00000e+00  loss: 1.82025e-01
2026-08-13 14:25:56.747 | INFO    | 		Epoch: 47  loss_vamb: 8.86391e-02  ab_vamb: 8.56619e-03  ce_vamb: 0.00000e+00  sse_vamb: 6.39583e-02  kld_vamb: 1.61097e-02  loss_labels: 8.41903e-03  ce_labels_labels: 1.40900e-03  kld_labels: 4.48642e+01  correct_labels_labels: 0.00000e+00  loss_joint: 8.32229e-02  ce_joint: 0.00000e+00  sse_joint: 1.44317e+01  ce_labels_joint: 2.62162e-03  kld_vamb_joint: 4.30706e+00  kld_labels_joint: 6.93057e+00  correct_labels_joint: 0.00000e+00  loss: 1.80281e-01
2026-08-13 14:25:57.690 | INFO    | 		Epoch: 48  loss_vamb: 8.82719e-02  ab_vamb: 8.36908e-03  ce_vamb: 0.00000e+00  sse_vamb: 6.37555e-02  kld_vamb: 1.61307e-02  loss_labels: 8.71174e-03  ce_labels_labels: 1.62902e-03  kld_labels: 4.53294e+01  correct_labels_labels: 0.00000e+00  loss_joint: 8.22974e-02  ce_joint: 0.00000e+00  sse_joint: 1.43938e+01  ce_labels_joint: 2.18622e-03  kld_vamb_joint: 4.31829e+00  kld_labels_joint: 6.99388e+00  correct_labels_joint: 0.00000e+00  loss: 1.79281e-01
2026-08-13 14:25:58.602 | INFO    | 		Epoch: 49  loss_vamb: 8.79420e-02  ab_vamb: 8.18529e-03  ce_vamb: 0.00000e+00  sse_vamb: 6.35889e-02  kld_vamb: 1.61641e-02  loss_labels: 8.46474e-03  ce_labels_labels: 1.50172e-03  kld_labels: 4.45634e+01  correct_labels_labels: 0.00000e+00  loss_joint: 8.14672e-02  ce_joint: 0.00000e+00  sse_joint: 1.43136e+01  ce_labels_joint: 1.86166e-03  kld_vamb_joint: 4.33229e+00  kld_labels_joint: 7.09266e+00  correct_labels_joint: 0.00000e+00  loss: 1.77874e-01
2026-08-13 14:25:59.927 | INFO    | 		Epoch: 50  loss_vamb: 8.73040e-02  ab_vamb: 7.52344e-03  ce_vamb: 0.00000e+00  sse_vamb: 6.37122e-02  kld_vamb: 1.61533e-02  loss_labels: 9.07538e-03  ce_labels_labels: 2.27881e-03  kld_labels: 4.34981e+01  correct_labels_labels: 0.00000e+00  loss_joint: 8.11312e-02  ce_joint: 0.00000e+00  sse_joint: 1.42407e+01  ce_labels_joint: 2.27338e-03  kld_vamb_joint: 4.33059e+00  kld_labels_joint: 7.18907e+00  correct_labels_joint: 0.00000e+00  loss: 1.77511e-01
2026-08-13 14:26:00.929 | INFO    | 		Epoch: 51  loss_vamb: 8.73066e-02  ab_vamb: 8.27086e-03  ce_vamb: 0.00000e+00  sse_vamb: 6.28757e-02  kld_vamb: 1.61065e-02  loss_labels: 8.02838e-03  ce_labels_labels: 1.35861e-03  kld_labels: 4.26866e+01  correct_labels_labels: 0.00000e+00  loss_joint: 8.10866e-02  ce_joint: 0.00000e+00  sse_joint: 1.40612e+01  ce_labels_joint: 2.38509e-03  kld_vamb_joint: 4.36402e+00  kld_labels_joint: 7.29494e+00  correct_labels_joint: 0.00000e+00  loss: 1.76422e-01
2026-08-13 14:26:02.015 | INFO    | 		Epoch: 52  loss_vamb: 8.85342e-02  ab_vamb: 9.27871e-03  ce_vamb: 0.00000e+00  sse_vamb: 6.30835e-02  kld_vamb: 1.61787e-02  loss_labels: 8.63529e-03  ce_labels_labels: 1.82997e-03  kld_labels: 4.35540e+01  correct_labels_labels: 0.00000e+00  loss_joint: 8.19514e-02  ce_joint: 0.00000e+00  sse_joint: 1.41008e+01  ce_labels_joint: 2.45596e-03  kld_vamb_joint: 4.36014e+00  kld_labels_joint: 7.33546e+00  correct_labels_joint: 0.00000e+00  loss: 1.79121e-01
2026-08-13 14:26:03.124 | INFO    | 		Epoch: 53  loss_vamb: 8.74030e-02  ab_vamb: 8.42162e-03  ce_vamb: 0.00000e+00  sse_vamb: 6.27082e-02  kld_vamb: 1.62437e-02  loss_labels: 8.34340e-03  ce_labels_labels: 1.44739e-03  kld_labels: 4.41344e+01  correct_labels_labels: 0.00000e+00  loss_joint: 8.15903e-02  ce_joint: 0.00000e+00  sse_joint: 1.40526e+01  ce_labels_joint: 3.33128e-03  kld_vamb_joint: 4.37105e+00  kld_labels_joint: 7.40220e+00  correct_labels_joint: 0.00000e+00  loss: 1.77337e-01
2026-08-13 14:26:04.267 | INFO    | 		Epoch: 54  loss_vamb: 8.65817e-02  ab_vamb: 8.01314e-03  ce_vamb: 0.00000e+00  sse_vamb: 6.22944e-02  kld_vamb: 1.62641e-02  loss_labels: 8.63136e-03  ce_labels_labels: 1.80931e-03  kld_labels: 4.36611e+01  correct_labels_labels: 0.00000e+00  loss_joint: 8.06638e-02  ce_joint: 0.00000e+00  sse_joint: 1.38960e+01  ce_labels_joint: 3.24714e-03  kld_vamb_joint: 4.33191e+00  kld_labels_joint: 7.35499e+00  correct_labels_joint: 0.00000e+00  loss: 1.75877e-01
2026-08-13 14:26:05.218 | INFO    | 		Epoch: 55  loss_vamb: 8.59292e-02  ab_vamb: 7.74236e-03  ce_vamb: 0.00000e+00  sse_vamb: 6.18136e-02  kld_vamb: 1.63506e-02  loss_labels: 8.39855e-03  ce_labels_labels: 1.48466e-03  kld_labels: 4.42489e+01  correct_labels_labels: 0.00000e+00  loss_joint: 7.97259e-02  ce_joint: 0.00000e+00  sse_joint: 1.39041e+01  ce_labels_joint: 2.50384e-03  kld_vamb_joint: 4.36192e+00  kld_labels_joint: 7.37653e+00  correct_labels_joint: 0.00000e+00  loss: 1.74054e-01
2026-08-13 14:26:06.555 | INFO    | 		Epoch: 56  loss_vamb: 8.59598e-02  ab_vamb: 7.50882e-03  ce_vamb: 0.00000e+00  sse_vamb: 6.21285e-02  kld_vamb: 1.63351e-02  loss_labels: 8.42913e-03  ce_labels_labels: 1.46208e-03  kld_labels: 4.45891e+01  correct_labels_labels: 0.00000e+00  loss_joint: 7.85668e-02  ce_joint: 0.00000e+00  sse_joint: 1.39053e+01  ce_labels_joint: 1.87120e-03  kld_vamb_joint: 4.38330e+00  kld_labels_joint: 7.42590e+00  correct_labels_joint: 0.00000e+00  loss: 1.72956e-01
2026-08-13 14:26:07.535 | INFO    | 		Epoch: 57  loss_vamb: 8.55199e-02  ab_vamb: 7.23937e-03  ce_vamb: 0.00000e+00  sse_vamb: 6.19830e-02  kld_vamb: 1.63249e-02  loss_labels: 8.02574e-03  ce_labels_labels: 1.08656e-03  kld_labels: 4.44108e+01  correct_labels_labels: 0.00000e+00  loss_joint: 7.78952e-02  ce_joint: 0.00000e+00  sse_joint: 1.38070e+01  ce_labels_joint: 2.17084e-03  kld_vamb_joint: 4.42446e+00  kld_labels_joint: 7.47055e+00  correct_labels_joint: 0.00000e+00  loss: 1.71441e-01
2026-08-13 14:26:08.557 | INFO    | 		Epoch: 58  loss_vamb: 8.40066e-02  ab_vamb: 6.77913e-03  ce_vamb: 0.00000e+00  sse_vamb: 6.09121e-02  kld_vamb: 1.63391e-02  loss_labels: 7.84814e-03  ce_labels_labels: 1.05783e-03  kld_labels: 4.34580e+01  correct_labels_labels: 0.00000e+00  loss_joint: 7.72442e-02  ce_joint: 0.00000e+00  sse_joint: 1.36492e+01  ce_labels_joint: 2.14017e-03  kld_vamb_joint: 4.43793e+00  kld_labels_joint: 7.51978e+00  correct_labels_joint: 0.00000e+00  loss: 1.69099e-01
2026-08-13 14:26:09.496 | INFO    | 		Epoch: 59  loss_vamb: 8.65935e-02  ab_vamb: 7.86331e-03  ce_vamb: 0.00000e+00  sse_vamb: 6.22476e-02  kld_vamb: 1.63899e-02  loss_labels: 7.90072e-03  ce_labels_labels: 1.21001e-03  kld_labels: 4.28205e+01  correct_labels_labels: 0.00000e+00  loss_joint: 8.01145e-02  ce_joint: 0.00000e+00  sse_joint: 1.37976e+01  ce_labels_joint: 3.26830e-03  kld_vamb_joint: 4.44807e+00  kld_labels_joint: 7.60028e+00  correct_labels_joint: 0.00000e+00  loss: 1.74609e-01
2026-08-13 14:26:10.493 | INFO    | 		Epoch: 60  loss_vamb: 8.47072e-02  ab_vamb: 7.25111e-03  ce_vamb: 0.00000e+00  sse_vamb: 6.10285e-02  kld_vamb: 1.64697e-02  loss_labels: 7.92474e-03  ce_labels_labels: 1.31280e-03  kld_labels: 4.23164e+01  correct_labels_labels: 0.00000e+00  loss_joint: 7.78182e-02  ce_joint: 0.00000e+00  sse_joint: 1.36323e+01  ce_labels_joint: 2.40554e-03  kld_vamb_joint: 4.47540e+00  kld_labels_joint: 7.67518e+00  correct_labels_joint: 0.00000e+00  loss: 1.70450e-01
2026-08-13 14:26:11.428 | INFO    | 		Epoch: 61  loss_vamb: 8.41653e-02  ab_vamb: 7.02596e-03  ce_vamb: 0.00000e+00  sse_vamb: 6.07609e-02  kld_vamb: 1.63972e-02  loss_labels: 7.69102e-03  ce_labels_labels: 1.20168e-03  kld_labels: 4.15318e+01  correct_labels_labels: 0.00000e+00  loss_joint: 7.74709e-02  ce_joint: 0.00000e+00  sse_joint: 1.35518e+01  ce_labels_joint: 2.82376e-03  kld_vamb_joint: 4.44789e+00  kld_labels_joint: 7.69035e+00  correct_labels_joint: 0.00000e+00  loss: 1.69327e-01
2026-08-13 14:26:12.358 | INFO    | 		Epoch: 62  loss_vamb: 8.50317e-02  ab_vamb: 7.49162e-03  ce_vamb: 0.00000e+00  sse_vamb: 6.10529e-02  kld_vamb: 1.64512e-02  loss_labels: 7.30018e-03  ce_labels_labels: 9.64904e-04  kld_labels: 4.05458e+01  correct_labels_labels: 0.00000e+00  loss_joint: 7.77566e-02  ce_joint: 0.00000e+00  sse_joint: 1.35837e+01  ce_labels_joint: 2.40165e-03  kld_vamb_joint: 4.49703e+00  kld_labels_joint: 7.79213e+00  correct_labels_joint: 0.00000e+00  loss: 1.70088e-01
2026-08-13 14:26:13.294 | INFO    | 		Epoch: 63  loss_vamb: 8.46531e-02  ab_vamb: 7.69846e-03  ce_vamb: 0.00000e+00  sse_vamb: 6.05548e-02  kld_vamb: 1.65288e-02  loss_labels: 7.66642e-03  ce_labels_labels: 1.40476e-03  kld_labels: 4.00746e+01  correct_labels_labels: 0.00000e+00  loss_joint: 7.79924e-02  ce_joint: 0.00000e+00  sse_joint: 1.35360e+01  ce_labels_joint: 2.57898e-03  kld_vamb_joint: 4.50076e+00  kld_labels_joint: 7.80863e+00  correct_labels_joint: 0.00000e+00  loss: 1.70312e-01
2026-08-13 14:26:14.248 | INFO    | 		Epoch: 64  loss_vamb: 8.27145e-02  ab_vamb: 6.64590e-03  ce_vamb: 0.00000e+00  sse_vamb: 5.95405e-02  kld_vamb: 1.65217e-02  loss_labels: 8.20752e-03  ce_labels_labels: 1.77601e-03  kld_labels: 4.11617e+01  correct_labels_labels: 0.00000e+00  loss_joint: 7.68376e-02  ce_joint: 0.00000e+00  sse_joint: 1.34108e+01  ce_labels_joint: 2.66884e-03  kld_vamb_joint: 4.57248e+00  kld_labels_joint: 7.83549e+00  correct_labels_joint: 0.00000e+00  loss: 1.67760e-01
2026-08-13 14:26:15.314 | INFO    | 		Epoch: 65  loss_vamb: 8.42781e-02  ab_vamb: 7.86906e-03  ce_vamb: 0.00000e+00  sse_vamb: 5.97917e-02  kld_vamb: 1.65460e-02  loss_labels: 8.33284e-03  ce_labels_labels: 1.63257e-03  kld_labels: 4.28817e+01  correct_labels_labels: 0.00000e+00  loss_joint: 7.76988e-02  ce_joint: 0.00000e+00  sse_joint: 1.33388e+01  ce_labels_joint: 3.32092e-03  kld_vamb_joint: 4.56266e+00  kld_labels_joint: 7.77924e+00  correct_labels_joint: 0.00000e+00  loss: 1.70310e-01
2026-08-13 14:26:16.266 | INFO    | 		Epoch: 66  loss_vamb: 8.39321e-02  ab_vamb: 7.60116e-03  ce_vamb: 0.00000e+00  sse_vamb: 5.96893e-02  kld_vamb: 1.67047e-02  loss_labels: 8.15975e-03  ce_labels_labels: 1.37979e-03  kld_labels: 4.33917e+01  correct_labels_labels: 0.00000e+00  loss_joint: 7.77987e-02  ce_joint: 0.00000e+00  sse_joint: 1.33841e+01  ce_labels_joint: 3.41624e-03  kld_vamb_joint: 4.54012e+00  kld_labels_joint: 7.78438e+00  correct_labels_joint: 0.00000e+00  loss: 1.69891e-01
2026-08-13 14:26:18.088 | INFO    | 		Epoch: 67  loss_vamb: 8.45626e-02  ab_vamb: 7.68689e-03  ce_vamb: 0.00000e+00  sse_vamb: 6.02524e-02  kld_vamb: 1.66818e-02  loss_labels: 8.00902e-03  ce_labels_labels: 1.28935e-03  kld_labels: 4.30058e+01  correct_labels_labels: 0.00000e+00  loss_joint: 7.74324e-02  ce_joint: 0.00000e+00  sse_joint: 1.34382e+01  ce_labels_joint: 2.64206e-03  kld_vamb_joint: 4.54088e+00  kld_labels_joint: 7.82502e+00  correct_labels_joint: 0.00000e+00  loss: 1.70004e-01
2026-08-13 14:26:19.076 | INFO    | 		Epoch: 68  loss_vamb: 8.70991e-02  ab_vamb: 1.01638e-02  ce_vamb: 0.00000e+00  sse_vamb: 6.02422e-02  kld_vamb: 1.67596e-02  loss_labels: 7.88934e-03  ce_labels_labels: 1.32477e-03  kld_labels: 4.20132e+01  correct_labels_labels: 0.00000e+00  loss_joint: 7.84735e-02  ce_joint: 0.00000e+00  sse_joint: 1.34401e+01  ce_labels_joint: 2.28396e-03  kld_vamb_joint: 4.55397e+00  kld_labels_joint: 7.92196e+00  correct_labels_joint: 0.00000e+00  loss: 1.73462e-01
2026-08-13 14:26:20.053 | INFO    | 		Epoch: 69  loss_vamb: 8.46495e-02  ab_vamb: 8.88718e-03  ce_vamb: 0.00000e+00  sse_vamb: 5.90125e-02  kld_vamb: 1.67820e-02  loss_labels: 7.40700e-03  ce_labels_labels: 9.92289e-04  kld_labels: 4.10541e+01  correct_labels_labels: 0.00000e+00  loss_joint: 7.65068e-02  ce_joint: 0.00000e+00  sse_joint: 1.32605e+01  ce_labels_joint: 1.75256e-03  kld_vamb_joint: 4.57946e+00  kld_labels_joint: 8.00452e+00  correct_labels_joint: 0.00000e+00  loss: 1.68563e-01
2026-08-13 14:26:21.043 | INFO    | 		Epoch: 70  loss_vamb: 8.33389e-02  ab_vamb: 7.60819e-03  ce_vamb: 0.00000e+00  sse_vamb: 5.90797e-02  kld_vamb: 1.66959e-02  loss_labels: 7.83648e-03  ce_labels_labels: 1.55570e-03  kld_labels: 4.01970e+01  correct_labels_labels: 0.00000e+00  loss_joint: 7.50542e-02  ce_joint: 0.00000e+00  sse_joint: 1.31931e+01  ce_labels_joint: 1.80903e-03  kld_vamb_joint: 4.59590e+00  kld_labels_joint: 8.03177e+00  correct_labels_joint: 0.00000e+00  loss: 1.66230e-01
2026-08-13 14:26:21.971 | INFO    | 		Epoch: 71  loss_vamb: 8.34228e-02  ab_vamb: 8.07164e-03  ce_vamb: 0.00000e+00  sse_vamb: 5.86649e-02  kld_vamb: 1.66762e-02  loss_labels: 8.20371e-03  ce_labels_labels: 1.80679e-03  kld_labels: 4.09403e+01  correct_labels_labels: 0.00000e+00  loss_joint: 7.42862e-02  ce_joint: 0.00000e+00  sse_joint: 1.30460e+01  ce_labels_joint: 1.41596e-03  kld_vamb_joint: 4.63695e+00  kld_labels_joint: 8.11811e+00  correct_labels_joint: 0.00000e+00  loss: 1.65913e-01
2026-08-13 14:26:22.899 | INFO    | 		Epoch: 72  loss_vamb: 8.36119e-02  ab_vamb: 8.02499e-03  ce_vamb: 0.00000e+00  sse_vamb: 5.88194e-02  kld_vamb: 1.68324e-02  loss_labels: 7.97970e-03  ce_labels_labels: 1.39443e-03  kld_labels: 4.21457e+01  correct_labels_labels: 0.00000e+00  loss_joint: 7.45697e-02  ce_joint: 0.00000e+00  sse_joint: 1.30133e+01  ce_labels_joint: 1.90745e-03  kld_vamb_joint: 4.60168e+00  kld_labels_joint: 8.16468e+00  correct_labels_joint: 0.00000e+00  loss: 1.66161e-01
2026-08-13 14:26:23.891 | INFO    | 		Epoch: 73  loss_vamb: 8.28468e-02  ab_vamb: 7.49382e-03  ce_vamb: 0.00000e+00  sse_vamb: 5.86153e-02  kld_vamb: 1.67970e-02  loss_labels: 7.75783e-03  ce_labels_labels: 1.02880e-03  kld_labels: 4.30658e+01  correct_labels_labels: 0.00000e+00  loss_joint: 7.40645e-02  ce_joint: 0.00000e+00  sse_joint: 1.30069e+01  ce_labels_joint: 1.83051e-03  kld_vamb_joint: 4.66008e+00  kld_labels_joint: 8.18567e+00  correct_labels_joint: 0.00000e+00  loss: 1.64669e-01
2026-08-13 14:26:24.897 | INFO    | 		Epoch: 74  loss_vamb: 8.23179e-02  ab_vamb: 6.97544e-03  ce_vamb: 0.00000e+00  sse_vamb: 5.85634e-02  kld_vamb: 1.68418e-02  loss_labels: 7.82497e-03  ce_labels_labels: 1.10615e-03  kld_labels: 4.30004e+01  correct_labels_labels: 0.00000e+00  loss_joint: 7.40189e-02  ce_joint: 0.00000e+00  sse_joint: 1.29964e+01  ce_labels_joint: 2.16150e-03  kld_vamb_joint: 4.64545e+00  kld_labels_joint: 8.21175e+00  correct_labels_joint: 0.00000e+00  loss: 1.64162e-01
2026-08-13 14:26:25.709 | INFO    | 		Epoch: 75  loss_vamb: 8.07136e-02  ab_vamb: 6.48877e-03  ce_vamb: 0.00000e+00  sse_vamb: 5.74939e-02  kld_vamb: 1.67556e-02  loss_labels: 7.69637e-03  ce_labels_labels: 1.09482e-03  kld_labels: 4.22499e+01  correct_labels_labels: 0.00000e+00  loss_joint: 7.35514e-02  ce_joint: 0.00000e+00  sse_joint: 1.28147e+01  ce_labels_joint: 2.57664e-03  kld_vamb_joint: 4.68956e+00  kld_labels_joint: 8.26189e+00  correct_labels_joint: 0.00000e+00  loss: 1.61961e-01
2026-08-13 14:26:26.646 | INFO    | 		Epoch: 76  loss_vamb: 8.03757e-02  ab_vamb: 6.13861e-03  ce_vamb: 0.00000e+00  sse_vamb: 5.73773e-02  kld_vamb: 1.67989e-02  loss_labels: 7.60098e-03  ce_labels_labels: 1.05298e-03  kld_labels: 4.19072e+01  correct_labels_labels: 0.00000e+00  loss_joint: 7.20402e-02  ce_joint: 0.00000e+00  sse_joint: 1.27411e+01  ce_labels_joint: 2.07741e-03  kld_vamb_joint: 4.67241e+00  kld_labels_joint: 8.25672e+00  correct_labels_joint: 0.00000e+00  loss: 1.60017e-01
2026-08-13 14:26:27.485 | INFO    | 		Epoch: 77  loss_vamb: 7.92755e-02  ab_vamb: 5.78439e-03  ce_vamb: 0.00000e+00  sse_vamb: 5.67255e-02  kld_vamb: 1.68066e-02  loss_labels: 7.97824e-03  ce_labels_labels: 1.47397e-03  kld_labels: 4.16273e+01  correct_labels_labels: 0.00000e+00  loss_joint: 7.09170e-02  ce_joint: 0.00000e+00  sse_joint: 1.27030e+01  ce_labels_joint: 1.64591e-03  kld_vamb_joint: 4.71406e+00  kld_labels_joint: 8.30157e+00  correct_labels_joint: 0.00000e+00  loss: 1.58171e-01
2026-08-13 14:26:28.335 | INFO    | 		Epoch: 78  loss_vamb: 8.01612e-02  ab_vamb: 6.45698e-03  ce_vamb: 0.00000e+00  sse_vamb: 5.68885e-02  kld_vamb: 1.68215e-02  loss_labels: 7.65908e-03  ce_labels_labels: 1.18099e-03  kld_labels: 4.14598e+01  correct_labels_labels: 0.00000e+00  loss_joint: 7.14195e-02  ce_joint: 0.00000e+00  sse_joint: 1.26448e+01  ce_labels_joint: 1.36032e-03  kld_vamb_joint: 4.68925e+00  kld_labels_joint: 8.31240e+00  correct_labels_joint: 0.00000e+00  loss: 1.59240e-01
2026-08-13 14:26:29.204 | INFO    | 		Epoch: 79  loss_vamb: 7.85000e-02  ab_vamb: 5.50705e-03  ce_vamb: 0.00000e+00  sse_vamb: 5.61262e-02  kld_vamb: 1.68360e-02  loss_labels: 7.76176e-03  ce_labels_labels: 1.31889e-03  kld_labels: 4.12344e+01  correct_labels_labels: 0.00000e+00  loss_joint: 6.95500e-02  ce_joint: 0.00000e+00  sse_joint: 1.24755e+01  ce_labels_joint: 1.49688e-03  kld_vamb_joint: 4.66943e+00  kld_labels_joint: 8.33776e+00  correct_labels_joint: 0.00000e+00  loss: 1.55812e-01
2026-08-13 14:26:30.099 | INFO    | 		Epoch: 80  loss_vamb: 7.88261e-02  ab_vamb: 5.82909e-03  ce_vamb: 0.00000e+00  sse_vamb: 5.61115e-02  kld_vamb: 1.68198e-02  loss_labels: 7.18857e-03  ce_labels_labels: 7.23347e-04  kld_labels: 4.13774e+01  correct_labels_labels: 0.00000e+00  loss_joint: 6.96295e-02  ce_joint: 0.00000e+00  sse_joint: 1.24427e+01  ce_labels_joint: 1.29550e-03  kld_vamb_joint: 4.67377e+00  kld_labels_joint: 8.37876e+00  correct_labels_joint: 0.00000e+00  loss: 1.55644e-01
2026-08-13 14:26:30.938 | INFO    | 		Epoch: 81  loss_vamb: 7.91538e-02  ab_vamb: 6.12140e-03  ce_vamb: 0.00000e+00  sse_vamb: 5.63017e-02  kld_vamb: 1.67462e-02  loss_labels: 7.23931e-03  ce_labels_labels: 8.03048e-04  kld_labels: 4.11921e+01  correct_labels_labels: 0.00000e+00  loss_joint: 6.97900e-02  ce_joint: 0.00000e+00  sse_joint: 1.23822e+01  ce_labels_joint: 1.83580e-03  kld_vamb_joint: 4.70053e+00  kld_labels_joint: 8.43133e+00  correct_labels_joint: 0.00000e+00  loss: 1.56183e-01
2026-08-13 14:26:31.791 | INFO    | 		Epoch: 82  loss_vamb: 7.95146e-02  ab_vamb: 6.38218e-03  ce_vamb: 0.00000e+00  sse_vamb: 5.62517e-02  kld_vamb: 1.68764e-02  loss_labels: 7.26764e-03  ce_labels_labels: 9.83210e-04  kld_labels: 4.02204e+01  correct_labels_labels: 0.00000e+00  loss_joint: 6.90517e-02  ce_joint: 0.00000e+00  sse_joint: 1.23815e+01  ce_labels_joint: 1.10480e-03  kld_vamb_joint: 4.71556e+00  kld_labels_joint: 8.51447e+00  correct_labels_joint: 0.00000e+00  loss: 1.55834e-01
2026-08-13 14:26:32.614 | INFO    | 		Epoch: 83  loss_vamb: 7.96780e-02  ab_vamb: 6.69753e-03  ce_vamb: 0.00000e+00  sse_vamb: 5.61387e-02  kld_vamb: 1.69112e-02  loss_labels: 6.94292e-03  ce_labels_labels: 7.73942e-04  kld_labels: 3.94815e+01  correct_labels_labels: 0.00000e+00  loss_joint: 6.93397e-02  ce_joint: 0.00000e+00  sse_joint: 1.23807e+01  ce_labels_joint: 1.10544e-03  kld_vamb_joint: 4.70944e+00  kld_labels_joint: 8.54693e+00  correct_labels_joint: 0.00000e+00  loss: 1.55961e-01
2026-08-13 14:26:33.461 | INFO    | 		Epoch: 84  loss_vamb: 8.08024e-02  ab_vamb: 7.65608e-03  ce_vamb: 0.00000e+00  sse_vamb: 5.62649e-02  kld_vamb: 1.68871e-02  loss_labels: 6.72068e-03  ce_labels_labels: 6.72230e-04  kld_labels: 3.87101e+01  correct_labels_labels: 0.00000e+00  loss_joint: 7.09654e-02  ce_joint: 0.00000e+00  sse_joint: 1.24166e+01  ce_labels_joint: 1.70605e-03  kld_vamb_joint: 4.70517e+00  kld_labels_joint: 8.58490e+00  correct_labels_joint: 0.00000e+00  loss: 1.58488e-01
2026-08-13 14:26:34.323 | INFO    | 		Epoch: 85  loss_vamb: 8.02288e-02  ab_vamb: 7.48332e-03  ce_vamb: 0.00000e+00  sse_vamb: 5.58631e-02  kld_vamb: 1.68779e-02  loss_labels: 8.22262e-03  ce_labels_labels: 2.22427e-03  kld_labels: 3.83894e+01  correct_labels_labels: 0.00000e+00  loss_joint: 6.99152e-02  ce_joint: 0.00000e+00  sse_joint: 1.23357e+01  ce_labels_joint: 1.47136e-03  kld_vamb_joint: 4.71900e+00  kld_labels_joint: 8.61630e+00  correct_labels_joint: 0.00000e+00  loss: 1.58367e-01
2026-08-13 14:26:35.242 | INFO    | 		Epoch: 86  loss_vamb: 7.90069e-02  ab_vamb: 6.25607e-03  ce_vamb: 0.00000e+00  sse_vamb: 5.58917e-02  kld_vamb: 1.68713e-02  loss_labels: 6.72847e-03  ce_labels_labels: 6.78198e-04  kld_labels: 3.87218e+01  correct_labels_labels: 0.00000e+00  loss_joint: 6.87526e-02  ce_joint: 0.00000e+00  sse_joint: 1.22680e+01  ce_labels_joint: 1.25576e-03  kld_vamb_joint: 4.69657e+00  kld_labels_joint: 8.59864e+00  correct_labels_joint: 0.00000e+00  loss: 1.54488e-01
2026-08-13 14:26:36.099 | INFO    | 		Epoch: 87  loss_vamb: 7.90304e-02  ab_vamb: 6.25661e-03  ce_vamb: 0.00000e+00  sse_vamb: 5.58631e-02  kld_vamb: 1.68839e-02  loss_labels: 7.38866e-03  ce_labels_labels: 1.38287e-03  kld_labels: 3.84371e+01  correct_labels_labels: 0.00000e+00  loss_joint: 6.84575e-02  ce_joint: 0.00000e+00  sse_joint: 1.22376e+01  ce_labels_joint: 1.42809e-03  kld_vamb_joint: 4.70235e+00  kld_labels_joint: 8.65047e+00  correct_labels_joint: 0.00000e+00  loss: 1.54876e-01
2026-08-13 14:26:37.084 | INFO    | 		Epoch: 88  loss_vamb: 7.89638e-02  ab_vamb: 6.57127e-03  ce_vamb: 0.00000e+00  sse_vamb: 5.54085e-02  kld_vamb: 1.69426e-02  loss_labels: 6.98717e-03  ce_labels_labels: 9.97967e-04  kld_labels: 3.83309e+01  correct_labels_labels: 0.00000e+00  loss_joint: 6.89195e-02  ce_joint: 0.00000e+00  sse_joint: 1.21311e+01  ce_labels_joint: 1.77689e-03  kld_vamb_joint: 4.72642e+00  kld_labels_joint: 8.66825e+00  correct_labels_joint: 0.00000e+00  loss: 1.54870e-01
2026-08-13 14:26:37.948 | INFO    | 		Epoch: 89  loss_vamb: 7.86814e-02  ab_vamb: 6.27598e-03  ce_vamb: 0.00000e+00  sse_vamb: 5.53943e-02  kld_vamb: 1.69669e-02  loss_labels: 7.10739e-03  ce_labels_labels: 1.15038e-03  kld_labels: 3.81249e+01  correct_labels_labels: 0.00000e+00  loss_joint: 6.91568e-02  ce_joint: 0.00000e+00  sse_joint: 1.22186e+01  ce_labels_joint: 1.74054e-03  kld_vamb_joint: 4.75552e+00  kld_labels_joint: 8.66114e+00  correct_labels_joint: 0.00000e+00  loss: 1.54946e-01
2026-08-13 14:26:38.742 | INFO    | 		Epoch: 90  loss_vamb: 7.80666e-02  ab_vamb: 5.67011e-03  ce_vamb: 0.00000e+00  sse_vamb: 5.54814e-02  kld_vamb: 1.69312e-02  loss_labels: 6.77407e-03  ce_labels_labels: 8.86528e-04  kld_labels: 3.76803e+01  correct_labels_labels: 0.00000e+00  loss_joint: 6.79933e-02  ce_joint: 0.00000e+00  sse_joint: 1.21825e+01  ce_labels_joint: 1.28271e-03  kld_vamb_joint: 4.76799e+00  kld_labels_joint: 8.71645e+00  correct_labels_joint: 0.00000e+00  loss: 1.52834e-01
2026-08-13 14:26:39.829 | INFO    | 		Epoch: 91  loss_vamb: 7.83034e-02  ab_vamb: 5.95657e-03  ce_vamb: 0.00000e+00  sse_vamb: 5.54848e-02  kld_vamb: 1.68952e-02  loss_labels: 6.73772e-03  ce_labels_labels: 8.97837e-04  kld_labels: 3.73752e+01  correct_labels_labels: 0.00000e+00  loss_joint: 6.78553e-02  ce_joint: 0.00000e+00  sse_joint: 1.21282e+01  ce_labels_joint: 1.02393e-03  kld_vamb_joint: 4.78340e+00  kld_labels_joint: 8.76465e+00  correct_labels_joint: 0.00000e+00  loss: 1.52897e-01
2026-08-13 14:26:40.733 | INFO    | 		Epoch: 92  loss_vamb: 7.79204e-02  ab_vamb: 5.95842e-03  ce_vamb: 0.00000e+00  sse_vamb: 5.50863e-02  kld_vamb: 1.68922e-02  loss_labels: 6.57627e-03  ce_labels_labels: 7.61307e-04  kld_labels: 3.72158e+01  correct_labels_labels: 0.00000e+00  loss_joint: 6.79637e-02  ce_joint: 0.00000e+00  sse_joint: 1.20836e+01  ce_labels_joint: 1.47669e-03  kld_vamb_joint: 4.76203e+00  kld_labels_joint: 8.78512e+00  correct_labels_joint: 0.00000e+00  loss: 1.52460e-01
2026-08-13 14:26:41.802 | INFO    | 		Epoch: 93  loss_vamb: 7.69087e-02  ab_vamb: 5.15212e-03  ce_vamb: 0.00000e+00  sse_vamb: 5.48794e-02  kld_vamb: 1.68662e-02  loss_labels: 6.75149e-03  ce_labels_labels: 9.50970e-04  kld_labels: 3.71233e+01  correct_labels_labels: 0.00000e+00  loss_joint: 6.66088e-02  ce_joint: 0.00000e+00  sse_joint: 1.20296e+01  ce_labels_joint: 1.09782e-03  kld_vamb_joint: 4.74836e+00  kld_labels_joint: 8.78881e+00  correct_labels_joint: 0.00000e+00  loss: 1.50269e-01
2026-08-13 14:26:42.803 | INFO    | 		Epoch: 94  loss_vamb: 7.72987e-02  ab_vamb: 5.26844e-03  ce_vamb: 0.00000e+00  sse_vamb: 5.51095e-02  kld_vamb: 1.68885e-02  loss_labels: 6.93570e-03  ce_labels_labels: 1.18083e-03  kld_labels: 3.68312e+01  correct_labels_labels: 0.00000e+00  loss_joint: 6.74112e-02  ce_joint: 0.00000e+00  sse_joint: 1.20627e+01  ce_labels_joint: 1.57126e-03  kld_vamb_joint: 4.74108e+00  kld_labels_joint: 8.79065e+00  correct_labels_joint: 0.00000e+00  loss: 1.51646e-01
2026-08-13 14:26:43.710 | INFO    | 		Epoch: 95  loss_vamb: 7.75520e-02  ab_vamb: 5.56893e-03  ce_vamb: 0.00000e+00  sse_vamb: 5.50981e-02  kld_vamb: 1.68986e-02  loss_labels: 6.97624e-03  ce_labels_labels: 1.16847e-03  kld_labels: 3.71697e+01  correct_labels_labels: 0.00000e+00  loss_joint: 6.68931e-02  ce_joint: 0.00000e+00  sse_joint: 1.20303e+01  ce_labels_joint: 1.18191e-03  kld_vamb_joint: 4.75464e+00  kld_labels_joint: 8.82466e+00  correct_labels_joint: 0.00000e+00  loss: 1.51421e-01
2026-08-13 14:26:44.627 | INFO    | 		Epoch: 96  loss_vamb: 7.73585e-02  ab_vamb: 5.32709e-03  ce_vamb: 0.00000e+00  sse_vamb: 5.51304e-02  kld_vamb: 1.69120e-02  loss_labels: 6.68620e-03  ce_labels_labels: 8.10210e-04  kld_labels: 3.76063e+01  correct_labels_labels: 0.00000e+00  loss_joint: 6.71494e-02  ce_joint: 0.00000e+00  sse_joint: 1.20131e+01  ce_labels_joint: 1.32973e-03  kld_vamb_joint: 4.76437e+00  kld_labels_joint: 8.85164e+00  correct_labels_joint: 0.00000e+00  loss: 1.51194e-01
2026-08-13 14:26:45.544 | INFO    | 		Epoch: 97  loss_vamb: 7.73192e-02  ab_vamb: 5.76111e-03  ce_vamb: 0.00000e+00  sse_vamb: 5.46782e-02  kld_vamb: 1.69061e-02  loss_labels: 6.84240e-03  ce_labels_labels: 9.63755e-04  kld_labels: 3.76233e+01  correct_labels_labels: 0.00000e+00  loss_joint: 6.66392e-02  ce_joint: 0.00000e+00  sse_joint: 1.18973e+01  ce_labels_joint: 1.43614e-03  kld_vamb_joint: 4.77740e+00  kld_labels_joint: 8.87961e+00  correct_labels_joint: 0.00000e+00  loss: 1.50801e-01
2026-08-13 14:26:46.405 | INFO    | 		Epoch: 98  loss_vamb: 7.72369e-02  ab_vamb: 5.39889e-03  ce_vamb: 0.00000e+00  sse_vamb: 5.48601e-02  kld_vamb: 1.69920e-02  loss_labels: 6.45305e-03  ce_labels_labels: 6.03978e-04  kld_labels: 3.74341e+01  correct_labels_labels: 0.00000e+00  loss_joint: 6.67232e-02  ce_joint: 0.00000e+00  sse_joint: 1.19519e+01  ce_labels_joint: 1.33449e-03  kld_vamb_joint: 4.74565e+00  kld_labels_joint: 8.87773e+00  correct_labels_joint: 0.00000e+00  loss: 1.50413e-01
2026-08-13 14:26:47.326 | INFO    | 		Epoch: 99  loss_vamb: 7.79243e-02  ab_vamb: 6.17395e-03  ce_vamb: 0.00000e+00  sse_vamb: 5.47113e-02  kld_vamb: 1.70200e-02  loss_labels: 7.78006e-03  ce_labels_labels: 1.90954e-03  kld_labels: 3.75713e+01  correct_labels_labels: 0.00000e+00  loss_joint: 6.76717e-02  ce_joint: 0.00000e+00  sse_joint: 1.19473e+01  ce_labels_joint: 1.50313e-03  kld_vamb_joint: 4.76746e+00  kld_labels_joint: 8.90565e+00  correct_labels_joint: 0.00000e+00  loss: 1.53376e-01
2026-08-13 14:26:48.194 | INFO    | 		Epoch: 100  loss_vamb: 7.68241e-02  ab_vamb: 5.21108e-03  ce_vamb: 0.00000e+00  sse_vamb: 5.44917e-02  kld_vamb: 1.70828e-02  loss_labels: 6.71404e-03  ce_labels_labels: 7.24505e-04  kld_labels: 3.83330e+01  correct_labels_labels: 0.00000e+00  loss_joint: 6.58735e-02  ce_joint: 0.00000e+00  sse_joint: 1.18641e+01  ce_labels_joint: 1.13682e-03  kld_vamb_joint: 4.77844e+00  kld_labels_joint: 8.90782e+00  correct_labels_joint: 0.00000e+00  loss: 1.49412e-01
2026-08-13 14:26:49.077 | INFO    | 		Epoch: 101  loss_vamb: 7.76867e-02  ab_vamb: 5.99040e-03  ce_vamb: 0.00000e+00  sse_vamb: 5.45973e-02  kld_vamb: 1.70672e-02  loss_labels: 6.55957e-03  ce_labels_labels: 5.54955e-04  kld_labels: 3.84295e+01  correct_labels_labels: 0.00000e+00  loss_joint: 6.62944e-02  ce_joint: 0.00000e+00  sse_joint: 1.18470e+01  ce_labels_joint: 9.86949e-04  kld_vamb_joint: 4.79752e+00  kld_labels_joint: 8.95276e+00  correct_labels_joint: 0.00000e+00  loss: 1.50541e-01
2026-08-13 14:26:50.020 | INFO    | 		Epoch: 102  loss_vamb: 7.86119e-02  ab_vamb: 6.92191e-03  ce_vamb: 0.00000e+00  sse_vamb: 5.45912e-02  kld_vamb: 1.71037e-02  loss_labels: 7.07074e-03  ce_labels_labels: 1.13434e-03  kld_labels: 3.79929e+01  correct_labels_labels: 0.00000e+00  loss_joint: 6.71324e-02  ce_joint: 0.00000e+00  sse_joint: 1.18689e+01  ce_labels_joint: 1.28060e-03  kld_vamb_joint: 4.79205e+00  kld_labels_joint: 8.97619e+00  correct_labels_joint: 0.00000e+00  loss: 1.52815e-01
2026-08-13 14:26:50.912 | INFO    | 		Epoch: 103  loss_vamb: 7.75406e-02  ab_vamb: 6.06285e-03  ce_vamb: 0.00000e+00  sse_vamb: 5.42612e-02  kld_vamb: 1.71938e-02  loss_labels: 7.23981e-03  ce_labels_labels: 1.30208e-03  kld_labels: 3.80014e+01  correct_labels_labels: 0.00000e+00  loss_joint: 6.63254e-02  ce_joint: 0.00000e+00  sse_joint: 1.18331e+01  ce_labels_joint: 1.33603e-03  kld_vamb_joint: 4.77544e+00  kld_labels_joint: 8.99521e+00  correct_labels_joint: 0.00000e+00  loss: 1.51106e-01
2026-08-13 14:26:51.795 | INFO    | 		Epoch: 104  loss_vamb: 7.72717e-02  ab_vamb: 5.91528e-03  ce_vamb: 0.00000e+00  sse_vamb: 5.41889e-02  kld_vamb: 1.71445e-02  loss_labels: 6.54969e-03  ce_labels_labels: 5.95364e-04  kld_labels: 3.81077e+01  correct_labels_labels: 0.00000e+00  loss_joint: 6.69309e-02  ce_joint: 0.00000e+00  sse_joint: 1.18171e+01  ce_labels_joint: 1.70901e-03  kld_vamb_joint: 4.79873e+00  kld_labels_joint: 9.01081e+00  correct_labels_joint: 0.00000e+00  loss: 1.50752e-01
2026-08-13 14:26:52.703 | INFO    | 		Epoch: 105  loss_vamb: 7.68539e-02  ab_vamb: 5.52967e-03  ce_vamb: 0.00000e+00  sse_vamb: 5.42051e-02  kld_vamb: 1.70935e-02  loss_labels: 7.10789e-03  ce_labels_labels: 1.18393e-03  kld_labels: 3.79133e+01  correct_labels_labels: 0.00000e+00  loss_joint: 6.71385e-02  ce_joint: 0.00000e+00  sse_joint: 1.17510e+01  ce_labels_joint: 2.47912e-03  kld_vamb_joint: 4.78843e+00  kld_labels_joint: 9.02309e+00  correct_labels_joint: 0.00000e+00  loss: 1.51100e-01
2026-08-13 14:26:53.581 | INFO    | 		Epoch: 106  loss_vamb: 7.71335e-02  ab_vamb: 5.79901e-03  ce_vamb: 0.00000e+00  sse_vamb: 5.42517e-02  kld_vamb: 1.71009e-02  loss_labels: 7.21370e-03  ce_labels_labels: 1.32033e-03  kld_labels: 3.77176e+01  correct_labels_labels: 0.00000e+00  loss_joint: 6.63510e-02  ce_joint: 0.00000e+00  sse_joint: 1.18533e+01  ce_labels_joint: 1.19543e-03  kld_vamb_joint: 4.79007e+00  kld_labels_joint: 9.01678e+00  correct_labels_joint: 0.00000e+00  loss: 1.50698e-01
2026-08-13 14:26:54.505 | INFO    | 		Epoch: 107  loss_vamb: 7.67483e-02  ab_vamb: 5.64363e-03  ce_vamb: 0.00000e+00  sse_vamb: 5.40321e-02  kld_vamb: 1.70523e-02  loss_labels: 6.91300e-03  ce_labels_labels: 9.82492e-04  kld_labels: 3.79553e+01  correct_labels_labels: 0.00000e+00  loss_joint: 6.57726e-02  ce_joint: 0.00000e+00  sse_joint: 1.17543e+01  ce_labels_joint: 1.10190e-03  kld_vamb_joint: 4.78961e+00  kld_labels_joint: 9.00352e+00  correct_labels_joint: 0.00000e+00  loss: 1.49434e-01
2026-08-13 14:26:55.424 | INFO    | 		Epoch: 108  loss_vamb: 7.65572e-02  ab_vamb: 5.38740e-03  ce_vamb: 0.00000e+00  sse_vamb: 5.40374e-02  kld_vamb: 1.71176e-02  loss_labels: 7.03482e-03  ce_labels_labels: 1.05528e-03  kld_labels: 3.82691e+01  correct_labels_labels: 0.00000e+00  loss_joint: 6.57914e-02  ce_joint: 0.00000e+00  sse_joint: 1.17490e+01  ce_labels_joint: 1.43833e-03  kld_vamb_joint: 4.81353e+00  kld_labels_joint: 9.03024e+00  correct_labels_joint: 0.00000e+00  loss: 1.49383e-01
2026-08-13 14:26:56.299 | INFO    | 		Epoch: 109  loss_vamb: 7.66869e-02  ab_vamb: 5.53439e-03  ce_vamb: 0.00000e+00  sse_vamb: 5.40002e-02  kld_vamb: 1.71306e-02  loss_labels: 6.87588e-03  ce_labels_labels: 8.83739e-04  kld_labels: 3.83497e+01  correct_labels_labels: 0.00000e+00  loss_joint: 6.59301e-02  ce_joint: 0.00000e+00  sse_joint: 1.17507e+01  ce_labels_joint: 1.51164e-03  kld_vamb_joint: 4.84217e+00  kld_labels_joint: 9.08773e+00  correct_labels_joint: 0.00000e+00  loss: 1.49493e-01
2026-08-13 14:26:57.238 | INFO    | 		Epoch: 110  loss_vamb: 7.70282e-02  ab_vamb: 5.86587e-03  ce_vamb: 0.00000e+00  sse_vamb: 5.39444e-02  kld_vamb: 1.71724e-02  loss_labels: 7.36236e-03  ce_labels_labels: 1.37547e-03  kld_labels: 3.83161e+01  correct_labels_labels: 0.00000e+00  loss_joint: 6.56600e-02  ce_joint: 0.00000e+00  sse_joint: 1.17085e+01  ce_labels_joint: 1.15321e-03  kld_vamb_joint: 4.84387e+00  kld_labels_joint: 9.10600e+00  correct_labels_joint: 0.00000e+00  loss: 1.50051e-01
2026-08-13 14:26:58.140 | INFO    | 		Epoch: 111  loss_vamb: 7.66224e-02  ab_vamb: 5.40076e-03  ce_vamb: 0.00000e+00  sse_vamb: 5.40038e-02  kld_vamb: 1.72094e-02  loss_labels: 6.85466e-03  ce_labels_labels: 8.57734e-04  kld_labels: 3.83803e+01  correct_labels_labels: 0.00000e+00  loss_joint: 6.55833e-02  ce_joint: 0.00000e+00  sse_joint: 1.17399e+01  ce_labels_joint: 1.32453e-03  kld_vamb_joint: 4.81080e+00  kld_labels_joint: 9.12186e+00  correct_labels_joint: 0.00000e+00  loss: 1.49060e-01
2026-08-13 14:26:59.040 | INFO    | 		Epoch: 112  loss_vamb: 7.77418e-02  ab_vamb: 6.49041e-03  ce_vamb: 0.00000e+00  sse_vamb: 5.40402e-02  kld_vamb: 1.71977e-02  loss_labels: 6.65227e-03  ce_labels_labels: 6.91742e-04  kld_labels: 3.81474e+01  correct_labels_labels: 0.00000e+00  loss_joint: 6.55749e-02  ce_joint: 0.00000e+00  sse_joint: 1.16789e+01  ce_labels_joint: 1.01907e-03  kld_vamb_joint: 4.83310e+00  kld_labels_joint: 9.19715e+00  correct_labels_joint: 0.00000e+00  loss: 1.49969e-01
2026-08-13 14:26:59.908 | INFO    | 		Epoch: 113  loss_vamb: 7.69258e-02  ab_vamb: 6.20838e-03  ce_vamb: 0.00000e+00  sse_vamb: 5.35336e-02  kld_vamb: 1.71741e-02  loss_labels: 6.99752e-03  ce_labels_labels: 1.09667e-03  kld_labels: 3.77654e+01  correct_labels_labels: 0.00000e+00  loss_joint: 6.55748e-02  ce_joint: 0.00000e+00  sse_joint: 1.15810e+01  ce_labels_joint: 1.38089e-03  kld_vamb_joint: 4.84692e+00  kld_labels_joint: 9.22080e+00  correct_labels_joint: 0.00000e+00  loss: 1.49498e-01
2026-08-13 14:27:00.770 | INFO    | 		Epoch: 114  loss_vamb: 7.68006e-02  ab_vamb: 6.18463e-03  ce_vamb: 0.00000e+00  sse_vamb: 5.34425e-02  kld_vamb: 1.71796e-02  loss_labels: 6.81531e-03  ce_labels_labels: 9.11090e-04  kld_labels: 3.77870e+01  correct_labels_labels: 0.00000e+00  loss_joint: 6.52359e-02  ce_joint: 0.00000e+00  sse_joint: 1.15823e+01  ce_labels_joint: 1.16024e-03  kld_vamb_joint: 4.84830e+00  kld_labels_joint: 9.22562e+00  correct_labels_joint: 0.00000e+00  loss: 1.48852e-01
2026-08-13 14:27:01.669 | INFO    | 		Epoch: 115  loss_vamb: 7.72002e-02  ab_vamb: 6.20449e-03  ce_vamb: 0.00000e+00  sse_vamb: 5.38377e-02  kld_vamb: 1.71794e-02  loss_labels: 6.87258e-03  ce_labels_labels: 9.45876e-04  kld_labels: 3.79309e+01  correct_labels_labels: 0.00000e+00  loss_joint: 6.61984e-02  ce_joint: 0.00000e+00  sse_joint: 1.16186e+01  ce_labels_joint: 1.56892e-03  kld_vamb_joint: 4.84908e+00  kld_labels_joint: 9.23390e+00  correct_labels_joint: 0.00000e+00  loss: 1.50271e-01
2026-08-13 14:27:02.563 | INFO    | 		Epoch: 116  loss_vamb: 7.90113e-02  ab_vamb: 7.77459e-03  ce_vamb: 0.00000e+00  sse_vamb: 5.40544e-02  kld_vamb: 1.71827e-02  loss_labels: 7.02429e-03  ce_labels_labels: 1.09823e-03  kld_labels: 3.79268e+01  correct_labels_labels: 0.00000e+00  loss_joint: 6.67852e-02  ce_joint: 0.00000e+00  sse_joint: 1.16614e+01  ce_labels_joint: 1.33076e-03  kld_vamb_joint: 4.85552e+00  kld_labels_joint: 9.22597e+00  correct_labels_joint: 0.00000e+00  loss: 1.52821e-01
2026-08-13 14:27:03.478 | INFO    | 		Epoch: 117  loss_vamb: 7.74868e-02  ab_vamb: 6.73600e-03  ce_vamb: 0.00000e+00  sse_vamb: 5.35462e-02  kld_vamb: 1.72109e-02  loss_labels: 6.90024e-03  ce_labels_labels: 1.02017e-03  kld_labels: 3.76324e+01  correct_labels_labels: 0.00000e+00  loss_joint: 6.66238e-02  ce_joint: 0.00000e+00  sse_joint: 1.15969e+01  ce_labels_joint: 2.43275e-03  kld_vamb_joint: 4.88421e+00  kld_labels_joint: 9.26001e+00  correct_labels_joint: 0.00000e+00  loss: 1.51011e-01
2026-08-13 14:27:04.369 | INFO    | 		Epoch: 118  loss_vamb: 7.67365e-02  ab_vamb: 6.20179e-03  ce_vamb: 0.00000e+00  sse_vamb: 5.32556e-02  kld_vamb: 1.72217e-02  loss_labels: 6.69880e-03  ce_labels_labels: 8.21575e-04  kld_labels: 3.76142e+01  correct_labels_labels: 0.00000e+00  loss_joint: 6.53651e-02  ce_joint: 0.00000e+00  sse_joint: 1.15361e+01  ce_labels_joint: 1.64087e-03  kld_vamb_joint: 4.91046e+00  kld_labels_joint: 9.29379e+00  correct_labels_joint: 0.00000e+00  loss: 1.48800e-01
2026-08-13 14:27:05.252 | INFO    | 		Epoch: 119  loss_vamb: 7.64298e-02  ab_vamb: 5.61491e-03  ce_vamb: 0.00000e+00  sse_vamb: 5.35518e-02  kld_vamb: 1.72416e-02  loss_labels: 6.90265e-03  ce_labels_labels: 1.05665e-03  kld_labels: 3.74144e+01  correct_labels_labels: 0.00000e+00  loss_joint: 6.54681e-02  ce_joint: 0.00000e+00  sse_joint: 1.16310e+01  ce_labels_joint: 1.48253e-03  kld_vamb_joint: 4.86090e+00  kld_labels_joint: 9.26197e+00  correct_labels_joint: 0.00000e+00  loss: 1.48800e-01
2026-08-13 14:27:06.117 | INFO    | 		Epoch: 120  loss_vamb: 7.59057e-02  ab_vamb: 5.58249e-03  ce_vamb: 0.00000e+00  sse_vamb: 5.30920e-02  kld_vamb: 1.72110e-02  loss_labels: 6.39923e-03  ce_labels_labels: 5.64559e-04  kld_labels: 3.73419e+01  correct_labels_labels: 0.00000e+00  loss_joint: 6.48231e-02  ce_joint: 0.00000e+00  sse_joint: 1.15302e+01  ce_labels_joint: 1.40552e-03  kld_vamb_joint: 4.86809e+00  kld_labels_joint: 9.26492e+00  correct_labels_joint: 0.00000e+00  loss: 1.47128e-01
2026-08-13 14:27:07.008 | INFO    | 		Epoch: 121  loss_vamb: 7.62468e-02  ab_vamb: 5.75002e-03  ce_vamb: 0.00000e+00  sse_vamb: 5.33375e-02  kld_vamb: 1.71497e-02  loss_labels: 6.43611e-03  ce_labels_labels: 6.56419e-04  kld_labels: 3.69900e+01  correct_labels_labels: 0.00000e+00  loss_joint: 6.47894e-02  ce_joint: 0.00000e+00  sse_joint: 1.14947e+01  ce_labels_joint: 1.24327e-03  kld_vamb_joint: 4.90428e+00  kld_labels_joint: 9.31815e+00  correct_labels_joint: 0.00000e+00  loss: 1.47472e-01
2026-08-13 14:27:07.885 | INFO    | 		Epoch: 122  loss_vamb: 7.52803e-02  ab_vamb: 5.36729e-03  ce_vamb: 0.00000e+00  sse_vamb: 5.27395e-02  kld_vamb: 1.71928e-02  loss_labels: 6.81859e-03  ce_labels_labels: 1.11108e-03  kld_labels: 3.65281e+01  correct_labels_labels: 0.00000e+00  loss_joint: 6.41884e-02  ce_joint: 0.00000e+00  sse_joint: 1.14291e+01  ce_labels_joint: 1.43112e-03  kld_vamb_joint: 4.88264e+00  kld_labels_joint: 9.33296e+00  correct_labels_joint: 0.00000e+00  loss: 1.46287e-01
2026-08-13 14:27:08.755 | INFO    | 		Epoch: 123  loss_vamb: 7.56343e-02  ab_vamb: 5.55176e-03  ce_vamb: 0.00000e+00  sse_vamb: 5.28165e-02  kld_vamb: 1.72302e-02  loss_labels: 6.61406e-03  ce_labels_labels: 8.67625e-04  kld_labels: 3.67772e+01  correct_labels_labels: 0.00000e+00  loss_joint: 6.39284e-02  ce_joint: 0.00000e+00  sse_joint: 1.13934e+01  ce_labels_joint: 1.16884e-03  kld_vamb_joint: 4.93066e+00  kld_labels_joint: 9.38096e+00  correct_labels_joint: 0.00000e+00  loss: 1.46177e-01
2026-08-13 14:27:09.822 | INFO    | 		Epoch: 124  loss_vamb: 7.59051e-02  ab_vamb: 5.39288e-03  ce_vamb: 0.00000e+00  sse_vamb: 5.33406e-02  kld_vamb: 1.71479e-02  loss_labels: 6.31041e-03  ce_labels_labels: 5.52454e-04  kld_labels: 3.68509e+01  correct_labels_labels: 0.00000e+00  loss_joint: 6.44324e-02  ce_joint: 0.00000e+00  sse_joint: 1.14609e+01  ce_labels_joint: 1.40967e-03  kld_vamb_joint: 4.95318e+00  kld_labels_joint: 9.41692e+00  correct_labels_joint: 0.00000e+00  loss: 1.46648e-01
2026-08-13 14:27:10.700 | INFO    | 		Epoch: 125  loss_vamb: 7.56890e-02  ab_vamb: 5.74514e-03  ce_vamb: 0.00000e+00  sse_vamb: 5.28010e-02  kld_vamb: 1.71755e-02  loss_labels: 6.42653e-03  ce_labels_labels: 7.33641e-04  kld_labels: 3.64345e+01  correct_labels_labels: 0.00000e+00  loss_joint: 6.40850e-02  ce_joint: 0.00000e+00  sse_joint: 1.13815e+01  ce_labels_joint: 1.06004e-03  kld_vamb_joint: 4.92356e+00  kld_labels_joint: 9.45024e+00  correct_labels_joint: 0.00000e+00  loss: 1.46201e-01
2026-08-13 14:27:11.596 | INFO    | 		Epoch: 126  loss_vamb: 7.59425e-02  ab_vamb: 6.08055e-03  ce_vamb: 0.00000e+00  sse_vamb: 5.26794e-02  kld_vamb: 1.71937e-02  loss_labels: 6.39102e-03  ce_labels_labels: 8.03682e-04  kld_labels: 3.57590e+01  correct_labels_labels: 0.00000e+00  loss_joint: 6.39412e-02  ce_joint: 0.00000e+00  sse_joint: 1.13759e+01  ce_labels_joint: 1.03542e-03  kld_vamb_joint: 4.90957e+00  kld_labels_joint: 9.45793e+00  correct_labels_joint: 0.00000e+00  loss: 1.46275e-01
2026-08-13 14:27:12.485 | INFO    | 		Epoch: 127  loss_vamb: 7.58293e-02  ab_vamb: 5.91968e-03  ce_vamb: 0.00000e+00  sse_vamb: 5.26975e-02  kld_vamb: 1.72255e-02  loss_labels: 6.61938e-03  ce_labels_labels: 1.10231e-03  kld_labels: 3.53092e+01  correct_labels_labels: 0.00000e+00  loss_joint: 6.39446e-02  ce_joint: 0.00000e+00  sse_joint: 1.13438e+01  ce_labels_joint: 1.16592e-03  kld_vamb_joint: 4.94196e+00  kld_labels_joint: 9.52706e+00  correct_labels_joint: 0.00000e+00  loss: 1.46393e-01
2026-08-13 14:27:13.402 | INFO    | 		Epoch: 128  loss_vamb: 7.55854e-02  ab_vamb: 5.49579e-03  ce_vamb: 0.00000e+00  sse_vamb: 5.28107e-02  kld_vamb: 1.72421e-02  loss_labels: 6.36583e-03  ce_labels_labels: 9.03783e-04  kld_labels: 3.49571e+01  correct_labels_labels: 0.00000e+00  loss_joint: 6.41576e-02  ce_joint: 0.00000e+00  sse_joint: 1.13575e+01  ce_labels_joint: 1.62765e-03  kld_vamb_joint: 4.92617e+00  kld_labels_joint: 9.54837e+00  correct_labels_joint: 0.00000e+00  loss: 1.46109e-01
2026-08-13 14:27:14.285 | INFO    | 		Epoch: 129  loss_vamb: 7.62179e-02  ab_vamb: 6.35144e-03  ce_vamb: 0.00000e+00  sse_vamb: 5.25474e-02  kld_vamb: 1.73053e-02  loss_labels: 6.25011e-03  ce_labels_labels: 8.01890e-04  kld_labels: 3.48686e+01  correct_labels_labels: 0.00000e+00  loss_joint: 6.46754e-02  ce_joint: 0.00000e+00  sse_joint: 1.13024e+01  ce_labels_joint: 1.62242e-03  kld_vamb_joint: 4.92625e+00  kld_labels_joint: 9.57327e+00  correct_labels_joint: 0.00000e+00  loss: 1.47143e-01
2026-08-13 14:27:15.214 | INFO    | 		Epoch: 130  loss_vamb: 7.52347e-02  ab_vamb: 5.61126e-03  ce_vamb: 0.00000e+00  sse_vamb: 5.23177e-02  kld_vamb: 1.73000e-02  loss_labels: 6.21027e-03  ce_labels_labels: 8.03935e-04  kld_labels: 3.46006e+01  correct_labels_labels: 0.00000e+00  loss_joint: 6.37914e-02  ce_joint: 0.00000e+00  sse_joint: 1.12989e+01  ce_labels_joint: 1.38907e-03  kld_vamb_joint: 4.93498e+00  kld_labels_joint: 9.60759e+00  correct_labels_joint: 0.00000e+00  loss: 1.45236e-01
2026-08-13 14:27:16.139 | INFO    | 		Epoch: 131  loss_vamb: 7.51453e-02  ab_vamb: 5.17511e-03  ce_vamb: 0.00000e+00  sse_vamb: 5.27442e-02  kld_vamb: 1.72952e-02  loss_labels: 6.61621e-03  ce_labels_labels: 1.26052e-03  kld_labels: 3.42764e+01  correct_labels_labels: 0.00000e+00  loss_joint: 6.30676e-02  ce_joint: 0.00000e+00  sse_joint: 1.12671e+01  ce_labels_joint: 1.09169e-03  kld_vamb_joint: 4.94034e+00  kld_labels_joint: 9.61949e+00  correct_labels_joint: 0.00000e+00  loss: 1.44829e-01
2026-08-13 14:27:17.008 | INFO    | 		Epoch: 132  loss_vamb: 7.59583e-02  ab_vamb: 6.13229e-03  ce_vamb: 0.00000e+00  sse_vamb: 5.25315e-02  kld_vamb: 1.73379e-02  loss_labels: 7.19853e-03  ce_labels_labels: 1.64180e-03  kld_labels: 3.55631e+01  correct_labels_labels: 0.00000e+00  loss_joint: 6.46935e-02  ce_joint: 0.00000e+00  sse_joint: 1.13413e+01  ce_labels_joint: 1.62849e-03  kld_vamb_joint: 4.91821e+00  kld_labels_joint: 9.59607e+00  correct_labels_joint: 0.00000e+00  loss: 1.47850e-01
2026-08-13 14:27:17.860 | INFO    | 		Epoch: 133  loss_vamb: 7.57907e-02  ab_vamb: 6.41745e-03  ce_vamb: 0.00000e+00  sse_vamb: 5.21234e-02  kld_vamb: 1.73066e-02  loss_labels: 6.80544e-03  ce_labels_labels: 8.97728e-04  kld_labels: 3.78093e+01  correct_labels_labels: 0.00000e+00  loss_joint: 6.37697e-02  ce_joint: 0.00000e+00  sse_joint: 1.12574e+01  ce_labels_joint: 1.04605e-03  kld_vamb_joint: 4.93346e+00  kld_labels_joint: 9.56518e+00  correct_labels_joint: 0.00000e+00  loss: 1.46366e-01
2026-08-13 14:27:18.680 | INFO    | 		Epoch: 134  loss_vamb: 7.76246e-02  ab_vamb: 7.84809e-03  ce_vamb: 0.00000e+00  sse_vamb: 5.24657e-02  kld_vamb: 1.73238e-02  loss_labels: 7.82048e-03  ce_labels_labels: 1.75272e-03  kld_labels: 3.88337e+01  correct_labels_labels: 0.00000e+00  loss_joint: 6.50663e-02  ce_joint: 0.00000e+00  sse_joint: 1.13133e+01  ce_labels_joint: 1.27015e-03  kld_vamb_joint: 4.99395e+00  kld_labels_joint: 9.61771e+00  correct_labels_joint: 0.00000e+00  loss: 1.50511e-01
2026-08-13 14:27:19.539 | INFO    | 		Epoch: 135  loss_vamb: 7.66084e-02  ab_vamb: 6.89630e-03  ce_vamb: 0.00000e+00  sse_vamb: 5.23766e-02  kld_vamb: 1.73615e-02  loss_labels: 7.23144e-03  ce_labels_labels: 1.10614e-03  kld_labels: 3.92019e+01  correct_labels_labels: 0.00000e+00  loss_joint: 6.41006e-02  ce_joint: 0.00000e+00  sse_joint: 1.12480e+01  ce_labels_joint: 9.89250e-04  kld_vamb_joint: 4.96993e+00  kld_labels_joint: 9.56306e+00  correct_labels_joint: 0.00000e+00  loss: 1.47940e-01
2026-08-13 14:27:20.461 | INFO    | 		Epoch: 136  loss_vamb: 7.47837e-02  ab_vamb: 5.22189e-03  ce_vamb: 0.00000e+00  sse_vamb: 5.22571e-02  kld_vamb: 1.73634e-02  loss_labels: 6.77364e-03  ce_labels_labels: 6.00816e-04  kld_labels: 3.95061e+01  correct_labels_labels: 0.00000e+00  loss_joint: 6.31572e-02  ce_joint: 0.00000e+00  sse_joint: 1.12343e+01  ce_labels_joint: 1.67420e-03  kld_vamb_joint: 4.97487e+00  kld_labels_joint: 9.56904e+00  correct_labels_joint: 0.00000e+00  loss: 1.44715e-01
2026-08-13 14:27:21.470 | INFO    | 		Epoch: 137  loss_vamb: 7.49620e-02  ab_vamb: 5.17462e-03  ce_vamb: 0.00000e+00  sse_vamb: 5.25013e-02  kld_vamb: 1.73301e-02  loss_labels: 7.65006e-03  ce_labels_labels: 1.52246e-03  kld_labels: 3.92166e+01  correct_labels_labels: 0.00000e+00  loss_joint: 6.28726e-02  ce_joint: 0.00000e+00  sse_joint: 1.12743e+01  ce_labels_joint: 1.02995e-03  kld_vamb_joint: 4.98381e+00  kld_labels_joint: 9.58926e+00  correct_labels_joint: 0.00000e+00  loss: 1.45485e-01
2026-08-13 14:27:22.385 | INFO    | 		Epoch: 138  loss_vamb: 7.47746e-02  ab_vamb: 5.45171e-03  ce_vamb: 0.00000e+00  sse_vamb: 5.20235e-02  kld_vamb: 1.73303e-02  loss_labels: 6.94704e-03  ce_labels_labels: 7.93074e-04  kld_labels: 3.93854e+01  correct_labels_labels: 0.00000e+00  loss_joint: 6.30364e-02  ce_joint: 0.00000e+00  sse_joint: 1.12064e+01  ce_labels_joint: 1.28676e-03  kld_vamb_joint: 5.00334e+00  kld_labels_joint: 9.60554e+00  correct_labels_joint: 0.00000e+00  loss: 1.44758e-01
2026-08-13 14:27:23.240 | INFO    | 		Epoch: 139  loss_vamb: 7.59002e-02  ab_vamb: 6.02672e-03  ce_vamb: 0.00000e+00  sse_vamb: 5.25630e-02  kld_vamb: 1.72852e-02  loss_labels: 6.96863e-03  ce_labels_labels: 8.30880e-04  kld_labels: 3.92816e+01  correct_labels_labels: 0.00000e+00  loss_joint: 6.32371e-02  ce_joint: 0.00000e+00  sse_joint: 1.12272e+01  ce_labels_joint: 9.69022e-04  kld_vamb_joint: 5.02611e+00  kld_labels_joint: 9.62484e+00  correct_labels_joint: 0.00000e+00  loss: 1.46106e-01
2026-08-13 14:27:24.109 | INFO    | 		Epoch: 140  loss_vamb: 7.46948e-02  ab_vamb: 5.47039e-03  ce_vamb: 0.00000e+00  sse_vamb: 5.17989e-02  kld_vamb: 1.73639e-02  loss_labels: 6.89958e-03  ce_labels_labels: 8.18732e-04  kld_labels: 3.89174e+01  correct_labels_labels: 0.00000e+00  loss_joint: 6.27695e-02  ce_joint: 0.00000e+00  sse_joint: 1.10963e+01  ce_labels_joint: 1.37657e-03  kld_vamb_joint: 4.99419e+00  kld_labels_joint: 9.61436e+00  correct_labels_joint: 0.00000e+00  loss: 1.44364e-01
2026-08-13 14:27:25.021 | INFO    | 		Epoch: 141  loss_vamb: 7.49898e-02  ab_vamb: 5.84424e-03  ce_vamb: 0.00000e+00  sse_vamb: 5.18060e-02  kld_vamb: 1.73573e-02  loss_labels: 6.83952e-03  ce_labels_labels: 8.47652e-04  kld_labels: 3.83479e+01  correct_labels_labels: 0.00000e+00  loss_joint: 6.31796e-02  ce_joint: 0.00000e+00  sse_joint: 1.10994e+01  ce_labels_joint: 1.65413e-03  kld_vamb_joint: 5.01122e+00  kld_labels_joint: 9.64324e+00  correct_labels_joint: 0.00000e+00  loss: 1.45009e-01
2026-08-13 14:27:25.972 | INFO    | 		Epoch: 142  loss_vamb: 7.46435e-02  ab_vamb: 5.39859e-03  ce_vamb: 0.00000e+00  sse_vamb: 5.19569e-02  kld_vamb: 1.73007e-02  loss_labels: 6.92152e-03  ce_labels_labels: 1.00853e-03  kld_labels: 3.78432e+01  correct_labels_labels: 0.00000e+00  loss_joint: 6.27089e-02  ce_joint: 0.00000e+00  sse_joint: 1.11543e+01  ce_labels_joint: 1.18285e-03  kld_vamb_joint: 5.04518e+00  kld_labels_joint: 9.67489e+00  correct_labels_joint: 0.00000e+00  loss: 1.44274e-01
2026-08-13 14:27:26.839 | INFO    | 		Epoch: 143  loss_vamb: 7.39160e-02  ab_vamb: 5.14898e-03  ce_vamb: 0.00000e+00  sse_vamb: 5.15482e-02  kld_vamb: 1.72430e-02  loss_labels: 6.77708e-03  ce_labels_labels: 8.62517e-04  kld_labels: 3.78532e+01  correct_labels_labels: 0.00000e+00  loss_joint: 6.29538e-02  ce_joint: 0.00000e+00  sse_joint: 1.11419e+01  ce_labels_joint: 1.85018e-03  kld_vamb_joint: 5.10665e+00  kld_labels_joint: 9.69468e+00  correct_labels_joint: 0.00000e+00  loss: 1.43647e-01
2026-08-13 14:27:27.706 | INFO    | 		Epoch: 144  loss_vamb: 7.46783e-02  ab_vamb: 5.56014e-03  ce_vamb: 0.00000e+00  sse_vamb: 5.18122e-02  kld_vamb: 1.73019e-02  loss_labels: 7.30561e-03  ce_labels_labels: 1.35700e-03  kld_labels: 3.80711e+01  correct_labels_labels: 0.00000e+00  loss_joint: 6.27645e-02  ce_joint: 0.00000e+00  sse_joint: 1.12103e+01  ce_labels_joint: 7.84037e-04  kld_vamb_joint: 5.09991e+00  kld_labels_joint: 9.69232e+00  correct_labels_joint: 0.00000e+00  loss: 1.44748e-01
2026-08-13 14:27:28.503 | INFO    | 		Epoch: 145  loss_vamb: 7.43075e-02  ab_vamb: 5.35907e-03  ce_vamb: 0.00000e+00  sse_vamb: 5.17062e-02  kld_vamb: 1.73139e-02  loss_labels: 6.60244e-03  ce_labels_labels: 5.76967e-04  kld_labels: 3.85630e+01  correct_labels_labels: 0.00000e+00  loss_joint: 6.21933e-02  ce_joint: 0.00000e+00  sse_joint: 1.11349e+01  ce_labels_joint: 1.12550e-03  kld_vamb_joint: 5.05836e+00  kld_labels_joint: 9.67159e+00  correct_labels_joint: 0.00000e+00  loss: 1.43103e-01
2026-08-13 14:27:29.365 | INFO    | 		Epoch: 146  loss_vamb: 7.45078e-02  ab_vamb: 5.49747e-03  ce_vamb: 0.00000e+00  sse_vamb: 5.17151e-02  kld_vamb: 1.72849e-02  loss_labels: 6.73580e-03  ce_labels_labels: 7.75945e-04  kld_labels: 3.81431e+01  correct_labels_labels: 0.00000e+00  loss_joint: 6.20049e-02  ce_joint: 0.00000e+00  sse_joint: 1.10342e+01  ce_labels_joint: 1.02462e-03  kld_vamb_joint: 5.07986e+00  kld_labels_joint: 9.75197e+00  correct_labels_joint: 0.00000e+00  loss: 1.43249e-01
2026-08-13 14:27:30.218 | INFO    | 		Epoch: 147  loss_vamb: 7.47735e-02  ab_vamb: 5.96649e-03  ce_vamb: 0.00000e+00  sse_vamb: 5.15214e-02  kld_vamb: 1.73611e-02  loss_labels: 7.24147e-03  ce_labels_labels: 1.34153e-03  kld_labels: 3.77596e+01  correct_labels_labels: 0.00000e+00  loss_joint: 6.21293e-02  ce_joint: 0.00000e+00  sse_joint: 1.10493e+01  ce_labels_joint: 1.15233e-03  kld_vamb_joint: 5.05760e+00  kld_labels_joint: 9.79736e+00  correct_labels_joint: 0.00000e+00  loss: 1.44144e-01
2026-08-13 14:27:31.087 | INFO    | 		Epoch: 148  loss_vamb: 7.47056e-02  ab_vamb: 4.95068e-03  ce_vamb: 0.00000e+00  sse_vamb: 5.24063e-02  kld_vamb: 1.73876e-02  loss_labels: 7.06320e-03  ce_labels_labels: 1.21643e-03  kld_labels: 3.74193e+01  correct_labels_labels: 0.00000e+00  loss_joint: 6.21969e-02  ce_joint: 0.00000e+00  sse_joint: 1.11966e+01  ce_labels_joint: 8.09287e-04  kld_vamb_joint: 5.04714e+00  kld_labels_joint: 9.80300e+00  correct_labels_joint: 0.00000e+00  loss: 1.43966e-01
2026-08-13 14:27:31.937 | INFO    | 		Epoch: 149  loss_vamb: 7.43483e-02  ab_vamb: 4.92942e-03  ce_vamb: 0.00000e+00  sse_vamb: 5.20225e-02  kld_vamb: 1.74130e-02  loss_labels: 6.75631e-03  ce_labels_labels: 9.06839e-04  kld_labels: 3.74366e+01  correct_labels_labels: 0.00000e+00  loss_joint: 6.14812e-02  ce_joint: 0.00000e+00  sse_joint: 1.10765e+01  ce_labels_joint: 9.25458e-04  kld_vamb_joint: 5.06111e+00  kld_labels_joint: 9.86671e+00  correct_labels_joint: 0.00000e+00  loss: 1.42586e-01
2026-08-13 14:27:32.683 | INFO    | 		Epoch: 150  loss_vamb: 7.33027e-02  ab_vamb: 4.88773e-03  ce_vamb: 0.00000e+00  sse_vamb: 5.11779e-02  kld_vamb: 1.73585e-02  loss_labels: 7.07142e-03  ce_labels_labels: 1.19382e-03  kld_labels: 3.76166e+01  correct_labels_labels: 0.00000e+00  loss_joint: 6.07400e-02  ce_joint: 0.00000e+00  sse_joint: 1.08861e+01  ce_labels_joint: 1.02487e-03  kld_vamb_joint: 5.05695e+00  kld_labels_joint: 9.88108e+00  correct_labels_joint: 0.00000e+00  loss: 1.41114e-01
2026-08-13 14:27:33.466 | INFO    | 		Epoch: 151  loss_vamb: 7.29130e-02  ab_vamb: 4.79838e-03  ce_vamb: 0.00000e+00  sse_vamb: 5.10203e-02  kld_vamb: 1.73296e-02  loss_labels: 6.72521e-03  ce_labels_labels: 8.66223e-04  kld_labels: 3.74975e+01  correct_labels_labels: 0.00000e+00  loss_joint: 6.05789e-02  ce_joint: 0.00000e+00  sse_joint: 1.09244e+01  ce_labels_joint: 1.08424e-03  kld_vamb_joint: 5.08840e+00  kld_labels_joint: 9.92693e+00  correct_labels_joint: 0.00000e+00  loss: 1.40217e-01
2026-08-13 14:27:34.256 | INFO    | 		Epoch: 152  loss_vamb: 7.31712e-02  ab_vamb: 4.71783e-03  ce_vamb: 0.00000e+00  sse_vamb: 5.10944e-02  kld_vamb: 1.73529e-02  loss_labels: 6.99927e-03  ce_labels_labels: 1.10811e-03  kld_labels: 3.77034e+01  correct_labels_labels: 0.00000e+00  loss_joint: 6.07833e-02  ce_joint: 0.00000e+00  sse_joint: 1.09175e+01  ce_labels_joint: 8.62475e-04  kld_vamb_joint: 5.08034e+00  kld_labels_joint: 9.91815e+00  correct_labels_joint: 0.00000e+00  loss: 1.40954e-01
2026-08-13 14:27:35.189 | INFO    | 		Epoch: 153  loss_vamb: 7.30752e-02  ab_vamb: 5.09498e-03  ce_vamb: 0.00000e+00  sse_vamb: 5.06951e-02  kld_vamb: 1.73734e-02  loss_labels: 6.95880e-03  ce_labels_labels: 1.05493e-03  kld_labels: 3.77847e+01  correct_labels_labels: 0.00000e+00  loss_joint: 6.11254e-02  ce_joint: 0.00000e+00  sse_joint: 1.08000e+01  ce_labels_joint: 1.77634e-03  kld_vamb_joint: 5.06340e+00  kld_labels_joint: 9.88493e+00  correct_labels_joint: 0.00000e+00  loss: 1.41159e-01
2026-08-13 14:27:35.996 | INFO    | 		Epoch: 154  loss_vamb: 7.24117e-02  ab_vamb: 4.45108e-03  ce_vamb: 0.00000e+00  sse_vamb: 5.08280e-02  kld_vamb: 1.74118e-02  loss_labels: 6.76803e-03  ce_labels_labels: 8.46788e-04  kld_labels: 3.78960e+01  correct_labels_labels: 0.00000e+00  loss_joint: 5.98139e-02  ce_joint: 0.00000e+00  sse_joint: 1.08369e+01  ce_labels_joint: 9.18771e-04  kld_vamb_joint: 5.06130e+00  kld_labels_joint: 9.87137e+00  correct_labels_joint: 0.00000e+00  loss: 1.38994e-01
2026-08-13 14:27:36.813 | INFO    | 		Epoch: 155  loss_vamb: 7.27027e-02  ab_vamb: 4.83421e-03  ce_vamb: 0.00000e+00  sse_vamb: 5.04995e-02  kld_vamb: 1.74293e-02  loss_labels: 6.72591e-03  ce_labels_labels: 8.07880e-04  kld_labels: 3.78754e+01  correct_labels_labels: 0.00000e+00  loss_joint: 5.98881e-02  ce_joint: 0.00000e+00  sse_joint: 1.07406e+01  ce_labels_joint: 1.21579e-03  kld_vamb_joint: 5.08220e+00  kld_labels_joint: 9.91499e+00  correct_labels_joint: 0.00000e+00  loss: 1.39317e-01
2026-08-13 14:27:37.670 | INFO    | 		Epoch: 156  loss_vamb: 7.24469e-02  ab_vamb: 4.53631e-03  ce_vamb: 0.00000e+00  sse_vamb: 5.05014e-02  kld_vamb: 1.74202e-02  loss_labels: 6.49608e-03  ce_labels_labels: 5.63962e-04  kld_labels: 3.79656e+01  correct_labels_labels: 0.00000e+00  loss_joint: 6.02618e-02  ce_joint: 0.00000e+00  sse_joint: 1.07823e+01  ce_labels_joint: 1.20637e-03  kld_vamb_joint: 5.07962e+00  kld_labels_joint: 9.89746e+00  correct_labels_joint: 0.00000e+00  loss: 1.39205e-01
2026-08-13 14:27:38.471 | INFO    | 		Epoch: 157  loss_vamb: 7.24297e-02  ab_vamb: 4.59713e-03  ce_vamb: 0.00000e+00  sse_vamb: 5.04378e-02  kld_vamb: 1.73912e-02  loss_labels: 6.67301e-03  ce_labels_labels: 7.86062e-04  kld_labels: 3.76765e+01  correct_labels_labels: 0.00000e+00  loss_joint: 5.97197e-02  ce_joint: 0.00000e+00  sse_joint: 1.07750e+01  ce_labels_joint: 9.34810e-04  kld_vamb_joint: 5.10135e+00  kld_labels_joint: 9.91718e+00  correct_labels_joint: 0.00000e+00  loss: 1.38822e-01
2026-08-13 14:27:39.331 | INFO    | 		Epoch: 158  loss_vamb: 7.28909e-02  ab_vamb: 5.05854e-03  ce_vamb: 0.00000e+00  sse_vamb: 5.04989e-02  kld_vamb: 1.73857e-02  loss_labels: 7.78596e-03  ce_labels_labels: 1.94365e-03  kld_labels: 3.73908e+01  correct_labels_labels: 0.00000e+00  loss_joint: 6.02241e-02  ce_joint: 0.00000e+00  sse_joint: 1.07829e+01  ce_labels_joint: 1.21521e-03  kld_vamb_joint: 5.09840e+00  kld_labels_joint: 9.93281e+00  correct_labels_joint: 0.00000e+00  loss: 1.40901e-01
2026-08-13 14:27:40.154 | INFO    | 		Epoch: 159  loss_vamb: 7.28513e-02  ab_vamb: 5.14158e-03  ce_vamb: 0.00000e+00  sse_vamb: 5.04279e-02  kld_vamb: 1.73885e-02  loss_labels: 6.69236e-03  ce_labels_labels: 8.51729e-04  kld_labels: 3.73800e+01  correct_labels_labels: 0.00000e+00  loss_joint: 6.05658e-02  ce_joint: 0.00000e+00  sse_joint: 1.07697e+01  ce_labels_joint: 1.20666e-03  kld_vamb_joint: 5.11066e+00  kld_labels_joint: 9.94441e+00  correct_labels_joint: 0.00000e+00  loss: 1.40109e-01
2026-08-13 14:27:40.939 | INFO    | 		Epoch: 160  loss_vamb: 7.24599e-02  ab_vamb: 4.79534e-03  ce_vamb: 0.00000e+00  sse_vamb: 5.01390e-02  kld_vamb: 1.74333e-02  loss_labels: 7.97454e-03  ce_labels_labels: 2.13513e-03  kld_labels: 3.73722e+01  correct_labels_labels: 0.00000e+00  loss_joint: 6.01295e-02  ce_joint: 0.00000e+00  sse_joint: 1.06681e+01  ce_labels_joint: 1.33484e-03  kld_vamb_joint: 5.10007e+00  kld_labels_joint: 9.95889e+00  correct_labels_joint: 0.00000e+00  loss: 1.40564e-01
2026-08-13 14:27:41.714 | INFO    | 		Epoch: 161  loss_vamb: 7.22428e-02  ab_vamb: 4.58400e-03  ce_vamb: 0.00000e+00  sse_vamb: 5.02159e-02  kld_vamb: 1.74367e-02  loss_labels: 7.01144e-03  ce_labels_labels: 1.15694e-03  kld_labels: 3.74688e+01  correct_labels_labels: 0.00000e+00  loss_joint: 5.97242e-02  ce_joint: 0.00000e+00  sse_joint: 1.07168e+01  ce_labels_joint: 1.13879e-03  kld_vamb_joint: 5.09970e+00  kld_labels_joint: 9.94147e+00  correct_labels_joint: 0.00000e+00  loss: 1.38978e-01
2026-08-13 14:27:42.545 | INFO    | 		Epoch: 162  loss_vamb: 7.18609e-02  ab_vamb: 4.33353e-03  ce_vamb: 0.00000e+00  sse_vamb: 5.01212e-02  kld_vamb: 1.74125e-02  loss_labels: 6.46430e-03  ce_labels_labels: 6.25843e-04  kld_labels: 3.73661e+01  correct_labels_labels: 0.00000e+00  loss_joint: 5.90105e-02  ce_joint: 0.00000e+00  sse_joint: 1.06742e+01  ce_labels_joint: 6.18854e-04  kld_vamb_joint: 5.10639e+00  kld_labels_joint: 9.94858e+00  correct_labels_joint: 0.00000e+00  loss: 1.37336e-01
2026-08-13 14:27:43.347 | INFO    | 		Epoch: 163  loss_vamb: 7.24965e-02  ab_vamb: 5.06246e-03  ce_vamb: 0.00000e+00  sse_vamb: 5.00533e-02  kld_vamb: 1.74068e-02  loss_labels: 6.70047e-03  ce_labels_labels: 8.64563e-04  kld_labels: 3.73498e+01  correct_labels_labels: 0.00000e+00  loss_joint: 5.94781e-02  ce_joint: 0.00000e+00  sse_joint: 1.06585e+01  ce_labels_joint: 8.68941e-04  kld_vamb_joint: 5.14196e+00  kld_labels_joint: 9.97756e+00  correct_labels_joint: 0.00000e+00  loss: 1.38675e-01
2026-08-13 14:27:44.184 | INFO    | 		Epoch: 164  loss_vamb: 7.25145e-02  ab_vamb: 4.91959e-03  ce_vamb: 0.00000e+00  sse_vamb: 5.01606e-02  kld_vamb: 1.74239e-02  loss_labels: 6.43940e-03  ce_labels_labels: 6.26991e-04  kld_labels: 3.71994e+01  correct_labels_labels: 0.00000e+00  loss_joint: 5.94035e-02  ce_joint: 0.00000e+00  sse_joint: 1.06978e+01  ce_labels_joint: 1.05430e-03  kld_vamb_joint: 5.11777e+00  kld_labels_joint: 1.00086e+01  correct_labels_joint: 0.00000e+00  loss: 1.38357e-01
2026-08-13 14:27:44.986 | INFO    | 		Epoch: 165  loss_vamb: 7.24937e-02  ab_vamb: 4.98523e-03  ce_vamb: 0.00000e+00  sse_vamb: 5.01560e-02  kld_vamb: 1.73595e-02  loss_labels: 6.48174e-03  ce_labels_labels: 7.11186e-04  kld_labels: 3.69316e+01  correct_labels_labels: 0.00000e+00  loss_joint: 5.99293e-02  ce_joint: 0.00000e+00  sse_joint: 1.06597e+01  ce_labels_joint: 1.47852e-03  kld_vamb_joint: 5.10249e+00  kld_labels_joint: 9.97921e+00  correct_labels_joint: 0.00000e+00  loss: 1.38905e-01
2026-08-13 14:27:45.886 | INFO    | 		Epoch: 166  loss_vamb: 7.22733e-02  ab_vamb: 4.54887e-03  ce_vamb: 0.00000e+00  sse_vamb: 5.06627e-02  kld_vamb: 1.73745e-02  loss_labels: 6.47312e-03  ce_labels_labels: 7.14622e-04  kld_labels: 3.68544e+01  correct_labels_labels: 0.00000e+00  loss_joint: 5.94975e-02  ce_joint: 0.00000e+00  sse_joint: 1.07683e+01  ce_labels_joint: 7.91809e-04  kld_vamb_joint: 5.10544e+00  kld_labels_joint: 9.97094e+00  correct_labels_joint: 0.00000e+00  loss: 1.38244e-01
2026-08-13 14:27:46.745 | INFO    | 		Epoch: 167  loss_vamb: 7.23888e-02  ab_vamb: 4.84812e-03  ce_vamb: 0.00000e+00  sse_vamb: 5.02987e-02  kld_vamb: 1.73824e-02  loss_labels: 6.32607e-03  ce_labels_labels: 5.85290e-04  kld_labels: 3.67410e+01  correct_labels_labels: 0.00000e+00  loss_joint: 5.94055e-02  ce_joint: 0.00000e+00  sse_joint: 1.07250e+01  ce_labels_joint: 8.44714e-04  kld_vamb_joint: 5.12456e+00  kld_labels_joint: 1.00296e+01  correct_labels_joint: 0.00000e+00  loss: 1.38120e-01
2026-08-13 14:27:47.638 | INFO    | 		Epoch: 168  loss_vamb: 7.19310e-02  ab_vamb: 4.63751e-03  ce_vamb: 0.00000e+00  sse_vamb: 5.00269e-02  kld_vamb: 1.73423e-02  loss_labels: 6.48441e-03  ce_labels_labels: 7.93030e-04  kld_labels: 3.64248e+01  correct_labels_labels: 0.00000e+00  loss_joint: 5.93761e-02  ce_joint: 0.00000e+00  sse_joint: 1.06829e+01  ce_labels_joint: 1.01981e-03  kld_vamb_joint: 5.12654e+00  kld_labels_joint: 1.00317e+01  correct_labels_joint: 0.00000e+00  loss: 1.37792e-01
2026-08-13 14:27:48.924 | INFO    | 		Epoch: 169  loss_vamb: 7.25322e-02  ab_vamb: 4.66692e-03  ce_vamb: 0.00000e+00  sse_vamb: 5.05110e-02  kld_vamb: 1.73728e-02  loss_labels: 6.27316e-03  ce_labels_labels: 6.09429e-04  kld_labels: 3.62479e+01  correct_labels_labels: 0.00000e+00  loss_joint: 6.00086e-02  ce_joint: 0.00000e+00  sse_joint: 1.07160e+01  ce_labels_joint: 1.24414e-03  kld_vamb_joint: 5.13248e+00  kld_labels_joint: 1.00613e+01  correct_labels_joint: 0.00000e+00  loss: 1.38814e-01
2026-08-13 14:27:49.875 | INFO    | 		Epoch: 170  loss_vamb: 7.19171e-02  ab_vamb: 4.40323e-03  ce_vamb: 0.00000e+00  sse_vamb: 5.02706e-02  kld_vamb: 1.73826e-02  loss_labels: 6.23368e-03  ce_labels_labels: 6.17560e-04  kld_labels: 3.59432e+01  correct_labels_labels: 0.00000e+00  loss_joint: 5.95881e-02  ce_joint: 0.00000e+00  sse_joint: 1.07153e+01  ce_labels_joint: 1.16179e-03  kld_vamb_joint: 5.11125e+00  kld_labels_joint: 1.00625e+01  correct_labels_joint: 0.00000e+00  loss: 1.37739e-01
2026-08-13 14:27:50.701 | INFO    | 		Epoch: 171  loss_vamb: 7.25095e-02  ab_vamb: 4.76445e-03  ce_vamb: 0.00000e+00  sse_vamb: 5.02805e-02  kld_vamb: 1.73926e-02  loss_labels: 6.72950e-03  ce_labels_labels: 1.14957e-03  kld_labels: 3.57116e+01  correct_labels_labels: 0.00000e+00  loss_joint: 5.97327e-02  ce_joint: 0.00000e+00  sse_joint: 1.06821e+01  ce_labels_joint: 1.07368e-03  kld_vamb_joint: 5.14576e+00  kld_labels_joint: 1.01096e+01  correct_labels_joint: 0.00000e+00  loss: 1.38972e-01
2026-08-13 14:27:51.595 | INFO    | 		Epoch: 172  loss_vamb: 7.25871e-02  ab_vamb: 5.12703e-03  ce_vamb: 0.00000e+00  sse_vamb: 4.99488e-02  kld_vamb: 1.74462e-02  loss_labels: 6.17326e-03  ce_labels_labels: 6.42464e-04  kld_labels: 3.53971e+01  correct_labels_labels: 0.00000e+00  loss_joint: 5.93827e-02  ce_joint: 0.00000e+00  sse_joint: 1.06219e+01  ce_labels_joint: 1.19949e-03  kld_vamb_joint: 5.13199e+00  kld_labels_joint: 1.01452e+01  correct_labels_joint: 0.00000e+00  loss: 1.38143e-01
2026-08-13 14:27:52.446 | INFO    | 		Epoch: 173  loss_vamb: 7.22519e-02  ab_vamb: 4.68570e-03  ce_vamb: 0.00000e+00  sse_vamb: 5.00837e-02  kld_vamb: 1.74200e-02  loss_labels: 6.21446e-03  ce_labels_labels: 7.06628e-04  kld_labels: 3.52501e+01  correct_labels_labels: 0.00000e+00  loss_joint: 5.94549e-02  ce_joint: 0.00000e+00  sse_joint: 1.06499e+01  ce_labels_joint: 1.33487e-03  kld_vamb_joint: 5.11952e+00  kld_labels_joint: 1.01159e+01  correct_labels_joint: 0.00000e+00  loss: 1.37921e-01
2026-08-13 14:27:53.286 | INFO    | 		Epoch: 174  loss_vamb: 7.23779e-02  ab_vamb: 4.76052e-03  ce_vamb: 0.00000e+00  sse_vamb: 5.00716e-02  kld_vamb: 1.74119e-02  loss_labels: 6.54025e-03  ce_labels_labels: 1.08489e-03  kld_labels: 3.49143e+01  correct_labels_labels: 0.00000e+00  loss_joint: 5.88965e-02  ce_joint: 0.00000e+00  sse_joint: 1.06341e+01  ce_labels_joint: 7.14703e-04  kld_vamb_joint: 5.16138e+00  kld_labels_joint: 1.01649e+01  correct_labels_joint: 0.00000e+00  loss: 1.37815e-01
2026-08-13 14:27:54.117 | INFO    | 		Epoch: 175  loss_vamb: 7.21303e-02  ab_vamb: 4.62759e-03  ce_vamb: 0.00000e+00  sse_vamb: 5.00744e-02  kld_vamb: 1.74594e-02  loss_labels: 6.39103e-03  ce_labels_labels: 9.49277e-04  kld_labels: 3.48272e+01  correct_labels_labels: 0.00000e+00  loss_joint: 5.90909e-02  ce_joint: 0.00000e+00  sse_joint: 1.06261e+01  ce_labels_joint: 8.94364e-04  kld_vamb_joint: 5.14709e+00  kld_labels_joint: 1.01848e+01  correct_labels_joint: 0.00000e+00  loss: 1.37612e-01
2026-08-13 14:27:54.890 | INFO    | 		Epoch: 176  loss_vamb: 7.18549e-02  ab_vamb: 4.47545e-03  ce_vamb: 0.00000e+00  sse_vamb: 5.00519e-02  kld_vamb: 1.74552e-02  loss_labels: 6.28277e-03  ce_labels_labels: 8.55285e-04  kld_labels: 3.47359e+01  correct_labels_labels: 0.00000e+00  loss_joint: 5.92465e-02  ce_joint: 0.00000e+00  sse_joint: 1.06403e+01  ce_labels_joint: 1.23868e-03  kld_vamb_joint: 5.16311e+00  kld_labels_joint: 1.01940e+01  correct_labels_joint: 0.00000e+00  loss: 1.37384e-01
2026-08-13 14:27:55.687 | INFO    | 		Epoch: 177  loss_vamb: 7.22465e-02  ab_vamb: 4.77821e-03  ce_vamb: 0.00000e+00  sse_vamb: 5.00635e-02  kld_vamb: 1.74854e-02  loss_labels: 6.46338e-03  ce_labels_labels: 1.04119e-03  kld_labels: 3.47020e+01  correct_labels_labels: 0.00000e+00  loss_joint: 5.91854e-02  ce_joint: 0.00000e+00  sse_joint: 1.06050e+01  ce_labels_joint: 1.03798e-03  kld_vamb_joint: 5.13739e+00  kld_labels_joint: 1.01894e+01  correct_labels_joint: 0.00000e+00  loss: 1.37895e-01
2026-08-13 14:27:56.434 | INFO    | 		Epoch: 178  loss_vamb: 7.15998e-02  ab_vamb: 4.34667e-03  ce_vamb: 0.00000e+00  sse_vamb: 4.98726e-02  kld_vamb: 1.74699e-02  loss_labels: 6.26917e-03  ce_labels_labels: 8.33087e-04  kld_labels: 3.47909e+01  correct_labels_labels: 0.00000e+00  loss_joint: 5.88738e-02  ce_joint: 0.00000e+00  sse_joint: 1.05623e+01  ce_labels_joint: 1.16143e-03  kld_vamb_joint: 5.14355e+00  kld_labels_joint: 1.02090e+01  correct_labels_joint: 0.00000e+00  loss: 1.36743e-01
2026-08-13 14:27:57.212 | INFO    | 		Epoch: 179  loss_vamb: 7.14671e-02  ab_vamb: 4.38124e-03  ce_vamb: 0.00000e+00  sse_vamb: 4.95592e-02  kld_vamb: 1.74660e-02  loss_labels: 6.13681e-03  ce_labels_labels: 6.81808e-04  kld_labels: 3.49120e+01  correct_labels_labels: 0.00000e+00  loss_joint: 5.92712e-02  ce_joint: 0.00000e+00  sse_joint: 1.05854e+01  ce_labels_joint: 1.35373e-03  kld_vamb_joint: 5.15959e+00  kld_labels_joint: 1.02060e+01  correct_labels_joint: 0.00000e+00  loss: 1.36875e-01
2026-08-13 14:27:57.954 | INFO    | 		Epoch: 180  loss_vamb: 7.20152e-02  ab_vamb: 4.79207e-03  ce_vamb: 0.00000e+00  sse_vamb: 4.98168e-02  kld_vamb: 1.74303e-02  loss_labels: 6.12196e-03  ce_labels_labels: 6.81330e-04  kld_labels: 3.48201e+01  correct_labels_labels: 0.00000e+00  loss_joint: 5.90795e-02  ce_joint: 0.00000e+00  sse_joint: 1.05809e+01  ce_labels_joint: 9.15178e-04  kld_vamb_joint: 5.17739e+00  kld_labels_joint: 1.02311e+01  correct_labels_joint: 0.00000e+00  loss: 1.37217e-01
2026-08-13 14:27:58.737 | INFO    | 		Epoch: 181  loss_vamb: 7.15542e-02  ab_vamb: 4.54925e-03  ce_vamb: 0.00000e+00  sse_vamb: 4.94933e-02  kld_vamb: 1.74590e-02  loss_labels: 6.36831e-03  ce_labels_labels: 9.22502e-04  kld_labels: 3.48532e+01  correct_labels_labels: 0.00000e+00  loss_joint: 5.84573e-02  ce_joint: 0.00000e+00  sse_joint: 1.05140e+01  ce_labels_joint: 8.73603e-04  kld_vamb_joint: 5.15778e+00  kld_labels_joint: 1.02448e+01  correct_labels_joint: 0.00000e+00  loss: 1.36380e-01
2026-08-13 14:27:59.506 | INFO    | 		Epoch: 182  loss_vamb: 7.18044e-02  ab_vamb: 4.52362e-03  ce_vamb: 0.00000e+00  sse_vamb: 4.98406e-02  kld_vamb: 1.74413e-02  loss_labels: 5.83327e-03  ce_labels_labels: 3.91633e-04  kld_labels: 3.48265e+01  correct_labels_labels: 0.00000e+00  loss_joint: 5.88482e-02  ce_joint: 0.00000e+00  sse_joint: 1.05843e+01  ce_labels_joint: 7.51259e-04  kld_vamb_joint: 5.15263e+00  kld_labels_joint: 1.02374e+01  correct_labels_joint: 0.00000e+00  loss: 1.36486e-01
2026-08-13 14:28:00.278 | INFO    | 		Epoch: 183  loss_vamb: 7.17137e-02  ab_vamb: 4.52051e-03  ce_vamb: 0.00000e+00  sse_vamb: 4.98585e-02  kld_vamb: 1.74509e-02  loss_labels: 6.05594e-03  ce_labels_labels: 6.49100e-04  kld_labels: 3.46037e+01  correct_labels_labels: 0.00000e+00  loss_joint: 5.90139e-02  ce_joint: 0.00000e+00  sse_joint: 1.05856e+01  ce_labels_joint: 1.32706e-03  kld_vamb_joint: 5.14179e+00  kld_labels_joint: 1.02224e+01  correct_labels_joint: 0.00000e+00  loss: 1.36784e-01
2026-08-13 14:28:01.054 | INFO    | 		Epoch: 184  loss_vamb: 7.13623e-02  ab_vamb: 4.55021e-03  ce_vamb: 0.00000e+00  sse_vamb: 4.95113e-02  kld_vamb: 1.74409e-02  loss_labels: 6.00981e-03  ce_labels_labels: 6.19144e-04  kld_labels: 3.45003e+01  correct_labels_labels: 0.00000e+00  loss_joint: 5.84364e-02  ce_joint: 0.00000e+00  sse_joint: 1.05031e+01  ce_labels_joint: 9.99370e-04  kld_vamb_joint: 5.14805e+00  kld_labels_joint: 1.02478e+01  correct_labels_joint: 0.00000e+00  loss: 1.35809e-01
2026-08-13 14:28:01.869 | INFO    | 		Epoch: 185  loss_vamb: 7.21108e-02  ab_vamb: 4.86489e-03  ce_vamb: 0.00000e+00  sse_vamb: 4.99315e-02  kld_vamb: 1.74424e-02  loss_labels: 6.24226e-03  ce_labels_labels: 8.76504e-04  kld_labels: 3.43409e+01  correct_labels_labels: 0.00000e+00  loss_joint: 5.87987e-02  ce_joint: 0.00000e+00  sse_joint: 1.05856e+01  ce_labels_joint: 9.50639e-04  kld_vamb_joint: 5.15036e+00  kld_labels_joint: 1.02358e+01  correct_labels_joint: 0.00000e+00  loss: 1.37152e-01
2026-08-13 14:28:02.673 | INFO    | 		Epoch: 186  loss_vamb: 7.18298e-02  ab_vamb: 4.75554e-03  ce_vamb: 0.00000e+00  sse_vamb: 4.95190e-02  kld_vamb: 1.74765e-02  loss_labels: 6.24701e-03  ce_labels_labels: 8.94288e-04  kld_labels: 3.42574e+01  correct_labels_labels: 0.00000e+00  loss_joint: 5.92242e-02  ce_joint: 0.00000e+00  sse_joint: 1.05394e+01  ce_labels_joint: 1.34623e-03  kld_vamb_joint: 5.14926e+00  kld_labels_joint: 1.02578e+01  correct_labels_joint: 0.00000e+00  loss: 1.37301e-01
2026-08-13 14:28:03.537 | INFO    | 		Epoch: 187  loss_vamb: 7.20653e-02  ab_vamb: 4.62338e-03  ce_vamb: 0.00000e+00  sse_vamb: 4.99451e-02  kld_vamb: 1.74841e-02  loss_labels: 5.95048e-03  ce_labels_labels: 6.18591e-04  kld_labels: 3.41241e+01  correct_labels_labels: 0.00000e+00  loss_joint: 5.86486e-02  ce_joint: 0.00000e+00  sse_joint: 1.05904e+01  ce_labels_joint: 6.74852e-04  kld_vamb_joint: 5.15139e+00  kld_labels_joint: 1.02773e+01  correct_labels_joint: 0.00000e+00  loss: 1.36664e-01
2026-08-13 14:28:04.352 | INFO    | 		Epoch: 188  loss_vamb: 7.13338e-02  ab_vamb: 4.38040e-03  ce_vamb: 0.00000e+00  sse_vamb: 4.93669e-02  kld_vamb: 1.74466e-02  loss_labels: 6.03732e-03  ce_labels_labels: 6.95706e-04  kld_labels: 3.41863e+01  correct_labels_labels: 0.00000e+00  loss_joint: 5.83291e-02  ce_joint: 0.00000e+00  sse_joint: 1.04828e+01  ce_labels_joint: 8.54952e-04  kld_vamb_joint: 5.15738e+00  kld_labels_joint: 1.02463e+01  correct_labels_joint: 0.00000e+00  loss: 1.35700e-01
2026-08-13 14:28:05.177 | INFO    | 		Epoch: 189  loss_vamb: 7.18808e-02  ab_vamb: 4.54899e-03  ce_vamb: 0.00000e+00  sse_vamb: 4.96983e-02  kld_vamb: 1.74642e-02  loss_labels: 5.95532e-03  ce_labels_labels: 6.38773e-04  kld_labels: 3.40259e+01  correct_labels_labels: 0.00000e+00  loss_joint: 5.89046e-02  ce_joint: 0.00000e+00  sse_joint: 1.05440e+01  ce_labels_joint: 9.34700e-04  kld_vamb_joint: 5.16014e+00  kld_labels_joint: 1.02818e+01  correct_labels_joint: 0.00000e+00  loss: 1.36741e-01
2026-08-13 14:28:05.993 | INFO    | 		Epoch: 190  loss_vamb: 7.14931e-02  ab_vamb: 4.60919e-03  ce_vamb: 0.00000e+00  sse_vamb: 4.94422e-02  kld_vamb: 1.74219e-02  loss_labels: 6.23561e-03  ce_labels_labels: 9.33194e-04  kld_labels: 3.39355e+01  correct_labels_labels: 0.00000e+00  loss_joint: 5.80370e-02  ce_joint: 0.00000e+00  sse_joint: 1.04629e+01  ce_labels_joint: 9.77387e-04  kld_vamb_joint: 5.16483e+00  kld_labels_joint: 1.02703e+01  correct_labels_joint: 0.00000e+00  loss: 1.35766e-01
2026-08-13 14:28:06.836 | INFO    | 		Epoch: 191  loss_vamb: 7.18809e-02  ab_vamb: 4.88857e-03  ce_vamb: 0.00000e+00  sse_vamb: 4.94039e-02  kld_vamb: 1.74449e-02  loss_labels: 5.76133e-03  ce_labels_labels: 4.80078e-04  kld_labels: 3.38000e+01  correct_labels_labels: 0.00000e+00  loss_joint: 5.89476e-02  ce_joint: 0.00000e+00  sse_joint: 1.04614e+01  ce_labels_joint: 1.19303e-03  kld_vamb_joint: 5.16925e+00  kld_labels_joint: 1.02910e+01  correct_labels_joint: 0.00000e+00  loss: 1.36590e-01
2026-08-13 14:28:07.762 | INFO    | 		Epoch: 192  loss_vamb: 7.17431e-02  ab_vamb: 4.86702e-03  ce_vamb: 0.00000e+00  sse_vamb: 4.93616e-02  kld_vamb: 1.74200e-02  loss_labels: 6.57622e-03  ce_labels_labels: 1.30848e-03  kld_labels: 3.37135e+01  correct_labels_labels: 0.00000e+00  loss_joint: 5.81515e-02  ce_joint: 0.00000e+00  sse_joint: 1.04359e+01  ce_labels_joint: 7.88821e-04  kld_vamb_joint: 5.16605e+00  kld_labels_joint: 1.02827e+01  correct_labels_joint: 0.00000e+00  loss: 1.36471e-01
2026-08-13 14:28:08.748 | INFO    | 		Epoch: 193  loss_vamb: 7.18836e-02  ab_vamb: 4.89692e-03  ce_vamb: 0.00000e+00  sse_vamb: 4.95703e-02  kld_vamb: 1.74228e-02  loss_labels: 6.58328e-03  ce_labels_labels: 1.30969e-03  kld_labels: 3.37510e+01  correct_labels_labels: 0.00000e+00  loss_joint: 5.84177e-02  ce_joint: 0.00000e+00  sse_joint: 1.04897e+01  ce_labels_joint: 9.44994e-04  kld_vamb_joint: 5.19694e+00  kld_labels_joint: 1.03052e+01  correct_labels_joint: 0.00000e+00  loss: 1.36885e-01
2026-08-13 14:28:09.639 | INFO    | 		Epoch: 194  loss_vamb: 7.17054e-02  ab_vamb: 4.72096e-03  ce_vamb: 0.00000e+00  sse_vamb: 4.96390e-02  kld_vamb: 1.74334e-02  loss_labels: 5.78767e-03  ce_labels_labels: 4.91723e-04  kld_labels: 3.38941e+01  correct_labels_labels: 0.00000e+00  loss_joint: 5.84993e-02  ce_joint: 0.00000e+00  sse_joint: 1.05045e+01  ce_labels_joint: 1.01203e-03  kld_vamb_joint: 5.19498e+00  kld_labels_joint: 1.03127e+01  correct_labels_joint: 0.00000e+00  loss: 1.35992e-01
2026-08-13 14:28:10.509 | INFO    | 		Epoch: 195  loss_vamb: 7.20507e-02  ab_vamb: 4.91441e-03  ce_vamb: 0.00000e+00  sse_vamb: 4.97375e-02  kld_vamb: 1.74233e-02  loss_labels: 6.94808e-03  ce_labels_labels: 1.63426e-03  kld_labels: 3.40085e+01  correct_labels_labels: 0.00000e+00  loss_joint: 5.83547e-02  ce_joint: 0.00000e+00  sse_joint: 1.05000e+01  ce_labels_joint: 7.12830e-04  kld_vamb_joint: 5.19944e+00  kld_labels_joint: 1.03238e+01  correct_labels_joint: 0.00000e+00  loss: 1.37353e-01
2026-08-13 14:28:12.481 | INFO    | 		Epoch: 196  loss_vamb: 7.15137e-02  ab_vamb: 4.62984e-03  ce_vamb: 0.00000e+00  sse_vamb: 4.97717e-02  kld_vamb: 1.74379e-02  loss_labels: 5.73371e-03  ce_labels_labels: 3.79036e-04  kld_labels: 3.42699e+01  correct_labels_labels: 0.00000e+00  loss_joint: 5.83515e-02  ce_joint: 0.00000e+00  sse_joint: 1.05316e+01  ce_labels_joint: 9.55210e-04  kld_vamb_joint: 5.17635e+00  kld_labels_joint: 1.02934e+01  correct_labels_joint: 0.00000e+00  loss: 1.35599e-01
2026-08-13 14:28:13.266 | INFO    | 		Epoch: 197  loss_vamb: 7.15649e-02  ab_vamb: 4.68940e-03  ce_vamb: 0.00000e+00  sse_vamb: 4.94447e-02  kld_vamb: 1.74652e-02  loss_labels: 6.22708e-03  ce_labels_labels: 8.71038e-04  kld_labels: 3.42787e+01  correct_labels_labels: 0.00000e+00  loss_joint: 5.88341e-02  ce_joint: 0.00000e+00  sse_joint: 1.04501e+01  ce_labels_joint: 1.33299e-03  kld_vamb_joint: 5.17801e+00  kld_labels_joint: 1.02993e+01  correct_labels_joint: 0.00000e+00  loss: 1.36626e-01
2026-08-13 14:28:14.026 | INFO    | 		Epoch: 198  loss_vamb: 7.14916e-02  ab_vamb: 4.74806e-03  ce_vamb: 0.00000e+00  sse_vamb: 4.92349e-02  kld_vamb: 1.74835e-02  loss_labels: 5.88116e-03  ce_labels_labels: 5.03275e-04  kld_labels: 3.44184e+01  correct_labels_labels: 0.00000e+00  loss_joint: 5.85091e-02  ce_joint: 0.00000e+00  sse_joint: 1.04338e+01  ce_labels_joint: 9.14143e-04  kld_vamb_joint: 5.17458e+00  kld_labels_joint: 1.02969e+01  correct_labels_joint: 0.00000e+00  loss: 1.35882e-01
2026-08-13 14:28:14.807 | INFO    | 		Epoch: 199  loss_vamb: 7.19549e-02  ab_vamb: 5.09449e-03  ce_vamb: 0.00000e+00  sse_vamb: 4.93288e-02  kld_vamb: 1.74830e-02  loss_labels: 6.11490e-03  ce_labels_labels: 7.60736e-04  kld_labels: 3.42666e+01  correct_labels_labels: 0.00000e+00  loss_joint: 5.86135e-02  ce_joint: 0.00000e+00  sse_joint: 1.04858e+01  ce_labels_joint: 7.31528e-04  kld_vamb_joint: 5.17521e+00  kld_labels_joint: 1.03122e+01  correct_labels_joint: 0.00000e+00  loss: 1.36683e-01
2026-08-13 14:28:15.565 | INFO    | 		Epoch: 200  loss_vamb: 7.17693e-02  ab_vamb: 5.01980e-03  ce_vamb: 0.00000e+00  sse_vamb: 4.92796e-02  kld_vamb: 1.74957e-02  loss_labels: 5.90048e-03  ce_labels_labels: 5.71133e-04  kld_labels: 3.41078e+01  correct_labels_labels: 0.00000e+00  loss_joint: 5.83894e-02  ce_joint: 0.00000e+00  sse_joint: 1.04278e+01  ce_labels_joint: 8.22328e-04  kld_vamb_joint: 5.16475e+00  kld_labels_joint: 1.03132e+01  correct_labels_joint: 0.00000e+00  loss: 1.36059e-01
2026-08-13 14:28:16.405 | INFO    | 		Epoch: 201  loss_vamb: 7.15195e-02  ab_vamb: 4.93522e-03  ce_vamb: 0.00000e+00  sse_vamb: 4.90531e-02  kld_vamb: 1.75131e-02  loss_labels: 6.18337e-03  ce_labels_labels: 8.65056e-04  kld_labels: 3.40372e+01  correct_labels_labels: 0.00000e+00  loss_joint: 5.89610e-02  ce_joint: 0.00000e+00  sse_joint: 1.03676e+01  ce_labels_joint: 1.66248e-03  kld_vamb_joint: 5.17209e+00  kld_labels_joint: 1.03503e+01  correct_labels_joint: 0.00000e+00  loss: 1.36664e-01
2026-08-13 14:28:17.173 | INFO    | 		Epoch: 202  loss_vamb: 7.11242e-02  ab_vamb: 4.70246e-03  ce_vamb: 0.00000e+00  sse_vamb: 4.87221e-02  kld_vamb: 1.74987e-02  loss_labels: 6.28404e-03  ce_labels_labels: 9.74883e-04  kld_labels: 3.39786e+01  correct_labels_labels: 0.00000e+00  loss_joint: 5.76286e-02  ce_joint: 0.00000e+00  sse_joint: 1.02983e+01  ce_labels_joint: 6.76882e-04  kld_vamb_joint: 5.19644e+00  kld_labels_joint: 1.03582e+01  correct_labels_joint: 0.00000e+00  loss: 1.35037e-01
2026-08-13 14:28:17.971 | INFO    | 		Epoch: 203  loss_vamb: 7.13298e-02  ab_vamb: 4.64608e-03  ce_vamb: 0.00000e+00  sse_vamb: 4.91475e-02  kld_vamb: 1.75062e-02  loss_labels: 5.65438e-03  ce_labels_labels: 3.57106e-04  kld_labels: 3.39026e+01  correct_labels_labels: 0.00000e+00  loss_joint: 5.80685e-02  ce_joint: 0.00000e+00  sse_joint: 1.03677e+01  ce_labels_joint: 8.62375e-04  kld_vamb_joint: 5.18414e+00  kld_labels_joint: 1.03478e+01  correct_labels_joint: 0.00000e+00  loss: 1.35053e-01
2026-08-13 14:28:18.817 | INFO    | 		Epoch: 204  loss_vamb: 7.12303e-02  ab_vamb: 4.62247e-03  ce_vamb: 0.00000e+00  sse_vamb: 4.91220e-02  kld_vamb: 1.75033e-02  loss_labels: 5.85233e-03  ce_labels_labels: 5.78766e-04  kld_labels: 3.37508e+01  correct_labels_labels: 0.00000e+00  loss_joint: 5.79452e-02  ce_joint: 0.00000e+00  sse_joint: 1.04186e+01  ce_labels_joint: 8.49570e-04  kld_vamb_joint: 5.19988e+00  kld_labels_joint: 1.03796e+01  correct_labels_joint: 0.00000e+00  loss: 1.35028e-01
2026-08-13 14:28:19.678 | INFO    | 		Epoch: 205  loss_vamb: 7.20743e-02  ab_vamb: 4.99575e-03  ce_vamb: 0.00000e+00  sse_vamb: 4.97986e-02  kld_vamb: 1.75322e-02  loss_labels: 5.79294e-03  ce_labels_labels: 5.51830e-04  kld_labels: 3.35431e+01  correct_labels_labels: 0.00000e+00  loss_joint: 5.88506e-02  ce_joint: 0.00000e+00  sse_joint: 1.05097e+01  ce_labels_joint: 1.09751e-03  kld_vamb_joint: 5.19044e+00  kld_labels_joint: 1.03628e+01  correct_labels_joint: 0.00000e+00  loss: 1.36718e-01
2026-08-13 14:28:20.533 | INFO    | 		Epoch: 206  loss_vamb: 7.08121e-02  ab_vamb: 4.25823e-03  ce_vamb: 0.00000e+00  sse_vamb: 4.89998e-02  kld_vamb: 1.75146e-02  loss_labels: 6.47059e-03  ce_labels_labels: 1.25085e-03  kld_labels: 3.34063e+01  correct_labels_labels: 0.00000e+00  loss_joint: 5.75025e-02  ce_joint: 0.00000e+00  sse_joint: 1.03634e+01  ce_labels_joint: 8.14758e-04  kld_vamb_joint: 5.19700e+00  kld_labels_joint: 1.03819e+01  correct_labels_joint: 0.00000e+00  loss: 1.34785e-01
2026-08-13 14:28:21.382 | INFO    | 		Epoch: 207  loss_vamb: 7.21438e-02  ab_vamb: 5.43452e-03  ce_vamb: 0.00000e+00  sse_vamb: 4.93495e-02  kld_vamb: 1.74810e-02  loss_labels: 5.91008e-03  ce_labels_labels: 6.95050e-04  kld_labels: 3.33762e+01  correct_labels_labels: 0.00000e+00  loss_joint: 5.88504e-02  ce_joint: 0.00000e+00  sse_joint: 1.04330e+01  ce_labels_joint: 9.71682e-04  kld_vamb_joint: 5.22701e+00  kld_labels_joint: 1.04204e+01  correct_labels_joint: 0.00000e+00  loss: 1.36904e-01
2026-08-13 14:28:22.245 | INFO    | 		Epoch: 208  loss_vamb: 7.12861e-02  ab_vamb: 4.58451e-03  ce_vamb: 0.00000e+00  sse_vamb: 4.91387e-02  kld_vamb: 1.74672e-02  loss_labels: 6.01117e-03  ce_labels_labels: 7.84022e-04  kld_labels: 3.34537e+01  correct_labels_labels: 0.00000e+00  loss_joint: 5.78619e-02  ce_joint: 0.00000e+00  sse_joint: 1.03634e+01  ce_labels_joint: 9.20004e-04  kld_vamb_joint: 5.20923e+00  kld_labels_joint: 1.04076e+01  correct_labels_joint: 0.00000e+00  loss: 1.35159e-01
2026-08-13 14:28:23.057 | INFO    | 		Epoch: 209  loss_vamb: 7.08997e-02  ab_vamb: 4.36493e-03  ce_vamb: 0.00000e+00  sse_vamb: 4.90113e-02  kld_vamb: 1.74314e-02  loss_labels: 6.17672e-03  ce_labels_labels: 9.60938e-04  kld_labels: 3.33810e+01  correct_labels_labels: 0.00000e+00  loss_joint: 5.77516e-02  ce_joint: 0.00000e+00  sse_joint: 1.03463e+01  ce_labels_joint: 1.16834e-03  kld_vamb_joint: 5.22416e+00  kld_labels_joint: 1.04256e+01  correct_labels_joint: 0.00000e+00  loss: 1.34828e-01
2026-08-13 14:28:23.912 | INFO    | 		Epoch: 210  loss_vamb: 7.07785e-02  ab_vamb: 4.25473e-03  ce_vamb: 0.00000e+00  sse_vamb: 4.91208e-02  kld_vamb: 1.74795e-02  loss_labels: 5.66160e-03  ce_labels_labels: 4.23762e-04  kld_labels: 3.35222e+01  correct_labels_labels: 0.00000e+00  loss_joint: 5.78828e-02  ce_joint: 0.00000e+00  sse_joint: 1.03830e+01  ce_labels_joint: 1.34102e-03  kld_vamb_joint: 5.23230e+00  kld_labels_joint: 1.04393e+01  correct_labels_joint: 0.00000e+00  loss: 1.34323e-01
2026-08-13 14:28:24.779 | INFO    | 		Epoch: 211  loss_vamb: 7.11067e-02  ab_vamb: 4.52714e-03  ce_vamb: 0.00000e+00  sse_vamb: 4.90045e-02  kld_vamb: 1.74832e-02  loss_labels: 7.86191e-03  ce_labels_labels: 2.61147e-03  kld_labels: 3.36028e+01  correct_labels_labels: 0.00000e+00  loss_joint: 5.76102e-02  ce_joint: 0.00000e+00  sse_joint: 1.03368e+01  ce_labels_joint: 8.05732e-04  kld_vamb_joint: 5.21432e+00  kld_labels_joint: 1.04263e+01  correct_labels_joint: 0.00000e+00  loss: 1.36579e-01
2026-08-13 14:28:25.615 | INFO    | 		Epoch: 212  loss_vamb: 7.12229e-02  ab_vamb: 4.64170e-03  ce_vamb: 0.00000e+00  sse_vamb: 4.90368e-02  kld_vamb: 1.75068e-02  loss_labels: 5.98028e-03  ce_labels_labels: 7.01719e-04  kld_labels: 3.37828e+01  correct_labels_labels: 0.00000e+00  loss_joint: 5.79167e-02  ce_joint: 0.00000e+00  sse_joint: 1.03496e+01  ce_labels_joint: 8.69136e-04  kld_vamb_joint: 5.19672e+00  kld_labels_joint: 1.04133e+01  correct_labels_joint: 0.00000e+00  loss: 1.35120e-01
2026-08-13 14:28:26.481 | INFO    | 		Epoch: 213  loss_vamb: 7.05748e-02  ab_vamb: 4.29891e-03  ce_vamb: 0.00000e+00  sse_vamb: 4.87905e-02  kld_vamb: 1.74970e-02  loss_labels: 5.95710e-03  ce_labels_labels: 6.53924e-04  kld_labels: 3.39404e+01  correct_labels_labels: 0.00000e+00  loss_joint: 5.85207e-02  ce_joint: 0.00000e+00  sse_joint: 1.03497e+01  ce_labels_joint: 1.87614e-03  kld_vamb_joint: 5.20871e+00  kld_labels_joint: 1.04288e+01  correct_labels_joint: 0.00000e+00  loss: 1.35053e-01
2026-08-13 14:28:27.282 | INFO    | 		Epoch: 214  loss_vamb: 7.11968e-02  ab_vamb: 4.41290e-03  ce_vamb: 0.00000e+00  sse_vamb: 4.93379e-02  kld_vamb: 1.75053e-02  loss_labels: 6.29899e-03  ce_labels_labels: 9.64038e-04  kld_labels: 3.41437e+01  correct_labels_labels: 0.00000e+00  loss_joint: 5.81902e-02  ce_joint: 0.00000e+00  sse_joint: 1.04147e+01  ce_labels_joint: 9.90397e-04  kld_vamb_joint: 5.22497e+00  kld_labels_joint: 1.04340e+01  correct_labels_joint: 0.00000e+00  loss: 1.35686e-01
2026-08-13 14:28:28.063 | INFO    | 		Epoch: 215  loss_vamb: 7.09579e-02  ab_vamb: 4.38867e-03  ce_vamb: 0.00000e+00  sse_vamb: 4.90359e-02  kld_vamb: 1.75004e-02  loss_labels: 6.50952e-03  ce_labels_labels: 1.15574e-03  kld_labels: 3.42642e+01  correct_labels_labels: 0.00000e+00  loss_joint: 5.78030e-02  ce_joint: 0.00000e+00  sse_joint: 1.03526e+01  ce_labels_joint: 8.97752e-04  kld_vamb_joint: 5.24808e+00  kld_labels_joint: 1.04416e+01  correct_labels_joint: 0.00000e+00  loss: 1.35270e-01
2026-08-13 14:28:28.828 | INFO    | 		Epoch: 216  loss_vamb: 7.06547e-02  ab_vamb: 4.25825e-03  ce_vamb: 0.00000e+00  sse_vamb: 4.89496e-02  kld_vamb: 1.74745e-02  loss_labels: 6.21343e-03  ce_labels_labels: 7.97177e-04  kld_labels: 3.46640e+01  correct_labels_labels: 0.00000e+00  loss_joint: 5.72967e-02  ce_joint: 0.00000e+00  sse_joint: 1.03130e+01  ce_labels_joint: 9.36155e-04  kld_vamb_joint: 5.25378e+00  kld_labels_joint: 1.04387e+01  correct_labels_joint: 0.00000e+00  loss: 1.34165e-01
2026-08-13 14:28:29.752 | INFO    | 		Epoch: 217  loss_vamb: 7.07815e-02  ab_vamb: 4.38007e-03  ce_vamb: 0.00000e+00  sse_vamb: 4.89207e-02  kld_vamb: 1.74544e-02  loss_labels: 6.14868e-03  ce_labels_labels: 7.24766e-04  kld_labels: 3.47131e+01  correct_labels_labels: 0.00000e+00  loss_joint: 5.78114e-02  ce_joint: 0.00000e+00  sse_joint: 1.03173e+01  ce_labels_joint: 1.35984e-03  kld_vamb_joint: 5.25796e+00  kld_labels_joint: 1.04469e+01  correct_labels_joint: 0.00000e+00  loss: 1.34742e-01
2026-08-13 14:28:30.536 | INFO    | 		Epoch: 218  loss_vamb: 7.11474e-02  ab_vamb: 4.49438e-03  ce_vamb: 0.00000e+00  sse_vamb: 4.92022e-02  kld_vamb: 1.75016e-02  loss_labels: 6.23575e-03  ce_labels_labels: 7.81285e-04  kld_labels: 3.49086e+01  correct_labels_labels: 0.00000e+00  loss_joint: 5.78006e-02  ce_joint: 0.00000e+00  sse_joint: 1.04431e+01  ce_labels_joint: 6.44294e-04  kld_vamb_joint: 5.22891e+00  kld_labels_joint: 1.04206e+01  correct_labels_joint: 0.00000e+00  loss: 1.35184e-01
2026-08-13 14:28:31.392 | INFO    | 		Epoch: 219  loss_vamb: 7.11123e-02  ab_vamb: 4.76727e-03  ce_vamb: 0.00000e+00  sse_vamb: 4.87147e-02  kld_vamb: 1.74935e-02  loss_labels: 5.95209e-03  ce_labels_labels: 4.84288e-04  kld_labels: 3.49939e+01  correct_labels_labels: 0.00000e+00  loss_joint: 5.80278e-02  ce_joint: 0.00000e+00  sse_joint: 1.03196e+01  ce_labels_joint: 1.06320e-03  kld_vamb_joint: 5.24814e+00  kld_labels_joint: 1.04505e+01  correct_labels_joint: 0.00000e+00  loss: 1.35092e-01
2026-08-13 14:28:32.272 | INFO    | 		Epoch: 220  loss_vamb: 7.12132e-02  ab_vamb: 4.69594e-03  ce_vamb: 0.00000e+00  sse_vamb: 4.90616e-02  kld_vamb: 1.75454e-02  loss_labels: 5.94697e-03  ce_labels_labels: 4.47509e-04  kld_labels: 3.51966e+01  correct_labels_labels: 0.00000e+00  loss_joint: 5.76076e-02  ce_joint: 0.00000e+00  sse_joint: 1.03548e+01  ce_labels_joint: 9.71256e-04  kld_vamb_joint: 5.24364e+00  kld_labels_joint: 1.04521e+01  correct_labels_joint: 0.00000e+00  loss: 1.34768e-01
2026-08-13 14:28:33.135 | INFO    | 		Epoch: 221  loss_vamb: 7.06755e-02  ab_vamb: 4.31170e-03  ce_vamb: 0.00000e+00  sse_vamb: 4.88461e-02  kld_vamb: 1.75535e-02  loss_labels: 6.16735e-03  ce_labels_labels: 6.74551e-04  kld_labels: 3.51539e+01  correct_labels_labels: 0.00000e+00  loss_joint: 5.72724e-02  ce_joint: 0.00000e+00  sse_joint: 1.03058e+01  ce_labels_joint: 8.82062e-04  kld_vamb_joint: 5.24635e+00  kld_labels_joint: 1.04721e+01  correct_labels_joint: 0.00000e+00  loss: 1.34115e-01
2026-08-13 14:28:33.972 | INFO    | 		Epoch: 222  loss_vamb: 7.13468e-02  ab_vamb: 4.87984e-03  ce_vamb: 0.00000e+00  sse_vamb: 4.88607e-02  kld_vamb: 1.75664e-02  loss_labels: 6.19791e-03  ce_labels_labels: 7.21204e-04  kld_labels: 3.50509e+01  correct_labels_labels: 0.00000e+00  loss_joint: 5.81699e-02  ce_joint: 0.00000e+00  sse_joint: 1.03157e+01  ce_labels_joint: 1.20525e-03  kld_vamb_joint: 5.26105e+00  kld_labels_joint: 1.04656e+01  correct_labels_joint: 0.00000e+00  loss: 1.35715e-01
2026-08-13 14:28:34.842 | INFO    | 		Epoch: 223  loss_vamb: 7.08457e-02  ab_vamb: 4.41856e-03  ce_vamb: 0.00000e+00  sse_vamb: 4.86830e-02  kld_vamb: 1.75659e-02  loss_labels: 6.11676e-03  ce_labels_labels: 6.70079e-04  kld_labels: 3.48587e+01  correct_labels_labels: 0.00000e+00  loss_joint: 5.72804e-02  ce_joint: 0.00000e+00  sse_joint: 1.02865e+01  ce_labels_joint: 8.18997e-04  kld_vamb_joint: 5.29130e+00  kld_labels_joint: 1.05140e+01  correct_labels_joint: 0.00000e+00  loss: 1.34243e-01
2026-08-13 14:28:35.647 | INFO    | 		Epoch: 224  loss_vamb: 7.08888e-02  ab_vamb: 4.39032e-03  ce_vamb: 0.00000e+00  sse_vamb: 4.90113e-02  kld_vamb: 1.75489e-02  loss_labels: 5.95544e-03  ce_labels_labels: 5.26788e-04  kld_labels: 3.47434e+01  correct_labels_labels: 0.00000e+00  loss_joint: 5.71579e-02  ce_joint: 0.00000e+00  sse_joint: 1.03196e+01  ce_labels_joint: 6.23384e-04  kld_vamb_joint: 5.27774e+00  kld_labels_joint: 1.04867e+01  correct_labels_joint: 0.00000e+00  loss: 1.34002e-01
2026-08-13 14:28:36.364 | INFO    | 		Epoch: 225  loss_vamb: 7.03512e-02  ab_vamb: 4.28973e-03  ce_vamb: 0.00000e+00  sse_vamb: 4.86183e-02  kld_vamb: 1.75724e-02  loss_labels: 6.06881e-03  ce_labels_labels: 6.45594e-04  kld_labels: 3.47086e+01  correct_labels_labels: 0.00000e+00  loss_joint: 5.67721e-02  ce_joint: 0.00000e+00  sse_joint: 1.02325e+01  ce_labels_joint: 8.29565e-04  kld_vamb_joint: 5.27413e+00  kld_labels_joint: 1.05390e+01  correct_labels_joint: 0.00000e+00  loss: 1.33192e-01
2026-08-13 14:28:37.102 | INFO    | 		Epoch: 226  loss_vamb: 7.10702e-02  ab_vamb: 4.55218e-03  ce_vamb: 0.00000e+00  sse_vamb: 4.88335e-02  kld_vamb: 1.75576e-02  loss_labels: 6.00313e-03  ce_labels_labels: 5.85396e-04  kld_labels: 3.46735e+01  correct_labels_labels: 0.00000e+00  loss_joint: 5.69465e-02  ce_joint: 0.00000e+00  sse_joint: 1.02458e+01  ce_labels_joint: 6.02820e-04  kld_vamb_joint: 5.28545e+00  kld_labels_joint: 1.05515e+01  correct_labels_joint: 0.00000e+00  loss: 1.34020e-01
2026-08-13 14:28:37.852 | INFO    | 		Epoch: 227  loss_vamb: 6.99947e-02  ab_vamb: 4.16746e-03  ce_vamb: 0.00000e+00  sse_vamb: 4.84509e-02  kld_vamb: 1.75447e-02  loss_labels: 6.07879e-03  ce_labels_labels: 6.68055e-04  kld_labels: 3.46287e+01  correct_labels_labels: 0.00000e+00  loss_joint: 5.68552e-02  ce_joint: 0.00000e+00  sse_joint: 1.02443e+01  ce_labels_joint: 7.48142e-04  kld_vamb_joint: 5.27899e+00  kld_labels_joint: 1.05207e+01  correct_labels_joint: 0.00000e+00  loss: 1.32929e-01
2026-08-13 14:28:38.572 | INFO    | 		Epoch: 228  loss_vamb: 7.07080e-02  ab_vamb: 4.26794e-03  ce_vamb: 0.00000e+00  sse_vamb: 4.91039e-02  kld_vamb: 1.75975e-02  loss_labels: 6.13836e-03  ce_labels_labels: 7.41797e-04  kld_labels: 3.45380e+01  correct_labels_labels: 0.00000e+00  loss_joint: 5.69792e-02  ce_joint: 0.00000e+00  sse_joint: 1.03603e+01  ce_labels_joint: 6.46476e-04  kld_vamb_joint: 5.28462e+00  kld_labels_joint: 1.05474e+01  correct_labels_joint: 0.00000e+00  loss: 1.33826e-01
2026-08-13 14:28:39.255 | INFO    | 		Epoch: 229  loss_vamb: 7.04101e-02  ab_vamb: 4.26315e-03  ce_vamb: 0.00000e+00  sse_vamb: 4.87150e-02  kld_vamb: 1.75386e-02  loss_labels: 6.01118e-03  ce_labels_labels: 6.13219e-04  kld_labels: 3.45469e+01  correct_labels_labels: 0.00000e+00  loss_joint: 5.70423e-02  ce_joint: 0.00000e+00  sse_joint: 1.03145e+01  ce_labels_joint: 8.03346e-04  kld_vamb_joint: 5.29328e+00  kld_labels_joint: 1.05446e+01  correct_labels_joint: 0.00000e+00  loss: 1.33464e-01
2026-08-13 14:28:39.925 | INFO    | 		Epoch: 230  loss_vamb: 7.04963e-02  ab_vamb: 4.19803e-03  ce_vamb: 0.00000e+00  sse_vamb: 4.88611e-02  kld_vamb: 1.75133e-02  loss_labels: 6.16451e-03  ce_labels_labels: 7.95716e-04  kld_labels: 3.43603e+01  correct_labels_labels: 0.00000e+00  loss_joint: 5.68782e-02  ce_joint: 0.00000e+00  sse_joint: 1.03127e+01  ce_labels_joint: 6.70863e-04  kld_vamb_joint: 5.28585e+00  kld_labels_joint: 1.05596e+01  correct_labels_joint: 0.00000e+00  loss: 1.33539e-01
2026-08-13 14:28:40.606 | INFO    | 		Epoch: 231  loss_vamb: 7.04419e-02  ab_vamb: 4.42656e-03  ce_vamb: 0.00000e+00  sse_vamb: 4.86578e-02  kld_vamb: 1.75329e-02  loss_labels: 6.41736e-03  ce_labels_labels: 1.04195e-03  kld_labels: 3.44026e+01  correct_labels_labels: 0.00000e+00  loss_joint: 5.68368e-02  ce_joint: 0.00000e+00  sse_joint: 1.02680e+01  ce_labels_joint: 7.57008e-04  kld_vamb_joint: 5.30657e+00  kld_labels_joint: 1.05585e+01  correct_labels_joint: 0.00000e+00  loss: 1.33696e-01
2026-08-13 14:28:41.270 | INFO    | 		Epoch: 232  loss_vamb: 7.03959e-02  ab_vamb: 4.44655e-03  ce_vamb: 0.00000e+00  sse_vamb: 4.83811e-02  kld_vamb: 1.75195e-02  loss_labels: 5.73707e-03  ce_labels_labels: 3.79019e-04  kld_labels: 3.42915e+01  correct_labels_labels: 0.00000e+00  loss_joint: 5.61000e-02  ce_joint: 0.00000e+00  sse_joint: 1.01644e+01  ce_labels_joint: 5.07268e-04  kld_vamb_joint: 5.28099e+00  kld_labels_joint: 1.05622e+01  correct_labels_joint: 0.00000e+00  loss: 1.32233e-01
2026-08-13 14:28:41.928 | INFO    | 		Epoch: 233  loss_vamb: 7.01307e-02  ab_vamb: 4.34792e-03  ce_vamb: 0.00000e+00  sse_vamb: 4.82558e-02  kld_vamb: 1.74718e-02  loss_labels: 6.05557e-03  ce_labels_labels: 7.06092e-04  kld_labels: 3.42366e+01  correct_labels_labels: 0.00000e+00  loss_joint: 5.64605e-02  ce_joint: 0.00000e+00  sse_joint: 1.01430e+01  ce_labels_joint: 1.03423e-03  kld_vamb_joint: 5.29056e+00  kld_labels_joint: 1.05637e+01  correct_labels_joint: 0.00000e+00  loss: 1.32647e-01
2026-08-13 14:28:42.746 | INFO    | 		Epoch: 234  loss_vamb: 7.02077e-02  ab_vamb: 4.15349e-03  ce_vamb: 0.00000e+00  sse_vamb: 4.85198e-02  kld_vamb: 1.75211e-02  loss_labels: 5.88271e-03  ce_labels_labels: 5.36924e-04  kld_labels: 3.42130e+01  correct_labels_labels: 0.00000e+00  loss_joint: 5.68883e-02  ce_joint: 0.00000e+00  sse_joint: 1.01735e+01  ce_labels_joint: 1.23669e-03  kld_vamb_joint: 5.28594e+00  kld_labels_joint: 1.05542e+01  correct_labels_joint: 0.00000e+00  loss: 1.32979e-01
2026-08-13 14:28:43.450 | INFO    | 		Epoch: 235  loss_vamb: 7.01332e-02  ab_vamb: 4.11477e-03  ce_vamb: 0.00000e+00  sse_vamb: 4.89116e-02  kld_vamb: 1.74762e-02  loss_labels: 6.39599e-03  ce_labels_labels: 1.03843e-03  kld_labels: 3.42883e+01  correct_labels_labels: 0.00000e+00  loss_joint: 5.71400e-02  ce_joint: 0.00000e+00  sse_joint: 1.02929e+01  ce_labels_joint: 1.10169e-03  kld_vamb_joint: 5.30941e+00  kld_labels_joint: 1.05900e+01  correct_labels_joint: 0.00000e+00  loss: 1.33669e-01
2026-08-13 14:28:44.150 | INFO    | 		Epoch: 236  loss_vamb: 7.01930e-02  ab_vamb: 4.34568e-03  ce_vamb: 0.00000e+00  sse_vamb: 4.83793e-02  kld_vamb: 1.74825e-02  loss_labels: 5.67944e-03  ce_labels_labels: 3.55738e-04  kld_labels: 3.40717e+01  correct_labels_labels: 0.00000e+00  loss_joint: 5.61429e-02  ce_joint: 0.00000e+00  sse_joint: 1.01722e+01  ce_labels_joint: 5.52674e-04  kld_vamb_joint: 5.29281e+00  kld_labels_joint: 1.05454e+01  correct_labels_joint: 0.00000e+00  loss: 1.32015e-01
2026-08-13 14:28:44.818 | INFO    | 		Epoch: 237  loss_vamb: 6.99392e-02  ab_vamb: 4.18226e-03  ce_vamb: 0.00000e+00  sse_vamb: 4.81455e-02  kld_vamb: 1.74964e-02  loss_labels: 5.93911e-03  ce_labels_labels: 6.23078e-04  kld_labels: 3.40226e+01  correct_labels_labels: 0.00000e+00  loss_joint: 5.64484e-02  ce_joint: 0.00000e+00  sse_joint: 1.01790e+01  ce_labels_joint: 7.62542e-04  kld_vamb_joint: 5.31345e+00  kld_labels_joint: 1.06100e+01  correct_labels_joint: 0.00000e+00  loss: 1.32327e-01
2026-08-13 14:28:45.500 | INFO    | 		Epoch: 238  loss_vamb: 7.01329e-02  ab_vamb: 4.47943e-03  ce_vamb: 0.00000e+00  sse_vamb: 4.83619e-02  kld_vamb: 1.75393e-02  loss_labels: 6.66885e-03  ce_labels_labels: 1.35678e-03  kld_labels: 3.39973e+01  correct_labels_labels: 0.00000e+00  loss_joint: 5.63541e-02  ce_joint: 0.00000e+00  sse_joint: 1.02058e+01  ce_labels_joint: 8.50614e-04  kld_vamb_joint: 5.29766e+00  kld_labels_joint: 1.05975e+01  correct_labels_joint: 0.00000e+00  loss: 1.33156e-01
2026-08-13 14:28:46.171 | INFO    | 		Epoch: 239  loss_vamb: 7.02973e-02  ab_vamb: 4.25667e-03  ce_vamb: 0.00000e+00  sse_vamb: 4.87769e-02  kld_vamb: 1.75463e-02  loss_labels: 6.22185e-03  ce_labels_labels: 9.21359e-04  kld_labels: 3.39231e+01  correct_labels_labels: 0.00000e+00  loss_joint: 5.68140e-02  ce_joint: 0.00000e+00  sse_joint: 1.02558e+01  ce_labels_joint: 8.93881e-04  kld_vamb_joint: 5.27096e+00  kld_labels_joint: 1.05762e+01  correct_labels_joint: 0.00000e+00  loss: 1.33333e-01
2026-08-13 14:28:46.867 | INFO    | 		Epoch: 240  loss_vamb: 7.04382e-02  ab_vamb: 4.51058e-03  ce_vamb: 0.00000e+00  sse_vamb: 4.86810e-02  kld_vamb: 1.75069e-02  loss_labels: 5.64201e-03  ce_labels_labels: 3.51350e-04  kld_labels: 3.38602e+01  correct_labels_labels: 0.00000e+00  loss_joint: 5.69193e-02  ce_joint: 0.00000e+00  sse_joint: 1.02833e+01  ce_labels_joint: 7.61521e-04  kld_vamb_joint: 5.28244e+00  kld_labels_joint: 1.05811e+01  correct_labels_joint: 0.00000e+00  loss: 1.33000e-01
2026-08-13 14:28:47.601 | INFO    | 		Epoch: 241  loss_vamb: 7.03758e-02  ab_vamb: 4.34893e-03  ce_vamb: 0.00000e+00  sse_vamb: 4.84367e-02  kld_vamb: 1.75345e-02  loss_labels: 5.80383e-03  ce_labels_labels: 5.16390e-04  kld_labels: 3.38396e+01  correct_labels_labels: 0.00000e+00  loss_joint: 5.63253e-02  ce_joint: 0.00000e+00  sse_joint: 1.01807e+01  ce_labels_joint: 6.24559e-04  kld_vamb_joint: 5.28699e+00  kld_labels_joint: 1.06029e+01  correct_labels_joint: 0.00000e+00  loss: 1.32505e-01
2026-08-13 14:28:48.347 | INFO    | 		Epoch: 242  loss_vamb: 7.06627e-02  ab_vamb: 4.24831e-03  ce_vamb: 0.00000e+00  sse_vamb: 4.90138e-02  kld_vamb: 1.75478e-02  loss_labels: 5.86220e-03  ce_labels_labels: 5.99124e-04  kld_labels: 3.36837e+01  correct_labels_labels: 0.00000e+00  loss_joint: 5.62415e-02  ce_joint: 0.00000e+00  sse_joint: 1.02437e+01  ce_labels_joint: 5.19846e-04  kld_vamb_joint: 5.28200e+00  kld_labels_joint: 1.06282e+01  correct_labels_joint: 0.00000e+00  loss: 1.32766e-01
2026-08-13 14:28:49.079 | INFO    | 		Epoch: 243  loss_vamb: 7.04090e-02  ab_vamb: 4.52926e-03  ce_vamb: 0.00000e+00  sse_vamb: 4.82507e-02  kld_vamb: 1.75296e-02  loss_labels: 5.69916e-03  ce_labels_labels: 4.35417e-04  kld_labels: 3.36880e+01  correct_labels_labels: 0.00000e+00  loss_joint: 5.64989e-02  ce_joint: 0.00000e+00  sse_joint: 1.01639e+01  ce_labels_joint: 7.65111e-04  kld_vamb_joint: 5.31765e+00  kld_labels_joint: 1.06409e+01  correct_labels_joint: 0.00000e+00  loss: 1.32607e-01
2026-08-13 14:28:49.879 | INFO    | 		Epoch: 244  loss_vamb: 7.07359e-02  ab_vamb: 4.70397e-03  ce_vamb: 0.00000e+00  sse_vamb: 4.81981e-02  kld_vamb: 1.75777e-02  loss_labels: 6.06959e-03  ce_labels_labels: 7.99951e-04  kld_labels: 3.37257e+01  correct_labels_labels: 0.00000e+00  loss_joint: 5.68218e-02  ce_joint: 0.00000e+00  sse_joint: 1.01065e+01  ce_labels_joint: 1.17997e-03  kld_vamb_joint: 5.28232e+00  kld_labels_joint: 1.06091e+01  correct_labels_joint: 0.00000e+00  loss: 1.33627e-01
2026-08-13 14:28:50.765 | INFO    | 		Epoch: 245  loss_vamb: 7.05498e-02  ab_vamb: 4.60202e-03  ce_vamb: 0.00000e+00  sse_vamb: 4.82815e-02  kld_vamb: 1.76459e-02  loss_labels: 5.59502e-03  ce_labels_labels: 3.31915e-04  kld_labels: 3.36839e+01  correct_labels_labels: 0.00000e+00  loss_joint: 5.70224e-02  ce_joint: 0.00000e+00  sse_joint: 1.01617e+01  ce_labels_joint: 1.20872e-03  kld_vamb_joint: 5.27676e+00  kld_labels_joint: 1.06396e+01  correct_labels_joint: 0.00000e+00  loss: 1.33167e-01
2026-08-13 14:28:51.411 | INFO    | 		Epoch: 246  loss_vamb: 7.05692e-02  ab_vamb: 4.75690e-03  ce_vamb: 0.00000e+00  sse_vamb: 4.83468e-02  kld_vamb: 1.75620e-02  loss_labels: 5.87100e-03  ce_labels_labels: 6.22953e-04  kld_labels: 3.35875e+01  correct_labels_labels: 0.00000e+00  loss_joint: 5.64252e-02  ce_joint: 0.00000e+00  sse_joint: 1.01553e+01  ce_labels_joint: 7.64383e-04  kld_vamb_joint: 5.27668e+00  kld_labels_joint: 1.05819e+01  correct_labels_joint: 0.00000e+00  loss: 1.32865e-01
2026-08-13 14:28:52.101 | INFO    | 		Epoch: 247  loss_vamb: 7.01722e-02  ab_vamb: 4.28332e-03  ce_vamb: 0.00000e+00  sse_vamb: 4.85386e-02  kld_vamb: 1.75560e-02  loss_labels: 5.84422e-03  ce_labels_labels: 6.14709e-04  kld_labels: 3.34689e+01  correct_labels_labels: 0.00000e+00  loss_joint: 5.64303e-02  ce_joint: 0.00000e+00  sse_joint: 1.01814e+01  ce_labels_joint: 9.89948e-04  kld_vamb_joint: 5.28796e+00  kld_labels_joint: 1.06005e+01  correct_labels_joint: 0.00000e+00  loss: 1.32447e-01
2026-08-13 14:28:52.729 | INFO    | 		Epoch: 248  loss_vamb: 7.05512e-02  ab_vamb: 4.36695e-03  ce_vamb: 0.00000e+00  sse_vamb: 4.88547e-02  kld_vamb: 1.75700e-02  loss_labels: 5.77268e-03  ce_labels_labels: 5.66230e-04  kld_labels: 3.33213e+01  correct_labels_labels: 0.00000e+00  loss_joint: 5.67688e-02  ce_joint: 0.00000e+00  sse_joint: 1.03004e+01  ce_labels_joint: 6.80123e-04  kld_vamb_joint: 5.27902e+00  kld_labels_joint: 1.06178e+01  correct_labels_joint: 0.00000e+00  loss: 1.33093e-01
2026-08-13 14:28:53.433 | INFO    | 		Epoch: 249  loss_vamb: 7.05574e-02  ab_vamb: 4.91603e-03  ce_vamb: 0.00000e+00  sse_vamb: 4.84983e-02  kld_vamb: 1.74765e-02  loss_labels: 6.50782e-03  ce_labels_labels: 1.28831e-03  kld_labels: 3.34048e+01  correct_labels_labels: 0.00000e+00  loss_joint: 5.69719e-02  ce_joint: 0.00000e+00  sse_joint: 1.02279e+01  ce_labels_joint: 7.55020e-04  kld_vamb_joint: 5.29199e+00  kld_labels_joint: 1.05713e+01  correct_labels_joint: 0.00000e+00  loss: 1.34037e-01
2026-08-13 14:28:54.082 | INFO    | 		Epoch: 250  loss_vamb: 7.07053e-02  ab_vamb: 4.73117e-03  ce_vamb: 0.00000e+00  sse_vamb: 4.83279e-02  kld_vamb: 1.75954e-02  loss_labels: 5.85373e-03  ce_labels_labels: 6.46531e-04  kld_labels: 3.33261e+01  correct_labels_labels: 0.00000e+00  loss_joint: 5.65696e-02  ce_joint: 0.00000e+00  sse_joint: 1.01115e+01  ce_labels_joint: 6.82655e-04  kld_vamb_joint: 5.26835e+00  kld_labels_joint: 1.06390e+01  correct_labels_joint: 0.00000e+00  loss: 1.33129e-01
2026-08-13 14:28:54.808 | INFO    | 		Epoch: 251  loss_vamb: 7.03624e-02  ab_vamb: 4.52944e-03  ce_vamb: 0.00000e+00  sse_vamb: 4.79960e-02  kld_vamb: 1.76200e-02  loss_labels: 6.17958e-03  ce_labels_labels: 9.65140e-04  kld_labels: 3.33724e+01  correct_labels_labels: 0.00000e+00  loss_joint: 5.65325e-02  ce_joint: 0.00000e+00  sse_joint: 1.00751e+01  ce_labels_joint: 7.16234e-04  kld_vamb_joint: 5.31444e+00  kld_labels_joint: 1.06874e+01  correct_labels_joint: 0.00000e+00  loss: 1.33074e-01
2026-08-13 14:28:55.582 | INFO    | 		Epoch: 252  loss_vamb: 7.07089e-02  ab_vamb: 4.43525e-03  ce_vamb: 0.00000e+00  sse_vamb: 4.88229e-02  kld_vamb: 1.75946e-02  loss_labels: 5.78824e-03  ce_labels_labels: 5.84234e-04  kld_labels: 3.33056e+01  correct_labels_labels: 0.00000e+00  loss_joint: 5.72189e-02  ce_joint: 0.00000e+00  sse_joint: 1.02252e+01  ce_labels_joint: 1.28171e-03  kld_vamb_joint: 5.26118e+00  kld_labels_joint: 1.06304e+01  correct_labels_joint: 0.00000e+00  loss: 1.33716e-01
2026-08-13 14:28:56.328 | INFO    | 		Epoch: 253  loss_vamb: 6.98812e-02  ab_vamb: 4.38598e-03  ce_vamb: 0.00000e+00  sse_vamb: 4.80409e-02  kld_vamb: 1.75311e-02  loss_labels: 6.05833e-03  ce_labels_labels: 8.62495e-04  kld_labels: 3.32533e+01  correct_labels_labels: 0.00000e+00  loss_joint: 5.64391e-02  ce_joint: 0.00000e+00  sse_joint: 1.00942e+01  ce_labels_joint: 1.24953e-03  kld_vamb_joint: 5.30263e+00  kld_labels_joint: 1.06014e+01  correct_labels_joint: 0.00000e+00  loss: 1.32379e-01
2026-08-13 14:28:57.067 | INFO    | 		Epoch: 254  loss_vamb: 7.00959e-02  ab_vamb: 4.31878e-03  ce_vamb: 0.00000e+00  sse_vamb: 4.81909e-02  kld_vamb: 1.75268e-02  loss_labels: 5.68415e-03  ce_labels_labels: 5.02887e-04  kld_labels: 3.31601e+01  correct_labels_labels: 0.00000e+00  loss_joint: 5.65678e-02  ce_joint: 0.00000e+00  sse_joint: 1.00651e+01  ce_labels_joint: 1.34764e-03  kld_vamb_joint: 5.25589e+00  kld_labels_joint: 1.05887e+01  correct_labels_joint: 0.00000e+00  loss: 1.32348e-01
2026-08-13 14:28:57.793 | INFO    | 		Epoch: 255  loss_vamb: 7.03872e-02  ab_vamb: 4.29725e-03  ce_vamb: 0.00000e+00  sse_vamb: 4.83638e-02  kld_vamb: 1.75393e-02  loss_labels: 5.80078e-03  ce_labels_labels: 5.95463e-04  kld_labels: 3.33140e+01  correct_labels_labels: 0.00000e+00  loss_joint: 5.68118e-02  ce_joint: 0.00000e+00  sse_joint: 1.01680e+01  ce_labels_joint: 1.23645e-03  kld_vamb_joint: 5.28798e+00  kld_labels_joint: 1.06076e+01  correct_labels_joint: 0.00000e+00  loss: 1.33000e-01
2026-08-13 14:28:58.499 | INFO    | 		Epoch: 256  loss_vamb: 6.99710e-02  ab_vamb: 4.28525e-03  ce_vamb: 0.00000e+00  sse_vamb: 4.81143e-02  kld_vamb: 1.75737e-02  loss_labels: 5.48541e-03  ce_labels_labels: 3.00847e-04  kld_labels: 3.31812e+01  correct_labels_labels: 0.00000e+00  loss_joint: 5.58717e-02  ce_joint: 0.00000e+00  sse_joint: 1.01152e+01  ce_labels_joint: 5.82432e-04  kld_vamb_joint: 5.30698e+00  kld_labels_joint: 1.06360e+01  correct_labels_joint: 0.00000e+00  loss: 1.31328e-01
2026-08-13 14:28:59.166 | INFO    | 		Epoch: 257  loss_vamb: 7.03582e-02  ab_vamb: 4.31732e-03  ce_vamb: 0.00000e+00  sse_vamb: 4.84306e-02  kld_vamb: 1.76073e-02  loss_labels: 5.53815e-03  ce_labels_labels: 3.45461e-04  kld_labels: 3.32332e+01  correct_labels_labels: 0.00000e+00  loss_joint: 5.62275e-02  ce_joint: 0.00000e+00  sse_joint: 1.01429e+01  ce_labels_joint: 7.40166e-04  kld_vamb_joint: 5.26146e+00  kld_labels_joint: 1.06231e+01  correct_labels_joint: 0.00000e+00  loss: 1.32124e-01
2026-08-13 14:28:59.852 | INFO    | 		Epoch: 258  loss_vamb: 7.07047e-02  ab_vamb: 4.56184e-03  ce_vamb: 0.00000e+00  sse_vamb: 4.85514e-02  kld_vamb: 1.75912e-02  loss_labels: 5.68096e-03  ce_labels_labels: 5.03822e-04  kld_labels: 3.31337e+01  correct_labels_labels: 0.00000e+00  loss_joint: 5.71543e-02  ce_joint: 0.00000e+00  sse_joint: 1.01987e+01  ce_labels_joint: 1.08780e-03  kld_vamb_joint: 5.29100e+00  kld_labels_joint: 1.06520e+01  correct_labels_joint: 0.00000e+00  loss: 1.33540e-01
2026-08-13 14:29:00.529 | INFO    | 		Epoch: 259  loss_vamb: 7.00654e-02  ab_vamb: 4.44173e-03  ce_vamb: 0.00000e+00  sse_vamb: 4.79263e-02  kld_vamb: 1.75682e-02  loss_labels: 5.94752e-03  ce_labels_labels: 7.72245e-04  kld_labels: 3.31217e+01  correct_labels_labels: 0.00000e+00  loss_joint: 5.63513e-02  ce_joint: 0.00000e+00  sse_joint: 1.00927e+01  ce_labels_joint: 8.44053e-04  kld_vamb_joint: 5.31120e+00  kld_labels_joint: 1.06683e+01  correct_labels_joint: 0.00000e+00  loss: 1.32364e-01
2026-08-13 14:29:01.275 | INFO    | 		Epoch: 260  loss_vamb: 7.04588e-02  ab_vamb: 4.39676e-03  ce_vamb: 0.00000e+00  sse_vamb: 4.85255e-02  kld_vamb: 1.75571e-02  loss_labels: 6.54342e-03  ce_labels_labels: 1.38611e-03  kld_labels: 3.30068e+01  correct_labels_labels: 0.00000e+00  loss_joint: 5.65255e-02  ce_joint: 0.00000e+00  sse_joint: 1.01708e+01  ce_labels_joint: 7.59848e-04  kld_vamb_joint: 5.31422e+00  kld_labels_joint: 1.06387e+01  correct_labels_joint: 0.00000e+00  loss: 1.33528e-01
2026-08-13 14:29:02.005 | INFO    | 		Epoch: 261  loss_vamb: 7.00506e-02  ab_vamb: 4.50308e-03  ce_vamb: 0.00000e+00  sse_vamb: 4.78323e-02  kld_vamb: 1.75363e-02  loss_labels: 5.36693e-03  ce_labels_labels: 2.07767e-04  kld_labels: 3.30186e+01  correct_labels_labels: 0.00000e+00  loss_joint: 5.68553e-02  ce_joint: 0.00000e+00  sse_joint: 1.00921e+01  ce_labels_joint: 9.52283e-04  kld_vamb_joint: 5.32994e+00  kld_labels_joint: 1.06741e+01  correct_labels_joint: 0.00000e+00  loss: 1.32273e-01
2026-08-13 14:29:02.659 | INFO    | 		Epoch: 262  loss_vamb: 7.01745e-02  ab_vamb: 4.23167e-03  ce_vamb: 0.00000e+00  sse_vamb: 4.84294e-02  kld_vamb: 1.75588e-02  loss_labels: 5.44158e-03  ce_labels_labels: 3.01412e-04  kld_labels: 3.28971e+01  correct_labels_labels: 0.00000e+00  loss_joint: 5.63524e-02  ce_joint: 0.00000e+00  sse_joint: 1.01645e+01  ce_labels_joint: 8.65551e-04  kld_vamb_joint: 5.33514e+00  kld_labels_joint: 1.06851e+01  correct_labels_joint: 0.00000e+00  loss: 1.31968e-01
2026-08-13 14:29:03.406 | INFO    | 		Epoch: 263  loss_vamb: 6.93401e-02  ab_vamb: 4.07587e-03  ce_vamb: 0.00000e+00  sse_vamb: 4.75455e-02  kld_vamb: 1.75519e-02  loss_labels: 5.67520e-03  ce_labels_labels: 5.36420e-04  kld_labels: 3.28882e+01  correct_labels_labels: 0.00000e+00  loss_joint: 5.57124e-02  ce_joint: 0.00000e+00  sse_joint: 1.00407e+01  ce_labels_joint: 5.98472e-04  kld_vamb_joint: 5.31391e+00  kld_labels_joint: 1.06440e+01  correct_labels_joint: 0.00000e+00  loss: 1.30728e-01
2026-08-13 14:29:04.061 | INFO    | 		Epoch: 264  loss_vamb: 7.01612e-02  ab_vamb: 4.27037e-03  ce_vamb: 0.00000e+00  sse_vamb: 4.84743e-02  kld_vamb: 1.75747e-02  loss_labels: 5.66136e-03  ce_labels_labels: 5.37637e-04  kld_labels: 3.27918e+01  correct_labels_labels: 0.00000e+00  loss_joint: 5.74192e-02  ce_joint: 0.00000e+00  sse_joint: 1.01897e+01  ce_labels_joint: 1.54355e-03  kld_vamb_joint: 5.30083e+00  kld_labels_joint: 1.06649e+01  correct_labels_joint: 0.00000e+00  loss: 1.33242e-01
2026-08-13 14:29:04.706 | INFO    | 		Epoch: 265  loss_vamb: 7.00633e-02  ab_vamb: 4.21249e-03  ce_vamb: 0.00000e+00  sse_vamb: 4.80082e-02  kld_vamb: 1.75995e-02  loss_labels: 5.71197e-03  ce_labels_labels: 6.19117e-04  kld_labels: 3.25943e+01  correct_labels_labels: 0.00000e+00  loss_joint: 5.63735e-02  ce_joint: 0.00000e+00  sse_joint: 1.00783e+01  ce_labels_joint: 8.44689e-04  kld_vamb_joint: 5.32367e+00  kld_labels_joint: 1.07004e+01  correct_labels_joint: 0.00000e+00  loss: 1.32149e-01
2026-08-13 14:29:05.365 | INFO    | 		Epoch: 266  loss_vamb: 7.01432e-02  ab_vamb: 4.35425e-03  ce_vamb: 0.00000e+00  sse_vamb: 4.81941e-02  kld_vamb: 1.75877e-02  loss_labels: 5.53567e-03  ce_labels_labels: 4.53503e-04  kld_labels: 3.25259e+01  correct_labels_labels: 0.00000e+00  loss_joint: 5.60751e-02  ce_joint: 0.00000e+00  sse_joint: 1.01277e+01  ce_labels_joint: 6.01014e-04  kld_vamb_joint: 5.30467e+00  kld_labels_joint: 1.07070e+01  correct_labels_joint: 0.00000e+00  loss: 1.31754e-01
2026-08-13 14:29:06.015 | INFO    | 		Epoch: 267  loss_vamb: 6.97585e-02  ab_vamb: 4.02741e-03  ce_vamb: 0.00000e+00  sse_vamb: 4.79655e-02  kld_vamb: 1.75521e-02  loss_labels: 5.51906e-03  ce_labels_labels: 4.36993e-04  kld_labels: 3.25252e+01  correct_labels_labels: 0.00000e+00  loss_joint: 5.68791e-02  ce_joint: 0.00000e+00  sse_joint: 1.01296e+01  ce_labels_joint: 1.19196e-03  kld_vamb_joint: 5.32599e+00  kld_labels_joint: 1.07163e+01  correct_labels_joint: 0.00000e+00  loss: 1.32157e-01
2026-08-13 14:29:06.648 | INFO    | 		Epoch: 268  loss_vamb: 7.00533e-02  ab_vamb: 4.29481e-03  ce_vamb: 0.00000e+00  sse_vamb: 4.81034e-02  kld_vamb: 1.75317e-02  loss_labels: 5.55932e-03  ce_labels_labels: 4.85703e-04  kld_labels: 3.24711e+01  correct_labels_labels: 0.00000e+00  loss_joint: 5.62468e-02  ce_joint: 0.00000e+00  sse_joint: 1.01035e+01  ce_labels_joint: 7.85179e-04  kld_vamb_joint: 5.32393e+00  kld_labels_joint: 1.07292e+01  correct_labels_joint: 0.00000e+00  loss: 1.31859e-01
2026-08-13 14:29:07.321 | INFO    | 		Epoch: 269  loss_vamb: 7.03654e-02  ab_vamb: 4.58371e-03  ce_vamb: 0.00000e+00  sse_vamb: 4.84411e-02  kld_vamb: 1.74972e-02  loss_labels: 5.57778e-03  ce_labels_labels: 5.37517e-04  kld_labels: 3.22577e+01  correct_labels_labels: 0.00000e+00  loss_joint: 5.66274e-02  ce_joint: 0.00000e+00  sse_joint: 1.01519e+01  ce_labels_joint: 8.92139e-04  kld_vamb_joint: 5.32705e+00  kld_labels_joint: 1.07048e+01  correct_labels_joint: 0.00000e+00  loss: 1.32571e-01
2026-08-13 14:29:08.028 | INFO    | 		Epoch: 270  loss_vamb: 6.97787e-02  ab_vamb: 4.22610e-03  ce_vamb: 0.00000e+00  sse_vamb: 4.81715e-02  kld_vamb: 1.75455e-02  loss_labels: 7.51811e-03  ce_labels_labels: 2.48793e-03  kld_labels: 3.21932e+01  correct_labels_labels: 0.00000e+00  loss_joint: 5.58638e-02  ce_joint: 0.00000e+00  sse_joint: 1.01108e+01  ce_labels_joint: 7.33367e-04  kld_vamb_joint: 5.30834e+00  kld_labels_joint: 1.07044e+01  correct_labels_joint: 0.00000e+00  loss: 1.33161e-01
2026-08-13 14:29:08.723 | INFO    | 		Epoch: 271  loss_vamb: 6.99065e-02  ab_vamb: 4.39131e-03  ce_vamb: 0.00000e+00  sse_vamb: 4.80311e-02  kld_vamb: 1.75332e-02  loss_labels: 6.47022e-03  ce_labels_labels: 1.44688e-03  kld_labels: 3.21494e+01  correct_labels_labels: 0.00000e+00  loss_joint: 5.63630e-02  ce_joint: 0.00000e+00  sse_joint: 1.01087e+01  ce_labels_joint: 9.53994e-04  kld_vamb_joint: 5.31806e+00  kld_labels_joint: 1.07175e+01  correct_labels_joint: 0.00000e+00  loss: 1.32740e-01
2026-08-13 14:29:09.367 | INFO    | 		Epoch: 272  loss_vamb: 7.05076e-02  ab_vamb: 4.81410e-03  ce_vamb: 0.00000e+00  sse_vamb: 4.85154e-02  kld_vamb: 1.75184e-02  loss_labels: 7.13275e-03  ce_labels_labels: 2.09159e-03  kld_labels: 3.22634e+01  correct_labels_labels: 0.00000e+00  loss_joint: 5.62855e-02  ce_joint: 0.00000e+00  sse_joint: 1.01962e+01  ce_labels_joint: 7.12055e-04  kld_vamb_joint: 5.29941e+00  kld_labels_joint: 1.07106e+01  correct_labels_joint: 0.00000e+00  loss: 1.33926e-01
2026-08-13 14:29:10.014 | INFO    | 		Epoch: 273  loss_vamb: 6.99947e-02  ab_vamb: 4.24000e-03  ce_vamb: 0.00000e+00  sse_vamb: 4.81003e-02  kld_vamb: 1.75539e-02  loss_labels: 6.81861e-03  ce_labels_labels: 1.76590e-03  kld_labels: 3.23373e+01  correct_labels_labels: 0.00000e+00  loss_joint: 5.61376e-02  ce_joint: 0.00000e+00  sse_joint: 1.01154e+01  ce_labels_joint: 5.18630e-04  kld_vamb_joint: 5.30356e+00  kld_labels_joint: 1.06967e+01  correct_labels_joint: 0.00000e+00  loss: 1.32951e-01
2026-08-13 14:29:10.697 | INFO    | 		Epoch: 274  loss_vamb: 7.02655e-02  ab_vamb: 4.49326e-03  ce_vamb: 0.00000e+00  sse_vamb: 4.84987e-02  kld_vamb: 1.75200e-02  loss_labels: 5.82735e-03  ce_labels_labels: 7.87348e-04  kld_labels: 3.22560e+01  correct_labels_labels: 0.00000e+00  loss_joint: 5.60167e-02  ce_joint: 0.00000e+00  sse_joint: 1.01396e+01  ce_labels_joint: 7.88236e-04  kld_vamb_joint: 5.28366e+00  kld_labels_joint: 1.06816e+01  correct_labels_joint: 0.00000e+00  loss: 1.32110e-01
2026-08-13 14:29:11.397 | INFO    | 		Epoch: 275  loss_vamb: 7.00248e-02  ab_vamb: 4.43372e-03  ce_vamb: 0.00000e+00  sse_vamb: 4.82501e-02  kld_vamb: 1.75041e-02  loss_labels: 5.52246e-03  ce_labels_labels: 4.19521e-04  kld_labels: 3.26588e+01  correct_labels_labels: 0.00000e+00  loss_joint: 5.61850e-02  ce_joint: 0.00000e+00  sse_joint: 1.01676e+01  ce_labels_joint: 6.85022e-04  kld_vamb_joint: 5.28116e+00  kld_labels_joint: 1.06525e+01  correct_labels_joint: 0.00000e+00  loss: 1.31732e-01
2026-08-13 14:29:12.099 | INFO    | 		Epoch: 276  loss_vamb: 7.00858e-02  ab_vamb: 4.37318e-03  ce_vamb: 0.00000e+00  sse_vamb: 4.80223e-02  kld_vamb: 1.75452e-02  loss_labels: 5.43034e-03  ce_labels_labels: 3.34014e-04  kld_labels: 3.26165e+01  correct_labels_labels: 0.00000e+00  loss_joint: 5.63017e-02  ce_joint: 0.00000e+00  sse_joint: 1.00691e+01  ce_labels_joint: 9.45503e-04  kld_vamb_joint: 5.29513e+00  kld_labels_joint: 1.07103e+01  correct_labels_joint: 0.00000e+00  loss: 1.31818e-01
2026-08-13 14:29:12.792 | INFO    | 		Epoch: 277  loss_vamb: 6.97479e-02  ab_vamb: 4.29671e-03  ce_vamb: 0.00000e+00  sse_vamb: 4.80132e-02  kld_vamb: 1.74984e-02  loss_labels: 5.39076e-03  ce_labels_labels: 2.93703e-04  kld_labels: 3.26212e+01  correct_labels_labels: 0.00000e+00  loss_joint: 5.56755e-02  ce_joint: 0.00000e+00  sse_joint: 1.00347e+01  ce_labels_joint: 8.28270e-04  kld_vamb_joint: 5.28368e+00  kld_labels_joint: 1.06867e+01  correct_labels_joint: 0.00000e+00  loss: 1.30814e-01
2026-08-13 14:29:13.513 | INFO    | 		Epoch: 278  loss_vamb: 7.03206e-02  ab_vamb: 4.74678e-03  ce_vamb: 0.00000e+00  sse_vamb: 4.78043e-02  kld_vamb: 1.75792e-02  loss_labels: 5.50343e-03  ce_labels_labels: 3.95433e-04  kld_labels: 3.26912e+01  correct_labels_labels: 0.00000e+00  loss_joint: 5.60475e-02  ce_joint: 0.00000e+00  sse_joint: 1.00390e+01  ce_labels_joint: 5.15153e-04  kld_vamb_joint: 5.31579e+00  kld_labels_joint: 1.07311e+01  correct_labels_joint: 0.00000e+00  loss: 1.31872e-01
2026-08-13 14:29:14.240 | INFO    | 		Epoch: 279  loss_vamb: 6.97431e-02  ab_vamb: 4.07274e-03  ce_vamb: 0.00000e+00  sse_vamb: 4.81137e-02  kld_vamb: 1.75776e-02  loss_labels: 5.92123e-03  ce_labels_labels: 7.99127e-04  kld_labels: 3.27814e+01  correct_labels_labels: 0.00000e+00  loss_joint: 5.63835e-02  ce_joint: 0.00000e+00  sse_joint: 1.01342e+01  ce_labels_joint: 7.08027e-04  kld_vamb_joint: 5.31222e+00  kld_labels_joint: 1.07012e+01  correct_labels_joint: 0.00000e+00  loss: 1.32048e-01
2026-08-13 14:29:15.328 | INFO    | 		Epoch: 280  loss_vamb: 6.95959e-02  ab_vamb: 4.27888e-03  ce_vamb: 0.00000e+00  sse_vamb: 4.78264e-02  kld_vamb: 1.75273e-02  loss_labels: 5.41455e-03  ce_labels_labels: 2.79658e-04  kld_labels: 3.28633e+01  correct_labels_labels: 0.00000e+00  loss_joint: 5.59258e-02  ce_joint: 0.00000e+00  sse_joint: 1.00887e+01  ce_labels_joint: 7.92636e-04  kld_vamb_joint: 5.33395e+00  kld_labels_joint: 1.07286e+01  correct_labels_joint: 0.00000e+00  loss: 1.30936e-01
2026-08-13 14:29:16.040 | INFO    | 		Epoch: 281  loss_vamb: 6.98959e-02  ab_vamb: 4.12703e-03  ce_vamb: 0.00000e+00  sse_vamb: 4.83131e-02  kld_vamb: 1.75203e-02  loss_labels: 5.57202e-03  ce_labels_labels: 4.28629e-04  kld_labels: 3.29177e+01  correct_labels_labels: 0.00000e+00  loss_joint: 5.61543e-02  ce_joint: 0.00000e+00  sse_joint: 1.01550e+01  ce_labels_joint: 6.90805e-04  kld_vamb_joint: 5.29956e+00  kld_labels_joint: 1.06841e+01  correct_labels_joint: 0.00000e+00  loss: 1.31622e-01
2026-08-13 14:29:16.698 | INFO    | 		Epoch: 282  loss_vamb: 6.97226e-02  ab_vamb: 4.22720e-03  ce_vamb: 0.00000e+00  sse_vamb: 4.81635e-02  kld_vamb: 1.75294e-02  loss_labels: 5.42771e-03  ce_labels_labels: 3.06022e-04  kld_labels: 3.27788e+01  correct_labels_labels: 0.00000e+00  loss_joint: 5.61149e-02  ce_joint: 0.00000e+00  sse_joint: 1.01217e+01  ce_labels_joint: 9.67500e-04  kld_vamb_joint: 5.29168e+00  kld_labels_joint: 1.06779e+01  correct_labels_joint: 0.00000e+00  loss: 1.31265e-01
2026-08-13 14:29:17.331 | INFO    | 		Epoch: 283  loss_vamb: 6.95292e-02  ab_vamb: 4.00750e-03  ce_vamb: 0.00000e+00  sse_vamb: 4.82203e-02  kld_vamb: 1.75486e-02  loss_labels: 5.58772e-03  ce_labels_labels: 4.62674e-04  kld_labels: 3.28003e+01  correct_labels_labels: 0.00000e+00  loss_joint: 5.57613e-02  ce_joint: 0.00000e+00  sse_joint: 1.01071e+01  ce_labels_joint: 8.20254e-04  kld_vamb_joint: 5.29723e+00  kld_labels_joint: 1.07017e+01  correct_labels_joint: 0.00000e+00  loss: 1.30878e-01
2026-08-13 14:29:17.996 | INFO    | 		Epoch: 284  loss_vamb: 6.96356e-02  ab_vamb: 4.28083e-03  ce_vamb: 0.00000e+00  sse_vamb: 4.76043e-02  kld_vamb: 1.75896e-02  loss_labels: 5.95953e-03  ce_labels_labels: 8.41568e-04  kld_labels: 3.27550e+01  correct_labels_labels: 0.00000e+00  loss_joint: 5.62841e-02  ce_joint: 0.00000e+00  sse_joint: 1.00224e+01  ce_labels_joint: 1.25400e-03  kld_vamb_joint: 5.29812e+00  kld_labels_joint: 1.07576e+01  correct_labels_joint: 0.00000e+00  loss: 1.31879e-01
2026-08-13 14:29:18.655 | INFO    | 		Epoch: 285  loss_vamb: 7.03878e-02  ab_vamb: 4.44683e-03  ce_vamb: 0.00000e+00  sse_vamb: 4.79053e-02  kld_vamb: 1.75819e-02  loss_labels: 5.88504e-03  ce_labels_labels: 7.63089e-04  kld_labels: 3.27805e+01  correct_labels_labels: 0.00000e+00  loss_joint: 5.69345e-02  ce_joint: 0.00000e+00  sse_joint: 1.00341e+01  ce_labels_joint: 1.33714e-03  kld_vamb_joint: 5.31177e+00  kld_labels_joint: 1.07551e+01  correct_labels_joint: 0.00000e+00  loss: 1.33207e-01
2026-08-13 14:29:19.374 | INFO    | 		Epoch: 286  loss_vamb: 6.99841e-02  ab_vamb: 4.17190e-03  ce_vamb: 0.00000e+00  sse_vamb: 4.86612e-02  kld_vamb: 1.75593e-02  loss_labels: 5.55464e-03  ce_labels_labels: 4.53607e-04  kld_labels: 3.26466e+01  correct_labels_labels: 0.00000e+00  loss_joint: 5.61345e-02  ce_joint: 0.00000e+00  sse_joint: 1.02419e+01  ce_labels_joint: 5.95823e-04  kld_vamb_joint: 5.29694e+00  kld_labels_joint: 1.07146e+01  correct_labels_joint: 0.00000e+00  loss: 1.31673e-01
2026-08-13 14:29:20.092 | INFO    | 		Epoch: 287  loss_vamb: 6.97294e-02  ab_vamb: 4.27073e-03  ce_vamb: 0.00000e+00  sse_vamb: 4.80250e-02  kld_vamb: 1.75435e-02  loss_labels: 5.87738e-03  ce_labels_labels: 7.75362e-04  kld_labels: 3.26529e+01  correct_labels_labels: 0.00000e+00  loss_joint: 5.55692e-02  ce_joint: 0.00000e+00  sse_joint: 1.01140e+01  ce_labels_joint: 6.83503e-04  kld_vamb_joint: 5.30345e+00  kld_labels_joint: 1.06983e+01  correct_labels_joint: 0.00000e+00  loss: 1.31176e-01
2026-08-13 14:29:20.826 | INFO    | 		Epoch: 288  loss_vamb: 6.95891e-02  ab_vamb: 3.89075e-03  ce_vamb: 0.00000e+00  sse_vamb: 4.81535e-02  kld_vamb: 1.75654e-02  loss_labels: 5.91794e-03  ce_labels_labels: 8.17858e-04  kld_labels: 3.26406e+01  correct_labels_labels: 0.00000e+00  loss_joint: 5.58535e-02  ce_joint: 0.00000e+00  sse_joint: 1.00606e+01  ce_labels_joint: 9.94186e-04  kld_vamb_joint: 5.27287e+00  kld_labels_joint: 1.07118e+01  correct_labels_joint: 0.00000e+00  loss: 1.31361e-01
2026-08-13 14:29:21.501 | INFO    | 		Epoch: 289  loss_vamb: 6.94546e-02  ab_vamb: 3.95224e-03  ce_vamb: 0.00000e+00  sse_vamb: 4.80378e-02  kld_vamb: 1.75551e-02  loss_labels: 6.32715e-03  ce_labels_labels: 1.23948e-03  kld_labels: 3.25611e+01  correct_labels_labels: 0.00000e+00  loss_joint: 5.57999e-02  ce_joint: 0.00000e+00  sse_joint: 1.00892e+01  ce_labels_joint: 8.49900e-04  kld_vamb_joint: 5.31275e+00  kld_labels_joint: 1.07513e+01  correct_labels_joint: 0.00000e+00  loss: 1.31582e-01
2026-08-13 14:29:22.223 | INFO    | 		Epoch: 290  loss_vamb: 6.97870e-02  ab_vamb: 4.39031e-03  ce_vamb: 0.00000e+00  sse_vamb: 4.78186e-02  kld_vamb: 1.75869e-02  loss_labels: 5.59371e-03  ce_labels_labels: 5.00757e-04  kld_labels: 3.25949e+01  correct_labels_labels: 0.00000e+00  loss_joint: 5.56027e-02  ce_joint: 0.00000e+00  sse_joint: 1.00585e+01  ce_labels_joint: 4.74374e-04  kld_vamb_joint: 5.31111e+00  kld_labels_joint: 1.07427e+01  correct_labels_joint: 0.00000e+00  loss: 1.30983e-01
2026-08-13 14:29:23.083 | INFO    | 		Epoch: 291  loss_vamb: 6.99978e-02  ab_vamb: 4.47770e-03  ce_vamb: 0.00000e+00  sse_vamb: 4.78212e-02  kld_vamb: 1.75588e-02  loss_labels: 5.58447e-03  ce_labels_labels: 4.96978e-04  kld_labels: 3.25599e+01  correct_labels_labels: 0.00000e+00  loss_joint: 5.54257e-02  ce_joint: 0.00000e+00  sse_joint: 9.98572e+00  ce_labels_joint: 5.47042e-04  kld_vamb_joint: 5.31359e+00  kld_labels_joint: 1.07727e+01  correct_labels_joint: 0.00000e+00  loss: 1.31008e-01
2026-08-13 14:29:23.849 | INFO    | 		Epoch: 292  loss_vamb: 6.99249e-02  ab_vamb: 4.28814e-03  ce_vamb: 0.00000e+00  sse_vamb: 4.81483e-02  kld_vamb: 1.75141e-02  loss_labels: 5.48266e-03  ce_labels_labels: 3.87996e-04  kld_labels: 3.26058e+01  correct_labels_labels: 0.00000e+00  loss_joint: 5.65187e-02  ce_joint: 0.00000e+00  sse_joint: 1.00917e+01  ce_labels_joint: 1.54147e-03  kld_vamb_joint: 5.28609e+00  kld_labels_joint: 1.06998e+01  correct_labels_joint: 0.00000e+00  loss: 1.31926e-01
2026-08-13 14:29:24.556 | INFO    | 		Epoch: 293  loss_vamb: 7.03521e-02  ab_vamb: 4.48856e-03  ce_vamb: 0.00000e+00  sse_vamb: 4.85725e-02  kld_vamb: 1.75322e-02  loss_labels: 6.20186e-03  ce_labels_labels: 1.10637e-03  kld_labels: 3.26111e+01  correct_labels_labels: 0.00000e+00  loss_joint: 5.62195e-02  ce_joint: 0.00000e+00  sse_joint: 1.01355e+01  ce_labels_joint: 6.42241e-04  kld_vamb_joint: 5.27717e+00  kld_labels_joint: 1.07116e+01  correct_labels_joint: 0.00000e+00  loss: 1.32773e-01
2026-08-13 14:29:25.230 | INFO    | 		Epoch: 294  loss_vamb: 6.98736e-02  ab_vamb: 4.33005e-03  ce_vamb: 0.00000e+00  sse_vamb: 4.80404e-02  kld_vamb: 1.75269e-02  loss_labels: 5.54763e-03  ce_labels_labels: 4.53029e-04  kld_labels: 3.26055e+01  correct_labels_labels: 0.00000e+00  loss_joint: 5.64135e-02  ce_joint: 0.00000e+00  sse_joint: 1.00528e+01  ce_labels_joint: 1.32552e-03  kld_vamb_joint: 5.31639e+00  kld_labels_joint: 1.07734e+01  correct_labels_joint: 0.00000e+00  loss: 1.31835e-01
2026-08-13 14:29:26.027 | INFO    | 		Epoch: 295  loss_vamb: 6.98008e-02  ab_vamb: 4.27751e-03  ce_vamb: 0.00000e+00  sse_vamb: 4.78689e-02  kld_vamb: 1.75680e-02  loss_labels: 5.53045e-03  ce_labels_labels: 4.50279e-04  kld_labels: 3.25131e+01  correct_labels_labels: 0.00000e+00  loss_joint: 5.66294e-02  ce_joint: 0.00000e+00  sse_joint: 1.00232e+01  ce_labels_joint: 1.52596e-03  kld_vamb_joint: 5.30280e+00  kld_labels_joint: 1.07648e+01  correct_labels_joint: 0.00000e+00  loss: 1.31961e-01
2026-08-13 14:29:26.756 | INFO    | 		Epoch: 296  loss_vamb: 6.98926e-02  ab_vamb: 4.34311e-03  ce_vamb: 0.00000e+00  sse_vamb: 4.81423e-02  kld_vamb: 1.75879e-02  loss_labels: 5.47217e-03  ce_labels_labels: 3.93823e-04  kld_labels: 3.25014e+01  correct_labels_labels: 0.00000e+00  loss_joint: 5.55816e-02  ce_joint: 0.00000e+00  sse_joint: 1.00607e+01  ce_labels_joint: 5.51409e-04  kld_vamb_joint: 5.30051e+00  kld_labels_joint: 1.07495e+01  correct_labels_joint: 0.00000e+00  loss: 1.30946e-01
2026-08-13 14:29:27.469 | INFO    | 		Epoch: 297  loss_vamb: 6.98146e-02  ab_vamb: 4.14207e-03  ce_vamb: 0.00000e+00  sse_vamb: 4.83759e-02  kld_vamb: 1.75530e-02  loss_labels: 5.54796e-03  ce_labels_labels: 5.06525e-04  kld_labels: 3.22652e+01  correct_labels_labels: 0.00000e+00  loss_joint: 5.56383e-02  ce_joint: 0.00000e+00  sse_joint: 1.01039e+01  ce_labels_joint: 5.94329e-04  kld_vamb_joint: 5.28793e+00  kld_labels_joint: 1.07451e+01  correct_labels_joint: 0.00000e+00  loss: 1.31001e-01
2026-08-13 14:29:28.116 | INFO    | 		Epoch: 298  loss_vamb: 7.01680e-02  ab_vamb: 4.37624e-03  ce_vamb: 0.00000e+00  sse_vamb: 4.84125e-02  kld_vamb: 1.75665e-02  loss_labels: 5.98574e-03  ce_labels_labels: 9.31597e-04  kld_labels: 3.23465e+01  correct_labels_labels: 0.00000e+00  loss_joint: 5.57486e-02  ce_joint: 0.00000e+00  sse_joint: 1.01153e+01  ce_labels_joint: 5.36131e-04  kld_vamb_joint: 5.29050e+00  kld_labels_joint: 1.07530e+01  correct_labels_joint: 0.00000e+00  loss: 1.31902e-01
2026-08-13 14:29:28.854 | INFO    | 		Epoch: 299  loss_vamb: 7.00930e-02  ab_vamb: 4.31666e-03  ce_vamb: 0.00000e+00  sse_vamb: 4.84571e-02  kld_vamb: 1.75852e-02  loss_labels: 6.00036e-03  ce_labels_labels: 9.38606e-04  kld_labels: 3.23952e+01  correct_labels_labels: 0.00000e+00  loss_joint: 5.66767e-02  ce_joint: 0.00000e+00  sse_joint: 1.01540e+01  ce_labels_joint: 1.14950e-03  kld_vamb_joint: 5.32359e+00  kld_labels_joint: 1.08134e+01  correct_labels_joint: 0.00000e+00  loss: 1.32770e-01
2026-08-13 14:29:29.192 | INFO    | (7335, 32) embedding shape
2026-08-13 14:29:29.360 | INFO    | Clustering
2026-08-13 14:29:29.361 | INFO    | 	Windowsize: 300
2026-08-13 14:29:29.361 | INFO    | 	Min successful thresholds detected: 15
2026-08-13 14:29:29.361 | INFO    | 	Max clusters: None
2026-08-13 14:29:29.361 | INFO    | 	Use CUDA for clustering: False
2026-08-13 14:29:29.361 | INFO    | 	Binsplitter: Defaulting to 'C', but disabled due to incompatible identifiers
2026-08-13 14:29:31.471 | INFO    | 	Clustered 7335 contigs in 2559 unsplit bins
2026-08-13 14:29:31.471 | INFO    | 	Wrote cluster file(s) in 0.0 seconds.
2026-08-13 14:29:33.425 | INFO    | 	Wrote 28 bins with 4390 sequences in 1.95 seconds.
2026-08-13 14:29:33.425 | INFO    | 	Clustered contigs in 2.11 seconds.

2026-08-13 14:29:33.444 | INFO    | Completed Vamb in 346.09 seconds.
TaxVAMB done: /mnt/ME5024_PA2/shared/groups/ZHANGLU/Results_of_CAMI2_Other_datasets_other_binning_tools/TaxVAMB/Gastrointestinal_tract/Gastrointestinal_tract-2017.12.04_18.45.54_sample_4; finished=Thu Aug 13 14:29:34 HKT 2026
