TaxVAMB: sample=Airways-2017.12.04_18.56.22_sample_7, threads=32, started=Thu Aug 13 13:52:45 HKT 2026
2026-08-13 13:52:47.896 | INFO    | Starting Vamb version 5.0.4
2026-08-13 13:52:47.897 | INFO    | Random seed is 50691684800694695
2026-08-13 13:52:47.897 | INFO    | Invoked with CLI args: '/mnt/ME5024_PA1/home/csbhzou/miniconda3/envs/taxvamb/bin/vamb bin taxvamb --outdir /mnt/ME5024_PA2/shared/groups/ZHANGLU/Results_of_CAMI2_Other_datasets_other_binning_tools/TaxVAMB/Airways/Airways-2017.12.04_18.56.22_sample_7 --fasta /mnt/ME5024_PA2/shared/groups/ZHANGLU/Data-CAMI2-others-datasets/Airways-2017.12.04_18.56.22_sample_7.contigs.fasta --bamdir /mnt/ME5024_PA2/shared/groups/ZHANGLU/TaxVAMB-Taxonomy-TSV/Airways-2017.12.04_18.56.22_sample_7/bamdir --taxonomy /mnt/ME5024_PA2/shared/groups/ZHANGLU/TaxVAMB-Taxonomy-TSV/Airways-2017.12.04_18.56.22_sample_7/Airways-2017.12.04_18.56.22_sample_7.taxonomy.tsv --minfasta 200000 -m 2000 -p 32'
2026-08-13 13:52:47.897 | INFO    | Loading TNF
2026-08-13 13:52:47.897 | INFO    | 	Minimum sequence length: 2000
2026-08-13 13:52:47.897 | INFO    | 	Loading data from FASTA file /mnt/ME5024_PA2/shared/groups/ZHANGLU/Data-CAMI2-others-datasets/Airways-2017.12.04_18.56.22_sample_7.contigs.fasta

2026-08-13 13:52:49.202 | WARNING | Binsplit separator (option `-o`) implicitly passed as "C", but sequence identifier "NODE_1_length_371052_cov_22.974709" does not contain this separator, or contains it at the very start or end.
A binsplit separator X implies that every sequence identifier is formatted as
[sample identifier][X][sequence identifier], e.g. a binsplit separator of 'C' means that 'S1C19' and '7C11' are valid identifiers.

Skipping binsplitting.

2026-08-13 13:52:49.202 | WARNING | The minimum sequence length has been set to 2000, but 323078 sequences fell below this threshold and was filtered away.
Better results are obtained if the sequence file is filtered to the minimum sequence length before mapping.

2026-08-13 13:52:49.202 | INFO    | 	Kept 31893332 bases in 2932 sequences
2026-08-13 13:52:49.202 | INFO    | 	Processed TNF in 1.31 seconds.

2026-08-13 13:52:49.202 | INFO    | Loading depths
2026-08-13 13:52:49.202 | INFO    | 	Reference hash: d4e4583be96aa1c3fd2362f6bdedec66
2026-08-13 13:52:49.202 | INFO    | 	Parsing 1 BAM files with 32 threads
2026-08-13 13:52:49.202 | INFO    | 	Min identity: 0.0
2026-08-13 13:53:17.417 | INFO    | 	Order of columns is:
2026-08-13 13:53:17.418 | INFO    | 	     0: /mnt/ME5024_PA2/shared/groups/ZHANGLU/TaxVAMB-Taxonomy-TSV/Airways-2017.12.04_18.56.22_sample_7/bamdir/Airways-2017.12.04_18.56.22_sample_7.sorted.bam
2026-08-13 13:53:17.418 | INFO    | 	Processed abundance in 28.22 seconds.

2026-08-13 13:53:17.418 | INFO    | Predicting taxonomy with Taxometer
2026-08-13 13:53:17.434 | INFO    | 	166 nodes in the graph
2026-08-13 13:53:17.445 | INFO    | 	Created dataloader
2026-08-13 13:53:17.445 | INFO    | Starting training the taxonomy predictor
2026-08-13 13:53:17.445 | INFO    | Using threshold 0.5
2026-08-13 13:53:18.273 | INFO    | 	Network properties:
2026-08-13 13:53:18.273 | INFO    | 	    CUDA: False
2026-08-13 13:53:18.273 | INFO    | 	    Hierarchical loss: flat_softmax
2026-08-13 13:53:18.273 | INFO    | 	    Alpha: 0.5
2026-08-13 13:53:18.273 | INFO    | 	    Beta: 200.0
2026-08-13 13:53:18.273 | INFO    | 	    Dropout: 0.2
2026-08-13 13:53:18.273 | INFO    | 	    N hidden: 512, 512, 512, 512
2026-08-13 13:53:18.273 | INFO    | 	Training properties:
2026-08-13 13:53:18.273 | INFO    | 	    N epochs: 100
2026-08-13 13:53:18.273 | INFO    | 	    Starting batch size: 1024
2026-08-13 13:53:18.273 | INFO    | 	    Batchsteps: None
2026-08-13 13:53:18.273 | INFO    | 	    Learning rate: 0.001
2026-08-13 13:53:18.273 | INFO    | 	    N labels: torch.Size([2932, 1])
Using decoupled weight decay
2026-08-13 13:53:18.498 | INFO    | 	Epoch: 1	CE: 3.5322032	Batchsize: 1024
2026-08-13 13:53:18.690 | INFO    | 	Epoch: 2	CE: 3.4789500	Batchsize: 1024
2026-08-13 13:53:18.876 | INFO    | 	Epoch: 3	CE: 3.3893001	Batchsize: 1024
2026-08-13 13:53:19.069 | INFO    | 	Epoch: 4	CE: 2.4027817	Batchsize: 1024
2026-08-13 13:53:19.274 | INFO    | 	Epoch: 5	CE: 1.2778496	Batchsize: 1024
2026-08-13 13:53:19.463 | INFO    | 	Epoch: 6	CE: 0.9919025	Batchsize: 1024
2026-08-13 13:53:19.665 | INFO    | 	Epoch: 7	CE: 0.9486618	Batchsize: 1024
2026-08-13 13:53:19.871 | INFO    | 	Epoch: 8	CE: 0.7688856	Batchsize: 1024
2026-08-13 13:53:20.084 | INFO    | 	Epoch: 9	CE: 0.5778379	Batchsize: 1024
2026-08-13 13:53:20.293 | INFO    | 	Epoch: 10	CE: 0.4965414	Batchsize: 1024
2026-08-13 13:53:20.471 | INFO    | 	Epoch: 11	CE: 0.4469477	Batchsize: 1024
2026-08-13 13:53:20.671 | INFO    | 	Epoch: 12	CE: 0.4421288	Batchsize: 1024
2026-08-13 13:53:20.860 | INFO    | 	Epoch: 13	CE: 0.3923937	Batchsize: 1024
2026-08-13 13:53:21.063 | INFO    | 	Epoch: 14	CE: 0.3463521	Batchsize: 1024
2026-08-13 13:53:21.265 | INFO    | 	Epoch: 15	CE: 0.3291531	Batchsize: 1024
2026-08-13 13:53:21.461 | INFO    | 	Epoch: 16	CE: 0.2852211	Batchsize: 1024
2026-08-13 13:53:21.652 | INFO    | 	Epoch: 17	CE: 0.2908476	Batchsize: 1024
2026-08-13 13:53:21.849 | INFO    | 	Epoch: 18	CE: 0.2505574	Batchsize: 1024
2026-08-13 13:53:22.044 | INFO    | 	Epoch: 19	CE: 0.2475756	Batchsize: 1024
2026-08-13 13:53:22.239 | INFO    | 	Epoch: 20	CE: 0.2242279	Batchsize: 1024
2026-08-13 13:53:22.442 | INFO    | 	Epoch: 21	CE: 0.2331420	Batchsize: 1024
2026-08-13 13:53:22.645 | INFO    | 	Epoch: 22	CE: 0.2058742	Batchsize: 1024
2026-08-13 13:53:22.850 | INFO    | 	Epoch: 23	CE: 0.1908301	Batchsize: 1024
2026-08-13 13:53:23.051 | INFO    | 	Epoch: 24	CE: 0.1826901	Batchsize: 1024
2026-08-13 13:53:23.240 | INFO    | 	Epoch: 25	CE: 0.1710445	Batchsize: 1024
2026-08-13 13:53:23.439 | INFO    | 	Epoch: 26	CE: 0.1622202	Batchsize: 1024
2026-08-13 13:53:23.645 | INFO    | 	Epoch: 27	CE: 0.1433421	Batchsize: 1024
2026-08-13 13:53:23.846 | INFO    | 	Epoch: 28	CE: 0.1596584	Batchsize: 1024
2026-08-13 13:53:24.037 | INFO    | 	Epoch: 29	CE: 0.1498544	Batchsize: 1024
2026-08-13 13:53:24.229 | INFO    | 	Epoch: 30	CE: 0.1218665	Batchsize: 1024
2026-08-13 13:53:24.429 | INFO    | 	Epoch: 31	CE: 0.1177766	Batchsize: 1024
2026-08-13 13:53:24.616 | INFO    | 	Epoch: 32	CE: 0.1209305	Batchsize: 1024
2026-08-13 13:53:24.814 | INFO    | 	Epoch: 33	CE: 0.1209945	Batchsize: 1024
2026-08-13 13:53:25.010 | INFO    | 	Epoch: 34	CE: 0.1208962	Batchsize: 1024
2026-08-13 13:53:25.222 | INFO    | 	Epoch: 35	CE: 0.1074610	Batchsize: 1024
2026-08-13 13:53:25.413 | INFO    | 	Epoch: 36	CE: 0.1031317	Batchsize: 1024
2026-08-13 13:53:25.615 | INFO    | 	Epoch: 37	CE: 0.0762097	Batchsize: 1024
2026-08-13 13:53:25.810 | INFO    | 	Epoch: 38	CE: 0.0923996	Batchsize: 1024
2026-08-13 13:53:26.009 | INFO    | 	Epoch: 39	CE: 0.0827309	Batchsize: 1024
2026-08-13 13:53:26.199 | INFO    | 	Epoch: 40	CE: 0.0719587	Batchsize: 1024
2026-08-13 13:53:26.402 | INFO    | 	Epoch: 41	CE: 0.0818536	Batchsize: 1024
2026-08-13 13:53:26.600 | INFO    | 	Epoch: 42	CE: 0.0738994	Batchsize: 1024
2026-08-13 13:53:26.812 | INFO    | 	Epoch: 43	CE: 0.0669820	Batchsize: 1024
2026-08-13 13:53:27.015 | INFO    | 	Epoch: 44	CE: 0.0697171	Batchsize: 1024
2026-08-13 13:53:27.215 | INFO    | 	Epoch: 45	CE: 0.0778378	Batchsize: 1024
2026-08-13 13:53:27.428 | INFO    | 	Epoch: 46	CE: 0.0739678	Batchsize: 1024
2026-08-13 13:53:27.624 | INFO    | 	Epoch: 47	CE: 0.0648207	Batchsize: 1024
2026-08-13 13:53:27.828 | INFO    | 	Epoch: 48	CE: 0.0498026	Batchsize: 1024
2026-08-13 13:53:28.035 | INFO    | 	Epoch: 49	CE: 0.0541105	Batchsize: 1024
2026-08-13 13:53:28.247 | INFO    | 	Epoch: 50	CE: 0.0555902	Batchsize: 1024
2026-08-13 13:53:28.446 | INFO    | 	Epoch: 51	CE: 0.0588785	Batchsize: 1024
2026-08-13 13:53:28.649 | INFO    | 	Epoch: 52	CE: 0.0498398	Batchsize: 1024
2026-08-13 13:53:28.850 | INFO    | 	Epoch: 53	CE: 0.0539868	Batchsize: 1024
2026-08-13 13:53:29.036 | INFO    | 	Epoch: 54	CE: 0.0458354	Batchsize: 1024
2026-08-13 13:53:29.233 | INFO    | 	Epoch: 55	CE: 0.0523222	Batchsize: 1024
2026-08-13 13:53:29.438 | INFO    | 	Epoch: 56	CE: 0.0485017	Batchsize: 1024
2026-08-13 13:53:29.642 | INFO    | 	Epoch: 57	CE: 0.0473829	Batchsize: 1024
2026-08-13 13:53:29.845 | INFO    | 	Epoch: 58	CE: 0.0407244	Batchsize: 1024
2026-08-13 13:53:30.045 | INFO    | 	Epoch: 59	CE: 0.0359320	Batchsize: 1024
2026-08-13 13:53:30.247 | INFO    | 	Epoch: 60	CE: 0.0459583	Batchsize: 1024
2026-08-13 13:53:30.440 | INFO    | 	Epoch: 61	CE: 0.0261423	Batchsize: 1024
2026-08-13 13:53:30.637 | INFO    | 	Epoch: 62	CE: 0.0447787	Batchsize: 1024
2026-08-13 13:53:30.840 | INFO    | 	Epoch: 63	CE: 0.0538870	Batchsize: 1024
2026-08-13 13:53:31.032 | INFO    | 	Epoch: 64	CE: 0.0373030	Batchsize: 1024
2026-08-13 13:53:31.231 | INFO    | 	Epoch: 65	CE: 0.0403790	Batchsize: 1024
2026-08-13 13:53:31.420 | INFO    | 	Epoch: 66	CE: 0.0395212	Batchsize: 1024
2026-08-13 13:53:31.610 | INFO    | 	Epoch: 67	CE: 0.0497325	Batchsize: 1024
2026-08-13 13:53:31.813 | INFO    | 	Epoch: 68	CE: 0.0412978	Batchsize: 1024
2026-08-13 13:53:32.016 | INFO    | 	Epoch: 69	CE: 0.0389438	Batchsize: 1024
2026-08-13 13:53:32.206 | INFO    | 	Epoch: 70	CE: 0.0371849	Batchsize: 1024
2026-08-13 13:53:32.411 | INFO    | 	Epoch: 71	CE: 0.0405582	Batchsize: 1024
2026-08-13 13:53:32.606 | INFO    | 	Epoch: 72	CE: 0.0347392	Batchsize: 1024
2026-08-13 13:53:32.807 | INFO    | 	Epoch: 73	CE: 0.0364916	Batchsize: 1024
2026-08-13 13:53:33.005 | INFO    | 	Epoch: 74	CE: 0.0416094	Batchsize: 1024
2026-08-13 13:53:33.222 | INFO    | 	Epoch: 75	CE: 0.0332196	Batchsize: 1024
2026-08-13 13:53:33.424 | INFO    | 	Epoch: 76	CE: 0.0428620	Batchsize: 1024
2026-08-13 13:53:33.627 | INFO    | 	Epoch: 77	CE: 0.0368760	Batchsize: 1024
2026-08-13 13:53:33.825 | INFO    | 	Epoch: 78	CE: 0.0350814	Batchsize: 1024
2026-08-13 13:53:34.037 | INFO    | 	Epoch: 79	CE: 0.0342833	Batchsize: 1024
2026-08-13 13:53:34.247 | INFO    | 	Epoch: 80	CE: 0.0246318	Batchsize: 1024
2026-08-13 13:53:34.448 | INFO    | 	Epoch: 81	CE: 0.0301137	Batchsize: 1024
2026-08-13 13:53:34.650 | INFO    | 	Epoch: 82	CE: 0.0284883	Batchsize: 1024
2026-08-13 13:53:34.859 | INFO    | 	Epoch: 83	CE: 0.0335648	Batchsize: 1024
2026-08-13 13:53:35.057 | INFO    | 	Epoch: 84	CE: 0.0281099	Batchsize: 1024
2026-08-13 13:53:35.257 | INFO    | 	Epoch: 85	CE: 0.0449849	Batchsize: 1024
2026-08-13 13:53:35.449 | INFO    | 	Epoch: 86	CE: 0.0301154	Batchsize: 1024
2026-08-13 13:53:35.643 | INFO    | 	Epoch: 87	CE: 0.0418218	Batchsize: 1024
2026-08-13 13:53:35.833 | INFO    | 	Epoch: 88	CE: 0.0311112	Batchsize: 1024
2026-08-13 13:53:36.028 | INFO    | 	Epoch: 89	CE: 0.0320324	Batchsize: 1024
2026-08-13 13:53:36.220 | INFO    | 	Epoch: 90	CE: 0.0377080	Batchsize: 1024
2026-08-13 13:53:36.415 | INFO    | 	Epoch: 91	CE: 0.0425553	Batchsize: 1024
2026-08-13 13:53:36.626 | INFO    | 	Epoch: 92	CE: 0.0383330	Batchsize: 1024
2026-08-13 13:53:36.830 | INFO    | 	Epoch: 93	CE: 0.0287650	Batchsize: 1024
2026-08-13 13:53:37.039 | INFO    | 	Epoch: 94	CE: 0.0295317	Batchsize: 1024
2026-08-13 13:53:37.240 | INFO    | 	Epoch: 95	CE: 0.0385510	Batchsize: 1024
2026-08-13 13:53:37.429 | INFO    | 	Epoch: 96	CE: 0.0235312	Batchsize: 1024
2026-08-13 13:53:37.637 | INFO    | 	Epoch: 97	CE: 0.0313353	Batchsize: 1024
2026-08-13 13:53:37.828 | INFO    | 	Epoch: 98	CE: 0.0383552	Batchsize: 1024
2026-08-13 13:53:38.022 | INFO    | 	Epoch: 99	CE: 0.0368960	Batchsize: 1024
2026-08-13 13:53:38.210 | INFO    | 	Epoch: 100	CE: 0.0187814	Batchsize: 1024
2026-08-13 13:53:38.220 | INFO    | Finished training the taxonomy predictor in 20.78 seconds.
2026-08-13 13:53:38.220 | INFO    | Writing the taxonomy predictions
2026-08-13 13:53:38.220 | INFO    | Using threshold 0.5
2026-08-13 13:53:38.464 | INFO    | Completed taxonomy predictions in 21.05 seconds.
2026-08-13 13:53:38.502 | INFO    | 	Network properties:
2026-08-13 13:53:38.502 | INFO    | 	    CUDA: False
2026-08-13 13:53:38.502 | INFO    | 	    Alpha: 0.5
2026-08-13 13:53:38.502 | INFO    | 	    Beta: 200.0
2026-08-13 13:53:38.502 | INFO    | 	    Dropout: 0.0
2026-08-13 13:53:38.502 | INFO    | 	    N hidden: 256, 256
2026-08-13 13:53:38.502 | INFO    | 	    N latent: 32
2026-08-13 13:53:38.502 | INFO    | 	Training properties:
2026-08-13 13:53:38.502 | INFO    | 	    N epochs: 300
2026-08-13 13:53:38.502 | INFO    | 	    Starting batch size: 256
2026-08-13 13:53:38.502 | INFO    | 	    Batchsteps: 25, 75, 150, 225
2026-08-13 13:53:38.502 | INFO    | 	    Learning rate: 0.001
2026-08-13 13:53:38.502 | INFO    | 	    N sequences: 2932
2026-08-13 13:53:38.502 | INFO    | 	    N samples: 1
2026-08-13 13:53:39.067 | INFO    | 		Epoch: 0  loss_vamb: 7.84317e-01  ab_vamb: 3.22562e-01  ce_vamb: 0.00000e+00  sse_vamb: 4.60375e-01  kld_vamb: 1.90761e-03  loss_labels: 2.10553e+00  ce_labels_labels: 2.10117e+00  kld_labels: 2.79146e+01  correct_labels_labels: 0.00000e+00  loss_joint: 3.87980e+00  ce_joint: 0.00000e+00  sse_joint: 9.49094e+01  ce_labels_joint: 3.05975e+00  kld_vamb_joint: 8.42777e-01  kld_labels_joint: 8.95769e-01  correct_labels_joint: 0.00000e+00  loss: 6.76965e+00
2026-08-13 13:53:39.615 | INFO    | 		Epoch: 1  loss_vamb: 3.75900e-01  ab_vamb: 1.04769e-01  ce_vamb: 0.00000e+00  sse_vamb: 2.66936e-01  kld_vamb: 4.55547e-03  loss_labels: 5.97911e-01  ce_labels_labels: 5.88394e-01  kld_labels: 6.09064e+01  correct_labels_labels: 0.00000e+00  loss_joint: 1.51366e+00  ce_joint: 0.00000e+00  sse_joint: 5.57787e+01  ce_labels_joint: 1.12748e+00  kld_vamb_joint: 1.59315e+00  kld_labels_joint: 1.44194e+00  correct_labels_joint: 0.00000e+00  loss: 2.48747e+00
2026-08-13 13:53:40.151 | INFO    | 		Epoch: 2  loss_vamb: 2.79541e-01  ab_vamb: 5.61612e-02  ce_vamb: 0.00000e+00  sse_vamb: 2.17116e-01  kld_vamb: 6.48110e-03  loss_labels: 4.33892e-01  ce_labels_labels: 4.22787e-01  kld_labels: 7.10678e+01  correct_labels_labels: 0.00000e+00  loss_joint: 1.01761e+00  ce_joint: 0.00000e+00  sse_joint: 4.58066e+01  ce_labels_joint: 7.27583e-01  kld_vamb_joint: 1.92775e+00  kld_labels_joint: 1.62312e+00  correct_labels_joint: 0.00000e+00  loss: 1.73105e+00
2026-08-13 13:53:40.756 | INFO    | 		Epoch: 3  loss_vamb: 2.39874e-01  ab_vamb: 4.11945e-02  ce_vamb: 0.00000e+00  sse_vamb: 1.90952e-01  kld_vamb: 7.89374e-03  loss_labels: 3.41168e-01  ce_labels_labels: 3.29315e-01  kld_labels: 7.58599e+01  correct_labels_labels: 0.00000e+00  loss_joint: 8.07892e-01  ce_joint: 0.00000e+00  sse_joint: 4.03458e+01  ce_labels_joint: 5.64443e-01  kld_vamb_joint: 2.09416e+00  kld_labels_joint: 1.74046e+00  correct_labels_joint: 0.00000e+00  loss: 1.38893e+00
2026-08-13 13:53:41.306 | INFO    | 		Epoch: 4  loss_vamb: 2.19372e-01  ab_vamb: 3.27363e-02  ce_vamb: 0.00000e+00  sse_vamb: 1.78005e-01  kld_vamb: 8.79973e-03  loss_labels: 2.81190e-01  ce_labels_labels: 2.68971e-01  kld_labels: 7.82057e+01  correct_labels_labels: 0.00000e+00  loss_joint: 6.80790e-01  ce_joint: 0.00000e+00  sse_joint: 3.76308e+01  ce_labels_joint: 4.57731e-01  kld_vamb_joint: 2.23218e+00  kld_labels_joint: 1.84477e+00  correct_labels_joint: 0.00000e+00  loss: 1.18135e+00
2026-08-13 13:53:41.853 | INFO    | 		Epoch: 5  loss_vamb: 2.06671e-01  ab_vamb: 2.82670e-02  ce_vamb: 0.00000e+00  sse_vamb: 1.69080e-01  kld_vamb: 9.47692e-03  loss_labels: 2.31643e-01  ce_labels_labels: 2.19198e-01  kld_labels: 7.96476e+01  correct_labels_labels: 0.00000e+00  loss_joint: 5.88723e-01  ce_joint: 0.00000e+00  sse_joint: 3.60540e+01  ce_labels_joint: 3.77218e-01  kld_vamb_joint: 2.32571e+00  kld_labels_joint: 1.93421e+00  correct_labels_joint: 0.00000e+00  loss: 1.02704e+00
2026-08-13 13:53:42.390 | INFO    | 		Epoch: 6  loss_vamb: 1.97343e-01  ab_vamb: 2.40961e-02  ce_vamb: 0.00000e+00  sse_vamb: 1.63364e-01  kld_vamb: 1.00359e-02  loss_labels: 1.99617e-01  ce_labels_labels: 1.87104e-01  kld_labels: 8.00837e+01  correct_labels_labels: 0.00000e+00  loss_joint: 5.34503e-01  ce_joint: 0.00000e+00  sse_joint: 3.49729e+01  ce_labels_joint: 3.31118e-01  kld_vamb_joint: 2.40214e+00  kld_labels_joint: 2.02777e+00  correct_labels_joint: 0.00000e+00  loss: 9.31463e-01
2026-08-13 13:53:42.951 | INFO    | 		Epoch: 7  loss_vamb: 1.90126e-01  ab_vamb: 2.18723e-02  ce_vamb: 0.00000e+00  sse_vamb: 1.57938e-01  kld_vamb: 1.04625e-02  loss_labels: 1.70557e-01  ce_labels_labels: 1.57990e-01  kld_labels: 8.04300e+01  correct_labels_labels: 0.00000e+00  loss_joint: 4.88417e-01  ce_joint: 0.00000e+00  sse_joint: 3.42715e+01  ce_labels_joint: 2.88854e-01  kld_vamb_joint: 2.50678e+00  kld_labels_joint: 2.09337e+00  correct_labels_joint: 0.00000e+00  loss: 8.49100e-01
2026-08-13 13:53:43.500 | INFO    | 		Epoch: 8  loss_vamb: 1.84813e-01  ab_vamb: 2.02941e-02  ce_vamb: 0.00000e+00  sse_vamb: 1.53840e-01  kld_vamb: 1.08362e-02  loss_labels: 1.43497e-01  ce_labels_labels: 1.30845e-01  kld_labels: 8.09756e+01  correct_labels_labels: 0.00000e+00  loss_joint: 4.35756e-01  ce_joint: 0.00000e+00  sse_joint: 3.37749e+01  ce_labels_joint: 2.40803e-01  kld_vamb_joint: 2.59729e+00  kld_labels_joint: 2.14388e+00  correct_labels_joint: 0.00000e+00  loss: 7.64066e-01
2026-08-13 13:53:44.042 | INFO    | 		Epoch: 9  loss_vamb: 1.81731e-01  ab_vamb: 1.96163e-02  ce_vamb: 0.00000e+00  sse_vamb: 1.51154e-01  kld_vamb: 1.11177e-02  loss_labels: 1.17749e-01  ce_labels_labels: 1.05132e-01  kld_labels: 8.07495e+01  correct_labels_labels: 0.00000e+00  loss_joint: 4.03183e-01  ce_joint: 0.00000e+00  sse_joint: 3.32405e+01  ce_labels_joint: 2.11338e-01  kld_vamb_joint: 2.72282e+00  kld_labels_joint: 2.19541e+00  correct_labels_joint: 0.00000e+00  loss: 7.02663e-01
2026-08-13 13:53:44.589 | INFO    | 		Epoch: 10  loss_vamb: 1.77115e-01  ab_vamb: 1.81600e-02  ce_vamb: 0.00000e+00  sse_vamb: 1.47711e-01  kld_vamb: 1.13884e-02  loss_labels: 1.00048e-01  ce_labels_labels: 8.75830e-02  kld_labels: 7.97778e+01  correct_labels_labels: 0.00000e+00  loss_joint: 3.79629e-01  ce_joint: 0.00000e+00  sse_joint: 3.27512e+01  ce_labels_joint: 1.91527e-01  kld_vamb_joint: 2.76192e+00  kld_labels_joint: 2.30193e+00  correct_labels_joint: 0.00000e+00  loss: 6.56792e-01
2026-08-13 13:53:45.131 | INFO    | 		Epoch: 11  loss_vamb: 1.73659e-01  ab_vamb: 1.70119e-02  ce_vamb: 0.00000e+00  sse_vamb: 1.45183e-01  kld_vamb: 1.16403e-02  loss_labels: 8.05321e-02  ce_labels_labels: 6.80720e-02  kld_labels: 7.97447e+01  correct_labels_labels: 0.00000e+00  loss_joint: 3.46963e-01  ce_joint: 0.00000e+00  sse_joint: 3.21375e+01  ce_labels_joint: 1.62246e-01  kld_vamb_joint: 2.80106e+00  kld_labels_joint: 2.36896e+00  correct_labels_joint: 0.00000e+00  loss: 6.01154e-01
2026-08-13 13:53:45.694 | INFO    | 		Epoch: 12  loss_vamb: 1.72068e-01  ab_vamb: 1.75258e-02  ce_vamb: 0.00000e+00  sse_vamb: 1.42818e-01  kld_vamb: 1.18797e-02  loss_labels: 6.52037e-02  ce_labels_labels: 5.28114e-02  kld_labels: 7.93110e+01  correct_labels_labels: 0.00000e+00  loss_joint: 3.26173e-01  ce_joint: 0.00000e+00  sse_joint: 3.17976e+01  ce_labels_joint: 1.45122e-01  kld_vamb_joint: 2.85571e+00  kld_labels_joint: 2.48263e+00  correct_labels_joint: 0.00000e+00  loss: 5.63445e-01
2026-08-13 13:53:46.233 | INFO    | 		Epoch: 13  loss_vamb: 1.67200e-01  ab_vamb: 1.50347e-02  ce_vamb: 0.00000e+00  sse_vamb: 1.40206e-01  kld_vamb: 1.21073e-02  loss_labels: 5.41200e-02  ce_labels_labels: 4.17187e-02  kld_labels: 7.93682e+01  correct_labels_labels: 0.00000e+00  loss_joint: 3.03924e-01  ce_joint: 0.00000e+00  sse_joint: 3.12709e+01  ce_labels_joint: 1.24924e-01  kld_vamb_joint: 2.91254e+00  kld_labels_joint: 2.58533e+00  correct_labels_joint: 0.00000e+00  loss: 5.25244e-01
2026-08-13 13:53:46.858 | INFO    | 		Epoch: 14  loss_vamb: 1.64935e-01  ab_vamb: 1.48166e-02  ce_vamb: 0.00000e+00  sse_vamb: 1.38056e-01  kld_vamb: 1.22240e-02  loss_labels: 4.31371e-02  ce_labels_labels: 3.08485e-02  kld_labels: 7.86466e+01  correct_labels_labels: 0.00000e+00  loss_joint: 2.83415e-01  ce_joint: 0.00000e+00  sse_joint: 3.09348e+01  ce_labels_joint: 1.08553e-01  kld_vamb_joint: 2.99871e+00  kld_labels_joint: 2.58908e+00  correct_labels_joint: 0.00000e+00  loss: 4.91488e-01
2026-08-13 13:53:47.407 | INFO    | 		Epoch: 15  loss_vamb: 1.62376e-01  ab_vamb: 1.44923e-02  ce_vamb: 0.00000e+00  sse_vamb: 1.35655e-01  kld_vamb: 1.23721e-02  loss_labels: 3.56407e-02  ce_labels_labels: 2.35122e-02  kld_labels: 7.76229e+01  correct_labels_labels: 0.00000e+00  loss_joint: 2.63304e-01  ce_joint: 0.00000e+00  sse_joint: 3.06521e+01  ce_labels_joint: 9.03746e-02  kld_vamb_joint: 3.06130e+00  kld_labels_joint: 2.70187e+00  correct_labels_joint: 0.00000e+00  loss: 4.61321e-01
2026-08-13 13:53:47.941 | INFO    | 		Epoch: 16  loss_vamb: 1.60590e-01  ab_vamb: 1.43327e-02  ce_vamb: 0.00000e+00  sse_vamb: 1.33890e-01  kld_vamb: 1.25229e-02  loss_labels: 2.86733e-02  ce_labels_labels: 1.67776e-02  kld_labels: 7.61325e+01  correct_labels_labels: 0.00000e+00  loss_joint: 2.51512e-01  ce_joint: 0.00000e+00  sse_joint: 3.03336e+01  ce_labels_joint: 8.09854e-02  kld_vamb_joint: 3.11233e+00  kld_labels_joint: 2.79060e+00  correct_labels_joint: 0.00000e+00  loss: 4.40774e-01
2026-08-13 13:53:48.475 | INFO    | 		Epoch: 17  loss_vamb: 1.59098e-01  ab_vamb: 1.44392e-02  ce_vamb: 0.00000e+00  sse_vamb: 1.32097e-01  kld_vamb: 1.27046e-02  loss_labels: 2.74872e-02  ce_labels_labels: 1.57584e-02  kld_labels: 7.50640e+01  correct_labels_labels: 0.00000e+00  loss_joint: 2.36047e-01  ce_joint: 0.00000e+00  sse_joint: 2.98874e+01  ce_labels_joint: 6.88643e-02  kld_vamb_joint: 3.14834e+00  kld_labels_joint: 2.86011e+00  correct_labels_joint: 0.00000e+00  loss: 4.22632e-01
2026-08-13 13:53:49.024 | INFO    | 		Epoch: 18  loss_vamb: 1.56743e-01  ab_vamb: 1.41333e-02  ce_vamb: 0.00000e+00  sse_vamb: 1.29923e-01  kld_vamb: 1.28376e-02  loss_labels: 2.39849e-02  ce_labels_labels: 1.23885e-02  kld_labels: 7.42169e+01  correct_labels_labels: 0.00000e+00  loss_joint: 2.29803e-01  ce_joint: 0.00000e+00  sse_joint: 2.93819e+01  ce_labels_joint: 6.38973e-02  kld_vamb_joint: 3.27058e+00  kld_labels_joint: 2.96069e+00  correct_labels_joint: 0.00000e+00  loss: 4.10532e-01
2026-08-13 13:53:49.566 | INFO    | 		Epoch: 19  loss_vamb: 1.55164e-01  ab_vamb: 1.37735e-02  ce_vamb: 0.00000e+00  sse_vamb: 1.28571e-01  kld_vamb: 1.29636e-02  loss_labels: 2.07751e-02  ce_labels_labels: 9.39886e-03  kld_labels: 7.28081e+01  correct_labels_labels: 0.00000e+00  loss_joint: 2.12503e-01  ce_joint: 0.00000e+00  sse_joint: 2.91932e+01  ce_labels_joint: 4.99683e-02  kld_vamb_joint: 3.31456e+00  kld_labels_joint: 2.99750e+00  correct_labels_joint: 0.00000e+00  loss: 3.88442e-01
2026-08-13 13:53:50.169 | INFO    | 		Epoch: 20  loss_vamb: 1.53046e-01  ab_vamb: 1.32530e-02  ce_vamb: 0.00000e+00  sse_vamb: 1.26860e-01  kld_vamb: 1.30707e-02  loss_labels: 1.83508e-02  ce_labels_labels: 7.15468e-03  kld_labels: 7.16551e+01  correct_labels_labels: 0.00000e+00  loss_joint: 2.01566e-01  ce_joint: 0.00000e+00  sse_joint: 2.87135e+01  ce_labels_joint: 4.18793e-02  kld_vamb_joint: 3.30456e+00  kld_labels_joint: 3.06944e+00  correct_labels_joint: 0.00000e+00  loss: 3.72963e-01
2026-08-13 13:53:50.732 | INFO    | 		Epoch: 21  loss_vamb: 1.51717e-01  ab_vamb: 1.33228e-02  ce_vamb: 0.00000e+00  sse_vamb: 1.25317e-01  kld_vamb: 1.32110e-02  loss_labels: 1.72928e-02  ce_labels_labels: 6.31897e-03  kld_labels: 7.02325e+01  correct_labels_labels: 0.00000e+00  loss_joint: 1.97894e-01  ce_joint: 0.00000e+00  sse_joint: 2.83268e+01  ce_labels_joint: 4.09502e-02  kld_vamb_joint: 3.33136e+00  kld_labels_joint: 3.12669e+00  correct_labels_joint: 0.00000e+00  loss: 3.66904e-01
2026-08-13 13:53:51.288 | INFO    | 		Epoch: 22  loss_vamb: 1.50380e-01  ab_vamb: 1.32023e-02  ce_vamb: 0.00000e+00  sse_vamb: 1.24022e-01  kld_vamb: 1.32859e-02  loss_labels: 1.61653e-02  ce_labels_labels: 5.41329e-03  kld_labels: 6.88129e+01  correct_labels_labels: 0.00000e+00  loss_joint: 1.93562e-01  ce_joint: 0.00000e+00  sse_joint: 2.82631e+01  ce_labels_joint: 3.68278e-02  kld_vamb_joint: 3.43038e+00  kld_labels_joint: 3.22912e+00  correct_labels_joint: 0.00000e+00  loss: 3.60107e-01
2026-08-13 13:53:51.836 | INFO    | 		Epoch: 23  loss_vamb: 1.48872e-01  ab_vamb: 1.28737e-02  ce_vamb: 0.00000e+00  sse_vamb: 1.22652e-01  kld_vamb: 1.34891e-02  loss_labels: 1.58336e-02  ce_labels_labels: 5.34477e-03  kld_labels: 6.71283e+01  correct_labels_labels: 0.00000e+00  loss_joint: 1.85658e-01  ce_joint: 0.00000e+00  sse_joint: 2.79774e+01  ce_labels_joint: 2.98098e-02  kld_vamb_joint: 3.41324e+00  kld_labels_joint: 3.31109e+00  correct_labels_joint: 0.00000e+00  loss: 3.50364e-01
2026-08-13 13:53:52.376 | INFO    | 		Epoch: 24  loss_vamb: 1.48318e-01  ab_vamb: 1.31188e-02  ce_vamb: 0.00000e+00  sse_vamb: 1.21736e-01  kld_vamb: 1.36029e-02  loss_labels: 1.60124e-02  ce_labels_labels: 5.77309e-03  kld_labels: 6.55316e+01  correct_labels_labels: 0.00000e+00  loss_joint: 1.84039e-01  ce_joint: 0.00000e+00  sse_joint: 2.76466e+01  ce_labels_joint: 3.05043e-02  kld_vamb_joint: 3.42752e+00  kld_labels_joint: 3.42665e+00  correct_labels_joint: 0.00000e+00  loss: 3.48370e-01
2026-08-13 13:53:52.840 | INFO    | 		Epoch: 25  loss_vamb: 1.44874e-01  ab_vamb: 1.11101e-02  ce_vamb: 0.00000e+00  sse_vamb: 1.20161e-01  kld_vamb: 1.35758e-02  loss_labels: 2.11902e-02  ce_labels_labels: 1.10757e-02  kld_labels: 6.47324e+01  correct_labels_labels: 0.00000e+00  loss_joint: 1.88867e-01  ce_joint: 0.00000e+00  sse_joint: 2.72534e+01  ce_labels_joint: 4.10190e-02  kld_vamb_joint: 3.48062e+00  kld_labels_joint: 3.56053e+00  correct_labels_joint: 0.00000e+00  loss: 3.54930e-01
2026-08-13 13:53:53.304 | INFO    | 		Epoch: 26  loss_vamb: 1.44546e-01  ab_vamb: 1.12061e-02  ce_vamb: 0.00000e+00  sse_vamb: 1.19228e-01  kld_vamb: 1.37063e-02  loss_labels: 1.93661e-02  ce_labels_labels: 9.31285e-03  kld_labels: 6.43410e+01  correct_labels_labels: 0.00000e+00  loss_joint: 1.77057e-01  ce_joint: 0.00000e+00  sse_joint: 2.67904e+01  ce_labels_joint: 3.06203e-02  kld_vamb_joint: 3.45767e+00  kld_labels_joint: 3.57676e+00  correct_labels_joint: 0.00000e+00  loss: 3.40969e-01
2026-08-13 13:53:53.754 | INFO    | 		Epoch: 27  loss_vamb: 1.44539e-01  ab_vamb: 1.16381e-02  ce_vamb: 0.00000e+00  sse_vamb: 1.18598e-01  kld_vamb: 1.38210e-02  loss_labels: 1.77596e-02  ce_labels_labels: 7.82774e-03  kld_labels: 6.35642e+01  correct_labels_labels: 0.00000e+00  loss_joint: 1.73299e-01  ce_joint: 0.00000e+00  sse_joint: 2.68818e+01  ce_labels_joint: 2.64555e-02  kld_vamb_joint: 3.48889e+00  kld_labels_joint: 3.62419e+00  correct_labels_joint: 0.00000e+00  loss: 3.35597e-01
2026-08-13 13:53:54.229 | INFO    | 		Epoch: 28  loss_vamb: 1.41950e-01  ab_vamb: 1.02809e-02  ce_vamb: 0.00000e+00  sse_vamb: 1.17517e-01  kld_vamb: 1.39717e-02  loss_labels: 1.68613e-02  ce_labels_labels: 7.03857e-03  kld_labels: 6.28654e+01  correct_labels_labels: 0.00000e+00  loss_joint: 1.70155e-01  ce_joint: 0.00000e+00  sse_joint: 2.66286e+01  ce_labels_joint: 2.48194e-02  kld_vamb_joint: 3.46750e+00  kld_labels_joint: 3.63658e+00  correct_labels_joint: 0.00000e+00  loss: 3.28966e-01
2026-08-13 13:53:54.685 | INFO    | 		Epoch: 29  loss_vamb: 1.42371e-01  ab_vamb: 1.04714e-02  ce_vamb: 0.00000e+00  sse_vamb: 1.17649e-01  kld_vamb: 1.39282e-02  loss_labels: 1.53384e-02  ce_labels_labels: 5.59443e-03  kld_labels: 6.23617e+01  correct_labels_labels: 0.00000e+00  loss_joint: 1.67009e-01  ce_joint: 0.00000e+00  sse_joint: 2.66723e+01  ce_labels_joint: 2.15918e-02  kld_vamb_joint: 3.45373e+00  kld_labels_joint: 3.66328e+00  correct_labels_joint: 0.00000e+00  loss: 3.24719e-01
2026-08-13 13:53:55.130 | INFO    | 		Epoch: 30  loss_vamb: 1.41421e-01  ab_vamb: 1.01074e-02  ce_vamb: 0.00000e+00  sse_vamb: 1.17709e-01  kld_vamb: 1.39184e-02  loss_labels: 1.41577e-02  ce_labels_labels: 4.50295e-03  kld_labels: 6.17903e+01  correct_labels_labels: 0.00000e+00  loss_joint: 1.62924e-01  ce_joint: 0.00000e+00  sse_joint: 2.65052e+01  ce_labels_joint: 1.96039e-02  kld_vamb_joint: 3.45607e+00  kld_labels_joint: 3.72447e+00  correct_labels_joint: 0.00000e+00  loss: 3.18503e-01
2026-08-13 13:53:55.580 | INFO    | 		Epoch: 31  loss_vamb: 1.43515e-01  ab_vamb: 1.26593e-02  ce_vamb: 0.00000e+00  sse_vamb: 1.16750e-01  kld_vamb: 1.39689e-02  loss_labels: 1.45446e-02  ce_labels_labels: 4.97512e-03  kld_labels: 6.12446e+01  correct_labels_labels: 0.00000e+00  loss_joint: 1.61966e-01  ce_joint: 0.00000e+00  sse_joint: 2.63132e+01  ce_labels_joint: 1.61106e-02  kld_vamb_joint: 3.45708e+00  kld_labels_joint: 3.75756e+00  correct_labels_joint: 0.00000e+00  loss: 3.20026e-01
2026-08-13 13:53:56.021 | INFO    | 		Epoch: 32  loss_vamb: 1.39573e-01  ab_vamb: 9.88415e-03  ce_vamb: 0.00000e+00  sse_vamb: 1.15829e-01  kld_vamb: 1.40759e-02  loss_labels: 1.32997e-02  ce_labels_labels: 3.85836e-03  kld_labels: 6.04248e+01  correct_labels_labels: 0.00000e+00  loss_joint: 1.58905e-01  ce_joint: 0.00000e+00  sse_joint: 2.62599e+01  ce_labels_joint: 1.72160e-02  kld_vamb_joint: 3.46805e+00  kld_labels_joint: 3.81852e+00  correct_labels_joint: 0.00000e+00  loss: 3.11778e-01
2026-08-13 13:53:56.473 | INFO    | 		Epoch: 33  loss_vamb: 1.37992e-01  ab_vamb: 9.40628e-03  ce_vamb: 0.00000e+00  sse_vamb: 1.14205e-01  kld_vamb: 1.40707e-02  loss_labels: 1.24350e-02  ce_labels_labels: 3.09723e-03  kld_labels: 5.97618e+01  correct_labels_labels: 0.00000e+00  loss_joint: 1.55837e-01  ce_joint: 0.00000e+00  sse_joint: 2.59434e+01  ce_labels_joint: 1.63373e-02  kld_vamb_joint: 3.49936e+00  kld_labels_joint: 3.86052e+00  correct_labels_joint: 0.00000e+00  loss: 3.06263e-01
2026-08-13 13:53:56.912 | INFO    | 		Epoch: 34  loss_vamb: 1.37170e-01  ab_vamb: 8.84032e-03  ce_vamb: 0.00000e+00  sse_vamb: 1.14251e-01  kld_vamb: 1.41610e-02  loss_labels: 1.22268e-02  ce_labels_labels: 3.03078e-03  kld_labels: 5.88548e+01  correct_labels_labels: 0.00000e+00  loss_joint: 1.53831e-01  ce_joint: 0.00000e+00  sse_joint: 2.58059e+01  ce_labels_joint: 1.48498e-02  kld_vamb_joint: 3.52191e+00  kld_labels_joint: 3.91502e+00  correct_labels_joint: 0.00000e+00  loss: 3.03228e-01
2026-08-13 13:53:57.365 | INFO    | 		Epoch: 35  loss_vamb: 1.37018e-01  ab_vamb: 9.60044e-03  ce_vamb: 0.00000e+00  sse_vamb: 1.13075e-01  kld_vamb: 1.41867e-02  loss_labels: 1.17238e-02  ce_labels_labels: 2.72094e-03  kld_labels: 5.76181e+01  correct_labels_labels: 0.00000e+00  loss_joint: 1.50266e-01  ce_joint: 0.00000e+00  sse_joint: 2.56232e+01  ce_labels_joint: 1.16233e-02  kld_vamb_joint: 3.52581e+00  kld_labels_joint: 3.94450e+00  correct_labels_joint: 0.00000e+00  loss: 2.99008e-01
2026-08-13 13:53:57.818 | INFO    | 		Epoch: 36  loss_vamb: 1.38607e-01  ab_vamb: 1.13086e-02  ce_vamb: 0.00000e+00  sse_vamb: 1.13343e-01  kld_vamb: 1.42005e-02  loss_labels: 1.13932e-02  ce_labels_labels: 2.52015e-03  kld_labels: 5.67876e+01  correct_labels_labels: 0.00000e+00  loss_joint: 1.53922e-01  ce_joint: 0.00000e+00  sse_joint: 2.56287e+01  ce_labels_joint: 1.30253e-02  kld_vamb_joint: 3.52063e+00  kld_labels_joint: 3.97229e+00  correct_labels_joint: 0.00000e+00  loss: 3.03922e-01
2026-08-13 13:53:58.268 | INFO    | 		Epoch: 37  loss_vamb: 1.38758e-01  ab_vamb: 1.17467e-02  ce_vamb: 0.00000e+00  sse_vamb: 1.12740e-01  kld_vamb: 1.43745e-02  loss_labels: 1.18622e-02  ce_labels_labels: 3.07703e-03  kld_labels: 5.62251e+01  correct_labels_labels: 0.00000e+00  loss_joint: 1.55103e-01  ce_joint: 0.00000e+00  sse_joint: 2.54343e+01  ce_labels_joint: 1.63906e-02  kld_vamb_joint: 3.48843e+00  kld_labels_joint: 4.04242e+00  correct_labels_joint: 0.00000e+00  loss: 3.05724e-01
2026-08-13 13:53:58.706 | INFO    | 		Epoch: 38  loss_vamb: 1.37975e-01  ab_vamb: 1.12614e-02  ce_vamb: 0.00000e+00  sse_vamb: 1.12398e-01  kld_vamb: 1.42989e-02  loss_labels: 1.22237e-02  ce_labels_labels: 3.55517e-03  kld_labels: 5.54783e+01  correct_labels_labels: 0.00000e+00  loss_joint: 1.50508e-01  ce_joint: 0.00000e+00  sse_joint: 2.53941e+01  ce_labels_joint: 1.19801e-02  kld_vamb_joint: 3.53942e+00  kld_labels_joint: 4.08670e+00  correct_labels_joint: 0.00000e+00  loss: 3.00706e-01
2026-08-13 13:53:59.144 | INFO    | 		Epoch: 39  loss_vamb: 1.35863e-01  ab_vamb: 1.00839e-02  ce_vamb: 0.00000e+00  sse_vamb: 1.11160e-01  kld_vamb: 1.44038e-02  loss_labels: 1.09782e-02  ce_labels_labels: 2.32904e-03  kld_labels: 5.53548e+01  correct_labels_labels: 0.00000e+00  loss_joint: 1.50913e-01  ce_joint: 0.00000e+00  sse_joint: 2.50839e+01  ce_labels_joint: 1.56985e-02  kld_vamb_joint: 3.50934e+00  kld_labels_joint: 4.11792e+00  correct_labels_joint: 0.00000e+00  loss: 2.97754e-01
2026-08-13 13:53:59.594 | INFO    | 		Epoch: 40  loss_vamb: 1.34764e-01  ab_vamb: 9.26140e-03  ce_vamb: 0.00000e+00  sse_vamb: 1.11340e-01  kld_vamb: 1.43051e-02  loss_labels: 1.12853e-02  ce_labels_labels: 2.64370e-03  kld_labels: 5.53065e+01  correct_labels_labels: 0.00000e+00  loss_joint: 1.47190e-01  ce_joint: 0.00000e+00  sse_joint: 2.53663e+01  ce_labels_joint: 1.16761e-02  kld_vamb_joint: 3.50364e+00  kld_labels_joint: 4.07601e+00  correct_labels_joint: 0.00000e+00  loss: 2.93239e-01
2026-08-13 13:54:00.119 | INFO    | 		Epoch: 41  loss_vamb: 1.35536e-01  ab_vamb: 1.01408e-02  ce_vamb: 0.00000e+00  sse_vamb: 1.10698e-01  kld_vamb: 1.44644e-02  loss_labels: 1.15938e-02  ce_labels_labels: 3.04123e-03  kld_labels: 5.47366e+01  correct_labels_labels: 0.00000e+00  loss_joint: 1.47387e-01  ce_joint: 0.00000e+00  sse_joint: 2.51058e+01  ce_labels_joint: 1.05405e-02  kld_vamb_joint: 3.47660e+00  kld_labels_joint: 4.09734e+00  correct_labels_joint: 0.00000e+00  loss: 2.94517e-01
2026-08-13 13:54:00.569 | INFO    | 		Epoch: 42  loss_vamb: 1.33389e-01  ab_vamb: 8.14492e-03  ce_vamb: 0.00000e+00  sse_vamb: 1.11217e-01  kld_vamb: 1.44313e-02  loss_labels: 1.12191e-02  ce_labels_labels: 2.70948e-03  kld_labels: 5.44615e+01  correct_labels_labels: 0.00000e+00  loss_joint: 1.44191e-01  ce_joint: 0.00000e+00  sse_joint: 2.50335e+01  ce_labels_joint: 1.05796e-02  kld_vamb_joint: 3.50011e+00  kld_labels_joint: 4.13133e+00  correct_labels_joint: 0.00000e+00  loss: 2.88799e-01
2026-08-13 13:54:01.149 | INFO    | 		Epoch: 43  loss_vamb: 1.36214e-01  ab_vamb: 1.14719e-02  ce_vamb: 0.00000e+00  sse_vamb: 1.10484e-01  kld_vamb: 1.44760e-02  loss_labels: 1.08717e-02  ce_labels_labels: 2.41676e-03  kld_labels: 5.41117e+01  correct_labels_labels: 0.00000e+00  loss_joint: 1.45913e-01  ce_joint: 0.00000e+00  sse_joint: 2.50388e+01  ce_labels_joint: 9.51848e-03  kld_vamb_joint: 3.49692e+00  kld_labels_joint: 4.14574e+00  correct_labels_joint: 0.00000e+00  loss: 2.93000e-01
2026-08-13 13:54:01.612 | INFO    | 		Epoch: 44  loss_vamb: 1.32875e-01  ab_vamb: 8.86584e-03  ce_vamb: 0.00000e+00  sse_vamb: 1.09717e-01  kld_vamb: 1.44995e-02  loss_labels: 1.06561e-02  ce_labels_labels: 2.30821e-03  kld_labels: 5.34264e+01  correct_labels_labels: 0.00000e+00  loss_joint: 1.41490e-01  ce_joint: 0.00000e+00  sse_joint: 2.47507e+01  ce_labels_joint: 8.96375e-03  kld_vamb_joint: 3.47804e+00  kld_labels_joint: 4.21977e+00  correct_labels_joint: 0.00000e+00  loss: 2.85021e-01
2026-08-13 13:54:02.066 | INFO    | 		Epoch: 45  loss_vamb: 1.32434e-01  ab_vamb: 8.93804e-03  ce_vamb: 0.00000e+00  sse_vamb: 1.08674e-01  kld_vamb: 1.45686e-02  loss_labels: 1.07688e-02  ce_labels_labels: 2.49255e-03  kld_labels: 5.29677e+01  correct_labels_labels: 0.00000e+00  loss_joint: 1.41149e-01  ce_joint: 0.00000e+00  sse_joint: 2.45360e+01  ce_labels_joint: 8.61234e-03  kld_vamb_joint: 3.49754e+00  kld_labels_joint: 4.27116e+00  correct_labels_joint: 0.00000e+00  loss: 2.84353e-01
2026-08-13 13:54:02.519 | INFO    | 		Epoch: 46  loss_vamb: 1.31847e-01  ab_vamb: 8.91052e-03  ce_vamb: 0.00000e+00  sse_vamb: 1.08629e-01  kld_vamb: 1.47093e-02  loss_labels: 1.03950e-02  ce_labels_labels: 2.19954e-03  kld_labels: 5.24512e+01  correct_labels_labels: 0.00000e+00  loss_joint: 1.39479e-01  ce_joint: 0.00000e+00  sse_joint: 2.44877e+01  ce_labels_joint: 9.01203e-03  kld_vamb_joint: 3.47732e+00  kld_labels_joint: 4.29694e+00  correct_labels_joint: 0.00000e+00  loss: 2.81721e-01
2026-08-13 13:54:02.968 | INFO    | 		Epoch: 47  loss_vamb: 1.31422e-01  ab_vamb: 8.24517e-03  ce_vamb: 0.00000e+00  sse_vamb: 1.07958e-01  kld_vamb: 1.47606e-02  loss_labels: 9.89508e-03  ce_labels_labels: 1.81029e-03  kld_labels: 5.17426e+01  correct_labels_labels: 0.00000e+00  loss_joint: 1.39964e-01  ce_joint: 0.00000e+00  sse_joint: 2.44298e+01  ce_labels_joint: 8.46684e-03  kld_vamb_joint: 3.52593e+00  kld_labels_joint: 4.36392e+00  correct_labels_joint: 0.00000e+00  loss: 2.81281e-01
2026-08-13 13:54:03.418 | INFO    | 		Epoch: 48  loss_vamb: 1.34343e-01  ab_vamb: 1.08405e-02  ce_vamb: 0.00000e+00  sse_vamb: 1.08813e-01  kld_vamb: 1.46656e-02  loss_labels: 9.97621e-03  ce_labels_labels: 1.95796e-03  kld_labels: 5.13168e+01  correct_labels_labels: 0.00000e+00  loss_joint: 1.40093e-01  ce_joint: 0.00000e+00  sse_joint: 2.44802e+01  ce_labels_joint: 7.06832e-03  kld_vamb_joint: 3.53409e+00  kld_labels_joint: 4.39338e+00  correct_labels_joint: 0.00000e+00  loss: 2.84412e-01
2026-08-13 13:54:03.878 | INFO    | 		Epoch: 49  loss_vamb: 1.31219e-01  ab_vamb: 8.88418e-03  ce_vamb: 0.00000e+00  sse_vamb: 1.07657e-01  kld_vamb: 1.47673e-02  loss_labels: 1.07897e-02  ce_labels_labels: 2.92495e-03  kld_labels: 5.03346e+01  correct_labels_labels: 0.00000e+00  loss_joint: 1.38673e-01  ce_joint: 0.00000e+00  sse_joint: 2.42331e+01  ce_labels_joint: 8.64780e-03  kld_vamb_joint: 3.56065e+00  kld_labels_joint: 4.46856e+00  correct_labels_joint: 0.00000e+00  loss: 2.80682e-01
2026-08-13 13:54:04.320 | INFO    | 		Epoch: 50  loss_vamb: 1.32461e-01  ab_vamb: 9.91062e-03  ce_vamb: 0.00000e+00  sse_vamb: 1.08243e-01  kld_vamb: 1.48562e-02  loss_labels: 1.00651e-02  ce_labels_labels: 2.32798e-03  kld_labels: 4.95175e+01  correct_labels_labels: 0.00000e+00  loss_joint: 1.40373e-01  ce_joint: 0.00000e+00  sse_joint: 2.44947e+01  ce_labels_joint: 9.18328e-03  kld_vamb_joint: 3.51806e+00  kld_labels_joint: 4.48277e+00  correct_labels_joint: 0.00000e+00  loss: 2.82899e-01
2026-08-13 13:54:04.770 | INFO    | 		Epoch: 51  loss_vamb: 1.31256e-01  ab_vamb: 9.40085e-03  ce_vamb: 0.00000e+00  sse_vamb: 1.06689e-01  kld_vamb: 1.49762e-02  loss_labels: 1.03795e-02  ce_labels_labels: 2.68744e-03  kld_labels: 4.92290e+01  correct_labels_labels: 0.00000e+00  loss_joint: 1.37415e-01  ce_joint: 0.00000e+00  sse_joint: 2.41682e+01  ce_labels_joint: 7.56509e-03  kld_vamb_joint: 3.49563e+00  kld_labels_joint: 4.54947e+00  correct_labels_joint: 0.00000e+00  loss: 2.79050e-01
2026-08-13 13:54:05.401 | INFO    | 		Epoch: 52  loss_vamb: 1.28974e-01  ab_vamb: 7.83973e-03  ce_vamb: 0.00000e+00  sse_vamb: 1.06423e-01  kld_vamb: 1.50305e-02  loss_labels: 1.04404e-02  ce_labels_labels: 2.82970e-03  kld_labels: 4.87085e+01  correct_labels_labels: 0.00000e+00  loss_joint: 1.38785e-01  ce_joint: 0.00000e+00  sse_joint: 2.41172e+01  ce_labels_joint: 1.01405e-02  kld_vamb_joint: 3.49740e+00  kld_labels_joint: 4.60036e+00  correct_labels_joint: 0.00000e+00  loss: 2.78199e-01
2026-08-13 13:54:05.857 | INFO    | 		Epoch: 53  loss_vamb: 1.28595e-01  ab_vamb: 7.16244e-03  ce_vamb: 0.00000e+00  sse_vamb: 1.06602e-01  kld_vamb: 1.50184e-02  loss_labels: 9.82832e-03  ce_labels_labels: 2.22883e-03  kld_labels: 4.86368e+01  correct_labels_labels: 0.00000e+00  loss_joint: 1.35558e-01  ce_joint: 0.00000e+00  sse_joint: 2.40715e+01  ce_labels_joint: 7.59477e-03  kld_vamb_joint: 3.49364e+00  kld_labels_joint: 4.59788e+00  correct_labels_joint: 0.00000e+00  loss: 2.73981e-01
2026-08-13 13:54:06.316 | INFO    | 		Epoch: 54  loss_vamb: 1.31519e-01  ab_vamb: 1.06392e-02  ce_vamb: 0.00000e+00  sse_vamb: 1.06070e-01  kld_vamb: 1.50365e-02  loss_labels: 9.74849e-03  ce_labels_labels: 2.14507e-03  kld_labels: 4.86619e+01  correct_labels_labels: 0.00000e+00  loss_joint: 1.37331e-01  ce_joint: 0.00000e+00  sse_joint: 2.39597e+01  ce_labels_joint: 7.48038e-03  kld_vamb_joint: 3.49072e+00  kld_labels_joint: 4.62933e+00  correct_labels_joint: 0.00000e+00  loss: 2.78599e-01
2026-08-13 13:54:06.978 | INFO    | 		Epoch: 55  loss_vamb: 1.28371e-01  ab_vamb: 8.21338e-03  ce_vamb: 0.00000e+00  sse_vamb: 1.05302e-01  kld_vamb: 1.51293e-02  loss_labels: 9.75021e-03  ce_labels_labels: 2.19156e-03  kld_labels: 4.83753e+01  correct_labels_labels: 0.00000e+00  loss_joint: 1.34779e-01  ce_joint: 0.00000e+00  sse_joint: 2.39710e+01  ce_labels_joint: 7.32349e-03  kld_vamb_joint: 3.49137e+00  kld_labels_joint: 4.67756e+00  correct_labels_joint: 0.00000e+00  loss: 2.72900e-01
2026-08-13 13:54:07.455 | INFO    | 		Epoch: 56  loss_vamb: 1.29881e-01  ab_vamb: 8.78163e-03  ce_vamb: 0.00000e+00  sse_vamb: 1.05567e-01  kld_vamb: 1.51994e-02  loss_labels: 9.93775e-03  ce_labels_labels: 2.41702e-03  kld_labels: 4.81327e+01  correct_labels_labels: 0.00000e+00  loss_joint: 1.36263e-01  ce_joint: 0.00000e+00  sse_joint: 2.38943e+01  ce_labels_joint: 7.18639e-03  kld_vamb_joint: 3.51507e+00  kld_labels_joint: 4.71551e+00  correct_labels_joint: 0.00000e+00  loss: 2.76081e-01
2026-08-13 13:54:07.899 | INFO    | 		Epoch: 57  loss_vamb: 1.26928e-01  ab_vamb: 7.72091e-03  ce_vamb: 0.00000e+00  sse_vamb: 1.03398e-01  kld_vamb: 1.53094e-02  loss_labels: 9.83101e-03  ce_labels_labels: 2.37591e-03  kld_labels: 4.77126e+01  correct_labels_labels: 0.00000e+00  loss_joint: 1.32876e-01  ce_joint: 0.00000e+00  sse_joint: 2.35330e+01  ce_labels_joint: 6.84148e-03  kld_vamb_joint: 3.51178e+00  kld_labels_joint: 4.77416e+00  correct_labels_joint: 0.00000e+00  loss: 2.69635e-01
2026-08-13 13:54:08.352 | INFO    | 		Epoch: 58  loss_vamb: 1.31305e-01  ab_vamb: 1.04425e-02  ce_vamb: 0.00000e+00  sse_vamb: 1.05950e-01  kld_vamb: 1.52325e-02  loss_labels: 9.90416e-03  ce_labels_labels: 2.51666e-03  kld_labels: 4.72800e+01  correct_labels_labels: 0.00000e+00  loss_joint: 1.36756e-01  ce_joint: 0.00000e+00  sse_joint: 2.38645e+01  ce_labels_joint: 7.48702e-03  kld_vamb_joint: 3.53295e+00  kld_labels_joint: 4.82040e+00  correct_labels_joint: 0.00000e+00  loss: 2.77966e-01
2026-08-13 13:54:08.853 | INFO    | 		Epoch: 59  loss_vamb: 1.28545e-01  ab_vamb: 8.46284e-03  ce_vamb: 0.00000e+00  sse_vamb: 1.05404e-01  kld_vamb: 1.52804e-02  loss_labels: 9.37128e-03  ce_labels_labels: 1.98461e-03  kld_labels: 4.72747e+01  correct_labels_labels: 0.00000e+00  loss_joint: 1.34098e-01  ce_joint: 0.00000e+00  sse_joint: 2.38481e+01  ce_labels_joint: 7.91238e-03  kld_vamb_joint: 3.52047e+00  kld_labels_joint: 4.82714e+00  correct_labels_joint: 0.00000e+00  loss: 2.72014e-01
2026-08-13 13:54:09.292 | INFO    | 		Epoch: 60  loss_vamb: 1.28334e-01  ab_vamb: 8.47057e-03  ce_vamb: 0.00000e+00  sse_vamb: 1.04750e-01  kld_vamb: 1.53174e-02  loss_labels: 9.64166e-03  ce_labels_labels: 2.24796e-03  kld_labels: 4.73196e+01  correct_labels_labels: 0.00000e+00  loss_joint: 1.33553e-01  ce_joint: 0.00000e+00  sse_joint: 2.36693e+01  ce_labels_joint: 7.44647e-03  kld_vamb_joint: 3.51581e+00  kld_labels_joint: 4.88068e+00  correct_labels_joint: 0.00000e+00  loss: 2.71529e-01
2026-08-13 13:54:09.745 | INFO    | 		Epoch: 61  loss_vamb: 1.29593e-01  ab_vamb: 1.05815e-02  ce_vamb: 0.00000e+00  sse_vamb: 1.03464e-01  kld_vamb: 1.54103e-02  loss_labels: 8.93327e-03  ce_labels_labels: 1.56311e-03  kld_labels: 4.71691e+01  correct_labels_labels: 0.00000e+00  loss_joint: 1.32596e-01  ce_joint: 0.00000e+00  sse_joint: 2.33893e+01  ce_labels_joint: 6.03031e-03  kld_vamb_joint: 3.51039e+00  kld_labels_joint: 4.91147e+00  correct_labels_joint: 0.00000e+00  loss: 2.71122e-01
2026-08-13 13:54:10.192 | INFO    | 		Epoch: 62  loss_vamb: 1.27943e-01  ab_vamb: 9.23019e-03  ce_vamb: 0.00000e+00  sse_vamb: 1.03407e-01  kld_vamb: 1.54977e-02  loss_labels: 9.12534e-03  ce_labels_labels: 1.84521e-03  kld_labels: 4.65928e+01  correct_labels_labels: 0.00000e+00  loss_joint: 1.30721e-01  ce_joint: 0.00000e+00  sse_joint: 2.33298e+01  ce_labels_joint: 6.41627e-03  kld_vamb_joint: 3.50593e+00  kld_labels_joint: 4.92062e+00  correct_labels_joint: 0.00000e+00  loss: 2.67789e-01
2026-08-13 13:54:10.645 | INFO    | 		Epoch: 63  loss_vamb: 1.26914e-01  ab_vamb: 8.28482e-03  ce_vamb: 0.00000e+00  sse_vamb: 1.02863e-01  kld_vamb: 1.55962e-02  loss_labels: 9.18102e-03  ce_labels_labels: 1.96767e-03  kld_labels: 4.61654e+01  correct_labels_labels: 0.00000e+00  loss_joint: 1.30628e-01  ce_joint: 0.00000e+00  sse_joint: 2.32365e+01  ce_labels_joint: 6.60115e-03  kld_vamb_joint: 3.49461e+00  kld_labels_joint: 4.97014e+00  correct_labels_joint: 0.00000e+00  loss: 2.66723e-01
2026-08-13 13:54:11.096 | INFO    | 		Epoch: 64  loss_vamb: 1.27549e-01  ab_vamb: 8.54836e-03  ce_vamb: 0.00000e+00  sse_vamb: 1.03341e-01  kld_vamb: 1.55653e-02  loss_labels: 9.57495e-03  ce_labels_labels: 2.43120e-03  kld_labels: 4.57200e+01  correct_labels_labels: 0.00000e+00  loss_joint: 1.30866e-01  ce_joint: 0.00000e+00  sse_joint: 2.32546e+01  ce_labels_joint: 6.74782e-03  kld_vamb_joint: 3.47982e+00  kld_labels_joint: 4.96927e+00  correct_labels_joint: 0.00000e+00  loss: 2.67990e-01
2026-08-13 13:54:11.549 | INFO    | 		Epoch: 65  loss_vamb: 1.25503e-01  ab_vamb: 8.39817e-03  ce_vamb: 0.00000e+00  sse_vamb: 1.01630e-01  kld_vamb: 1.55634e-02  loss_labels: 8.80165e-03  ce_labels_labels: 1.71658e-03  kld_labels: 4.53444e+01  correct_labels_labels: 0.00000e+00  loss_joint: 1.30371e-01  ce_joint: 0.00000e+00  sse_joint: 2.30351e+01  ce_labels_joint: 6.56909e-03  kld_vamb_joint: 3.54949e+00  kld_labels_joint: 5.03388e+00  correct_labels_joint: 0.00000e+00  loss: 2.64676e-01
2026-08-13 13:54:12.103 | INFO    | 		Epoch: 66  loss_vamb: 1.24913e-01  ab_vamb: 7.20211e-03  ce_vamb: 0.00000e+00  sse_vamb: 1.02189e-01  kld_vamb: 1.55848e-02  loss_labels: 9.52690e-03  ce_labels_labels: 2.47960e-03  kld_labels: 4.51027e+01  correct_labels_labels: 0.00000e+00  loss_joint: 1.30352e-01  ce_joint: 0.00000e+00  sse_joint: 2.31391e+01  ce_labels_joint: 7.63604e-03  kld_vamb_joint: 3.55138e+00  kld_labels_joint: 5.06910e+00  correct_labels_joint: 0.00000e+00  loss: 2.64791e-01
2026-08-13 13:54:12.584 | INFO    | 		Epoch: 67  loss_vamb: 1.24238e-01  ab_vamb: 7.84632e-03  ce_vamb: 0.00000e+00  sse_vamb: 1.00577e-01  kld_vamb: 1.56591e-02  loss_labels: 1.02510e-02  ce_labels_labels: 3.25245e-03  kld_labels: 4.47909e+01  correct_labels_labels: 0.00000e+00  loss_joint: 1.26964e-01  ce_joint: 0.00000e+00  sse_joint: 2.28180e+01  ce_labels_joint: 5.23785e-03  kld_vamb_joint: 3.52716e+00  kld_labels_joint: 5.10591e+00  correct_labels_joint: 0.00000e+00  loss: 2.61452e-01
2026-08-13 13:54:13.068 | INFO    | 		Epoch: 68  loss_vamb: 1.24396e-01  ab_vamb: 8.04942e-03  ce_vamb: 0.00000e+00  sse_vamb: 1.00084e-01  kld_vamb: 1.56655e-02  loss_labels: 1.02575e-02  ce_labels_labels: 3.19570e-03  kld_labels: 4.51957e+01  correct_labels_labels: 0.00000e+00  loss_joint: 1.27130e-01  ce_joint: 0.00000e+00  sse_joint: 2.26647e+01  ce_labels_joint: 5.45748e-03  kld_vamb_joint: 3.51791e+00  kld_labels_joint: 5.11124e+00  correct_labels_joint: 0.00000e+00  loss: 2.61784e-01
2026-08-13 13:54:13.575 | INFO    | 		Epoch: 69  loss_vamb: 1.23856e-01  ab_vamb: 7.56672e-03  ce_vamb: 0.00000e+00  sse_vamb: 1.00493e-01  kld_vamb: 1.55772e-02  loss_labels: 9.28078e-03  ce_labels_labels: 2.13005e-03  kld_labels: 4.57647e+01  correct_labels_labels: 0.00000e+00  loss_joint: 1.28154e-01  ce_joint: 0.00000e+00  sse_joint: 2.26921e+01  ce_labels_joint: 7.09267e-03  kld_vamb_joint: 3.52744e+00  kld_labels_joint: 5.13408e+00  correct_labels_joint: 0.00000e+00  loss: 2.61291e-01
2026-08-13 13:54:14.039 | INFO    | 		Epoch: 70  loss_vamb: 1.23893e-01  ab_vamb: 7.84892e-03  ce_vamb: 0.00000e+00  sse_vamb: 1.00582e-01  kld_vamb: 1.56520e-02  loss_labels: 9.17236e-03  ce_labels_labels: 1.96294e-03  kld_labels: 4.61403e+01  correct_labels_labels: 0.00000e+00  loss_joint: 1.26553e-01  ce_joint: 0.00000e+00  sse_joint: 2.27642e+01  ce_labels_joint: 5.35744e-03  kld_vamb_joint: 3.51811e+00  kld_labels_joint: 5.16298e+00  correct_labels_joint: 0.00000e+00  loss: 2.59619e-01
2026-08-13 13:54:14.478 | INFO    | 		Epoch: 71  loss_vamb: 1.22429e-01  ab_vamb: 7.30684e-03  ce_vamb: 0.00000e+00  sse_vamb: 9.92768e-02  kld_vamb: 1.57565e-02  loss_labels: 8.80633e-03  ce_labels_labels: 1.56140e-03  kld_labels: 4.63676e+01  correct_labels_labels: 0.00000e+00  loss_joint: 1.25955e-01  ce_joint: 0.00000e+00  sse_joint: 2.24504e+01  ce_labels_joint: 6.81161e-03  kld_vamb_joint: 3.54045e+00  kld_labels_joint: 5.19930e+00  correct_labels_joint: 0.00000e+00  loss: 2.57191e-01
2026-08-13 13:54:14.927 | INFO    | 		Epoch: 72  loss_vamb: 1.23671e-01  ab_vamb: 7.72549e-03  ce_vamb: 0.00000e+00  sse_vamb: 1.00374e-01  kld_vamb: 1.57301e-02  loss_labels: 9.43572e-03  ce_labels_labels: 2.23803e-03  kld_labels: 4.60652e+01  correct_labels_labels: 0.00000e+00  loss_joint: 1.25331e-01  ce_joint: 0.00000e+00  sse_joint: 2.26055e+01  ce_labels_joint: 6.11095e-03  kld_vamb_joint: 3.55639e+00  kld_labels_joint: 5.24099e+00  correct_labels_joint: 0.00000e+00  loss: 2.58438e-01
2026-08-13 13:54:15.378 | INFO    | 		Epoch: 73  loss_vamb: 1.24735e-01  ab_vamb: 9.63277e-03  ce_vamb: 0.00000e+00  sse_vamb: 9.94903e-02  kld_vamb: 1.57887e-02  loss_labels: 9.88175e-03  ce_labels_labels: 2.67353e-03  kld_labels: 4.61326e+01  correct_labels_labels: 0.00000e+00  loss_joint: 1.27876e-01  ce_joint: 0.00000e+00  sse_joint: 2.25378e+01  ce_labels_joint: 6.77190e-03  kld_vamb_joint: 3.55306e+00  kld_labels_joint: 5.27939e+00  correct_labels_joint: 0.00000e+00  loss: 2.62493e-01
2026-08-13 13:54:15.831 | INFO    | 		Epoch: 74  loss_vamb: 1.24394e-01  ab_vamb: 7.15455e-03  ce_vamb: 0.00000e+00  sse_vamb: 1.01490e-01  kld_vamb: 1.58146e-02  loss_labels: 9.06553e-03  ce_labels_labels: 1.83033e-03  kld_labels: 4.63053e+01  correct_labels_labels: 0.00000e+00  loss_joint: 1.26087e-01  ce_joint: 0.00000e+00  sse_joint: 2.27627e+01  ce_labels_joint: 5.73292e-03  kld_vamb_joint: 3.53265e+00  kld_labels_joint: 5.29393e+00  correct_labels_joint: 0.00000e+00  loss: 2.59546e-01
2026-08-13 13:54:16.184 | INFO    | 		Epoch: 75  loss_vamb: 1.20783e-01  ab_vamb: 6.62818e-03  ce_vamb: 0.00000e+00  sse_vamb: 9.79077e-02  kld_vamb: 1.58215e-02  loss_labels: 8.65537e-03  ce_labels_labels: 1.42793e-03  kld_labels: 4.62556e+01  correct_labels_labels: 0.00000e+00  loss_joint: 1.22935e-01  ce_joint: 0.00000e+00  sse_joint: 2.20352e+01  ce_labels_joint: 6.27133e-03  kld_vamb_joint: 3.55512e+00  kld_labels_joint: 5.31022e+00  correct_labels_joint: 0.00000e+00  loss: 2.52373e-01
2026-08-13 13:54:16.539 | INFO    | 		Epoch: 76  loss_vamb: 1.21062e-01  ab_vamb: 6.61789e-03  ce_vamb: 0.00000e+00  sse_vamb: 9.82576e-02  kld_vamb: 1.59253e-02  loss_labels: 8.85631e-03  ce_labels_labels: 1.61855e-03  kld_labels: 4.63217e+01  correct_labels_labels: 0.00000e+00  loss_joint: 1.22907e-01  ce_joint: 0.00000e+00  sse_joint: 2.23659e+01  ce_labels_joint: 4.38383e-03  kld_vamb_joint: 3.52607e+00  kld_labels_joint: 5.31060e+00  correct_labels_joint: 0.00000e+00  loss: 2.52825e-01
2026-08-13 13:54:16.982 | INFO    | 		Epoch: 77  loss_vamb: 1.20460e-01  ab_vamb: 5.92641e-03  ce_vamb: 0.00000e+00  sse_vamb: 9.86791e-02  kld_vamb: 1.58872e-02  loss_labels: 8.78157e-03  ce_labels_labels: 1.56329e-03  kld_labels: 4.61970e+01  correct_labels_labels: 0.00000e+00  loss_joint: 1.22362e-01  ce_joint: 0.00000e+00  sse_joint: 2.22600e+01  ce_labels_joint: 5.18606e-03  kld_vamb_joint: 3.51538e+00  kld_labels_joint: 5.33142e+00  correct_labels_joint: 0.00000e+00  loss: 2.51604e-01
2026-08-13 13:54:17.404 | INFO    | 		Epoch: 78  loss_vamb: 1.19981e-01  ab_vamb: 6.29559e-03  ce_vamb: 0.00000e+00  sse_vamb: 9.79386e-02  kld_vamb: 1.58890e-02  loss_labels: 9.60049e-03  ce_labels_labels: 2.43602e-03  kld_labels: 4.58526e+01  correct_labels_labels: 0.00000e+00  loss_joint: 1.22603e-01  ce_joint: 0.00000e+00  sse_joint: 2.20526e+01  ce_labels_joint: 6.44590e-03  kld_vamb_joint: 3.50762e+00  kld_labels_joint: 5.32606e+00  correct_labels_joint: 0.00000e+00  loss: 2.52184e-01
2026-08-13 13:54:17.799 | INFO    | 		Epoch: 79  loss_vamb: 1.20605e-01  ab_vamb: 7.44140e-03  ce_vamb: 0.00000e+00  sse_vamb: 9.78189e-02  kld_vamb: 1.57837e-02  loss_labels: 9.57606e-03  ce_labels_labels: 2.40548e-03  kld_labels: 4.58917e+01  correct_labels_labels: 0.00000e+00  loss_joint: 1.21915e-01  ce_joint: 0.00000e+00  sse_joint: 2.21723e+01  ce_labels_joint: 4.98094e-03  kld_vamb_joint: 3.51760e+00  kld_labels_joint: 5.32526e+00  correct_labels_joint: 0.00000e+00  loss: 2.52096e-01
2026-08-13 13:54:18.183 | INFO    | 		Epoch: 80  loss_vamb: 1.19747e-01  ab_vamb: 6.52175e-03  ce_vamb: 0.00000e+00  sse_vamb: 9.66960e-02  kld_vamb: 1.58712e-02  loss_labels: 9.15760e-03  ce_labels_labels: 1.99355e-03  kld_labels: 4.58500e+01  correct_labels_labels: 0.00000e+00  loss_joint: 1.21166e-01  ce_joint: 0.00000e+00  sse_joint: 2.18913e+01  ce_labels_joint: 4.83692e-03  kld_vamb_joint: 3.50968e+00  kld_labels_joint: 5.34576e+00  correct_labels_joint: 0.00000e+00  loss: 2.50071e-01
2026-08-13 13:54:18.633 | INFO    | 		Epoch: 81  loss_vamb: 1.21263e-01  ab_vamb: 7.23275e-03  ce_vamb: 0.00000e+00  sse_vamb: 9.84882e-02  kld_vamb: 1.59139e-02  loss_labels: 8.81093e-03  ce_labels_labels: 1.67978e-03  kld_labels: 4.56394e+01  correct_labels_labels: 0.00000e+00  loss_joint: 1.21620e-01  ce_joint: 0.00000e+00  sse_joint: 2.22658e+01  ce_labels_joint: 4.03386e-03  kld_vamb_joint: 3.51103e+00  kld_labels_joint: 5.37235e+00  correct_labels_joint: 0.00000e+00  loss: 2.51694e-01
2026-08-13 13:54:19.070 | INFO    | 		Epoch: 82  loss_vamb: 1.19745e-01  ab_vamb: 6.73329e-03  ce_vamb: 0.00000e+00  sse_vamb: 9.73687e-02  kld_vamb: 1.60089e-02  loss_labels: 8.35230e-03  ce_labels_labels: 1.18962e-03  kld_labels: 4.58412e+01  correct_labels_labels: 0.00000e+00  loss_joint: 1.21251e-01  ce_joint: 0.00000e+00  sse_joint: 2.20486e+01  ce_labels_joint: 4.62915e-03  kld_vamb_joint: 3.52621e+00  kld_labels_joint: 5.35982e+00  correct_labels_joint: 0.00000e+00  loss: 2.49348e-01
2026-08-13 13:54:19.471 | INFO    | 		Epoch: 83  loss_vamb: 1.19655e-01  ab_vamb: 6.35511e-03  ce_vamb: 0.00000e+00  sse_vamb: 9.79396e-02  kld_vamb: 1.59920e-02  loss_labels: 8.60910e-03  ce_labels_labels: 1.48784e-03  kld_labels: 4.55761e+01  correct_labels_labels: 0.00000e+00  loss_joint: 1.20470e-01  ce_joint: 0.00000e+00  sse_joint: 2.21990e+01  ce_labels_joint: 4.21313e-03  kld_vamb_joint: 3.53892e+00  kld_labels_joint: 5.40333e+00  correct_labels_joint: 0.00000e+00  loss: 2.48735e-01
2026-08-13 13:54:19.926 | INFO    | 		Epoch: 84  loss_vamb: 1.20634e-01  ab_vamb: 6.98920e-03  ce_vamb: 0.00000e+00  sse_vamb: 9.81908e-02  kld_vamb: 1.59047e-02  loss_labels: 8.59225e-03  ce_labels_labels: 1.50647e-03  kld_labels: 4.53490e+01  correct_labels_labels: 0.00000e+00  loss_joint: 1.22259e-01  ce_joint: 0.00000e+00  sse_joint: 2.22693e+01  ce_labels_joint: 5.32105e-03  kld_vamb_joint: 3.53228e+00  kld_labels_joint: 5.38807e+00  correct_labels_joint: 0.00000e+00  loss: 2.51485e-01
2026-08-13 13:54:20.373 | INFO    | 		Epoch: 85  loss_vamb: 1.17845e-01  ab_vamb: 6.15756e-03  ce_vamb: 0.00000e+00  sse_vamb: 9.56006e-02  kld_vamb: 1.60024e-02  loss_labels: 7.97695e-03  ce_labels_labels: 8.99553e-04  kld_labels: 4.52954e+01  correct_labels_labels: 0.00000e+00  loss_joint: 1.18021e-01  ce_joint: 0.00000e+00  sse_joint: 2.17048e+01  ce_labels_joint: 3.69992e-03  kld_vamb_joint: 3.54795e+00  kld_labels_joint: 5.39094e+00  correct_labels_joint: 0.00000e+00  loss: 2.43843e-01
2026-08-13 13:54:20.821 | INFO    | 		Epoch: 86  loss_vamb: 1.18790e-01  ab_vamb: 6.42015e-03  ce_vamb: 0.00000e+00  sse_vamb: 9.68146e-02  kld_vamb: 1.59387e-02  loss_labels: 8.94373e-03  ce_labels_labels: 1.96169e-03  kld_labels: 4.46850e+01  correct_labels_labels: 0.00000e+00  loss_joint: 1.20325e-01  ce_joint: 0.00000e+00  sse_joint: 2.18467e+01  ce_labels_joint: 5.31601e-03  kld_vamb_joint: 3.55924e+00  kld_labels_joint: 5.40601e+00  correct_labels_joint: 0.00000e+00  loss: 2.48059e-01
2026-08-13 13:54:21.272 | INFO    | 		Epoch: 87  loss_vamb: 1.18372e-01  ab_vamb: 6.42110e-03  ce_vamb: 0.00000e+00  sse_vamb: 9.60050e-02  kld_vamb: 1.59542e-02  loss_labels: 8.07391e-03  ce_labels_labels: 1.14768e-03  kld_labels: 4.43279e+01  correct_labels_labels: 0.00000e+00  loss_joint: 1.18592e-01  ce_joint: 0.00000e+00  sse_joint: 2.16684e+01  ce_labels_joint: 4.53253e-03  kld_vamb_joint: 3.54645e+00  kld_labels_joint: 5.41200e+00  correct_labels_joint: 0.00000e+00  loss: 2.45038e-01
2026-08-13 13:54:21.697 | INFO    | 		Epoch: 88  loss_vamb: 1.20608e-01  ab_vamb: 7.75549e-03  ce_vamb: 0.00000e+00  sse_vamb: 9.66118e-02  kld_vamb: 1.59314e-02  loss_labels: 8.23526e-03  ce_labels_labels: 1.32197e-03  kld_labels: 4.42450e+01  correct_labels_labels: 0.00000e+00  loss_joint: 1.20509e-01  ce_joint: 0.00000e+00  sse_joint: 2.17870e+01  ce_labels_joint: 3.90799e-03  kld_vamb_joint: 3.53314e+00  kld_labels_joint: 5.43163e+00  correct_labels_joint: 0.00000e+00  loss: 2.49353e-01
2026-08-13 13:54:22.070 | INFO    | 		Epoch: 89  loss_vamb: 1.17309e-01  ab_vamb: 6.18451e-03  ce_vamb: 0.00000e+00  sse_vamb: 9.52867e-02  kld_vamb: 1.59125e-02  loss_labels: 8.46924e-03  ce_labels_labels: 1.60685e-03  kld_labels: 4.39193e+01  correct_labels_labels: 0.00000e+00  loss_joint: 1.16681e-01  ce_joint: 0.00000e+00  sse_joint: 2.14689e+01  ce_labels_joint: 3.72203e-03  kld_vamb_joint: 3.57467e+00  kld_labels_joint: 5.47566e+00  correct_labels_joint: 0.00000e+00  loss: 2.42459e-01
2026-08-13 13:54:22.454 | INFO    | 		Epoch: 90  loss_vamb: 1.18351e-01  ab_vamb: 6.21960e-03  ce_vamb: 0.00000e+00  sse_vamb: 9.62465e-02  kld_vamb: 1.58709e-02  loss_labels: 8.31461e-03  ce_labels_labels: 1.49572e-03  kld_labels: 4.36409e+01  correct_labels_labels: 0.00000e+00  loss_joint: 1.18037e-01  ce_joint: 0.00000e+00  sse_joint: 2.17415e+01  ce_labels_joint: 3.63293e-03  kld_vamb_joint: 3.58316e+00  kld_labels_joint: 5.46933e+00  correct_labels_joint: 0.00000e+00  loss: 2.44702e-01
2026-08-13 13:54:22.929 | INFO    | 		Epoch: 91  loss_vamb: 1.16719e-01  ab_vamb: 5.91595e-03  ce_vamb: 0.00000e+00  sse_vamb: 9.46653e-02  kld_vamb: 1.60417e-02  loss_labels: 8.48459e-03  ce_labels_labels: 1.73526e-03  kld_labels: 4.31957e+01  correct_labels_labels: 0.00000e+00  loss_joint: 1.17159e-01  ce_joint: 0.00000e+00  sse_joint: 2.12563e+01  ce_labels_joint: 4.80821e-03  kld_vamb_joint: 3.55013e+00  kld_labels_joint: 5.50456e+00  correct_labels_joint: 0.00000e+00  loss: 2.42363e-01
2026-08-13 13:54:23.393 | INFO    | 		Epoch: 92  loss_vamb: 1.18830e-01  ab_vamb: 6.56932e-03  ce_vamb: 0.00000e+00  sse_vamb: 9.59093e-02  kld_vamb: 1.59871e-02  loss_labels: 8.37038e-03  ce_labels_labels: 1.67629e-03  kld_labels: 4.28422e+01  correct_labels_labels: 0.00000e+00  loss_joint: 1.19495e-01  ce_joint: 0.00000e+00  sse_joint: 2.16965e+01  ce_labels_joint: 4.77773e-03  kld_vamb_joint: 3.56037e+00  kld_labels_joint: 5.52204e+00  correct_labels_joint: 0.00000e+00  loss: 2.46695e-01
2026-08-13 13:54:23.754 | INFO    | 		Epoch: 93  loss_vamb: 1.17524e-01  ab_vamb: 6.17006e-03  ce_vamb: 0.00000e+00  sse_vamb: 9.52156e-02  kld_vamb: 1.60334e-02  loss_labels: 8.01311e-03  ce_labels_labels: 1.39487e-03  kld_labels: 4.23567e+01  correct_labels_labels: 0.00000e+00  loss_joint: 1.17177e-01  ce_joint: 0.00000e+00  sse_joint: 2.15672e+01  ce_labels_joint: 3.42724e-03  kld_vamb_joint: 3.55548e+00  kld_labels_joint: 5.53391e+00  correct_labels_joint: 0.00000e+00  loss: 2.42714e-01
2026-08-13 13:54:24.108 | INFO    | 		Epoch: 94  loss_vamb: 1.18513e-01  ab_vamb: 6.85037e-03  ce_vamb: 0.00000e+00  sse_vamb: 9.62331e-02  kld_vamb: 1.58916e-02  loss_labels: 8.30729e-03  ce_labels_labels: 1.68074e-03  kld_labels: 4.24100e+01  correct_labels_labels: 0.00000e+00  loss_joint: 1.18084e-01  ce_joint: 0.00000e+00  sse_joint: 2.16698e+01  ce_labels_joint: 4.18717e-03  kld_vamb_joint: 3.57853e+00  kld_labels_joint: 5.55504e+00  correct_labels_joint: 0.00000e+00  loss: 2.44905e-01
2026-08-13 13:54:24.492 | INFO    | 		Epoch: 95  loss_vamb: 1.18044e-01  ab_vamb: 6.14488e-03  ce_vamb: 0.00000e+00  sse_vamb: 9.66074e-02  kld_vamb: 1.59457e-02  loss_labels: 8.48209e-03  ce_labels_labels: 1.90757e-03  kld_labels: 4.20769e+01  correct_labels_labels: 0.00000e+00  loss_joint: 1.18488e-01  ce_joint: 0.00000e+00  sse_joint: 2.17935e+01  ce_labels_joint: 4.39952e-03  kld_vamb_joint: 3.55888e+00  kld_labels_joint: 5.55017e+00  correct_labels_joint: 0.00000e+00  loss: 2.45014e-01
2026-08-13 13:54:24.941 | INFO    | 		Epoch: 96  loss_vamb: 1.18743e-01  ab_vamb: 7.12679e-03  ce_vamb: 0.00000e+00  sse_vamb: 9.52637e-02  kld_vamb: 1.61232e-02  loss_labels: 8.16853e-03  ce_labels_labels: 1.57693e-03  kld_labels: 4.21862e+01  correct_labels_labels: 0.00000e+00  loss_joint: 1.18441e-01  ce_joint: 0.00000e+00  sse_joint: 2.16176e+01  ce_labels_joint: 4.03092e-03  kld_vamb_joint: 3.55657e+00  kld_labels_joint: 5.63264e+00  correct_labels_joint: 0.00000e+00  loss: 2.45352e-01
2026-08-13 13:54:25.325 | INFO    | 		Epoch: 97  loss_vamb: 1.16755e-01  ab_vamb: 6.10254e-03  ce_vamb: 0.00000e+00  sse_vamb: 9.46123e-02  kld_vamb: 1.60992e-02  loss_labels: 7.82873e-03  ce_labels_labels: 1.30173e-03  kld_labels: 4.17728e+01  correct_labels_labels: 0.00000e+00  loss_joint: 1.15812e-01  ce_joint: 0.00000e+00  sse_joint: 2.13378e+01  ce_labels_joint: 3.56674e-03  kld_vamb_joint: 3.56182e+00  kld_labels_joint: 5.63824e+00  correct_labels_joint: 0.00000e+00  loss: 2.40395e-01
2026-08-13 13:54:25.788 | INFO    | 		Epoch: 98  loss_vamb: 1.18150e-01  ab_vamb: 6.41127e-03  ce_vamb: 0.00000e+00  sse_vamb: 9.58040e-02  kld_vamb: 1.59697e-02  loss_labels: 7.82394e-03  ce_labels_labels: 1.30571e-03  kld_labels: 4.17167e+01  correct_labels_labels: 0.00000e+00  loss_joint: 1.17074e-01  ce_joint: 0.00000e+00  sse_joint: 2.15522e+01  ce_labels_joint: 3.17762e-03  kld_vamb_joint: 3.56272e+00  kld_labels_joint: 5.60036e+00  correct_labels_joint: 0.00000e+00  loss: 2.43048e-01
2026-08-13 13:54:26.178 | INFO    | 		Epoch: 99  loss_vamb: 1.16050e-01  ab_vamb: 5.76445e-03  ce_vamb: 0.00000e+00  sse_vamb: 9.39575e-02  kld_vamb: 1.61221e-02  loss_labels: 8.05366e-03  ce_labels_labels: 1.55300e-03  kld_labels: 4.16042e+01  correct_labels_labels: 0.00000e+00  loss_joint: 1.14759e-01  ce_joint: 0.00000e+00  sse_joint: 2.11137e+01  ce_labels_joint: 3.39403e-03  kld_vamb_joint: 3.53315e+00  kld_labels_joint: 5.63349e+00  correct_labels_joint: 0.00000e+00  loss: 2.38862e-01
2026-08-13 13:54:26.726 | INFO    | 		Epoch: 100  loss_vamb: 1.16618e-01  ab_vamb: 6.13758e-03  ce_vamb: 0.00000e+00  sse_vamb: 9.38311e-02  kld_vamb: 1.61421e-02  loss_labels: 8.01823e-03  ce_labels_labels: 1.54846e-03  kld_labels: 4.14065e+01  correct_labels_labels: 0.00000e+00  loss_joint: 1.15757e-01  ce_joint: 0.00000e+00  sse_joint: 2.12298e+01  ce_labels_joint: 2.93319e-03  kld_vamb_joint: 3.52431e+00  kld_labels_joint: 5.64934e+00  correct_labels_joint: 0.00000e+00  loss: 2.40393e-01
2026-08-13 13:54:27.264 | INFO    | 		Epoch: 101  loss_vamb: 1.16231e-01  ab_vamb: 6.38168e-03  ce_vamb: 0.00000e+00  sse_vamb: 9.39385e-02  kld_vamb: 1.61847e-02  loss_labels: 8.69558e-03  ce_labels_labels: 2.25243e-03  kld_labels: 4.12362e+01  correct_labels_labels: 0.00000e+00  loss_joint: 1.14944e-01  ce_joint: 0.00000e+00  sse_joint: 2.12520e+01  ce_labels_joint: 3.50143e-03  kld_vamb_joint: 3.52966e+00  kld_labels_joint: 5.68102e+00  correct_labels_joint: 0.00000e+00  loss: 2.39871e-01
2026-08-13 13:54:27.659 | INFO    | 		Epoch: 102  loss_vamb: 1.19119e-01  ab_vamb: 7.31976e-03  ce_vamb: 0.00000e+00  sse_vamb: 9.57763e-02  kld_vamb: 1.61675e-02  loss_labels: 7.81728e-03  ce_labels_labels: 1.41086e-03  kld_labels: 4.10011e+01  correct_labels_labels: 0.00000e+00  loss_joint: 1.18788e-01  ce_joint: 0.00000e+00  sse_joint: 2.16014e+01  ce_labels_joint: 4.13619e-03  kld_vamb_joint: 3.54094e+00  kld_labels_joint: 5.71617e+00  correct_labels_joint: 0.00000e+00  loss: 2.45724e-01
2026-08-13 13:54:28.140 | INFO    | 		Epoch: 103  loss_vamb: 1.20844e-01  ab_vamb: 9.44215e-03  ce_vamb: 0.00000e+00  sse_vamb: 9.50978e-02  kld_vamb: 1.61353e-02  loss_labels: 8.07595e-03  ce_labels_labels: 1.66745e-03  kld_labels: 4.10144e+01  correct_labels_labels: 0.00000e+00  loss_joint: 1.19334e-01  ce_joint: 0.00000e+00  sse_joint: 2.13548e+01  ce_labels_joint: 3.30401e-03  kld_vamb_joint: 3.54762e+00  kld_labels_joint: 5.70052e+00  correct_labels_joint: 0.00000e+00  loss: 2.48254e-01
2026-08-13 13:54:28.603 | INFO    | 		Epoch: 104  loss_vamb: 1.16267e-01  ab_vamb: 6.14110e-03  ce_vamb: 0.00000e+00  sse_vamb: 9.47520e-02  kld_vamb: 1.62334e-02  loss_labels: 8.66922e-03  ce_labels_labels: 2.24924e-03  kld_labels: 4.10879e+01  correct_labels_labels: 0.00000e+00  loss_joint: 1.15297e-01  ce_joint: 0.00000e+00  sse_joint: 2.13631e+01  ce_labels_joint: 3.61266e-03  kld_vamb_joint: 3.56156e+00  kld_labels_joint: 5.76051e+00  correct_labels_joint: 0.00000e+00  loss: 2.40234e-01
2026-08-13 13:54:29.046 | INFO    | 		Epoch: 105  loss_vamb: 1.16014e-01  ab_vamb: 5.87168e-03  ce_vamb: 0.00000e+00  sse_vamb: 9.42424e-02  kld_vamb: 1.61962e-02  loss_labels: 7.80400e-03  ce_labels_labels: 1.36871e-03  kld_labels: 4.11858e+01  correct_labels_labels: 0.00000e+00  loss_joint: 1.15327e-01  ce_joint: 0.00000e+00  sse_joint: 2.12380e+01  ce_labels_joint: 4.22925e-03  kld_vamb_joint: 3.53881e+00  kld_labels_joint: 5.71348e+00  correct_labels_joint: 0.00000e+00  loss: 2.39145e-01
2026-08-13 13:54:29.519 | INFO    | 		Epoch: 106  loss_vamb: 1.20248e-01  ab_vamb: 8.65867e-03  ce_vamb: 0.00000e+00  sse_vamb: 9.59727e-02  kld_vamb: 1.62045e-02  loss_labels: 7.82527e-03  ce_labels_labels: 1.37486e-03  kld_labels: 4.12826e+01  correct_labels_labels: 0.00000e+00  loss_joint: 1.18121e-01  ce_joint: 0.00000e+00  sse_joint: 2.14374e+01  ce_labels_joint: 3.94977e-03  kld_vamb_joint: 3.54883e+00  kld_labels_joint: 5.75558e+00  correct_labels_joint: 0.00000e+00  loss: 2.46194e-01
2026-08-13 13:54:29.984 | INFO    | 		Epoch: 107  loss_vamb: 1.16121e-01  ab_vamb: 6.12545e-03  ce_vamb: 0.00000e+00  sse_vamb: 9.41876e-02  kld_vamb: 1.61026e-02  loss_labels: 8.83021e-03  ce_labels_labels: 2.34160e-03  kld_labels: 4.15271e+01  correct_labels_labels: 0.00000e+00  loss_joint: 1.15613e-01  ce_joint: 0.00000e+00  sse_joint: 2.12202e+01  ce_labels_joint: 4.00154e-03  kld_vamb_joint: 3.55496e+00  kld_labels_joint: 5.70389e+00  correct_labels_joint: 0.00000e+00  loss: 2.40564e-01
2026-08-13 13:54:30.456 | INFO    | 		Epoch: 108  loss_vamb: 1.16438e-01  ab_vamb: 6.27473e-03  ce_vamb: 0.00000e+00  sse_vamb: 9.37806e-02  kld_vamb: 1.62212e-02  loss_labels: 8.34279e-03  ce_labels_labels: 1.88533e-03  kld_labels: 4.13278e+01  correct_labels_labels: 0.00000e+00  loss_joint: 1.15842e-01  ce_joint: 0.00000e+00  sse_joint: 2.12004e+01  ce_labels_joint: 3.98569e-03  kld_vamb_joint: 3.57198e+00  kld_labels_joint: 5.76894e+00  correct_labels_joint: 0.00000e+00  loss: 2.40624e-01
2026-08-13 13:54:30.907 | INFO    | 		Epoch: 109  loss_vamb: 1.16599e-01  ab_vamb: 6.25305e-03  ce_vamb: 0.00000e+00  sse_vamb: 9.39596e-02  kld_vamb: 1.62060e-02  loss_labels: 7.83342e-03  ce_labels_labels: 1.38784e-03  kld_labels: 4.12517e+01  correct_labels_labels: 0.00000e+00  loss_joint: 1.16218e-01  ce_joint: 0.00000e+00  sse_joint: 2.11830e+01  ce_labels_joint: 4.71178e-03  kld_vamb_joint: 3.53101e+00  kld_labels_joint: 5.75358e+00  correct_labels_joint: 0.00000e+00  loss: 2.40650e-01
2026-08-13 13:54:31.353 | INFO    | 		Epoch: 110  loss_vamb: 1.15334e-01  ab_vamb: 6.03516e-03  ce_vamb: 0.00000e+00  sse_vamb: 9.29608e-02  kld_vamb: 1.62079e-02  loss_labels: 7.75497e-03  ce_labels_labels: 1.30098e-03  kld_labels: 4.13055e+01  correct_labels_labels: 0.00000e+00  loss_joint: 1.14357e-01  ce_joint: 0.00000e+00  sse_joint: 2.09052e+01  ce_labels_joint: 3.83746e-03  kld_vamb_joint: 3.55860e+00  kld_labels_joint: 5.76728e+00  correct_labels_joint: 0.00000e+00  loss: 2.37445e-01
2026-08-13 13:54:31.796 | INFO    | 		Epoch: 111  loss_vamb: 1.15612e-01  ab_vamb: 5.90916e-03  ce_vamb: 0.00000e+00  sse_vamb: 9.27522e-02  kld_vamb: 1.61854e-02  loss_labels: 7.79868e-03  ce_labels_labels: 1.32071e-03  kld_labels: 4.14590e+01  correct_labels_labels: 0.00000e+00  loss_joint: 1.16867e-01  ce_joint: 0.00000e+00  sse_joint: 2.08091e+01  ce_labels_joint: 6.62821e-03  kld_vamb_joint: 3.55989e+00  kld_labels_joint: 5.77894e+00  correct_labels_joint: 0.00000e+00  loss: 2.40278e-01
2026-08-13 13:54:32.249 | INFO    | 		Epoch: 112  loss_vamb: 1.15752e-01  ab_vamb: 5.85463e-03  ce_vamb: 0.00000e+00  sse_vamb: 9.42389e-02  kld_vamb: 1.62654e-02  loss_labels: 8.03215e-03  ce_labels_labels: 1.55510e-03  kld_labels: 4.14531e+01  correct_labels_labels: 0.00000e+00  loss_joint: 1.14693e-01  ce_joint: 0.00000e+00  sse_joint: 2.10663e+01  ce_labels_joint: 4.30681e-03  kld_vamb_joint: 3.54126e+00  kld_labels_joint: 5.79744e+00  correct_labels_joint: 0.00000e+00  loss: 2.38477e-01
2026-08-13 13:54:32.695 | INFO    | 		Epoch: 113  loss_vamb: 1.17061e-01  ab_vamb: 7.84187e-03  ce_vamb: 0.00000e+00  sse_vamb: 9.26639e-02  kld_vamb: 1.63351e-02  loss_labels: 7.64335e-03  ce_labels_labels: 1.20450e-03  kld_labels: 4.12086e+01  correct_labels_labels: 0.00000e+00  loss_joint: 1.16218e-01  ce_joint: 0.00000e+00  sse_joint: 2.09861e+01  ce_labels_joint: 3.57451e-03  kld_vamb_joint: 3.52308e+00  kld_labels_joint: 5.78186e+00  correct_labels_joint: 0.00000e+00  loss: 2.40923e-01
2026-08-13 13:54:33.134 | INFO    | 		Epoch: 114  loss_vamb: 1.16579e-01  ab_vamb: 7.37341e-03  ce_vamb: 0.00000e+00  sse_vamb: 9.21391e-02  kld_vamb: 1.63464e-02  loss_labels: 7.72167e-03  ce_labels_labels: 1.29196e-03  kld_labels: 4.11502e+01  correct_labels_labels: 0.00000e+00  loss_joint: 1.15162e-01  ce_joint: 0.00000e+00  sse_joint: 2.07994e+01  ce_labels_joint: 3.90333e-03  kld_vamb_joint: 3.55315e+00  kld_labels_joint: 5.82607e+00  correct_labels_joint: 0.00000e+00  loss: 2.39464e-01
2026-08-13 13:54:33.543 | INFO    | 		Epoch: 115  loss_vamb: 1.17023e-01  ab_vamb: 6.92362e-03  ce_vamb: 0.00000e+00  sse_vamb: 9.42300e-02  kld_vamb: 1.62301e-02  loss_labels: 8.48824e-03  ce_labels_labels: 2.05387e-03  kld_labels: 4.11800e+01  correct_labels_labels: 0.00000e+00  loss_joint: 1.15959e-01  ce_joint: 0.00000e+00  sse_joint: 2.12177e+01  ce_labels_joint: 3.46592e-03  kld_vamb_joint: 3.55152e+00  kld_labels_joint: 5.78568e+00  correct_labels_joint: 0.00000e+00  loss: 2.41470e-01
2026-08-13 13:54:34.030 | INFO    | 		Epoch: 116  loss_vamb: 1.17021e-01  ab_vamb: 7.93195e-03  ce_vamb: 0.00000e+00  sse_vamb: 9.30294e-02  kld_vamb: 1.62662e-02  loss_labels: 7.99254e-03  ce_labels_labels: 1.53765e-03  kld_labels: 4.13113e+01  correct_labels_labels: 0.00000e+00  loss_joint: 1.14368e-01  ce_joint: 0.00000e+00  sse_joint: 2.09714e+01  ce_labels_joint: 2.78822e-03  kld_vamb_joint: 3.54150e+00  kld_labels_joint: 5.82343e+00  correct_labels_joint: 0.00000e+00  loss: 2.39381e-01
2026-08-13 13:54:34.381 | INFO    | 		Epoch: 117  loss_vamb: 1.15628e-01  ab_vamb: 6.55944e-03  ce_vamb: 0.00000e+00  sse_vamb: 9.24142e-02  kld_vamb: 1.63516e-02  loss_labels: 8.55703e-03  ce_labels_labels: 2.15338e-03  kld_labels: 4.09833e+01  correct_labels_labels: 0.00000e+00  loss_joint: 1.14421e-01  ce_joint: 0.00000e+00  sse_joint: 2.08592e+01  ce_labels_joint: 3.84222e-03  kld_vamb_joint: 3.56102e+00  kld_labels_joint: 5.87883e+00  correct_labels_joint: 0.00000e+00  loss: 2.38606e-01
2026-08-13 13:54:34.726 | INFO    | 		Epoch: 118  loss_vamb: 1.15114e-01  ab_vamb: 6.02256e-03  ce_vamb: 0.00000e+00  sse_vamb: 9.27266e-02  kld_vamb: 1.62642e-02  loss_labels: 8.09454e-03  ce_labels_labels: 1.64147e-03  kld_labels: 4.12996e+01  correct_labels_labels: 0.00000e+00  loss_joint: 1.14793e-01  ce_joint: 0.00000e+00  sse_joint: 2.08928e+01  ce_labels_joint: 4.34371e-03  kld_vamb_joint: 3.56200e+00  kld_labels_joint: 5.85397e+00  correct_labels_joint: 0.00000e+00  loss: 2.38001e-01
2026-08-13 13:54:35.172 | INFO    | 		Epoch: 119  loss_vamb: 1.14728e-01  ab_vamb: 5.71350e-03  ce_vamb: 0.00000e+00  sse_vamb: 9.25882e-02  kld_vamb: 1.62483e-02  loss_labels: 7.39438e-03  ce_labels_labels: 9.40287e-04  kld_labels: 4.13062e+01  correct_labels_labels: 0.00000e+00  loss_joint: 1.13299e-01  ce_joint: 0.00000e+00  sse_joint: 2.08383e+01  ce_labels_joint: 3.68128e-03  kld_vamb_joint: 3.57163e+00  kld_labels_joint: 5.84938e+00  correct_labels_joint: 0.00000e+00  loss: 2.35421e-01
2026-08-13 13:54:35.593 | INFO    | 		Epoch: 120  loss_vamb: 1.15444e-01  ab_vamb: 6.44215e-03  ce_vamb: 0.00000e+00  sse_vamb: 9.26486e-02  kld_vamb: 1.62998e-02  loss_labels: 7.98276e-03  ce_labels_labels: 1.55503e-03  kld_labels: 4.11375e+01  correct_labels_labels: 0.00000e+00  loss_joint: 1.13913e-01  ce_joint: 0.00000e+00  sse_joint: 2.08507e+01  ce_labels_joint: 4.36297e-03  kld_vamb_joint: 3.54583e+00  kld_labels_joint: 5.86529e+00  correct_labels_joint: 0.00000e+00  loss: 2.37340e-01
2026-08-13 13:54:35.960 | INFO    | 		Epoch: 121  loss_vamb: 1.15112e-01  ab_vamb: 5.71825e-03  ce_vamb: 0.00000e+00  sse_vamb: 9.30961e-02  kld_vamb: 1.63981e-02  loss_labels: 7.59185e-03  ce_labels_labels: 1.20196e-03  kld_labels: 4.08953e+01  correct_labels_labels: 0.00000e+00  loss_joint: 1.12536e-01  ce_joint: 0.00000e+00  sse_joint: 2.08750e+01  ce_labels_joint: 3.31218e-03  kld_vamb_joint: 3.51857e+00  kld_labels_joint: 5.89749e+00  correct_labels_joint: 0.00000e+00  loss: 2.35240e-01
2026-08-13 13:54:36.377 | INFO    | 		Epoch: 122  loss_vamb: 1.15352e-01  ab_vamb: 6.10079e-03  ce_vamb: 0.00000e+00  sse_vamb: 9.28512e-02  kld_vamb: 1.63619e-02  loss_labels: 7.60930e-03  ce_labels_labels: 1.22346e-03  kld_labels: 4.08694e+01  correct_labels_labels: 0.00000e+00  loss_joint: 1.14740e-01  ce_joint: 0.00000e+00  sse_joint: 2.08976e+01  ce_labels_joint: 4.37705e-03  kld_vamb_joint: 3.52743e+00  kld_labels_joint: 5.89846e+00  correct_labels_joint: 0.00000e+00  loss: 2.37702e-01
2026-08-13 13:54:36.767 | INFO    | 		Epoch: 123  loss_vamb: 1.14619e-01  ab_vamb: 5.78689e-03  ce_vamb: 0.00000e+00  sse_vamb: 9.23822e-02  kld_vamb: 1.63593e-02  loss_labels: 7.92662e-03  ce_labels_labels: 1.54016e-03  kld_labels: 4.08733e+01  correct_labels_labels: 0.00000e+00  loss_joint: 1.12448e-01  ce_joint: 0.00000e+00  sse_joint: 2.07200e+01  ce_labels_joint: 3.54028e-03  kld_vamb_joint: 3.53632e+00  kld_labels_joint: 5.88208e+00  correct_labels_joint: 0.00000e+00  loss: 2.34993e-01
2026-08-13 13:54:37.193 | INFO    | 		Epoch: 124  loss_vamb: 1.13851e-01  ab_vamb: 5.78364e-03  ce_vamb: 0.00000e+00  sse_vamb: 9.13835e-02  kld_vamb: 1.64282e-02  loss_labels: 7.49715e-03  ce_labels_labels: 1.14780e-03  kld_labels: 4.06359e+01  correct_labels_labels: 0.00000e+00  loss_joint: 1.11640e-01  ce_joint: 0.00000e+00  sse_joint: 2.05207e+01  ce_labels_joint: 3.05193e-03  kld_vamb_joint: 3.56569e+00  kld_labels_joint: 5.94526e+00  correct_labels_joint: 0.00000e+00  loss: 2.32989e-01
2026-08-13 13:54:37.667 | INFO    | 		Epoch: 125  loss_vamb: 1.14213e-01  ab_vamb: 5.62848e-03  ce_vamb: 0.00000e+00  sse_vamb: 9.20198e-02  kld_vamb: 1.64693e-02  loss_labels: 7.32897e-03  ce_labels_labels: 9.93064e-04  kld_labels: 4.05498e+01  correct_labels_labels: 0.00000e+00  loss_joint: 1.13266e-01  ce_joint: 0.00000e+00  sse_joint: 2.07526e+01  ce_labels_joint: 3.72526e-03  kld_vamb_joint: 3.57634e+00  kld_labels_joint: 5.93254e+00  correct_labels_joint: 0.00000e+00  loss: 2.34808e-01
2026-08-13 13:54:38.028 | INFO    | 		Epoch: 126  loss_vamb: 1.14686e-01  ab_vamb: 6.24170e-03  ce_vamb: 0.00000e+00  sse_vamb: 9.15596e-02  kld_vamb: 1.64100e-02  loss_labels: 8.45627e-03  ce_labels_labels: 2.18194e-03  kld_labels: 4.01557e+01  correct_labels_labels: 0.00000e+00  loss_joint: 1.13463e-01  ce_joint: 0.00000e+00  sse_joint: 2.06983e+01  ce_labels_joint: 3.72580e-03  kld_vamb_joint: 3.58291e+00  kld_labels_joint: 5.95719e+00  correct_labels_joint: 0.00000e+00  loss: 2.36606e-01
2026-08-13 13:54:38.381 | INFO    | 		Epoch: 127  loss_vamb: 1.14668e-01  ab_vamb: 6.01202e-03  ce_vamb: 0.00000e+00  sse_vamb: 9.23040e-02  kld_vamb: 1.64869e-02  loss_labels: 7.53936e-03  ce_labels_labels: 1.26507e-03  kld_labels: 4.01555e+01  correct_labels_labels: 0.00000e+00  loss_joint: 1.12305e-01  ce_joint: 0.00000e+00  sse_joint: 2.07403e+01  ce_labels_joint: 3.10419e-03  kld_vamb_joint: 3.54833e+00  kld_labels_joint: 5.98320e+00  correct_labels_joint: 0.00000e+00  loss: 2.34512e-01
2026-08-13 13:54:38.840 | INFO    | 		Epoch: 128  loss_vamb: 1.14586e-01  ab_vamb: 6.42589e-03  ce_vamb: 0.00000e+00  sse_vamb: 9.22276e-02  kld_vamb: 1.64336e-02  loss_labels: 8.29126e-03  ce_labels_labels: 1.98776e-03  kld_labels: 4.03424e+01  correct_labels_labels: 0.00000e+00  loss_joint: 1.12454e-01  ce_joint: 0.00000e+00  sse_joint: 2.07575e+01  ce_labels_joint: 3.31276e-03  kld_vamb_joint: 3.56752e+00  kld_labels_joint: 5.98378e+00  correct_labels_joint: 0.00000e+00  loss: 2.35331e-01
2026-08-13 13:54:39.291 | INFO    | 		Epoch: 129  loss_vamb: 1.14397e-01  ab_vamb: 5.77166e-03  ce_vamb: 0.00000e+00  sse_vamb: 9.27307e-02  kld_vamb: 1.64217e-02  loss_labels: 7.35771e-03  ce_labels_labels: 1.09784e-03  kld_labels: 4.00631e+01  correct_labels_labels: 0.00000e+00  loss_joint: 1.12414e-01  ce_joint: 0.00000e+00  sse_joint: 2.08692e+01  ce_labels_joint: 3.33308e-03  kld_vamb_joint: 3.55861e+00  kld_labels_joint: 5.98328e+00  correct_labels_joint: 0.00000e+00  loss: 2.34169e-01
2026-08-13 13:54:39.701 | INFO    | 		Epoch: 130  loss_vamb: 1.14276e-01  ab_vamb: 6.01592e-03  ce_vamb: 0.00000e+00  sse_vamb: 9.14986e-02  kld_vamb: 1.65456e-02  loss_labels: 7.43718e-03  ce_labels_labels: 1.20051e-03  kld_labels: 3.99147e+01  correct_labels_labels: 0.00000e+00  loss_joint: 1.12214e-01  ce_joint: 0.00000e+00  sse_joint: 2.06238e+01  ce_labels_joint: 3.14082e-03  kld_vamb_joint: 3.55755e+00  kld_labels_joint: 6.03151e+00  correct_labels_joint: 0.00000e+00  loss: 2.33928e-01
2026-08-13 13:54:40.169 | INFO    | 		Epoch: 131  loss_vamb: 1.14051e-01  ab_vamb: 5.56282e-03  ce_vamb: 0.00000e+00  sse_vamb: 9.23610e-02  kld_vamb: 1.64296e-02  loss_labels: 7.75497e-03  ce_labels_labels: 1.52162e-03  kld_labels: 3.98935e+01  correct_labels_labels: 0.00000e+00  loss_joint: 1.11880e-01  ce_joint: 0.00000e+00  sse_joint: 2.08582e+01  ce_labels_joint: 2.51230e-03  kld_vamb_joint: 3.59435e+00  kld_labels_joint: 6.03850e+00  correct_labels_joint: 0.00000e+00  loss: 2.33686e-01
2026-08-13 13:54:40.642 | INFO    | 		Epoch: 132  loss_vamb: 1.15625e-01  ab_vamb: 7.53576e-03  ce_vamb: 0.00000e+00  sse_vamb: 9.24407e-02  kld_vamb: 1.64315e-02  loss_labels: 8.02261e-03  ce_labels_labels: 1.79406e-03  kld_labels: 3.98627e+01  correct_labels_labels: 0.00000e+00  loss_joint: 1.13328e-01  ce_joint: 0.00000e+00  sse_joint: 2.08989e+01  ce_labels_joint: 2.79251e-03  kld_vamb_joint: 3.57449e+00  kld_labels_joint: 6.04658e+00  correct_labels_joint: 0.00000e+00  loss: 2.36975e-01
2026-08-13 13:54:41.054 | INFO    | 		Epoch: 133  loss_vamb: 1.14104e-01  ab_vamb: 5.66075e-03  ce_vamb: 0.00000e+00  sse_vamb: 9.16735e-02  kld_vamb: 1.65256e-02  loss_labels: 7.59438e-03  ce_labels_labels: 1.36287e-03  kld_labels: 3.98817e+01  correct_labels_labels: 0.00000e+00  loss_joint: 1.10530e-01  ce_joint: 0.00000e+00  sse_joint: 2.05481e+01  ce_labels_joint: 2.51624e-03  kld_vamb_joint: 3.53660e+00  kld_labels_joint: 6.03842e+00  correct_labels_joint: 0.00000e+00  loss: 2.32228e-01
2026-08-13 13:54:41.449 | INFO    | 		Epoch: 134  loss_vamb: 1.13508e-01  ab_vamb: 5.45998e-03  ce_vamb: 0.00000e+00  sse_vamb: 9.20071e-02  kld_vamb: 1.64994e-02  loss_labels: 7.49394e-03  ce_labels_labels: 1.28505e-03  kld_labels: 3.97369e+01  correct_labels_labels: 0.00000e+00  loss_joint: 1.11428e-01  ce_joint: 0.00000e+00  sse_joint: 2.06176e+01  ce_labels_joint: 3.42858e-03  kld_vamb_joint: 3.55578e+00  kld_labels_joint: 6.05439e+00  correct_labels_joint: 0.00000e+00  loss: 2.32429e-01
2026-08-13 13:54:41.900 | INFO    | 		Epoch: 135  loss_vamb: 1.13172e-01  ab_vamb: 6.01237e-03  ce_vamb: 0.00000e+00  sse_vamb: 9.04731e-02  kld_vamb: 1.65996e-02  loss_labels: 7.21212e-03  ce_labels_labels: 1.04469e-03  kld_labels: 3.94716e+01  correct_labels_labels: 0.00000e+00  loss_joint: 1.10605e-01  ce_joint: 0.00000e+00  sse_joint: 2.02809e+01  ce_labels_joint: 3.08426e-03  kld_vamb_joint: 3.56319e+00  kld_labels_joint: 6.08000e+00  correct_labels_joint: 0.00000e+00  loss: 2.30989e-01
2026-08-13 13:54:42.271 | INFO    | 		Epoch: 136  loss_vamb: 1.13273e-01  ab_vamb: 6.04768e-03  ce_vamb: 0.00000e+00  sse_vamb: 9.07939e-02  kld_vamb: 1.64340e-02  loss_labels: 7.81882e-03  ce_labels_labels: 1.65662e-03  kld_labels: 3.94381e+01  correct_labels_labels: 0.00000e+00  loss_joint: 1.10395e-01  ce_joint: 0.00000e+00  sse_joint: 2.04665e+01  ce_labels_joint: 2.82266e-03  kld_vamb_joint: 3.54494e+00  kld_labels_joint: 6.01275e+00  correct_labels_joint: 0.00000e+00  loss: 2.31487e-01
2026-08-13 13:54:42.729 | INFO    | 		Epoch: 137  loss_vamb: 1.13094e-01  ab_vamb: 5.59076e-03  ce_vamb: 0.00000e+00  sse_vamb: 9.11683e-02  kld_vamb: 1.64173e-02  loss_labels: 8.53480e-03  ce_labels_labels: 2.36192e-03  kld_labels: 3.95064e+01  correct_labels_labels: 0.00000e+00  loss_joint: 1.10893e-01  ce_joint: 0.00000e+00  sse_joint: 2.04977e+01  ce_labels_joint: 3.62970e-03  kld_vamb_joint: 3.55715e+00  kld_labels_joint: 6.07273e+00  correct_labels_joint: 0.00000e+00  loss: 2.32523e-01
2026-08-13 13:54:43.088 | INFO    | 		Epoch: 138  loss_vamb: 1.14554e-01  ab_vamb: 7.90677e-03  ce_vamb: 0.00000e+00  sse_vamb: 8.99805e-02  kld_vamb: 1.65655e-02  loss_labels: 7.41830e-03  ce_labels_labels: 1.24793e-03  kld_labels: 3.94904e+01  correct_labels_labels: 0.00000e+00  loss_joint: 1.11679e-01  ce_joint: 0.00000e+00  sse_joint: 2.02634e+01  ce_labels_joint: 3.82167e-03  kld_vamb_joint: 3.55692e+00  kld_labels_joint: 6.10901e+00  correct_labels_joint: 0.00000e+00  loss: 2.33652e-01
2026-08-13 13:54:43.453 | INFO    | 		Epoch: 139  loss_vamb: 1.12125e-01  ab_vamb: 5.28875e-03  ce_vamb: 0.00000e+00  sse_vamb: 9.02874e-02  kld_vamb: 1.65368e-02  loss_labels: 7.08558e-03  ce_labels_labels: 9.19890e-04  kld_labels: 3.94604e+01  correct_labels_labels: 0.00000e+00  loss_joint: 1.11307e-01  ce_joint: 0.00000e+00  sse_joint: 2.04535e+01  ce_labels_joint: 4.05829e-03  kld_vamb_joint: 3.55698e+00  kld_labels_joint: 6.09099e+00  correct_labels_joint: 0.00000e+00  loss: 2.30517e-01
2026-08-13 13:54:43.800 | INFO    | 		Epoch: 140  loss_vamb: 1.14118e-01  ab_vamb: 6.17136e-03  ce_vamb: 0.00000e+00  sse_vamb: 9.15499e-02  kld_vamb: 1.65508e-02  loss_labels: 7.42951e-03  ce_labels_labels: 1.26985e-03  kld_labels: 3.94218e+01  correct_labels_labels: 0.00000e+00  loss_joint: 1.11406e-01  ce_joint: 0.00000e+00  sse_joint: 2.04996e+01  ce_labels_joint: 3.66614e-03  kld_vamb_joint: 3.57282e+00  kld_labels_joint: 6.13429e+00  correct_labels_joint: 0.00000e+00  loss: 2.32954e-01
2026-08-13 13:54:44.241 | INFO    | 		Epoch: 141  loss_vamb: 1.12946e-01  ab_vamb: 5.87048e-03  ce_vamb: 0.00000e+00  sse_vamb: 9.06679e-02  kld_vamb: 1.65938e-02  loss_labels: 7.83173e-03  ce_labels_labels: 1.65354e-03  kld_labels: 3.95405e+01  correct_labels_labels: 0.00000e+00  loss_joint: 1.09872e-01  ce_joint: 0.00000e+00  sse_joint: 2.03315e+01  ce_labels_joint: 3.17451e-03  kld_vamb_joint: 3.56379e+00  kld_labels_joint: 6.13779e+00  correct_labels_joint: 0.00000e+00  loss: 2.30650e-01
2026-08-13 13:54:44.716 | INFO    | 		Epoch: 142  loss_vamb: 1.14756e-01  ab_vamb: 7.05047e-03  ce_vamb: 0.00000e+00  sse_vamb: 9.07543e-02  kld_vamb: 1.66677e-02  loss_labels: 7.64341e-03  ce_labels_labels: 1.47543e-03  kld_labels: 3.94750e+01  correct_labels_labels: 0.00000e+00  loss_joint: 1.11961e-01  ce_joint: 0.00000e+00  sse_joint: 2.03534e+01  ce_labels_joint: 3.40089e-03  kld_vamb_joint: 3.51778e+00  kld_labels_joint: 6.13014e+00  correct_labels_joint: 0.00000e+00  loss: 2.34361e-01
2026-08-13 13:54:45.196 | INFO    | 		Epoch: 143  loss_vamb: 1.13936e-01  ab_vamb: 6.20054e-03  ce_vamb: 0.00000e+00  sse_vamb: 9.11038e-02  kld_vamb: 1.64911e-02  loss_labels: 7.77948e-03  ce_labels_labels: 1.62558e-03  kld_labels: 3.93849e+01  correct_labels_labels: 0.00000e+00  loss_joint: 1.11308e-01  ce_joint: 0.00000e+00  sse_joint: 2.04397e+01  ce_labels_joint: 3.74721e-03  kld_vamb_joint: 3.53702e+00  kld_labels_joint: 6.11728e+00  correct_labels_joint: 0.00000e+00  loss: 2.33023e-01
2026-08-13 13:54:45.668 | INFO    | 		Epoch: 144  loss_vamb: 1.13352e-01  ab_vamb: 5.65565e-03  ce_vamb: 0.00000e+00  sse_vamb: 9.14398e-02  kld_vamb: 1.66381e-02  loss_labels: 9.40349e-03  ce_labels_labels: 3.25168e-03  kld_labels: 3.93716e+01  correct_labels_labels: 0.00000e+00  loss_joint: 1.10425e-01  ce_joint: 0.00000e+00  sse_joint: 2.05217e+01  ce_labels_joint: 2.99308e-03  kld_vamb_joint: 3.54164e+00  kld_labels_joint: 6.14660e+00  correct_labels_joint: 0.00000e+00  loss: 2.33181e-01
2026-08-13 13:54:46.136 | INFO    | 		Epoch: 145  loss_vamb: 1.11370e-01  ab_vamb: 5.16111e-03  ce_vamb: 0.00000e+00  sse_vamb: 8.96825e-02  kld_vamb: 1.66432e-02  loss_labels: 7.21546e-03  ce_labels_labels: 1.02503e-03  kld_labels: 3.96187e+01  correct_labels_labels: 0.00000e+00  loss_joint: 1.08734e-01  ce_joint: 0.00000e+00  sse_joint: 2.01996e+01  ce_labels_joint: 2.85333e-03  kld_vamb_joint: 3.54897e+00  kld_labels_joint: 6.16648e+00  correct_labels_joint: 0.00000e+00  loss: 2.27319e-01
2026-08-13 13:54:46.605 | INFO    | 		Epoch: 146  loss_vamb: 1.13966e-01  ab_vamb: 7.80445e-03  ce_vamb: 0.00000e+00  sse_vamb: 8.92634e-02  kld_vamb: 1.66897e-02  loss_labels: 7.69547e-03  ce_labels_labels: 1.57128e-03  kld_labels: 3.91949e+01  correct_labels_labels: 0.00000e+00  loss_joint: 1.09584e-01  ce_joint: 0.00000e+00  sse_joint: 2.00199e+01  ce_labels_joint: 2.38520e-03  kld_vamb_joint: 3.56452e+00  kld_labels_joint: 6.19787e+00  correct_labels_joint: 0.00000e+00  loss: 2.31245e-01
2026-08-13 13:54:47.068 | INFO    | 		Epoch: 147  loss_vamb: 1.12500e-01  ab_vamb: 5.69087e-03  ce_vamb: 0.00000e+00  sse_vamb: 9.02768e-02  kld_vamb: 1.67091e-02  loss_labels: 7.44788e-03  ce_labels_labels: 1.31887e-03  kld_labels: 3.92257e+01  correct_labels_labels: 0.00000e+00  loss_joint: 1.09619e-01  ce_joint: 0.00000e+00  sse_joint: 2.03257e+01  ce_labels_joint: 3.18503e-03  kld_vamb_joint: 3.56343e+00  kld_labels_joint: 6.21511e+00  correct_labels_joint: 0.00000e+00  loss: 2.29567e-01
2026-08-13 13:54:47.534 | INFO    | 		Epoch: 148  loss_vamb: 1.12835e-01  ab_vamb: 6.09761e-03  ce_vamb: 0.00000e+00  sse_vamb: 9.04665e-02  kld_vamb: 1.66395e-02  loss_labels: 7.13448e-03  ce_labels_labels: 9.84654e-04  kld_labels: 3.93589e+01  correct_labels_labels: 0.00000e+00  loss_joint: 1.09360e-01  ce_joint: 0.00000e+00  sse_joint: 2.03443e+01  ce_labels_joint: 3.23133e-03  kld_vamb_joint: 3.55956e+00  kld_labels_joint: 6.18757e+00  correct_labels_joint: 0.00000e+00  loss: 2.29329e-01
2026-08-13 13:54:48.046 | INFO    | 		Epoch: 149  loss_vamb: 1.13086e-01  ab_vamb: 6.23214e-03  ce_vamb: 0.00000e+00  sse_vamb: 9.09875e-02  kld_vamb: 1.66118e-02  loss_labels: 7.90167e-03  ce_labels_labels: 1.84440e-03  kld_labels: 3.87665e+01  correct_labels_labels: 0.00000e+00  loss_joint: 1.10572e-01  ce_joint: 0.00000e+00  sse_joint: 2.04544e+01  ce_labels_joint: 3.62613e-03  kld_vamb_joint: 3.58745e+00  kld_labels_joint: 6.21972e+00  correct_labels_joint: 0.00000e+00  loss: 2.31560e-01
2026-08-13 13:54:48.483 | INFO    | 		Epoch: 150  loss_vamb: 1.11469e-01  ab_vamb: 5.72225e-03  ce_vamb: 0.00000e+00  sse_vamb: 8.86971e-02  kld_vamb: 1.67017e-02  loss_labels: 8.70117e-03  ce_labels_labels: 2.59851e-03  kld_labels: 3.90570e+01  correct_labels_labels: 0.00000e+00  loss_joint: 1.08329e-01  ce_joint: 0.00000e+00  sse_joint: 1.99914e+01  ce_labels_joint: 2.80890e-03  kld_vamb_joint: 3.56203e+00  kld_labels_joint: 6.23410e+00  correct_labels_joint: 0.00000e+00  loss: 2.28499e-01
2026-08-13 13:54:48.963 | INFO    | 		Epoch: 151  loss_vamb: 1.12129e-01  ab_vamb: 5.74994e-03  ce_vamb: 0.00000e+00  sse_vamb: 8.94054e-02  kld_vamb: 1.67315e-02  loss_labels: 7.16290e-03  ce_labels_labels: 1.06279e-03  kld_labels: 3.90407e+01  correct_labels_labels: 0.00000e+00  loss_joint: 1.08683e-01  ce_joint: 0.00000e+00  sse_joint: 2.00916e+01  ce_labels_joint: 2.81403e-03  kld_vamb_joint: 3.55794e+00  kld_labels_joint: 6.27624e+00  correct_labels_joint: 0.00000e+00  loss: 2.27975e-01
2026-08-13 13:54:49.487 | INFO    | 		Epoch: 152  loss_vamb: 1.10752e-01  ab_vamb: 5.72630e-03  ce_vamb: 0.00000e+00  sse_vamb: 8.83044e-02  kld_vamb: 1.66640e-02  loss_labels: 7.34115e-03  ce_labels_labels: 1.24698e-03  kld_labels: 3.90027e+01  correct_labels_labels: 0.00000e+00  loss_joint: 1.08266e-01  ce_joint: 0.00000e+00  sse_joint: 1.99406e+01  ce_labels_joint: 3.16760e-03  kld_vamb_joint: 3.54930e+00  kld_labels_joint: 6.18683e+00  correct_labels_joint: 0.00000e+00  loss: 2.26358e-01
2026-08-13 13:54:49.823 | INFO    | 		Epoch: 153  loss_vamb: 1.11249e-01  ab_vamb: 5.82242e-03  ce_vamb: 0.00000e+00  sse_vamb: 8.85908e-02  kld_vamb: 1.67762e-02  loss_labels: 7.27791e-03  ce_labels_labels: 1.17232e-03  kld_labels: 3.90758e+01  correct_labels_labels: 0.00000e+00  loss_joint: 1.08270e-01  ce_joint: 0.00000e+00  sse_joint: 1.99634e+01  ce_labels_joint: 3.00294e-03  kld_vamb_joint: 3.53105e+00  kld_labels_joint: 6.22947e+00  correct_labels_joint: 0.00000e+00  loss: 2.26797e-01
2026-08-13 13:54:50.139 | INFO    | 		Epoch: 154  loss_vamb: 1.10781e-01  ab_vamb: 5.28209e-03  ce_vamb: 0.00000e+00  sse_vamb: 8.95960e-02  kld_vamb: 1.67132e-02  loss_labels: 7.20806e-03  ce_labels_labels: 1.12311e-03  kld_labels: 3.89437e+01  correct_labels_labels: 0.00000e+00  loss_joint: 1.08848e-01  ce_joint: 0.00000e+00  sse_joint: 2.02510e+01  ce_labels_joint: 3.19963e-03  kld_vamb_joint: 3.52945e+00  kld_labels_joint: 6.22716e+00  correct_labels_joint: 0.00000e+00  loss: 2.26837e-01
2026-08-13 13:54:50.553 | INFO    | 		Epoch: 155  loss_vamb: 1.10762e-01  ab_vamb: 5.49428e-03  ce_vamb: 0.00000e+00  sse_vamb: 8.90437e-02  kld_vamb: 1.66884e-02  loss_labels: 7.59591e-03  ce_labels_labels: 1.49206e-03  kld_labels: 3.90646e+01  correct_labels_labels: 0.00000e+00  loss_joint: 1.07419e-01  ce_joint: 0.00000e+00  sse_joint: 2.00395e+01  ce_labels_joint: 2.63098e-03  kld_vamb_joint: 3.54611e+00  kld_labels_joint: 6.24844e+00  correct_labels_joint: 0.00000e+00  loss: 2.25777e-01
2026-08-13 13:54:51.017 | INFO    | 		Epoch: 156  loss_vamb: 1.11147e-01  ab_vamb: 5.56202e-03  ce_vamb: 0.00000e+00  sse_vamb: 8.86052e-02  kld_vamb: 1.66280e-02  loss_labels: 8.37943e-03  ce_labels_labels: 2.29788e-03  kld_labels: 3.89219e+01  correct_labels_labels: 0.00000e+00  loss_joint: 1.07329e-01  ce_joint: 0.00000e+00  sse_joint: 1.98422e+01  ce_labels_joint: 3.38782e-03  kld_vamb_joint: 3.54067e+00  kld_labels_joint: 6.25095e+00  correct_labels_joint: 0.00000e+00  loss: 2.26855e-01
2026-08-13 13:54:51.530 | INFO    | 		Epoch: 157  loss_vamb: 1.11492e-01  ab_vamb: 5.78016e-03  ce_vamb: 0.00000e+00  sse_vamb: 8.95007e-02  kld_vamb: 1.66346e-02  loss_labels: 8.05194e-03  ce_labels_labels: 1.97007e-03  kld_labels: 3.89240e+01  correct_labels_labels: 0.00000e+00  loss_joint: 1.08731e-01  ce_joint: 0.00000e+00  sse_joint: 2.00443e+01  ce_labels_joint: 4.10889e-03  kld_vamb_joint: 3.54278e+00  kld_labels_joint: 6.25815e+00  correct_labels_joint: 0.00000e+00  loss: 2.28275e-01
2026-08-13 13:54:52.060 | INFO    | 		Epoch: 158  loss_vamb: 1.11325e-01  ab_vamb: 5.67863e-03  ce_vamb: 0.00000e+00  sse_vamb: 8.93713e-02  kld_vamb: 1.66326e-02  loss_labels: 7.02144e-03  ce_labels_labels: 9.51643e-04  kld_labels: 3.88467e+01  correct_labels_labels: 0.00000e+00  loss_joint: 1.06980e-01  ce_joint: 0.00000e+00  sse_joint: 2.00071e+01  ce_labels_joint: 2.48121e-03  kld_vamb_joint: 3.55592e+00  kld_labels_joint: 6.27778e+00  correct_labels_joint: 0.00000e+00  loss: 2.25326e-01
2026-08-13 13:54:52.559 | INFO    | 		Epoch: 159  loss_vamb: 1.10708e-01  ab_vamb: 5.16387e-03  ce_vamb: 0.00000e+00  sse_vamb: 8.95244e-02  kld_vamb: 1.65895e-02  loss_labels: 7.33991e-03  ce_labels_labels: 1.25312e-03  kld_labels: 3.89554e+01  correct_labels_labels: 0.00000e+00  loss_joint: 1.07762e-01  ce_joint: 0.00000e+00  sse_joint: 2.01693e+01  ce_labels_joint: 2.31768e-03  kld_vamb_joint: 3.55229e+00  kld_labels_joint: 6.21964e+00  correct_labels_joint: 0.00000e+00  loss: 2.25810e-01
2026-08-13 13:54:52.977 | INFO    | 		Epoch: 160  loss_vamb: 1.10050e-01  ab_vamb: 5.21118e-03  ce_vamb: 0.00000e+00  sse_vamb: 8.79863e-02  kld_vamb: 1.66874e-02  loss_labels: 6.87152e-03  ce_labels_labels: 8.27788e-04  kld_labels: 3.86799e+01  correct_labels_labels: 0.00000e+00  loss_joint: 1.06221e-01  ce_joint: 0.00000e+00  sse_joint: 1.98120e+01  ce_labels_joint: 2.13695e-03  kld_vamb_joint: 3.57587e+00  kld_labels_joint: 6.28082e+00  correct_labels_joint: 0.00000e+00  loss: 2.23143e-01
2026-08-13 13:54:53.298 | INFO    | 		Epoch: 161  loss_vamb: 1.10364e-01  ab_vamb: 5.43706e-03  ce_vamb: 0.00000e+00  sse_vamb: 8.81950e-02  kld_vamb: 1.67399e-02  loss_labels: 7.46233e-03  ce_labels_labels: 1.39313e-03  kld_labels: 3.88429e+01  correct_labels_labels: 0.00000e+00  loss_joint: 1.07132e-01  ce_joint: 0.00000e+00  sse_joint: 1.97980e+01  ce_labels_joint: 3.19377e-03  kld_vamb_joint: 3.55935e+00  kld_labels_joint: 6.30163e+00  correct_labels_joint: 0.00000e+00  loss: 2.24959e-01
2026-08-13 13:54:53.740 | INFO    | 		Epoch: 162  loss_vamb: 1.10111e-01  ab_vamb: 5.12849e-03  ce_vamb: 0.00000e+00  sse_vamb: 8.77158e-02  kld_vamb: 1.67154e-02  loss_labels: 7.50357e-03  ce_labels_labels: 1.44503e-03  kld_labels: 3.87747e+01  correct_labels_labels: 0.00000e+00  loss_joint: 1.07469e-01  ce_joint: 0.00000e+00  sse_joint: 1.97686e+01  ce_labels_joint: 3.43912e-03  kld_vamb_joint: 3.57015e+00  kld_labels_joint: 6.31851e+00  correct_labels_joint: 0.00000e+00  loss: 2.25083e-01
2026-08-13 13:54:54.066 | INFO    | 		Epoch: 163  loss_vamb: 1.10560e-01  ab_vamb: 5.60496e-03  ce_vamb: 0.00000e+00  sse_vamb: 8.81898e-02  kld_vamb: 1.66884e-02  loss_labels: 7.74473e-03  ce_labels_labels: 1.67260e-03  kld_labels: 3.88616e+01  correct_labels_labels: 0.00000e+00  loss_joint: 1.05691e-01  ce_joint: 0.00000e+00  sse_joint: 1.97862e+01  ce_labels_joint: 2.10296e-03  kld_vamb_joint: 3.55534e+00  kld_labels_joint: 6.25253e+00  correct_labels_joint: 0.00000e+00  loss: 2.23996e-01
2026-08-13 13:54:54.385 | INFO    | 		Epoch: 164  loss_vamb: 1.09817e-01  ab_vamb: 5.48357e-03  ce_vamb: 0.00000e+00  sse_vamb: 8.71851e-02  kld_vamb: 1.67094e-02  loss_labels: 7.52791e-03  ce_labels_labels: 1.48945e-03  kld_labels: 3.86461e+01  correct_labels_labels: 0.00000e+00  loss_joint: 1.06836e-01  ce_joint: 0.00000e+00  sse_joint: 1.96166e+01  ce_labels_joint: 3.54382e-03  kld_vamb_joint: 3.54403e+00  kld_labels_joint: 6.26769e+00  correct_labels_joint: 0.00000e+00  loss: 2.24181e-01
2026-08-13 13:54:54.706 | INFO    | 		Epoch: 165  loss_vamb: 1.10581e-01  ab_vamb: 5.47439e-03  ce_vamb: 0.00000e+00  sse_vamb: 8.92227e-02  kld_vamb: 1.67118e-02  loss_labels: 7.91566e-03  ce_labels_labels: 1.86044e-03  kld_labels: 3.87534e+01  correct_labels_labels: 0.00000e+00  loss_joint: 1.06668e-01  ce_joint: 0.00000e+00  sse_joint: 1.99896e+01  ce_labels_joint: 2.72950e-03  kld_vamb_joint: 3.53454e+00  kld_labels_joint: 6.26812e+00  correct_labels_joint: 0.00000e+00  loss: 2.25164e-01
2026-08-13 13:54:55.203 | INFO    | 		Epoch: 166  loss_vamb: 1.11796e-01  ab_vamb: 6.04799e-03  ce_vamb: 0.00000e+00  sse_vamb: 8.86248e-02  kld_vamb: 1.68847e-02  loss_labels: 7.29552e-03  ce_labels_labels: 1.26349e-03  kld_labels: 3.86050e+01  correct_labels_labels: 0.00000e+00  loss_joint: 1.08151e-01  ce_joint: 0.00000e+00  sse_joint: 1.99286e+01  ce_labels_joint: 2.68269e-03  kld_vamb_joint: 3.56095e+00  kld_labels_joint: 6.34194e+00  correct_labels_joint: 0.00000e+00  loss: 2.27243e-01
2026-08-13 13:54:55.692 | INFO    | 		Epoch: 167  loss_vamb: 1.11268e-01  ab_vamb: 5.49550e-03  ce_vamb: 0.00000e+00  sse_vamb: 8.91018e-02  kld_vamb: 1.67998e-02  loss_labels: 7.10540e-03  ce_labels_labels: 1.02878e-03  kld_labels: 3.88904e+01  correct_labels_labels: 0.00000e+00  loss_joint: 1.07409e-01  ce_joint: 0.00000e+00  sse_joint: 1.99487e+01  ce_labels_joint: 3.10420e-03  kld_vamb_joint: 3.54605e+00  kld_labels_joint: 6.31693e+00  correct_labels_joint: 0.00000e+00  loss: 2.25783e-01
2026-08-13 13:54:56.123 | INFO    | 		Epoch: 168  loss_vamb: 1.10198e-01  ab_vamb: 5.27623e-03  ce_vamb: 0.00000e+00  sse_vamb: 8.72382e-02  kld_vamb: 1.68048e-02  loss_labels: 7.18850e-03  ce_labels_labels: 1.12589e-03  kld_labels: 3.88007e+01  correct_labels_labels: 0.00000e+00  loss_joint: 1.05509e-01  ce_joint: 0.00000e+00  sse_joint: 1.96250e+01  ce_labels_joint: 2.00014e-03  kld_vamb_joint: 3.55796e+00  kld_labels_joint: 6.29942e+00  correct_labels_joint: 0.00000e+00  loss: 2.22895e-01
2026-08-13 13:54:56.468 | INFO    | 		Epoch: 169  loss_vamb: 1.11253e-01  ab_vamb: 5.78081e-03  ce_vamb: 0.00000e+00  sse_vamb: 8.88535e-02  kld_vamb: 1.67237e-02  loss_labels: 6.91513e-03  ce_labels_labels: 8.61933e-04  kld_labels: 3.87405e+01  correct_labels_labels: 0.00000e+00  loss_joint: 1.07517e-01  ce_joint: 0.00000e+00  sse_joint: 1.99064e+01  ce_labels_joint: 2.50771e-03  kld_vamb_joint: 3.56333e+00  kld_labels_joint: 6.28834e+00  correct_labels_joint: 0.00000e+00  loss: 2.25685e-01
2026-08-13 13:54:57.000 | INFO    | 		Epoch: 170  loss_vamb: 1.10377e-01  ab_vamb: 5.30783e-03  ce_vamb: 0.00000e+00  sse_vamb: 8.82750e-02  kld_vamb: 1.68105e-02  loss_labels: 7.79914e-03  ce_labels_labels: 1.76421e-03  kld_labels: 3.86235e+01  correct_labels_labels: 0.00000e+00  loss_joint: 1.07463e-01  ce_joint: 0.00000e+00  sse_joint: 1.98171e+01  ce_labels_joint: 3.30410e-03  kld_vamb_joint: 3.57659e+00  kld_labels_joint: 6.36759e+00  correct_labels_joint: 0.00000e+00  loss: 2.25639e-01
2026-08-13 13:54:57.455 | INFO    | 		Epoch: 171  loss_vamb: 1.10314e-01  ab_vamb: 5.50129e-03  ce_vamb: 0.00000e+00  sse_vamb: 8.75973e-02  kld_vamb: 1.68255e-02  loss_labels: 7.19440e-03  ce_labels_labels: 1.15352e-03  kld_labels: 3.86617e+01  correct_labels_labels: 0.00000e+00  loss_joint: 1.05784e-01  ce_joint: 0.00000e+00  sse_joint: 1.96446e+01  ce_labels_joint: 2.60504e-03  kld_vamb_joint: 3.57440e+00  kld_labels_joint: 6.36245e+00  correct_labels_joint: 0.00000e+00  loss: 2.23293e-01
2026-08-13 13:54:57.906 | INFO    | 		Epoch: 172  loss_vamb: 1.09868e-01  ab_vamb: 5.49776e-03  ce_vamb: 0.00000e+00  sse_vamb: 8.70622e-02  kld_vamb: 1.68231e-02  loss_labels: 7.16360e-03  ce_labels_labels: 1.12314e-03  kld_labels: 3.86590e+01  correct_labels_labels: 0.00000e+00  loss_joint: 1.05635e-01  ce_joint: 0.00000e+00  sse_joint: 1.95208e+01  ce_labels_joint: 2.36685e-03  kld_vamb_joint: 3.56372e+00  kld_labels_joint: 6.34050e+00  correct_labels_joint: 0.00000e+00  loss: 2.22666e-01
2026-08-13 13:54:58.374 | INFO    | 		Epoch: 173  loss_vamb: 1.10681e-01  ab_vamb: 5.64281e-03  ce_vamb: 0.00000e+00  sse_vamb: 8.95339e-02  kld_vamb: 1.67391e-02  loss_labels: 7.19506e-03  ce_labels_labels: 1.17635e-03  kld_labels: 3.85197e+01  correct_labels_labels: 0.00000e+00  loss_joint: 1.07927e-01  ce_joint: 0.00000e+00  sse_joint: 2.01891e+01  ce_labels_joint: 3.04186e-03  kld_vamb_joint: 3.55866e+00  kld_labels_joint: 6.32802e+00  correct_labels_joint: 0.00000e+00  loss: 2.25802e-01
2026-08-13 13:54:58.868 | INFO    | 		Epoch: 174  loss_vamb: 1.10602e-01  ab_vamb: 5.41766e-03  ce_vamb: 0.00000e+00  sse_vamb: 8.93670e-02  kld_vamb: 1.67592e-02  loss_labels: 7.07601e-03  ce_labels_labels: 1.06286e-03  kld_labels: 3.84841e+01  correct_labels_labels: 0.00000e+00  loss_joint: 1.07059e-01  ce_joint: 0.00000e+00  sse_joint: 1.99986e+01  ce_labels_joint: 3.26631e-03  kld_vamb_joint: 3.57891e+00  kld_labels_joint: 6.38033e+00  correct_labels_joint: 0.00000e+00  loss: 2.24737e-01
2026-08-13 13:54:59.218 | INFO    | 		Epoch: 175  loss_vamb: 1.10148e-01  ab_vamb: 5.38142e-03  ce_vamb: 0.00000e+00  sse_vamb: 8.77875e-02  kld_vamb: 1.68345e-02  loss_labels: 6.96222e-03  ce_labels_labels: 9.56303e-04  kld_labels: 3.84379e+01  correct_labels_labels: 0.00000e+00  loss_joint: 1.07256e-01  ce_joint: 0.00000e+00  sse_joint: 1.98129e+01  ce_labels_joint: 3.16087e-03  kld_vamb_joint: 3.56254e+00  kld_labels_joint: 6.37885e+00  correct_labels_joint: 0.00000e+00  loss: 2.24366e-01
2026-08-13 13:54:59.569 | INFO    | 		Epoch: 176  loss_vamb: 1.09842e-01  ab_vamb: 5.35941e-03  ce_vamb: 0.00000e+00  sse_vamb: 8.74174e-02  kld_vamb: 1.67797e-02  loss_labels: 6.92344e-03  ce_labels_labels: 9.35357e-04  kld_labels: 3.83237e+01  correct_labels_labels: 0.00000e+00  loss_joint: 1.06557e-01  ce_joint: 0.00000e+00  sse_joint: 1.96544e+01  ce_labels_joint: 3.30944e-03  kld_vamb_joint: 3.55048e+00  kld_labels_joint: 6.34695e+00  correct_labels_joint: 0.00000e+00  loss: 2.23322e-01
2026-08-13 13:54:59.989 | INFO    | 		Epoch: 177  loss_vamb: 1.08821e-01  ab_vamb: 4.91516e-03  ce_vamb: 0.00000e+00  sse_vamb: 8.72409e-02  kld_vamb: 1.67852e-02  loss_labels: 6.88696e-03  ce_labels_labels: 8.94538e-04  kld_labels: 3.83515e+01  correct_labels_labels: 0.00000e+00  loss_joint: 1.05222e-01  ce_joint: 0.00000e+00  sse_joint: 1.95912e+01  ce_labels_joint: 2.41180e-03  kld_vamb_joint: 3.56657e+00  kld_labels_joint: 6.38496e+00  correct_labels_joint: 0.00000e+00  loss: 2.20930e-01
2026-08-13 13:55:00.493 | INFO    | 		Epoch: 178  loss_vamb: 1.10404e-01  ab_vamb: 5.27644e-03  ce_vamb: 0.00000e+00  sse_vamb: 8.88178e-02  kld_vamb: 1.67873e-02  loss_labels: 7.05051e-03  ce_labels_labels: 1.07132e-03  kld_labels: 3.82668e+01  correct_labels_labels: 0.00000e+00  loss_joint: 1.06720e-01  ce_joint: 0.00000e+00  sse_joint: 1.99618e+01  ce_labels_joint: 2.67669e-03  kld_vamb_joint: 3.57753e+00  kld_labels_joint: 6.40236e+00  correct_labels_joint: 0.00000e+00  loss: 2.24174e-01
2026-08-13 13:55:00.955 | INFO    | 		Epoch: 179  loss_vamb: 1.09603e-01  ab_vamb: 5.39046e-03  ce_vamb: 0.00000e+00  sse_vamb: 8.73106e-02  kld_vamb: 1.68630e-02  loss_labels: 7.31352e-03  ce_labels_labels: 1.35978e-03  kld_labels: 3.81039e+01  correct_labels_labels: 0.00000e+00  loss_joint: 1.05437e-01  ce_joint: 0.00000e+00  sse_joint: 1.95007e+01  ce_labels_joint: 2.93146e-03  kld_vamb_joint: 3.55944e+00  kld_labels_joint: 6.39950e+00  correct_labels_joint: 0.00000e+00  loss: 2.22354e-01
2026-08-13 13:55:01.440 | INFO    | 		Epoch: 180  loss_vamb: 1.10063e-01  ab_vamb: 5.49035e-03  ce_vamb: 0.00000e+00  sse_vamb: 8.77039e-02  kld_vamb: 1.67567e-02  loss_labels: 8.23034e-03  ce_labels_labels: 2.29810e-03  kld_labels: 3.79664e+01  correct_labels_labels: 0.00000e+00  loss_joint: 1.05901e-01  ce_joint: 0.00000e+00  sse_joint: 1.95929e+01  ce_labels_joint: 3.00832e-03  kld_vamb_joint: 3.56972e+00  kld_labels_joint: 6.39004e+00  correct_labels_joint: 0.00000e+00  loss: 2.24195e-01
2026-08-13 13:55:01.975 | INFO    | 		Epoch: 181  loss_vamb: 1.09614e-01  ab_vamb: 5.17982e-03  ce_vamb: 0.00000e+00  sse_vamb: 8.71506e-02  kld_vamb: 1.68085e-02  loss_labels: 7.54023e-03  ce_labels_labels: 1.61861e-03  kld_labels: 3.78984e+01  correct_labels_labels: 0.00000e+00  loss_joint: 1.06818e-01  ce_joint: 0.00000e+00  sse_joint: 1.95391e+01  ce_labels_joint: 3.72089e-03  kld_vamb_joint: 3.53108e+00  kld_labels_joint: 6.37440e+00  correct_labels_joint: 0.00000e+00  loss: 2.23973e-01
2026-08-13 13:55:02.491 | INFO    | 		Epoch: 182  loss_vamb: 1.08508e-01  ab_vamb: 4.88375e-03  ce_vamb: 0.00000e+00  sse_vamb: 8.69914e-02  kld_vamb: 1.68449e-02  loss_labels: 7.65457e-03  ce_labels_labels: 1.71502e-03  kld_labels: 3.80131e+01  correct_labels_labels: 0.00000e+00  loss_joint: 1.04746e-01  ce_joint: 0.00000e+00  sse_joint: 1.95808e+01  ce_labels_joint: 2.38878e-03  kld_vamb_joint: 3.51794e+00  kld_labels_joint: 6.36536e+00  correct_labels_joint: 0.00000e+00  loss: 2.20908e-01
2026-08-13 13:55:03.002 | INFO    | 		Epoch: 183  loss_vamb: 1.09931e-01  ab_vamb: 5.54566e-03  ce_vamb: 0.00000e+00  sse_vamb: 8.72095e-02  kld_vamb: 1.69238e-02  loss_labels: 6.75173e-03  ce_labels_labels: 8.23356e-04  kld_labels: 3.79416e+01  correct_labels_labels: 0.00000e+00  loss_joint: 1.04927e-01  ce_joint: 0.00000e+00  sse_joint: 1.95690e+01  ce_labels_joint: 2.30204e-03  kld_vamb_joint: 3.54003e+00  kld_labels_joint: 6.41157e+00  correct_labels_joint: 0.00000e+00  loss: 2.21610e-01
2026-08-13 13:55:03.444 | INFO    | 		Epoch: 184  loss_vamb: 1.09504e-01  ab_vamb: 5.47756e-03  ce_vamb: 0.00000e+00  sse_vamb: 8.64738e-02  kld_vamb: 1.69407e-02  loss_labels: 6.55773e-03  ce_labels_labels: 6.55408e-04  kld_labels: 3.77749e+01  correct_labels_labels: 0.00000e+00  loss_joint: 1.05342e-01  ce_joint: 0.00000e+00  sse_joint: 1.94383e+01  ce_labels_joint: 2.67591e-03  kld_vamb_joint: 3.53058e+00  kld_labels_joint: 6.40554e+00  correct_labels_joint: 0.00000e+00  loss: 2.21403e-01
2026-08-13 13:55:03.909 | INFO    | 		Epoch: 185  loss_vamb: 1.09730e-01  ab_vamb: 5.49810e-03  ce_vamb: 0.00000e+00  sse_vamb: 8.70648e-02  kld_vamb: 1.69919e-02  loss_labels: 7.09133e-03  ce_labels_labels: 1.18391e-03  kld_labels: 3.78075e+01  correct_labels_labels: 0.00000e+00  loss_joint: 1.06510e-01  ce_joint: 0.00000e+00  sse_joint: 1.95668e+01  ce_labels_joint: 3.09853e-03  kld_vamb_joint: 3.54277e+00  kld_labels_joint: 6.42123e+00  correct_labels_joint: 0.00000e+00  loss: 2.23331e-01
2026-08-13 13:55:04.336 | INFO    | 		Epoch: 186  loss_vamb: 1.09382e-01  ab_vamb: 5.61243e-03  ce_vamb: 0.00000e+00  sse_vamb: 8.70179e-02  kld_vamb: 1.69372e-02  loss_labels: 7.28112e-03  ce_labels_labels: 1.39617e-03  kld_labels: 3.76637e+01  correct_labels_labels: 0.00000e+00  loss_joint: 1.05220e-01  ce_joint: 0.00000e+00  sse_joint: 1.94926e+01  ce_labels_joint: 3.05399e-03  kld_vamb_joint: 3.54921e+00  kld_labels_joint: 6.46444e+00  correct_labels_joint: 0.00000e+00  loss: 2.21883e-01
2026-08-13 13:55:04.762 | INFO    | 		Epoch: 187  loss_vamb: 1.08991e-01  ab_vamb: 4.89634e-03  ce_vamb: 0.00000e+00  sse_vamb: 8.71924e-02  kld_vamb: 1.68815e-02  loss_labels: 6.81432e-03  ce_labels_labels: 9.53649e-04  kld_labels: 3.75083e+01  correct_labels_labels: 0.00000e+00  loss_joint: 1.06483e-01  ce_joint: 0.00000e+00  sse_joint: 1.96598e+01  ce_labels_joint: 3.68679e-03  kld_vamb_joint: 3.56919e+00  kld_labels_joint: 6.44859e+00  correct_labels_joint: 0.00000e+00  loss: 2.22288e-01
2026-08-13 13:55:05.241 | INFO    | 		Epoch: 188  loss_vamb: 1.09271e-01  ab_vamb: 5.42283e-03  ce_vamb: 0.00000e+00  sse_vamb: 8.67714e-02  kld_vamb: 1.69259e-02  loss_labels: 7.16214e-03  ce_labels_labels: 1.28753e-03  kld_labels: 3.75975e+01  correct_labels_labels: 0.00000e+00  loss_joint: 1.04635e-01  ce_joint: 0.00000e+00  sse_joint: 1.94195e+01  ce_labels_joint: 2.67066e-03  kld_vamb_joint: 3.56080e+00  kld_labels_joint: 6.47004e+00  correct_labels_joint: 0.00000e+00  loss: 2.21068e-01
2026-08-13 13:55:05.594 | INFO    | 		Epoch: 189  loss_vamb: 1.10196e-01  ab_vamb: 5.90030e-03  ce_vamb: 0.00000e+00  sse_vamb: 8.80011e-02  kld_vamb: 1.68450e-02  loss_labels: 6.67817e-03  ce_labels_labels: 8.06009e-04  kld_labels: 3.75818e+01  correct_labels_labels: 0.00000e+00  loss_joint: 1.06195e-01  ce_joint: 0.00000e+00  sse_joint: 1.98114e+01  ce_labels_joint: 2.55336e-03  kld_vamb_joint: 3.55813e+00  kld_labels_joint: 6.41990e+00  correct_labels_joint: 0.00000e+00  loss: 2.23069e-01
2026-08-13 13:55:06.108 | INFO    | 		Epoch: 190  loss_vamb: 1.09990e-01  ab_vamb: 5.56618e-03  ce_vamb: 0.00000e+00  sse_vamb: 8.79859e-02  kld_vamb: 1.69105e-02  loss_labels: 7.36055e-03  ce_labels_labels: 1.51013e-03  kld_labels: 3.74426e+01  correct_labels_labels: 0.00000e+00  loss_joint: 1.06154e-01  ce_joint: 0.00000e+00  sse_joint: 1.98052e+01  ce_labels_joint: 2.60320e-03  kld_vamb_joint: 3.54366e+00  kld_labels_joint: 6.44038e+00  correct_labels_joint: 0.00000e+00  loss: 2.23505e-01
2026-08-13 13:55:06.625 | INFO    | 		Epoch: 191  loss_vamb: 1.09207e-01  ab_vamb: 5.61859e-03  ce_vamb: 0.00000e+00  sse_vamb: 8.61544e-02  kld_vamb: 1.69748e-02  loss_labels: 7.26480e-03  ce_labels_labels: 1.42218e-03  kld_labels: 3.73928e+01  correct_labels_labels: 0.00000e+00  loss_joint: 1.05313e-01  ce_joint: 0.00000e+00  sse_joint: 1.93439e+01  ce_labels_joint: 3.30191e-03  kld_vamb_joint: 3.53574e+00  kld_labels_joint: 6.47624e+00  correct_labels_joint: 0.00000e+00  loss: 2.21785e-01
2026-08-13 13:55:06.970 | INFO    | 		Epoch: 192  loss_vamb: 1.09871e-01  ab_vamb: 6.12047e-03  ce_vamb: 0.00000e+00  sse_vamb: 8.59350e-02  kld_vamb: 1.70327e-02  loss_labels: 7.35421e-03  ce_labels_labels: 1.55150e-03  kld_labels: 3.71374e+01  correct_labels_labels: 0.00000e+00  loss_joint: 1.05158e-01  ce_joint: 0.00000e+00  sse_joint: 1.93524e+01  ce_labels_joint: 2.45172e-03  kld_vamb_joint: 3.55261e+00  kld_labels_joint: 6.50558e+00  correct_labels_joint: 0.00000e+00  loss: 2.22384e-01
2026-08-13 13:55:07.360 | INFO    | 		Epoch: 193  loss_vamb: 1.09692e-01  ab_vamb: 5.25738e-03  ce_vamb: 0.00000e+00  sse_vamb: 8.82107e-02  kld_vamb: 1.68554e-02  loss_labels: 8.60661e-03  ce_labels_labels: 2.79701e-03  kld_labels: 3.71814e+01  correct_labels_labels: 0.00000e+00  loss_joint: 1.07511e-01  ce_joint: 0.00000e+00  sse_joint: 1.98562e+01  ce_labels_joint: 4.12467e-03  kld_vamb_joint: 3.55306e+00  kld_labels_joint: 6.45420e+00  correct_labels_joint: 0.00000e+00  loss: 2.25809e-01
2026-08-13 13:55:07.778 | INFO    | 		Epoch: 194  loss_vamb: 1.09328e-01  ab_vamb: 5.60389e-03  ce_vamb: 0.00000e+00  sse_vamb: 8.69704e-02  kld_vamb: 1.68425e-02  loss_labels: 6.81807e-03  ce_labels_labels: 1.00661e-03  kld_labels: 3.71933e+01  correct_labels_labels: 0.00000e+00  loss_joint: 1.05089e-01  ce_joint: 0.00000e+00  sse_joint: 1.95909e+01  ce_labels_joint: 2.34575e-03  kld_vamb_joint: 3.57311e+00  kld_labels_joint: 6.44591e+00  correct_labels_joint: 0.00000e+00  loss: 2.21235e-01
2026-08-13 13:55:08.144 | INFO    | 		Epoch: 195  loss_vamb: 1.09479e-01  ab_vamb: 5.07962e-03  ce_vamb: 0.00000e+00  sse_vamb: 8.71177e-02  kld_vamb: 1.68376e-02  loss_labels: 6.82544e-03  ce_labels_labels: 1.02249e-03  kld_labels: 3.71389e+01  correct_labels_labels: 0.00000e+00  loss_joint: 1.05161e-01  ce_joint: 0.00000e+00  sse_joint: 1.95604e+01  ce_labels_joint: 2.19673e-03  kld_vamb_joint: 3.58730e+00  kld_labels_joint: 6.46946e+00  correct_labels_joint: 0.00000e+00  loss: 2.21465e-01
2026-08-13 13:55:08.496 | INFO    | 		Epoch: 196  loss_vamb: 1.09347e-01  ab_vamb: 5.74570e-03  ce_vamb: 0.00000e+00  sse_vamb: 8.64722e-02  kld_vamb: 1.68942e-02  loss_labels: 7.78343e-03  ce_labels_labels: 1.97519e-03  kld_labels: 3.71727e+01  correct_labels_labels: 0.00000e+00  loss_joint: 1.04049e-01  ce_joint: 0.00000e+00  sse_joint: 1.93895e+01  ce_labels_joint: 2.62577e-03  kld_vamb_joint: 3.55484e+00  kld_labels_joint: 6.48621e+00  correct_labels_joint: 0.00000e+00  loss: 2.21179e-01
2026-08-13 13:55:08.839 | INFO    | 		Epoch: 197  loss_vamb: 1.09941e-01  ab_vamb: 5.65647e-03  ce_vamb: 0.00000e+00  sse_vamb: 8.71565e-02  kld_vamb: 1.69649e-02  loss_labels: 6.95673e-03  ce_labels_labels: 1.15911e-03  kld_labels: 3.71047e+01  correct_labels_labels: 0.00000e+00  loss_joint: 1.05215e-01  ce_joint: 0.00000e+00  sse_joint: 1.94933e+01  ce_labels_joint: 2.74607e-03  kld_vamb_joint: 3.56710e+00  kld_labels_joint: 6.54064e+00  correct_labels_joint: 0.00000e+00  loss: 2.22113e-01
2026-08-13 13:55:09.166 | INFO    | 		Epoch: 198  loss_vamb: 1.09195e-01  ab_vamb: 5.32846e-03  ce_vamb: 0.00000e+00  sse_vamb: 8.70697e-02  kld_vamb: 1.69882e-02  loss_labels: 7.99154e-03  ce_labels_labels: 2.22054e-03  kld_labels: 3.69344e+01  correct_labels_labels: 0.00000e+00  loss_joint: 1.05697e-01  ce_joint: 0.00000e+00  sse_joint: 1.94829e+01  ce_labels_joint: 3.43314e-03  kld_vamb_joint: 3.54734e+00  kld_labels_joint: 6.51201e+00  correct_labels_joint: 0.00000e+00  loss: 2.22884e-01
2026-08-13 13:55:09.637 | INFO    | 		Epoch: 199  loss_vamb: 1.09845e-01  ab_vamb: 5.44694e-03  ce_vamb: 0.00000e+00  sse_vamb: 8.77092e-02  kld_vamb: 1.69464e-02  loss_labels: 7.34268e-03  ce_labels_labels: 1.58872e-03  kld_labels: 3.68253e+01  correct_labels_labels: 0.00000e+00  loss_joint: 1.06592e-01  ce_joint: 0.00000e+00  sse_joint: 1.96675e+01  ce_labels_joint: 3.73852e-03  kld_vamb_joint: 3.56551e+00  kld_labels_joint: 6.52112e+00  correct_labels_joint: 0.00000e+00  loss: 2.23780e-01
2026-08-13 13:55:10.055 | INFO    | 		Epoch: 200  loss_vamb: 1.09733e-01  ab_vamb: 5.79603e-03  ce_vamb: 0.00000e+00  sse_vamb: 8.73791e-02  kld_vamb: 1.69157e-02  loss_labels: 6.70927e-03  ce_labels_labels: 9.20423e-04  kld_labels: 3.70486e+01  correct_labels_labels: 0.00000e+00  loss_joint: 1.06164e-01  ce_joint: 0.00000e+00  sse_joint: 1.97115e+01  ce_labels_joint: 2.74517e-03  kld_vamb_joint: 3.55713e+00  kld_labels_joint: 6.48286e+00  correct_labels_joint: 0.00000e+00  loss: 2.22606e-01
2026-08-13 13:55:10.520 | INFO    | 		Epoch: 201  loss_vamb: 1.09113e-01  ab_vamb: 5.43083e-03  ce_vamb: 0.00000e+00  sse_vamb: 8.62984e-02  kld_vamb: 1.69997e-02  loss_labels: 6.67932e-03  ce_labels_labels: 9.06245e-04  kld_labels: 3.69477e+01  correct_labels_labels: 0.00000e+00  loss_joint: 1.03526e-01  ce_joint: 0.00000e+00  sse_joint: 1.93009e+01  ce_labels_joint: 2.35878e-03  kld_vamb_joint: 3.56587e+00  kld_labels_joint: 6.53781e+00  correct_labels_joint: 0.00000e+00  loss: 2.19318e-01
2026-08-13 13:55:11.021 | INFO    | 		Epoch: 202  loss_vamb: 1.09050e-01  ab_vamb: 5.65773e-03  ce_vamb: 0.00000e+00  sse_vamb: 8.68146e-02  kld_vamb: 1.69191e-02  loss_labels: 6.62464e-03  ce_labels_labels: 8.58668e-04  kld_labels: 3.69022e+01  correct_labels_labels: 0.00000e+00  loss_joint: 1.05281e-01  ce_joint: 0.00000e+00  sse_joint: 1.95428e+01  ce_labels_joint: 3.10157e-03  kld_vamb_joint: 3.55497e+00  kld_labels_joint: 6.50776e+00  correct_labels_joint: 0.00000e+00  loss: 2.20956e-01
2026-08-13 13:55:11.503 | INFO    | 		Epoch: 203  loss_vamb: 1.08429e-01  ab_vamb: 5.00183e-03  ce_vamb: 0.00000e+00  sse_vamb: 8.64492e-02  kld_vamb: 1.69700e-02  loss_labels: 7.15872e-03  ce_labels_labels: 1.41414e-03  kld_labels: 3.67653e+01  correct_labels_labels: 0.00000e+00  loss_joint: 1.05161e-01  ce_joint: 0.00000e+00  sse_joint: 1.94321e+01  ce_labels_joint: 2.82188e-03  kld_vamb_joint: 3.56954e+00  kld_labels_joint: 6.50693e+00  correct_labels_joint: 0.00000e+00  loss: 2.20749e-01
2026-08-13 13:55:11.951 | INFO    | 		Epoch: 204  loss_vamb: 1.09195e-01  ab_vamb: 5.17805e-03  ce_vamb: 0.00000e+00  sse_vamb: 8.72876e-02  kld_vamb: 1.69867e-02  loss_labels: 7.54066e-03  ce_labels_labels: 1.79911e-03  kld_labels: 3.67459e+01  correct_labels_labels: 0.00000e+00  loss_joint: 1.05292e-01  ce_joint: 0.00000e+00  sse_joint: 1.96347e+01  ce_labels_joint: 2.71403e-03  kld_vamb_joint: 3.54501e+00  kld_labels_joint: 6.54761e+00  correct_labels_joint: 0.00000e+00  loss: 2.22028e-01
2026-08-13 13:55:12.444 | INFO    | 		Epoch: 205  loss_vamb: 1.08800e-01  ab_vamb: 5.51483e-03  ce_vamb: 0.00000e+00  sse_vamb: 8.57777e-02  kld_vamb: 1.70966e-02  loss_labels: 6.57278e-03  ce_labels_labels: 8.26871e-04  kld_labels: 3.67738e+01  correct_labels_labels: 0.00000e+00  loss_joint: 1.03665e-01  ce_joint: 0.00000e+00  sse_joint: 1.92411e+01  ce_labels_joint: 2.78181e-03  kld_vamb_joint: 3.55351e+00  kld_labels_joint: 6.58065e+00  correct_labels_joint: 0.00000e+00  loss: 2.19037e-01
2026-08-13 13:55:12.933 | INFO    | 		Epoch: 206  loss_vamb: 1.08180e-01  ab_vamb: 5.09476e-03  ce_vamb: 0.00000e+00  sse_vamb: 8.59555e-02  kld_vamb: 1.70567e-02  loss_labels: 7.28207e-03  ce_labels_labels: 1.54405e-03  kld_labels: 3.67234e+01  correct_labels_labels: 0.00000e+00  loss_joint: 1.03082e-01  ce_joint: 0.00000e+00  sse_joint: 1.93379e+01  ce_labels_joint: 1.82787e-03  kld_vamb_joint: 3.55011e+00  kld_labels_joint: 6.58221e+00  correct_labels_joint: 0.00000e+00  loss: 2.18544e-01
2026-08-13 13:55:13.409 | INFO    | 		Epoch: 207  loss_vamb: 1.08202e-01  ab_vamb: 5.19870e-03  ce_vamb: 0.00000e+00  sse_vamb: 8.55776e-02  kld_vamb: 1.70262e-02  loss_labels: 7.91933e-03  ce_labels_labels: 2.19355e-03  kld_labels: 3.66450e+01  correct_labels_labels: 0.00000e+00  loss_joint: 1.04490e-01  ce_joint: 0.00000e+00  sse_joint: 1.92645e+01  ce_labels_joint: 3.36104e-03  kld_vamb_joint: 3.55975e+00  kld_labels_joint: 6.56680e+00  correct_labels_joint: 0.00000e+00  loss: 2.20611e-01
2026-08-13 13:55:13.836 | INFO    | 		Epoch: 208  loss_vamb: 1.08423e-01  ab_vamb: 5.23585e-03  ce_vamb: 0.00000e+00  sse_vamb: 8.55764e-02  kld_vamb: 1.70746e-02  loss_labels: 7.16754e-03  ce_labels_labels: 1.44348e-03  kld_labels: 3.66340e+01  correct_labels_labels: 0.00000e+00  loss_joint: 1.04155e-01  ce_joint: 0.00000e+00  sse_joint: 1.92543e+01  ce_labels_joint: 2.55830e-03  kld_vamb_joint: 3.52667e+00  kld_labels_joint: 6.55149e+00  correct_labels_joint: 0.00000e+00  loss: 2.19745e-01
2026-08-13 13:55:14.330 | INFO    | 		Epoch: 209  loss_vamb: 1.07847e-01  ab_vamb: 5.58576e-03  ce_vamb: 0.00000e+00  sse_vamb: 8.46831e-02  kld_vamb: 1.70275e-02  loss_labels: 6.91555e-03  ce_labels_labels: 1.20459e-03  kld_labels: 3.65501e+01  correct_labels_labels: 0.00000e+00  loss_joint: 1.02741e-01  ce_joint: 0.00000e+00  sse_joint: 1.90610e+01  ce_labels_joint: 2.29744e-03  kld_vamb_joint: 3.54688e+00  kld_labels_joint: 6.54534e+00  correct_labels_joint: 0.00000e+00  loss: 2.17503e-01
2026-08-13 13:55:14.911 | INFO    | 		Epoch: 210  loss_vamb: 1.08348e-01  ab_vamb: 5.33268e-03  ce_vamb: 0.00000e+00  sse_vamb: 8.60102e-02  kld_vamb: 1.70293e-02  loss_labels: 6.94507e-03  ce_labels_labels: 1.19547e-03  kld_labels: 3.67975e+01  correct_labels_labels: 0.00000e+00  loss_joint: 1.04454e-01  ce_joint: 0.00000e+00  sse_joint: 1.94740e+01  ce_labels_joint: 2.60711e-03  kld_vamb_joint: 3.57096e+00  kld_labels_joint: 6.60870e+00  correct_labels_joint: 0.00000e+00  loss: 2.19748e-01
2026-08-13 13:55:15.404 | INFO    | 		Epoch: 211  loss_vamb: 1.08293e-01  ab_vamb: 5.40634e-03  ce_vamb: 0.00000e+00  sse_vamb: 8.62748e-02  kld_vamb: 1.70347e-02  loss_labels: 7.33738e-03  ce_labels_labels: 1.62276e-03  kld_labels: 3.65736e+01  correct_labels_labels: 0.00000e+00  loss_joint: 1.04258e-01  ce_joint: 0.00000e+00  sse_joint: 1.94069e+01  ce_labels_joint: 2.73324e-03  kld_vamb_joint: 3.54880e+00  kld_labels_joint: 6.57065e+00  correct_labels_joint: 0.00000e+00  loss: 2.19889e-01
2026-08-13 13:55:15.806 | INFO    | 		Epoch: 212  loss_vamb: 1.08137e-01  ab_vamb: 5.08809e-03  ce_vamb: 0.00000e+00  sse_vamb: 8.57099e-02  kld_vamb: 1.70739e-02  loss_labels: 7.07799e-03  ce_labels_labels: 1.32866e-03  kld_labels: 3.67957e+01  correct_labels_labels: 0.00000e+00  loss_joint: 1.03623e-01  ce_joint: 0.00000e+00  sse_joint: 1.91927e+01  ce_labels_joint: 2.57729e-03  kld_vamb_joint: 3.53378e+00  kld_labels_joint: 6.54434e+00  correct_labels_joint: 0.00000e+00  loss: 2.18838e-01
2026-08-13 13:55:16.153 | INFO    | 		Epoch: 213  loss_vamb: 1.08361e-01  ab_vamb: 5.56911e-03  ce_vamb: 0.00000e+00  sse_vamb: 8.60660e-02  kld_vamb: 1.70867e-02  loss_labels: 6.89478e-03  ce_labels_labels: 1.16740e-03  kld_labels: 3.66552e+01  correct_labels_labels: 0.00000e+00  loss_joint: 1.04381e-01  ce_joint: 0.00000e+00  sse_joint: 1.93454e+01  ce_labels_joint: 3.49128e-03  kld_vamb_joint: 3.51613e+00  kld_labels_joint: 6.58325e+00  correct_labels_joint: 0.00000e+00  loss: 2.19637e-01
2026-08-13 13:55:16.487 | INFO    | 		Epoch: 214  loss_vamb: 1.07948e-01  ab_vamb: 5.22901e-03  ce_vamb: 0.00000e+00  sse_vamb: 8.55950e-02  kld_vamb: 1.71166e-02  loss_labels: 6.70123e-03  ce_labels_labels: 9.57708e-04  kld_labels: 3.67586e+01  correct_labels_labels: 0.00000e+00  loss_joint: 1.03062e-01  ce_joint: 0.00000e+00  sse_joint: 1.92621e+01  ce_labels_joint: 2.40947e-03  kld_vamb_joint: 3.55521e+00  kld_labels_joint: 6.62654e+00  correct_labels_joint: 0.00000e+00  loss: 2.17712e-01
2026-08-13 13:55:16.998 | INFO    | 		Epoch: 215  loss_vamb: 1.08361e-01  ab_vamb: 5.71801e-03  ce_vamb: 0.00000e+00  sse_vamb: 8.58080e-02  kld_vamb: 1.70072e-02  loss_labels: 6.61330e-03  ce_labels_labels: 8.88868e-04  kld_labels: 3.66363e+01  correct_labels_labels: 0.00000e+00  loss_joint: 1.04754e-01  ce_joint: 0.00000e+00  sse_joint: 1.93237e+01  ce_labels_joint: 3.10926e-03  kld_vamb_joint: 3.53200e+00  kld_labels_joint: 6.56530e+00  correct_labels_joint: 0.00000e+00  loss: 2.19728e-01
2026-08-13 13:55:17.507 | INFO    | 		Epoch: 216  loss_vamb: 1.07592e-01  ab_vamb: 5.18674e-03  ce_vamb: 0.00000e+00  sse_vamb: 8.55645e-02  kld_vamb: 1.70865e-02  loss_labels: 6.66473e-03  ce_labels_labels: 8.93446e-04  kld_labels: 3.69362e+01  correct_labels_labels: 0.00000e+00  loss_joint: 1.04343e-01  ce_joint: 0.00000e+00  sse_joint: 1.93174e+01  ce_labels_joint: 3.29147e-03  kld_vamb_joint: 3.53673e+00  kld_labels_joint: 6.58581e+00  correct_labels_joint: 0.00000e+00  loss: 2.18600e-01
2026-08-13 13:55:18.000 | INFO    | 		Epoch: 217  loss_vamb: 1.08260e-01  ab_vamb: 5.29236e-03  ce_vamb: 0.00000e+00  sse_vamb: 8.61454e-02  kld_vamb: 1.70846e-02  loss_labels: 6.64457e-03  ce_labels_labels: 9.31267e-04  kld_labels: 3.65652e+01  correct_labels_labels: 0.00000e+00  loss_joint: 1.04094e-01  ce_joint: 0.00000e+00  sse_joint: 1.94073e+01  ce_labels_joint: 2.67267e-03  kld_vamb_joint: 3.55886e+00  kld_labels_joint: 6.63368e+00  correct_labels_joint: 0.00000e+00  loss: 2.18999e-01
2026-08-13 13:55:18.495 | INFO    | 		Epoch: 218  loss_vamb: 1.07413e-01  ab_vamb: 5.19908e-03  ce_vamb: 0.00000e+00  sse_vamb: 8.50234e-02  kld_vamb: 1.69779e-02  loss_labels: 7.13439e-03  ce_labels_labels: 1.39960e-03  kld_labels: 3.67026e+01  correct_labels_labels: 0.00000e+00  loss_joint: 1.02555e-01  ce_joint: 0.00000e+00  sse_joint: 1.90422e+01  ce_labels_joint: 2.41801e-03  kld_vamb_joint: 3.55225e+00  kld_labels_joint: 6.59774e+00  correct_labels_joint: 0.00000e+00  loss: 2.17102e-01
2026-08-13 13:55:19.008 | INFO    | 		Epoch: 219  loss_vamb: 1.07130e-01  ab_vamb: 5.23995e-03  ce_vamb: 0.00000e+00  sse_vamb: 8.42516e-02  kld_vamb: 1.70224e-02  loss_labels: 6.88401e-03  ce_labels_labels: 1.11615e-03  kld_labels: 3.69143e+01  correct_labels_labels: 0.00000e+00  loss_joint: 1.03447e-01  ce_joint: 0.00000e+00  sse_joint: 1.90392e+01  ce_labels_joint: 2.68606e-03  kld_vamb_joint: 3.54969e+00  kld_labels_joint: 6.62036e+00  correct_labels_joint: 0.00000e+00  loss: 2.17461e-01
2026-08-13 13:55:19.399 | INFO    | 		Epoch: 220  loss_vamb: 1.08192e-01  ab_vamb: 5.22300e-03  ce_vamb: 0.00000e+00  sse_vamb: 8.59101e-02  kld_vamb: 1.69763e-02  loss_labels: 7.31205e-03  ce_labels_labels: 1.58359e-03  kld_labels: 3.66621e+01  correct_labels_labels: 0.00000e+00  loss_joint: 1.03349e-01  ce_joint: 0.00000e+00  sse_joint: 1.92847e+01  ce_labels_joint: 2.26312e-03  kld_vamb_joint: 3.55524e+00  kld_labels_joint: 6.58806e+00  correct_labels_joint: 0.00000e+00  loss: 2.18854e-01
2026-08-13 13:55:19.865 | INFO    | 		Epoch: 221  loss_vamb: 1.07487e-01  ab_vamb: 5.22574e-03  ce_vamb: 0.00000e+00  sse_vamb: 8.50157e-02  kld_vamb: 1.70385e-02  loss_labels: 6.80636e-03  ce_labels_labels: 1.07182e-03  kld_labels: 3.67010e+01  correct_labels_labels: 0.00000e+00  loss_joint: 1.04571e-01  ce_joint: 0.00000e+00  sse_joint: 1.91381e+01  ce_labels_joint: 3.78153e-03  kld_vamb_joint: 3.54816e+00  kld_labels_joint: 6.60166e+00  correct_labels_joint: 0.00000e+00  loss: 2.18863e-01
2026-08-13 13:55:20.371 | INFO    | 		Epoch: 222  loss_vamb: 1.08829e-01  ab_vamb: 5.80885e-03  ce_vamb: 0.00000e+00  sse_vamb: 8.63946e-02  kld_vamb: 1.70863e-02  loss_labels: 7.13947e-03  ce_labels_labels: 1.37656e-03  kld_labels: 3.68826e+01  correct_labels_labels: 0.00000e+00  loss_joint: 1.04607e-01  ce_joint: 0.00000e+00  sse_joint: 1.92732e+01  ce_labels_joint: 3.57546e-03  kld_vamb_joint: 3.54475e+00  kld_labels_joint: 6.63816e+00  correct_labels_joint: 0.00000e+00  loss: 2.20576e-01
2026-08-13 13:55:20.869 | INFO    | 		Epoch: 223  loss_vamb: 1.08089e-01  ab_vamb: 5.11077e-03  ce_vamb: 0.00000e+00  sse_vamb: 8.61498e-02  kld_vamb: 1.69634e-02  loss_labels: 6.91167e-03  ce_labels_labels: 1.16544e-03  kld_labels: 3.67759e+01  correct_labels_labels: 0.00000e+00  loss_joint: 1.03705e-01  ce_joint: 0.00000e+00  sse_joint: 1.93052e+01  ce_labels_joint: 2.59759e-03  kld_vamb_joint: 3.56358e+00  kld_labels_joint: 6.58791e+00  correct_labels_joint: 0.00000e+00  loss: 2.18706e-01
2026-08-13 13:55:21.278 | INFO    | 		Epoch: 224  loss_vamb: 1.07737e-01  ab_vamb: 5.51188e-03  ce_vamb: 0.00000e+00  sse_vamb: 8.43627e-02  kld_vamb: 1.71415e-02  loss_labels: 6.74659e-03  ce_labels_labels: 1.01374e-03  kld_labels: 3.66902e+01  correct_labels_labels: 0.00000e+00  loss_joint: 1.02195e-01  ce_joint: 0.00000e+00  sse_joint: 1.88840e+01  ce_labels_joint: 1.91200e-03  kld_vamb_joint: 3.57095e+00  kld_labels_joint: 6.65767e+00  correct_labels_joint: 0.00000e+00  loss: 2.16679e-01
2026-08-13 13:55:21.779 | INFO    | 		Epoch: 225  loss_vamb: 1.08103e-01  ab_vamb: 5.49306e-03  ce_vamb: 0.00000e+00  sse_vamb: 8.55107e-02  kld_vamb: 1.70993e-02  loss_labels: 7.31678e-03  ce_labels_labels: 1.55906e-03  kld_labels: 3.68494e+01  correct_labels_labels: 0.00000e+00  loss_joint: 1.03341e-01  ce_joint: 0.00000e+00  sse_joint: 1.92289e+01  ce_labels_joint: 2.70804e-03  kld_vamb_joint: 3.57591e+00  kld_labels_joint: 6.64867e+00  correct_labels_joint: 0.00000e+00  loss: 2.18761e-01
2026-08-13 13:55:22.293 | INFO    | 		Epoch: 226  loss_vamb: 1.07197e-01  ab_vamb: 4.79149e-03  ce_vamb: 0.00000e+00  sse_vamb: 8.52911e-02  kld_vamb: 1.71147e-02  loss_labels: 7.36892e-03  ce_labels_labels: 1.62797e-03  kld_labels: 3.67420e+01  correct_labels_labels: 0.00000e+00  loss_joint: 1.02349e-01  ce_joint: 0.00000e+00  sse_joint: 1.91264e+01  ce_labels_joint: 2.00708e-03  kld_vamb_joint: 3.57423e+00  kld_labels_joint: 6.63655e+00  correct_labels_joint: 0.00000e+00  loss: 2.16915e-01
2026-08-13 13:55:22.665 | INFO    | 		Epoch: 227  loss_vamb: 1.07267e-01  ab_vamb: 5.03529e-03  ce_vamb: 0.00000e+00  sse_vamb: 8.50996e-02  kld_vamb: 1.71321e-02  loss_labels: 7.47715e-03  ce_labels_labels: 1.70178e-03  kld_labels: 3.69624e+01  correct_labels_labels: 0.00000e+00  loss_joint: 1.03388e-01  ce_joint: 0.00000e+00  sse_joint: 1.92134e+01  ce_labels_joint: 2.82684e-03  kld_vamb_joint: 3.57153e+00  kld_labels_joint: 6.62769e+00  correct_labels_joint: 0.00000e+00  loss: 2.18132e-01
2026-08-13 13:55:23.248 | INFO    | 		Epoch: 228  loss_vamb: 1.07149e-01  ab_vamb: 4.94523e-03  ce_vamb: 0.00000e+00  sse_vamb: 8.50546e-02  kld_vamb: 1.71487e-02  loss_labels: 6.84349e-03  ce_labels_labels: 1.06813e-03  kld_labels: 3.69623e+01  correct_labels_labels: 0.00000e+00  loss_joint: 1.02551e-01  ce_joint: 0.00000e+00  sse_joint: 1.91837e+01  ce_labels_joint: 2.41861e-03  kld_vamb_joint: 3.57328e+00  kld_labels_joint: 6.63683e+00  correct_labels_joint: 0.00000e+00  loss: 2.16543e-01
2026-08-13 13:55:23.738 | INFO    | 		Epoch: 229  loss_vamb: 1.07677e-01  ab_vamb: 5.17655e-03  ce_vamb: 0.00000e+00  sse_vamb: 8.53326e-02  kld_vamb: 1.71677e-02  loss_labels: 7.50754e-03  ce_labels_labels: 1.72971e-03  kld_labels: 3.69781e+01  correct_labels_labels: 0.00000e+00  loss_joint: 1.02869e-01  ce_joint: 0.00000e+00  sse_joint: 1.91630e+01  ce_labels_joint: 2.49958e-03  kld_vamb_joint: 3.56465e+00  kld_labels_joint: 6.63562e+00  correct_labels_joint: 0.00000e+00  loss: 2.18054e-01
2026-08-13 13:55:24.281 | INFO    | 		Epoch: 230  loss_vamb: 1.07841e-01  ab_vamb: 5.36465e-03  ce_vamb: 0.00000e+00  sse_vamb: 8.52892e-02  kld_vamb: 1.71869e-02  loss_labels: 7.27443e-03  ce_labels_labels: 1.48288e-03  kld_labels: 3.70659e+01  correct_labels_labels: 0.00000e+00  loss_joint: 1.02371e-01  ce_joint: 0.00000e+00  sse_joint: 1.91226e+01  ce_labels_joint: 2.15196e-03  kld_vamb_joint: 3.57246e+00  kld_labels_joint: 6.64856e+00  correct_labels_joint: 0.00000e+00  loss: 2.17486e-01
2026-08-13 13:55:24.840 | INFO    | 		Epoch: 231  loss_vamb: 1.07403e-01  ab_vamb: 5.20046e-03  ce_vamb: 0.00000e+00  sse_vamb: 8.50034e-02  kld_vamb: 1.71990e-02  loss_labels: 6.62719e-03  ce_labels_labels: 8.24273e-04  kld_labels: 3.71386e+01  correct_labels_labels: 0.00000e+00  loss_joint: 1.02749e-01  ce_joint: 0.00000e+00  sse_joint: 1.90240e+01  ce_labels_joint: 2.98613e-03  kld_vamb_joint: 3.56870e+00  kld_labels_joint: 6.66345e+00  correct_labels_joint: 0.00000e+00  loss: 2.16779e-01
2026-08-13 13:55:25.217 | INFO    | 		Epoch: 232  loss_vamb: 1.07446e-01  ab_vamb: 5.34880e-03  ce_vamb: 0.00000e+00  sse_vamb: 8.48906e-02  kld_vamb: 1.72066e-02  loss_labels: 7.22989e-03  ce_labels_labels: 1.45231e-03  kld_labels: 3.69766e+01  correct_labels_labels: 0.00000e+00  loss_joint: 1.02960e-01  ce_joint: 0.00000e+00  sse_joint: 1.90810e+01  ce_labels_joint: 2.94960e-03  kld_vamb_joint: 3.57104e+00  kld_labels_joint: 6.64743e+00  correct_labels_joint: 0.00000e+00  loss: 2.17636e-01
2026-08-13 13:55:25.637 | INFO    | 		Epoch: 233  loss_vamb: 1.07119e-01  ab_vamb: 5.06674e-03  ce_vamb: 0.00000e+00  sse_vamb: 8.48492e-02  kld_vamb: 1.72028e-02  loss_labels: 7.46106e-03  ce_labels_labels: 1.66046e-03  kld_labels: 3.71239e+01  correct_labels_labels: 0.00000e+00  loss_joint: 1.02436e-01  ce_joint: 0.00000e+00  sse_joint: 1.90937e+01  ce_labels_joint: 2.23651e-03  kld_vamb_joint: 3.58474e+00  kld_labels_joint: 6.67771e+00  correct_labels_joint: 0.00000e+00  loss: 2.17016e-01
2026-08-13 13:55:26.055 | INFO    | 		Epoch: 234  loss_vamb: 1.07226e-01  ab_vamb: 5.28977e-03  ce_vamb: 0.00000e+00  sse_vamb: 8.47468e-02  kld_vamb: 1.71893e-02  loss_labels: 6.87182e-03  ce_labels_labels: 1.05609e-03  kld_labels: 3.72207e+01  correct_labels_labels: 0.00000e+00  loss_joint: 1.01577e-01  ce_joint: 0.00000e+00  sse_joint: 1.90237e+01  ce_labels_joint: 2.05533e-03  kld_vamb_joint: 3.56192e+00  kld_labels_joint: 6.65088e+00  correct_labels_joint: 0.00000e+00  loss: 2.15675e-01
2026-08-13 13:55:26.529 | INFO    | 		Epoch: 235  loss_vamb: 1.06958e-01  ab_vamb: 4.97620e-03  ce_vamb: 0.00000e+00  sse_vamb: 8.48073e-02  kld_vamb: 1.71748e-02  loss_labels: 6.56687e-03  ce_labels_labels: 7.77197e-04  kld_labels: 3.70539e+01  correct_labels_labels: 0.00000e+00  loss_joint: 1.01895e-01  ce_joint: 0.00000e+00  sse_joint: 1.90556e+01  ce_labels_joint: 2.00993e-03  kld_vamb_joint: 3.57373e+00  kld_labels_joint: 6.65049e+00  correct_labels_joint: 0.00000e+00  loss: 2.15420e-01
2026-08-13 13:55:26.901 | INFO    | 		Epoch: 236  loss_vamb: 1.06769e-01  ab_vamb: 4.75900e-03  ce_vamb: 0.00000e+00  sse_vamb: 8.48442e-02  kld_vamb: 1.71662e-02  loss_labels: 6.60532e-03  ce_labels_labels: 7.98096e-04  kld_labels: 3.71662e+01  correct_labels_labels: 0.00000e+00  loss_joint: 1.02709e-01  ce_joint: 0.00000e+00  sse_joint: 1.90594e+01  ce_labels_joint: 2.78719e-03  kld_vamb_joint: 3.57393e+00  kld_labels_joint: 6.66331e+00  correct_labels_joint: 0.00000e+00  loss: 2.16084e-01
2026-08-13 13:55:27.411 | INFO    | 		Epoch: 237  loss_vamb: 1.07011e-01  ab_vamb: 5.02977e-03  ce_vamb: 0.00000e+00  sse_vamb: 8.48069e-02  kld_vamb: 1.71739e-02  loss_labels: 7.03422e-03  ce_labels_labels: 1.19754e-03  kld_labels: 3.73547e+01  correct_labels_labels: 0.00000e+00  loss_joint: 1.02079e-01  ce_joint: 0.00000e+00  sse_joint: 1.90749e+01  ce_labels_joint: 2.34076e-03  kld_vamb_joint: 3.59369e+00  kld_labels_joint: 6.68670e+00  correct_labels_joint: 0.00000e+00  loss: 2.16123e-01
2026-08-13 13:55:27.843 | INFO    | 		Epoch: 238  loss_vamb: 1.07145e-01  ab_vamb: 5.18860e-03  ce_vamb: 0.00000e+00  sse_vamb: 8.47606e-02  kld_vamb: 1.71955e-02  loss_labels: 7.27136e-03  ce_labels_labels: 1.45338e-03  kld_labels: 3.72351e+01  correct_labels_labels: 0.00000e+00  loss_joint: 1.01904e-01  ce_joint: 0.00000e+00  sse_joint: 1.89916e+01  ce_labels_joint: 2.25937e-03  kld_vamb_joint: 3.57414e+00  kld_labels_joint: 6.67172e+00  correct_labels_joint: 0.00000e+00  loss: 2.16320e-01
2026-08-13 13:55:28.404 | INFO    | 		Epoch: 239  loss_vamb: 1.06586e-01  ab_vamb: 4.88580e-03  ce_vamb: 0.00000e+00  sse_vamb: 8.44824e-02  kld_vamb: 1.72178e-02  loss_labels: 7.16973e-03  ce_labels_labels: 1.32941e-03  kld_labels: 3.73780e+01  correct_labels_labels: 0.00000e+00  loss_joint: 1.02274e-01  ce_joint: 0.00000e+00  sse_joint: 1.90119e+01  ce_labels_joint: 2.42177e-03  kld_vamb_joint: 3.57534e+00  kld_labels_joint: 6.69328e+00  correct_labels_joint: 0.00000e+00  loss: 2.16029e-01
2026-08-13 13:55:28.889 | INFO    | 		Epoch: 240  loss_vamb: 1.06737e-01  ab_vamb: 4.85316e-03  ce_vamb: 0.00000e+00  sse_vamb: 8.46465e-02  kld_vamb: 1.72370e-02  loss_labels: 7.14122e-03  ce_labels_labels: 1.31709e-03  kld_labels: 3.72744e+01  correct_labels_labels: 0.00000e+00  loss_joint: 1.02443e-01  ce_joint: 0.00000e+00  sse_joint: 1.90233e+01  ce_labels_joint: 3.08825e-03  kld_vamb_joint: 3.57144e+00  kld_labels_joint: 6.68375e+00  correct_labels_joint: 0.00000e+00  loss: 2.16321e-01
2026-08-13 13:55:29.433 | INFO    | 		Epoch: 241  loss_vamb: 1.06621e-01  ab_vamb: 4.88232e-03  ce_vamb: 0.00000e+00  sse_vamb: 8.44924e-02  kld_vamb: 1.72463e-02  loss_labels: 6.72225e-03  ce_labels_labels: 9.09787e-04  kld_labels: 3.71997e+01  correct_labels_labels: 0.00000e+00  loss_joint: 1.01270e-01  ce_joint: 0.00000e+00  sse_joint: 1.89427e+01  ce_labels_joint: 2.30684e-03  kld_vamb_joint: 3.55502e+00  kld_labels_joint: 6.68753e+00  correct_labels_joint: 0.00000e+00  loss: 2.14613e-01
2026-08-13 13:55:29.950 | INFO    | 		Epoch: 242  loss_vamb: 1.06637e-01  ab_vamb: 5.04414e-03  ce_vamb: 0.00000e+00  sse_vamb: 8.43502e-02  kld_vamb: 1.72431e-02  loss_labels: 6.75722e-03  ce_labels_labels: 9.36407e-04  kld_labels: 3.72532e+01  correct_labels_labels: 0.00000e+00  loss_joint: 1.01436e-01  ce_joint: 0.00000e+00  sse_joint: 1.89783e+01  ce_labels_joint: 2.00612e-03  kld_vamb_joint: 3.56149e+00  kld_labels_joint: 6.69523e+00  correct_labels_joint: 0.00000e+00  loss: 2.14831e-01
2026-08-13 13:55:30.461 | INFO    | 		Epoch: 243  loss_vamb: 1.06574e-01  ab_vamb: 5.03867e-03  ce_vamb: 0.00000e+00  sse_vamb: 8.43018e-02  kld_vamb: 1.72331e-02  loss_labels: 6.92075e-03  ce_labels_labels: 1.11201e-03  kld_labels: 3.71759e+01  correct_labels_labels: 0.00000e+00  loss_joint: 1.02164e-01  ce_joint: 0.00000e+00  sse_joint: 1.89381e+01  ce_labels_joint: 2.99477e-03  kld_vamb_joint: 3.56469e+00  kld_labels_joint: 6.70050e+00  correct_labels_joint: 0.00000e+00  loss: 2.15659e-01
2026-08-13 13:55:30.852 | INFO    | 		Epoch: 244  loss_vamb: 1.06294e-01  ab_vamb: 4.83276e-03  ce_vamb: 0.00000e+00  sse_vamb: 8.42310e-02  kld_vamb: 1.72302e-02  loss_labels: 6.58946e-03  ce_labels_labels: 7.88309e-04  kld_labels: 3.71273e+01  correct_labels_labels: 0.00000e+00  loss_joint: 1.01497e-01  ce_joint: 0.00000e+00  sse_joint: 1.89430e+01  ce_labels_joint: 2.45678e-03  kld_vamb_joint: 3.57456e+00  kld_labels_joint: 6.72300e+00  correct_labels_joint: 0.00000e+00  loss: 2.14380e-01
2026-08-13 13:55:31.235 | INFO    | 		Epoch: 245  loss_vamb: 1.06457e-01  ab_vamb: 4.92776e-03  ce_vamb: 0.00000e+00  sse_vamb: 8.42996e-02  kld_vamb: 1.72299e-02  loss_labels: 7.64115e-03  ce_labels_labels: 1.85470e-03  kld_labels: 3.70332e+01  correct_labels_labels: 0.00000e+00  loss_joint: 1.02086e-01  ce_joint: 0.00000e+00  sse_joint: 1.89996e+01  ce_labels_joint: 2.34979e-03  kld_vamb_joint: 3.57624e+00  kld_labels_joint: 6.72404e+00  correct_labels_joint: 0.00000e+00  loss: 2.16184e-01
2026-08-13 13:55:31.799 | INFO    | 		Epoch: 246  loss_vamb: 1.06431e-01  ab_vamb: 4.89834e-03  ce_vamb: 0.00000e+00  sse_vamb: 8.43004e-02  kld_vamb: 1.72319e-02  loss_labels: 7.05266e-03  ce_labels_labels: 1.26398e-03  kld_labels: 3.70476e+01  correct_labels_labels: 0.00000e+00  loss_joint: 1.01150e-01  ce_joint: 0.00000e+00  sse_joint: 1.88603e+01  ce_labels_joint: 2.56789e-03  kld_vamb_joint: 3.58408e+00  kld_labels_joint: 6.73753e+00  correct_labels_joint: 0.00000e+00  loss: 2.14633e-01
2026-08-13 13:55:32.386 | INFO    | 		Epoch: 247  loss_vamb: 1.06592e-01  ab_vamb: 4.93543e-03  ce_vamb: 0.00000e+00  sse_vamb: 8.44151e-02  kld_vamb: 1.72410e-02  loss_labels: 6.69384e-03  ce_labels_labels: 9.15484e-04  kld_labels: 3.69815e+01  correct_labels_labels: 0.00000e+00  loss_joint: 1.01088e-01  ce_joint: 0.00000e+00  sse_joint: 1.89002e+01  ce_labels_joint: 2.14734e-03  kld_vamb_joint: 3.56840e+00  kld_labels_joint: 6.72614e+00  correct_labels_joint: 0.00000e+00  loss: 2.14374e-01
2026-08-13 13:55:32.971 | INFO    | 		Epoch: 248  loss_vamb: 1.06680e-01  ab_vamb: 4.97059e-03  ce_vamb: 0.00000e+00  sse_vamb: 8.44572e-02  kld_vamb: 1.72521e-02  loss_labels: 6.75671e-03  ce_labels_labels: 9.88254e-04  kld_labels: 3.69181e+01  correct_labels_labels: 0.00000e+00  loss_joint: 1.00700e-01  ce_joint: 0.00000e+00  sse_joint: 1.88899e+01  ce_labels_joint: 2.16057e-03  kld_vamb_joint: 3.56703e+00  kld_labels_joint: 6.74280e+00  correct_labels_joint: 0.00000e+00  loss: 2.14136e-01
2026-08-13 13:55:33.407 | INFO    | 		Epoch: 249  loss_vamb: 1.06473e-01  ab_vamb: 5.00665e-03  ce_vamb: 0.00000e+00  sse_vamb: 8.42040e-02  kld_vamb: 1.72622e-02  loss_labels: 6.92760e-03  ce_labels_labels: 1.15175e-03  kld_labels: 3.69654e+01  correct_labels_labels: 0.00000e+00  loss_joint: 1.01097e-01  ce_joint: 0.00000e+00  sse_joint: 1.88672e+01  ce_labels_joint: 2.58848e-03  kld_vamb_joint: 3.55662e+00  kld_labels_joint: 6.72972e+00  correct_labels_joint: 0.00000e+00  loss: 2.14497e-01
2026-08-13 13:55:33.906 | INFO    | 		Epoch: 250  loss_vamb: 1.06794e-01  ab_vamb: 5.40559e-03  ce_vamb: 0.00000e+00  sse_vamb: 8.41163e-02  kld_vamb: 1.72723e-02  loss_labels: 6.55812e-03  ce_labels_labels: 7.79400e-04  kld_labels: 3.69838e+01  correct_labels_labels: 0.00000e+00  loss_joint: 1.01326e-01  ce_joint: 0.00000e+00  sse_joint: 1.88705e+01  ce_labels_joint: 2.66064e-03  kld_vamb_joint: 3.56698e+00  kld_labels_joint: 6.74537e+00  correct_labels_joint: 0.00000e+00  loss: 2.14679e-01
2026-08-13 13:55:34.381 | INFO    | 		Epoch: 251  loss_vamb: 1.06799e-01  ab_vamb: 5.21383e-03  ce_vamb: 0.00000e+00  sse_vamb: 8.43087e-02  kld_vamb: 1.72761e-02  loss_labels: 6.62886e-03  ce_labels_labels: 8.50782e-04  kld_labels: 3.69797e+01  correct_labels_labels: 0.00000e+00  loss_joint: 1.01326e-01  ce_joint: 0.00000e+00  sse_joint: 1.89084e+01  ce_labels_joint: 2.41851e-03  kld_vamb_joint: 3.56168e+00  kld_labels_joint: 6.75873e+00  correct_labels_joint: 0.00000e+00  loss: 2.14754e-01
2026-08-13 13:55:34.885 | INFO    | 		Epoch: 252  loss_vamb: 1.06492e-01  ab_vamb: 5.05179e-03  ce_vamb: 0.00000e+00  sse_vamb: 8.41537e-02  kld_vamb: 1.72865e-02  loss_labels: 6.52957e-03  ce_labels_labels: 7.81784e-04  kld_labels: 3.67858e+01  correct_labels_labels: 0.00000e+00  loss_joint: 1.00723e-01  ce_joint: 0.00000e+00  sse_joint: 1.88122e+01  ce_labels_joint: 2.57432e-03  kld_vamb_joint: 3.56071e+00  kld_labels_joint: 6.76481e+00  correct_labels_joint: 0.00000e+00  loss: 2.13744e-01
2026-08-13 13:55:35.343 | INFO    | 		Epoch: 253  loss_vamb: 1.06356e-01  ab_vamb: 4.94614e-03  ce_vamb: 0.00000e+00  sse_vamb: 8.41182e-02  kld_vamb: 1.72921e-02  loss_labels: 6.92238e-03  ce_labels_labels: 1.16524e-03  kld_labels: 3.68457e+01  correct_labels_labels: 0.00000e+00  loss_joint: 1.01475e-01  ce_joint: 0.00000e+00  sse_joint: 1.88590e+01  ce_labels_joint: 3.23487e-03  kld_vamb_joint: 3.56055e+00  kld_labels_joint: 6.77131e+00  correct_labels_joint: 0.00000e+00  loss: 2.14754e-01
2026-08-13 13:55:35.854 | INFO    | 		Epoch: 254  loss_vamb: 1.06033e-01  ab_vamb: 4.88955e-03  ce_vamb: 0.00000e+00  sse_vamb: 8.38456e-02  kld_vamb: 1.72982e-02  loss_labels: 6.69900e-03  ce_labels_labels: 9.48729e-04  kld_labels: 3.68017e+01  correct_labels_labels: 0.00000e+00  loss_joint: 1.01020e-01  ce_joint: 0.00000e+00  sse_joint: 1.88294e+01  ce_labels_joint: 2.36500e-03  kld_vamb_joint: 3.56028e+00  kld_labels_joint: 6.78129e+00  correct_labels_joint: 0.00000e+00  loss: 2.13753e-01
2026-08-13 13:55:36.457 | INFO    | 		Epoch: 255  loss_vamb: 1.06142e-01  ab_vamb: 4.96241e-03  ce_vamb: 0.00000e+00  sse_vamb: 8.38705e-02  kld_vamb: 1.73094e-02  loss_labels: 7.57925e-03  ce_labels_labels: 1.84665e-03  kld_labels: 3.66887e+01  correct_labels_labels: 0.00000e+00  loss_joint: 1.00871e-01  ce_joint: 0.00000e+00  sse_joint: 1.87916e+01  ce_labels_joint: 2.86999e-03  kld_vamb_joint: 3.55256e+00  kld_labels_joint: 6.77696e+00  correct_labels_joint: 0.00000e+00  loss: 2.14593e-01
2026-08-13 13:55:37.151 | INFO    | 		Epoch: 256  loss_vamb: 1.06137e-01  ab_vamb: 4.94844e-03  ce_vamb: 0.00000e+00  sse_vamb: 8.38623e-02  kld_vamb: 1.73262e-02  loss_labels: 6.59336e-03  ce_labels_labels: 8.88141e-04  kld_labels: 3.65134e+01  correct_labels_labels: 0.00000e+00  loss_joint: 1.00885e-01  ce_joint: 0.00000e+00  sse_joint: 1.88007e+01  ce_labels_joint: 2.63197e-03  kld_vamb_joint: 3.55483e+00  kld_labels_joint: 6.77738e+00  correct_labels_joint: 0.00000e+00  loss: 2.13615e-01
2026-08-13 13:55:37.836 | INFO    | 		Epoch: 257  loss_vamb: 1.05933e-01  ab_vamb: 4.87701e-03  ce_vamb: 0.00000e+00  sse_vamb: 8.37153e-02  kld_vamb: 1.73407e-02  loss_labels: 6.83003e-03  ce_labels_labels: 1.12689e-03  kld_labels: 3.65001e+01  correct_labels_labels: 0.00000e+00  loss_joint: 1.00770e-01  ce_joint: 0.00000e+00  sse_joint: 1.88385e+01  ce_labels_joint: 2.04038e-03  kld_vamb_joint: 3.56586e+00  kld_labels_joint: 6.78584e+00  correct_labels_joint: 0.00000e+00  loss: 2.13533e-01
2026-08-13 13:55:38.281 | INFO    | 		Epoch: 258  loss_vamb: 1.06081e-01  ab_vamb: 5.03358e-03  ce_vamb: 0.00000e+00  sse_vamb: 8.36928e-02  kld_vamb: 1.73542e-02  loss_labels: 8.36514e-03  ce_labels_labels: 2.65873e-03  kld_labels: 3.65211e+01  correct_labels_labels: 0.00000e+00  loss_joint: 1.01066e-01  ce_joint: 0.00000e+00  sse_joint: 1.87645e+01  ce_labels_joint: 2.73183e-03  kld_vamb_joint: 3.54091e+00  kld_labels_joint: 6.78978e+00  correct_labels_joint: 0.00000e+00  loss: 2.15511e-01
2026-08-13 13:55:38.725 | INFO    | 		Epoch: 259  loss_vamb: 1.05889e-01  ab_vamb: 4.76936e-03  ce_vamb: 0.00000e+00  sse_vamb: 8.37634e-02  kld_vamb: 1.73566e-02  loss_labels: 7.36507e-03  ce_labels_labels: 1.66728e-03  kld_labels: 3.64659e+01  correct_labels_labels: 0.00000e+00  loss_joint: 1.01290e-01  ce_joint: 0.00000e+00  sse_joint: 1.87694e+01  ce_labels_joint: 3.11495e-03  kld_vamb_joint: 3.57003e+00  kld_labels_joint: 6.82487e+00  correct_labels_joint: 0.00000e+00  loss: 2.14544e-01
2026-08-13 13:55:39.173 | INFO    | 		Epoch: 260  loss_vamb: 1.05806e-01  ab_vamb: 4.90330e-03  ce_vamb: 0.00000e+00  sse_vamb: 8.35506e-02  kld_vamb: 1.73520e-02  loss_labels: 6.71821e-03  ce_labels_labels: 1.03786e-03  kld_labels: 3.63542e+01  correct_labels_labels: 0.00000e+00  loss_joint: 9.98649e-02  ce_joint: 0.00000e+00  sse_joint: 1.87197e+01  ce_labels_joint: 2.18537e-03  kld_vamb_joint: 3.55816e+00  kld_labels_joint: 6.81531e+00  correct_labels_joint: 0.00000e+00  loss: 2.12389e-01
2026-08-13 13:55:39.551 | INFO    | 		Epoch: 261  loss_vamb: 1.05632e-01  ab_vamb: 4.82142e-03  ce_vamb: 0.00000e+00  sse_vamb: 8.34687e-02  kld_vamb: 1.73421e-02  loss_labels: 6.51569e-03  ce_labels_labels: 8.40753e-04  kld_labels: 3.63196e+01  correct_labels_labels: 0.00000e+00  loss_joint: 1.00349e-01  ce_joint: 0.00000e+00  sse_joint: 1.87379e+01  ce_labels_joint: 2.57622e-03  kld_vamb_joint: 3.55177e+00  kld_labels_joint: 6.81672e+00  correct_labels_joint: 0.00000e+00  loss: 2.12497e-01
2026-08-13 13:55:39.916 | INFO    | 		Epoch: 262  loss_vamb: 1.05545e-01  ab_vamb: 4.87841e-03  ce_vamb: 0.00000e+00  sse_vamb: 8.33347e-02  kld_vamb: 1.73316e-02  loss_labels: 7.31622e-03  ce_labels_labels: 1.65018e-03  kld_labels: 3.62627e+01  correct_labels_labels: 0.00000e+00  loss_joint: 1.00059e-01  ce_joint: 0.00000e+00  sse_joint: 1.87272e+01  ce_labels_joint: 1.92948e-03  kld_vamb_joint: 3.56285e+00  kld_labels_joint: 6.81423e+00  correct_labels_joint: 0.00000e+00  loss: 2.12920e-01
2026-08-13 13:55:40.404 | INFO    | 		Epoch: 263  loss_vamb: 1.05507e-01  ab_vamb: 4.71906e-03  ce_vamb: 0.00000e+00  sse_vamb: 8.34614e-02  kld_vamb: 1.73263e-02  loss_labels: 6.54310e-03  ce_labels_labels: 8.74032e-04  kld_labels: 3.62820e+01  correct_labels_labels: 0.00000e+00  loss_joint: 1.01025e-01  ce_joint: 0.00000e+00  sse_joint: 1.87586e+01  ce_labels_joint: 2.70538e-03  kld_vamb_joint: 3.56378e+00  kld_labels_joint: 6.82354e+00  correct_labels_joint: 0.00000e+00  loss: 2.13075e-01
2026-08-13 13:55:40.779 | INFO    | 		Epoch: 264  loss_vamb: 1.05885e-01  ab_vamb: 4.99264e-03  ce_vamb: 0.00000e+00  sse_vamb: 8.35704e-02  kld_vamb: 1.73222e-02  loss_labels: 7.15102e-03  ce_labels_labels: 1.49219e-03  kld_labels: 3.62165e+01  correct_labels_labels: 0.00000e+00  loss_joint: 1.00392e-01  ce_joint: 0.00000e+00  sse_joint: 1.86695e+01  ce_labels_joint: 2.75128e-03  kld_vamb_joint: 3.55511e+00  kld_labels_joint: 6.82421e+00  correct_labels_joint: 0.00000e+00  loss: 2.13428e-01
2026-08-13 13:55:41.244 | INFO    | 		Epoch: 265  loss_vamb: 1.05630e-01  ab_vamb: 4.87213e-03  ce_vamb: 0.00000e+00  sse_vamb: 8.34410e-02  kld_vamb: 1.73164e-02  loss_labels: 6.43549e-03  ce_labels_labels: 7.87622e-04  kld_labels: 3.61463e+01  correct_labels_labels: 0.00000e+00  loss_joint: 1.00709e-01  ce_joint: 0.00000e+00  sse_joint: 1.86863e+01  ce_labels_joint: 2.98961e-03  kld_vamb_joint: 3.55724e+00  kld_labels_joint: 6.82865e+00  correct_labels_joint: 0.00000e+00  loss: 2.12774e-01
2026-08-13 13:55:41.757 | INFO    | 		Epoch: 266  loss_vamb: 1.05786e-01  ab_vamb: 5.04373e-03  ce_vamb: 0.00000e+00  sse_vamb: 8.34271e-02  kld_vamb: 1.73154e-02  loss_labels: 6.82969e-03  ce_labels_labels: 1.18255e-03  kld_labels: 3.61417e+01  correct_labels_labels: 0.00000e+00  loss_joint: 1.00065e-01  ce_joint: 0.00000e+00  sse_joint: 1.86626e+01  ce_labels_joint: 2.34937e-03  kld_vamb_joint: 3.55587e+00  kld_labels_joint: 6.83498e+00  correct_labels_joint: 0.00000e+00  loss: 2.12681e-01
2026-08-13 13:55:42.242 | INFO    | 		Epoch: 267  loss_vamb: 1.05267e-01  ab_vamb: 4.86785e-03  ce_vamb: 0.00000e+00  sse_vamb: 8.30786e-02  kld_vamb: 1.73209e-02  loss_labels: 6.71589e-03  ce_labels_labels: 1.06310e-03  kld_labels: 3.61779e+01  correct_labels_labels: 0.00000e+00  loss_joint: 1.00652e-01  ce_joint: 0.00000e+00  sse_joint: 1.86426e+01  ce_labels_joint: 3.28429e-03  kld_vamb_joint: 3.57974e+00  kld_labels_joint: 6.87209e+00  correct_labels_joint: 0.00000e+00  loss: 2.12635e-01
2026-08-13 13:55:42.653 | INFO    | 		Epoch: 268  loss_vamb: 1.05548e-01  ab_vamb: 4.77456e-03  ce_vamb: 0.00000e+00  sse_vamb: 8.34465e-02  kld_vamb: 1.73270e-02  loss_labels: 8.71447e-03  ce_labels_labels: 3.06663e-03  kld_labels: 3.61462e+01  correct_labels_labels: 0.00000e+00  loss_joint: 1.01370e-01  ce_joint: 0.00000e+00  sse_joint: 1.86455e+01  ce_labels_joint: 3.53242e-03  kld_vamb_joint: 3.58029e+00  kld_labels_joint: 6.88353e+00  correct_labels_joint: 0.00000e+00  loss: 2.15633e-01
2026-08-13 13:55:43.082 | INFO    | 		Epoch: 269  loss_vamb: 1.05663e-01  ab_vamb: 4.93039e-03  ce_vamb: 0.00000e+00  sse_vamb: 8.33940e-02  kld_vamb: 1.73387e-02  loss_labels: 6.98868e-03  ce_labels_labels: 1.35214e-03  kld_labels: 3.60739e+01  correct_labels_labels: 0.00000e+00  loss_joint: 1.00438e-01  ce_joint: 0.00000e+00  sse_joint: 1.87225e+01  ce_labels_joint: 2.28800e-03  kld_vamb_joint: 3.57659e+00  kld_labels_joint: 6.86008e+00  correct_labels_joint: 0.00000e+00  loss: 2.13090e-01
2026-08-13 13:55:43.557 | INFO    | 		Epoch: 270  loss_vamb: 1.05299e-01  ab_vamb: 4.70186e-03  ce_vamb: 0.00000e+00  sse_vamb: 8.32463e-02  kld_vamb: 1.73507e-02  loss_labels: 6.67790e-03  ce_labels_labels: 1.02700e-03  kld_labels: 3.61658e+01  correct_labels_labels: 0.00000e+00  loss_joint: 1.00074e-01  ce_joint: 0.00000e+00  sse_joint: 1.86900e+01  ce_labels_joint: 2.12588e-03  kld_vamb_joint: 3.56611e+00  kld_labels_joint: 6.83998e+00  correct_labels_joint: 0.00000e+00  loss: 2.12051e-01
2026-08-13 13:55:43.935 | INFO    | 		Epoch: 271  loss_vamb: 1.05162e-01  ab_vamb: 4.79704e-03  ce_vamb: 0.00000e+00  sse_vamb: 8.29953e-02  kld_vamb: 1.73693e-02  loss_labels: 6.75550e-03  ce_labels_labels: 1.11615e-03  kld_labels: 3.60918e+01  correct_labels_labels: 0.00000e+00  loss_joint: 9.92405e-02  ce_joint: 0.00000e+00  sse_joint: 1.86038e+01  ce_labels_joint: 1.70002e-03  kld_vamb_joint: 3.56323e+00  kld_labels_joint: 6.86396e+00  correct_labels_joint: 0.00000e+00  loss: 2.11158e-01
2026-08-13 13:55:44.329 | INFO    | 		Epoch: 272  loss_vamb: 1.04911e-01  ab_vamb: 4.65431e-03  ce_vamb: 0.00000e+00  sse_vamb: 8.28798e-02  kld_vamb: 1.73771e-02  loss_labels: 6.42918e-03  ce_labels_labels: 7.92585e-04  kld_labels: 3.60742e+01  correct_labels_labels: 0.00000e+00  loss_joint: 9.98655e-02  ce_joint: 0.00000e+00  sse_joint: 1.86381e+01  ce_labels_joint: 2.58446e-03  kld_vamb_joint: 3.58201e+00  kld_labels_joint: 6.89758e+00  correct_labels_joint: 0.00000e+00  loss: 2.11206e-01
2026-08-13 13:55:44.803 | INFO    | 		Epoch: 273  loss_vamb: 1.05516e-01  ab_vamb: 5.32729e-03  ce_vamb: 0.00000e+00  sse_vamb: 8.28094e-02  kld_vamb: 1.73796e-02  loss_labels: 6.31505e-03  ce_labels_labels: 7.02549e-04  kld_labels: 3.59200e+01  correct_labels_labels: 0.00000e+00  loss_joint: 9.94379e-02  ce_joint: 0.00000e+00  sse_joint: 1.86284e+01  ce_labels_joint: 2.01391e-03  kld_vamb_joint: 3.57967e+00  kld_labels_joint: 6.87542e+00  correct_labels_joint: 0.00000e+00  loss: 2.11269e-01
2026-08-13 13:55:45.322 | INFO    | 		Epoch: 274  loss_vamb: 1.05227e-01  ab_vamb: 4.79489e-03  ce_vamb: 0.00000e+00  sse_vamb: 8.30577e-02  kld_vamb: 1.73743e-02  loss_labels: 6.45508e-03  ce_labels_labels: 8.40554e-04  kld_labels: 3.59330e+01  correct_labels_labels: 0.00000e+00  loss_joint: 9.88555e-02  ce_joint: 0.00000e+00  sse_joint: 1.85956e+01  ce_labels_joint: 1.66715e-03  kld_vamb_joint: 3.58720e+00  kld_labels_joint: 6.90617e+00  correct_labels_joint: 0.00000e+00  loss: 2.10537e-01
2026-08-13 13:55:45.788 | INFO    | 		Epoch: 275  loss_vamb: 1.05110e-01  ab_vamb: 4.72148e-03  ce_vamb: 0.00000e+00  sse_vamb: 8.30249e-02  kld_vamb: 1.73634e-02  loss_labels: 6.75218e-03  ce_labels_labels: 1.13827e-03  kld_labels: 3.59290e+01  correct_labels_labels: 0.00000e+00  loss_joint: 9.98377e-02  ce_joint: 0.00000e+00  sse_joint: 1.85995e+01  ce_labels_joint: 2.50654e-03  kld_vamb_joint: 3.56286e+00  kld_labels_joint: 6.91353e+00  correct_labels_joint: 0.00000e+00  loss: 2.11700e-01
2026-08-13 13:55:46.331 | INFO    | 		Epoch: 276  loss_vamb: 1.04877e-01  ab_vamb: 4.79506e-03  ce_vamb: 0.00000e+00  sse_vamb: 8.27272e-02  kld_vamb: 1.73549e-02  loss_labels: 6.63037e-03  ce_labels_labels: 1.01326e-03  kld_labels: 3.59496e+01  correct_labels_labels: 0.00000e+00  loss_joint: 9.96349e-02  ce_joint: 0.00000e+00  sse_joint: 1.86226e+01  ce_labels_joint: 2.26615e-03  kld_vamb_joint: 3.57733e+00  kld_labels_joint: 6.89907e+00  correct_labels_joint: 0.00000e+00  loss: 2.11142e-01
2026-08-13 13:55:46.873 | INFO    | 		Epoch: 277  loss_vamb: 1.05209e-01  ab_vamb: 4.96025e-03  ce_vamb: 0.00000e+00  sse_vamb: 8.29065e-02  kld_vamb: 1.73427e-02  loss_labels: 6.36626e-03  ce_labels_labels: 7.72617e-04  kld_labels: 3.57993e+01  correct_labels_labels: 0.00000e+00  loss_joint: 1.00294e-01  ce_joint: 0.00000e+00  sse_joint: 1.86609e+01  ce_labels_joint: 2.54082e-03  kld_vamb_joint: 3.59390e+00  kld_labels_joint: 6.92325e+00  correct_labels_joint: 0.00000e+00  loss: 2.11870e-01
2026-08-13 13:55:47.350 | INFO    | 		Epoch: 278  loss_vamb: 1.05343e-01  ab_vamb: 4.86349e-03  ce_vamb: 0.00000e+00  sse_vamb: 8.31383e-02  kld_vamb: 1.73415e-02  loss_labels: 6.24626e-03  ce_labels_labels: 6.41709e-04  kld_labels: 3.58691e+01  correct_labels_labels: 0.00000e+00  loss_joint: 1.00489e-01  ce_joint: 0.00000e+00  sse_joint: 1.86546e+01  ce_labels_joint: 2.83592e-03  kld_vamb_joint: 3.58192e+00  kld_labels_joint: 6.90029e+00  correct_labels_joint: 0.00000e+00  loss: 2.12079e-01
2026-08-13 13:55:47.859 | INFO    | 		Epoch: 279  loss_vamb: 1.05550e-01  ab_vamb: 5.21919e-03  ce_vamb: 0.00000e+00  sse_vamb: 8.29838e-02  kld_vamb: 1.73475e-02  loss_labels: 6.86797e-03  ce_labels_labels: 1.26916e-03  kld_labels: 3.58324e+01  correct_labels_labels: 0.00000e+00  loss_joint: 9.94236e-02  ce_joint: 0.00000e+00  sse_joint: 1.85976e+01  ce_labels_joint: 1.89904e-03  kld_vamb_joint: 3.59435e+00  kld_labels_joint: 6.92901e+00  correct_labels_joint: 0.00000e+00  loss: 2.11842e-01
2026-08-13 13:55:48.364 | INFO    | 		Epoch: 280  loss_vamb: 1.04987e-01  ab_vamb: 4.75312e-03  ce_vamb: 0.00000e+00  sse_vamb: 8.28766e-02  kld_vamb: 1.73573e-02  loss_labels: 6.32121e-03  ce_labels_labels: 7.57774e-04  kld_labels: 3.56060e+01  correct_labels_labels: 0.00000e+00  loss_joint: 9.92342e-02  ce_joint: 0.00000e+00  sse_joint: 1.84972e+01  ce_labels_joint: 2.16195e-03  kld_vamb_joint: 3.59205e+00  kld_labels_joint: 6.94013e+00  correct_labels_joint: 0.00000e+00  loss: 2.10542e-01
2026-08-13 13:55:48.878 | INFO    | 		Epoch: 281  loss_vamb: 1.05355e-01  ab_vamb: 5.09707e-03  ce_vamb: 0.00000e+00  sse_vamb: 8.28941e-02  kld_vamb: 1.73636e-02  loss_labels: 7.10523e-03  ce_labels_labels: 1.52841e-03  kld_labels: 3.56916e+01  correct_labels_labels: 0.00000e+00  loss_joint: 9.95163e-02  ce_joint: 0.00000e+00  sse_joint: 1.86033e+01  ce_labels_joint: 2.44222e-03  kld_vamb_joint: 3.59189e+00  kld_labels_joint: 6.95427e+00  correct_labels_joint: 0.00000e+00  loss: 2.11976e-01
2026-08-13 13:55:49.435 | INFO    | 		Epoch: 282  loss_vamb: 1.04820e-01  ab_vamb: 4.77712e-03  ce_vamb: 0.00000e+00  sse_vamb: 8.26695e-02  kld_vamb: 1.73732e-02  loss_labels: 6.64739e-03  ce_labels_labels: 1.07037e-03  kld_labels: 3.56929e+01  correct_labels_labels: 0.00000e+00  loss_joint: 9.95767e-02  ce_joint: 0.00000e+00  sse_joint: 1.85375e+01  ce_labels_joint: 2.32674e-03  kld_vamb_joint: 3.59005e+00  kld_labels_joint: 6.94859e+00  correct_labels_joint: 0.00000e+00  loss: 2.11044e-01
2026-08-13 13:55:49.954 | INFO    | 		Epoch: 283  loss_vamb: 1.05113e-01  ab_vamb: 4.83026e-03  ce_vamb: 0.00000e+00  sse_vamb: 8.28974e-02  kld_vamb: 1.73858e-02  loss_labels: 6.75265e-03  ce_labels_labels: 1.19792e-03  kld_labels: 3.55503e+01  correct_labels_labels: 0.00000e+00  loss_joint: 9.96571e-02  ce_joint: 0.00000e+00  sse_joint: 1.85100e+01  ce_labels_joint: 2.95443e-03  kld_vamb_joint: 3.59637e+00  kld_labels_joint: 6.95786e+00  correct_labels_joint: 0.00000e+00  loss: 2.11523e-01
2026-08-13 13:55:50.462 | INFO    | 		Epoch: 284  loss_vamb: 1.04985e-01  ab_vamb: 4.90667e-03  ce_vamb: 0.00000e+00  sse_vamb: 8.26773e-02  kld_vamb: 1.74009e-02  loss_labels: 6.61667e-03  ce_labels_labels: 1.05654e-03  kld_labels: 3.55848e+01  correct_labels_labels: 0.00000e+00  loss_joint: 9.93439e-02  ce_joint: 0.00000e+00  sse_joint: 1.85238e+01  ce_labels_joint: 2.62851e-03  kld_vamb_joint: 3.57232e+00  kld_labels_joint: 6.95099e+00  correct_labels_joint: 0.00000e+00  loss: 2.10945e-01
2026-08-13 13:55:50.978 | INFO    | 		Epoch: 285  loss_vamb: 1.04285e-01  ab_vamb: 4.85261e-03  ce_vamb: 0.00000e+00  sse_vamb: 8.20194e-02  kld_vamb: 1.74131e-02  loss_labels: 6.46780e-03  ce_labels_labels: 9.28548e-04  kld_labels: 3.54512e+01  correct_labels_labels: 0.00000e+00  loss_joint: 9.88744e-02  ce_joint: 0.00000e+00  sse_joint: 1.85041e+01  ce_labels_joint: 2.11093e-03  kld_vamb_joint: 3.57362e+00  kld_labels_joint: 6.95011e+00  correct_labels_joint: 0.00000e+00  loss: 2.09627e-01
2026-08-13 13:55:51.500 | INFO    | 		Epoch: 286  loss_vamb: 1.04846e-01  ab_vamb: 4.82959e-03  ce_vamb: 0.00000e+00  sse_vamb: 8.25937e-02  kld_vamb: 1.74224e-02  loss_labels: 7.00848e-03  ce_labels_labels: 1.45517e-03  kld_labels: 3.55412e+01  correct_labels_labels: 0.00000e+00  loss_joint: 9.91831e-02  ce_joint: 0.00000e+00  sse_joint: 1.84471e+01  ce_labels_joint: 2.51884e-03  kld_vamb_joint: 3.57757e+00  kld_labels_joint: 6.95086e+00  correct_labels_joint: 0.00000e+00  loss: 2.11037e-01
2026-08-13 13:55:52.022 | INFO    | 		Epoch: 287  loss_vamb: 1.04560e-01  ab_vamb: 4.50311e-03  ce_vamb: 0.00000e+00  sse_vamb: 8.26289e-02  kld_vamb: 1.74281e-02  loss_labels: 6.50500e-03  ce_labels_labels: 9.32561e-04  kld_labels: 3.56636e+01  correct_labels_labels: 0.00000e+00  loss_joint: 9.98273e-02  ce_joint: 0.00000e+00  sse_joint: 1.85383e+01  ce_labels_joint: 2.65288e-03  kld_vamb_joint: 3.58246e+00  kld_labels_joint: 6.97953e+00  correct_labels_joint: 0.00000e+00  loss: 2.10892e-01
2026-08-13 13:55:52.542 | INFO    | 		Epoch: 288  loss_vamb: 1.04764e-01  ab_vamb: 4.90023e-03  ce_vamb: 0.00000e+00  sse_vamb: 8.24258e-02  kld_vamb: 1.74380e-02  loss_labels: 6.39805e-03  ce_labels_labels: 8.44638e-04  kld_labels: 3.55418e+01  correct_labels_labels: 0.00000e+00  loss_joint: 9.91031e-02  ce_joint: 0.00000e+00  sse_joint: 1.85331e+01  ce_labels_joint: 2.05919e-03  kld_vamb_joint: 3.58449e+00  kld_labels_joint: 6.96541e+00  correct_labels_joint: 0.00000e+00  loss: 2.10265e-01
2026-08-13 13:55:53.139 | INFO    | 		Epoch: 289  loss_vamb: 1.04598e-01  ab_vamb: 4.66444e-03  ce_vamb: 0.00000e+00  sse_vamb: 8.24767e-02  kld_vamb: 1.74563e-02  loss_labels: 6.73412e-03  ce_labels_labels: 1.19923e-03  kld_labels: 3.54233e+01  correct_labels_labels: 0.00000e+00  loss_joint: 9.90765e-02  ce_joint: 0.00000e+00  sse_joint: 1.84686e+01  ce_labels_joint: 2.34701e-03  kld_vamb_joint: 3.56902e+00  kld_labels_joint: 6.98758e+00  correct_labels_joint: 0.00000e+00  loss: 2.10408e-01
2026-08-13 13:55:53.742 | INFO    | 		Epoch: 290  loss_vamb: 1.04569e-01  ab_vamb: 4.85680e-03  ce_vamb: 0.00000e+00  sse_vamb: 8.22331e-02  kld_vamb: 1.74788e-02  loss_labels: 6.57118e-03  ce_labels_labels: 1.04032e-03  kld_labels: 3.53975e+01  correct_labels_labels: 0.00000e+00  loss_joint: 9.98611e-02  ce_joint: 0.00000e+00  sse_joint: 1.85070e+01  ce_labels_joint: 3.12076e-03  kld_vamb_joint: 3.56494e+00  kld_labels_joint: 6.97259e+00  correct_labels_joint: 0.00000e+00  loss: 2.11001e-01
2026-08-13 13:55:54.341 | INFO    | 		Epoch: 291  loss_vamb: 1.04576e-01  ab_vamb: 4.98457e-03  ce_vamb: 0.00000e+00  sse_vamb: 8.21039e-02  kld_vamb: 1.74872e-02  loss_labels: 6.70822e-03  ce_labels_labels: 1.17949e-03  kld_labels: 3.53839e+01  correct_labels_labels: 0.00000e+00  loss_joint: 9.85533e-02  ce_joint: 0.00000e+00  sse_joint: 1.84485e+01  ce_labels_joint: 1.88879e-03  kld_vamb_joint: 3.56775e+00  kld_labels_joint: 6.97047e+00  correct_labels_joint: 0.00000e+00  loss: 2.09837e-01
2026-08-13 13:55:54.892 | INFO    | 		Epoch: 292  loss_vamb: 1.04613e-01  ab_vamb: 4.82559e-03  ce_vamb: 0.00000e+00  sse_vamb: 8.22949e-02  kld_vamb: 1.74927e-02  loss_labels: 6.99878e-03  ce_labels_labels: 1.46809e-03  kld_labels: 3.53964e+01  correct_labels_labels: 0.00000e+00  loss_joint: 9.85670e-02  ce_joint: 0.00000e+00  sse_joint: 1.83985e+01  ce_labels_joint: 1.83701e-03  kld_vamb_joint: 3.56488e+00  kld_labels_joint: 6.97195e+00  correct_labels_joint: 0.00000e+00  loss: 2.10179e-01
2026-08-13 13:55:55.328 | INFO    | 		Epoch: 293  loss_vamb: 1.04922e-01  ab_vamb: 5.21559e-03  ce_vamb: 0.00000e+00  sse_vamb: 8.22102e-02  kld_vamb: 1.74962e-02  loss_labels: 6.83275e-03  ce_labels_labels: 1.29537e-03  kld_labels: 3.54392e+01  correct_labels_labels: 0.00000e+00  loss_joint: 9.81128e-02  ce_joint: 0.00000e+00  sse_joint: 1.83742e+01  ce_labels_joint: 2.09597e-03  kld_vamb_joint: 3.57157e+00  kld_labels_joint: 7.00435e+00  correct_labels_joint: 0.00000e+00  loss: 2.09868e-01
2026-08-13 13:55:55.761 | INFO    | 		Epoch: 294  loss_vamb: 1.04221e-01  ab_vamb: 4.63057e-03  ce_vamb: 0.00000e+00  sse_vamb: 8.20927e-02  kld_vamb: 1.74976e-02  loss_labels: 7.08525e-03  ce_labels_labels: 1.55884e-03  kld_labels: 3.53690e+01  correct_labels_labels: 0.00000e+00  loss_joint: 9.83076e-02  ce_joint: 0.00000e+00  sse_joint: 1.84470e+01  ce_labels_joint: 2.15449e-03  kld_vamb_joint: 3.58403e+00  kld_labels_joint: 7.00420e+00  correct_labels_joint: 0.00000e+00  loss: 2.09614e-01
2026-08-13 13:55:56.190 | INFO    | 		Epoch: 295  loss_vamb: 1.04424e-01  ab_vamb: 4.81475e-03  ce_vamb: 0.00000e+00  sse_vamb: 8.21111e-02  kld_vamb: 1.74980e-02  loss_labels: 7.36180e-03  ce_labels_labels: 1.82673e-03  kld_labels: 3.54245e+01  correct_labels_labels: 0.00000e+00  loss_joint: 9.93676e-02  ce_joint: 0.00000e+00  sse_joint: 1.84380e+01  ce_labels_joint: 2.82370e-03  kld_vamb_joint: 3.57537e+00  kld_labels_joint: 6.98326e+00  correct_labels_joint: 0.00000e+00  loss: 2.11153e-01
2026-08-13 13:55:56.622 | INFO    | 		Epoch: 296  loss_vamb: 1.04321e-01  ab_vamb: 4.73398e-03  ce_vamb: 0.00000e+00  sse_vamb: 8.20813e-02  kld_vamb: 1.75059e-02  loss_labels: 7.10575e-03  ce_labels_labels: 1.59732e-03  kld_labels: 3.52540e+01  correct_labels_labels: 0.00000e+00  loss_joint: 9.89119e-02  ce_joint: 0.00000e+00  sse_joint: 1.84716e+01  ce_labels_joint: 2.20644e-03  kld_vamb_joint: 3.58484e+00  kld_labels_joint: 7.00915e+00  correct_labels_joint: 0.00000e+00  loss: 2.10339e-01
2026-08-13 13:55:57.050 | INFO    | 		Epoch: 297  loss_vamb: 1.04653e-01  ab_vamb: 4.98822e-03  ce_vamb: 0.00000e+00  sse_vamb: 8.21484e-02  kld_vamb: 1.75163e-02  loss_labels: 6.67000e-03  ce_labels_labels: 1.13225e-03  kld_labels: 3.54416e+01  correct_labels_labels: 0.00000e+00  loss_joint: 9.88398e-02  ce_joint: 0.00000e+00  sse_joint: 1.83771e+01  ce_labels_joint: 2.54848e-03  kld_vamb_joint: 3.59145e+00  kld_labels_joint: 7.01452e+00  correct_labels_joint: 0.00000e+00  loss: 2.10163e-01
2026-08-13 13:55:57.479 | INFO    | 		Epoch: 298  loss_vamb: 1.04219e-01  ab_vamb: 4.62726e-03  ce_vamb: 0.00000e+00  sse_vamb: 8.20636e-02  kld_vamb: 1.75282e-02  loss_labels: 6.46867e-03  ce_labels_labels: 9.20085e-04  kld_labels: 3.55110e+01  correct_labels_labels: 0.00000e+00  loss_joint: 9.86624e-02  ce_joint: 0.00000e+00  sse_joint: 1.83660e+01  ce_labels_joint: 2.39008e-03  kld_vamb_joint: 3.58246e+00  kld_labels_joint: 7.02632e+00  correct_labels_joint: 0.00000e+00  loss: 2.09350e-01
2026-08-13 13:55:57.976 | INFO    | 		Epoch: 299  loss_vamb: 1.04258e-01  ab_vamb: 4.79300e-03  ce_vamb: 0.00000e+00  sse_vamb: 8.19217e-02  kld_vamb: 1.75434e-02  loss_labels: 6.29685e-03  ce_labels_labels: 7.43674e-04  kld_labels: 3.55403e+01  correct_labels_labels: 0.00000e+00  loss_joint: 9.82614e-02  ce_joint: 0.00000e+00  sse_joint: 1.84209e+01  ce_labels_joint: 1.83924e-03  kld_vamb_joint: 3.58897e+00  kld_labels_joint: 7.02483e+00  correct_labels_joint: 0.00000e+00  loss: 2.08816e-01
2026-08-13 13:55:58.125 | INFO    | (2932, 32) embedding shape
2026-08-13 13:55:58.193 | INFO    | Clustering
2026-08-13 13:55:58.193 | INFO    | 	Windowsize: 300
2026-08-13 13:55:58.193 | INFO    | 	Min successful thresholds detected: 15
2026-08-13 13:55:58.193 | INFO    | 	Max clusters: None
2026-08-13 13:55:58.193 | INFO    | 	Use CUDA for clustering: False
2026-08-13 13:55:58.193 | INFO    | 	Binsplitter: Defaulting to 'C', but disabled due to incompatible identifiers
2026-08-13 13:55:59.204 | INFO    | 	Clustered 2932 contigs in 560 unsplit bins
2026-08-13 13:55:59.204 | INFO    | 	Wrote cluster file(s) in 0.0 seconds.
2026-08-13 13:56:00.614 | INFO    | 	Wrote 13 bins with 2155 sequences in 1.41 seconds.
2026-08-13 13:56:00.614 | INFO    | 	Clustered contigs in 1.01 seconds.

2026-08-13 13:56:00.636 | INFO    | Completed Vamb in 192.74 seconds.
TaxVAMB done: /mnt/ME5024_PA2/shared/groups/ZHANGLU/Results_of_CAMI2_Other_datasets_other_binning_tools/TaxVAMB/Airways/Airways-2017.12.04_18.56.22_sample_7; finished=Thu Aug 13 13:56:01 HKT 2026
