============================================
TaxVAMB marine multi-sample binning started
Assembly       : 4
FASTA          : /mnt/ME5024_PA2/shared/groups/ZHANGLU/Data-CAMI2-Marine-multi-samples/marine-sample-4.contigs.fasta
Taxonomy       : /mnt/ME5024_PA1/home/csbhzou/CompleteBin-v1.2.2.0-Revision-Version-245NCMAGs-more9010MAGs/scripts/taxvamb_marine_multisample/taxonomy_converted/marine-sample-4.taxvamb.tsv
BAM files      : 10 cross-sample mappings
Output         : /mnt/ME5024_PA2/shared/groups/ZHANGLU/TaxVAMB-CAMI2-Marine-Multi-Sample/marine-sample-4
Node           : workernode4
Started        : Thu Aug 13 10:54:03 HKT 2026
============================================
2026-08-13 10:54:07.790 | INFO    | Starting Vamb version 5.0.4
2026-08-13 10:54:07.791 | INFO    | Random seed is 20260812
2026-08-13 10:54:07.791 | INFO    | Invoked with CLI args: '/mnt/ME5024_PA1/home/csbhzou/miniconda3/envs/taxvamb/bin/vamb bin taxvamb --outdir /mnt/ME5024_PA2/shared/groups/ZHANGLU/TaxVAMB-CAMI2-Marine-Multi-Sample/marine-sample-4 --fasta /mnt/ME5024_PA2/shared/groups/ZHANGLU/Data-CAMI2-Marine-multi-samples/marine-sample-4.contigs.fasta --bamdir /mnt/ME5024_PA2/shared/groups/ZHANGLU/TaxVAMB-CAMI2-Marine-Multi-Sample/marine-sample-4.bamdir --taxonomy /mnt/ME5024_PA1/home/csbhzou/CompleteBin-v1.2.2.0-Revision-Version-245NCMAGs-more9010MAGs/scripts/taxvamb_marine_multisample/taxonomy_converted/marine-sample-4.taxvamb.tsv --minfasta 200000 -m 2000 -p 32 --seed 20260812'
2026-08-13 10:54:07.791 | INFO    | Loading TNF
2026-08-13 10:54:07.791 | INFO    | 	Minimum sequence length: 2000
2026-08-13 10:54:07.791 | INFO    | 	Loading data from FASTA file /mnt/ME5024_PA2/shared/groups/ZHANGLU/Data-CAMI2-Marine-multi-samples/marine-sample-4.contigs.fasta

2026-08-13 10:54:11.758 | WARNING | Binsplit separator (option `-o`) implicitly passed as "C", but sequence identifier "k141_326192" does not contain this separator, or contains it at the very start or end.
A binsplit separator X implies that every sequence identifier is formatted as
[sample identifier][X][sequence identifier], e.g. a binsplit separator of 'C' means that 'S1C19' and '7C11' are valid identifiers.

Skipping binsplitting.

2026-08-13 10:54:11.758 | WARNING | The minimum sequence length has been set to 2000, but 338303 sequences fell below this threshold and was filtered away.
Better results are obtained if the sequence file is filtered to the minimum sequence length before mapping.

2026-08-13 10:54:11.758 | INFO    | 	Kept 148713605 bases in 22024 sequences
2026-08-13 10:54:11.758 | INFO    | 	Processed TNF in 3.97 seconds.

2026-08-13 10:54:11.758 | INFO    | Loading depths
2026-08-13 10:54:11.758 | INFO    | 	Reference hash: d8c5e1bf0cb88ee4af76b1f868099c2c
2026-08-13 10:54:11.758 | INFO    | 	Parsing 10 BAM files with 32 threads
2026-08-13 10:54:11.759 | INFO    | 	Min identity: 0.0
2026-08-13 10:55:34.136 | INFO    | 	Order of columns is:
2026-08-13 10:55:34.136 | INFO    | 	     0: /mnt/ME5024_PA2/shared/groups/ZHANGLU/TaxVAMB-CAMI2-Marine-Multi-Sample/marine-sample-4.bamdir/marine-sample-c4-r0.sorted.bam
2026-08-13 10:55:34.136 | INFO    | 	     1: /mnt/ME5024_PA2/shared/groups/ZHANGLU/TaxVAMB-CAMI2-Marine-Multi-Sample/marine-sample-4.bamdir/marine-sample-c4-r1.sorted.bam
2026-08-13 10:55:34.137 | INFO    | 	     2: /mnt/ME5024_PA2/shared/groups/ZHANGLU/TaxVAMB-CAMI2-Marine-Multi-Sample/marine-sample-4.bamdir/marine-sample-c4-r2.sorted.bam
2026-08-13 10:55:34.137 | INFO    | 	     3: /mnt/ME5024_PA2/shared/groups/ZHANGLU/TaxVAMB-CAMI2-Marine-Multi-Sample/marine-sample-4.bamdir/marine-sample-c4-r3.sorted.bam
2026-08-13 10:55:34.137 | INFO    | 	     4: /mnt/ME5024_PA2/shared/groups/ZHANGLU/TaxVAMB-CAMI2-Marine-Multi-Sample/marine-sample-4.bamdir/marine-sample-c4-r4.sorted.bam
2026-08-13 10:55:34.137 | INFO    | 	     5: /mnt/ME5024_PA2/shared/groups/ZHANGLU/TaxVAMB-CAMI2-Marine-Multi-Sample/marine-sample-4.bamdir/marine-sample-c4-r5.sorted.bam
2026-08-13 10:55:34.137 | INFO    | 	     6: /mnt/ME5024_PA2/shared/groups/ZHANGLU/TaxVAMB-CAMI2-Marine-Multi-Sample/marine-sample-4.bamdir/marine-sample-c4-r6.sorted.bam
2026-08-13 10:55:34.137 | INFO    | 	     7: /mnt/ME5024_PA2/shared/groups/ZHANGLU/TaxVAMB-CAMI2-Marine-Multi-Sample/marine-sample-4.bamdir/marine-sample-c4-r7.sorted.bam
2026-08-13 10:55:34.137 | INFO    | 	     8: /mnt/ME5024_PA2/shared/groups/ZHANGLU/TaxVAMB-CAMI2-Marine-Multi-Sample/marine-sample-4.bamdir/marine-sample-c4-r8.sorted.bam
2026-08-13 10:55:34.137 | INFO    | 	     9: /mnt/ME5024_PA2/shared/groups/ZHANGLU/TaxVAMB-CAMI2-Marine-Multi-Sample/marine-sample-4.bamdir/marine-sample-c4-r9.sorted.bam
2026-08-13 10:55:34.137 | INFO    | 	Processed abundance in 82.38 seconds.

2026-08-13 10:55:34.137 | INFO    | Predicting taxonomy with Taxometer
2026-08-13 10:55:34.246 | INFO    | 	925 nodes in the graph
2026-08-13 10:55:34.289 | INFO    | 	Created dataloader
2026-08-13 10:55:34.289 | INFO    | Starting training the taxonomy predictor
2026-08-13 10:55:34.289 | INFO    | Using threshold 0.5
2026-08-13 10:55:35.160 | INFO    | 	Network properties:
2026-08-13 10:55:35.161 | INFO    | 	    CUDA: False
2026-08-13 10:55:35.161 | INFO    | 	    Hierarchical loss: flat_softmax
2026-08-13 10:55:35.161 | INFO    | 	    Alpha: 0.15
2026-08-13 10:55:35.161 | INFO    | 	    Beta: 200.0
2026-08-13 10:55:35.161 | INFO    | 	    Dropout: 0.2
2026-08-13 10:55:35.161 | INFO    | 	    N hidden: 512, 512, 512, 512
2026-08-13 10:55:35.161 | INFO    | 	Training properties:
2026-08-13 10:55:35.161 | INFO    | 	    N epochs: 100
2026-08-13 10:55:35.161 | INFO    | 	    Starting batch size: 1024
2026-08-13 10:55:35.161 | INFO    | 	    Batchsteps: None
2026-08-13 10:55:35.161 | INFO    | 	    Learning rate: 0.001
2026-08-13 10:55:35.161 | INFO    | 	    N labels: torch.Size([22024, 10])
Using decoupled weight decay
2026-08-13 10:55:36.168 | INFO    | 	Epoch: 1	CE: 3.6140102	Batchsize: 1024
2026-08-13 10:55:37.145 | INFO    | 	Epoch: 2	CE: 1.0791509	Batchsize: 1024
2026-08-13 10:55:38.124 | INFO    | 	Epoch: 3	CE: 0.6503212	Batchsize: 1024
2026-08-13 10:55:39.091 | INFO    | 	Epoch: 4	CE: 0.5061776	Batchsize: 1024
2026-08-13 10:55:40.079 | INFO    | 	Epoch: 5	CE: 0.4315764	Batchsize: 1024
2026-08-13 10:55:41.067 | INFO    | 	Epoch: 6	CE: 0.3790358	Batchsize: 1024
2026-08-13 10:55:42.080 | INFO    | 	Epoch: 7	CE: 0.3494118	Batchsize: 1024
2026-08-13 10:55:43.072 | INFO    | 	Epoch: 8	CE: 0.3190685	Batchsize: 1024
2026-08-13 10:55:44.071 | INFO    | 	Epoch: 9	CE: 0.2983161	Batchsize: 1024
2026-08-13 10:55:45.066 | INFO    | 	Epoch: 10	CE: 0.2683578	Batchsize: 1024
2026-08-13 10:55:46.057 | INFO    | 	Epoch: 11	CE: 0.2492222	Batchsize: 1024
2026-08-13 10:55:47.054 | INFO    | 	Epoch: 12	CE: 0.2343355	Batchsize: 1024
2026-08-13 10:55:48.036 | INFO    | 	Epoch: 13	CE: 0.2245127	Batchsize: 1024
2026-08-13 10:55:49.056 | INFO    | 	Epoch: 14	CE: 0.2147867	Batchsize: 1024
2026-08-13 10:55:51.174 | INFO    | 	Epoch: 15	CE: 0.1988959	Batchsize: 1024
2026-08-13 10:55:52.155 | INFO    | 	Epoch: 16	CE: 0.1850118	Batchsize: 1024
2026-08-13 10:55:53.183 | INFO    | 	Epoch: 17	CE: 0.1779054	Batchsize: 1024
2026-08-13 10:55:54.174 | INFO    | 	Epoch: 18	CE: 0.1684737	Batchsize: 1024
2026-08-13 10:55:55.177 | INFO    | 	Epoch: 19	CE: 0.1593166	Batchsize: 1024
2026-08-13 10:55:56.185 | INFO    | 	Epoch: 20	CE: 0.1474100	Batchsize: 1024
2026-08-13 10:55:57.182 | INFO    | 	Epoch: 21	CE: 0.1427407	Batchsize: 1024
2026-08-13 10:55:58.204 | INFO    | 	Epoch: 22	CE: 0.1395731	Batchsize: 1024
2026-08-13 10:55:59.220 | INFO    | 	Epoch: 23	CE: 0.1398657	Batchsize: 1024
2026-08-13 10:56:00.204 | INFO    | 	Epoch: 24	CE: 0.1338016	Batchsize: 1024
2026-08-13 10:56:01.243 | INFO    | 	Epoch: 25	CE: 0.1235357	Batchsize: 1024
2026-08-13 10:56:02.254 | INFO    | 	Epoch: 26	CE: 0.1272094	Batchsize: 1024
2026-08-13 10:56:03.258 | INFO    | 	Epoch: 27	CE: 0.1175065	Batchsize: 1024
2026-08-13 10:56:04.259 | INFO    | 	Epoch: 28	CE: 0.1130310	Batchsize: 1024
2026-08-13 10:56:05.294 | INFO    | 	Epoch: 29	CE: 0.1097425	Batchsize: 1024
2026-08-13 10:56:06.288 | INFO    | 	Epoch: 30	CE: 0.1025511	Batchsize: 1024
2026-08-13 10:56:07.297 | INFO    | 	Epoch: 31	CE: 0.1021169	Batchsize: 1024
2026-08-13 10:56:08.286 | INFO    | 	Epoch: 32	CE: 0.0999368	Batchsize: 1024
2026-08-13 10:56:09.320 | INFO    | 	Epoch: 33	CE: 0.0919994	Batchsize: 1024
2026-08-13 10:56:10.329 | INFO    | 	Epoch: 34	CE: 0.0921261	Batchsize: 1024
2026-08-13 10:56:11.348 | INFO    | 	Epoch: 35	CE: 0.0935134	Batchsize: 1024
2026-08-13 10:56:12.320 | INFO    | 	Epoch: 36	CE: 0.0811898	Batchsize: 1024
2026-08-13 10:56:13.365 | INFO    | 	Epoch: 37	CE: 0.0874040	Batchsize: 1024
2026-08-13 10:56:14.362 | INFO    | 	Epoch: 38	CE: 0.0846829	Batchsize: 1024
2026-08-13 10:56:15.350 | INFO    | 	Epoch: 39	CE: 0.0761707	Batchsize: 1024
2026-08-13 10:56:16.345 | INFO    | 	Epoch: 40	CE: 0.0712506	Batchsize: 1024
2026-08-13 10:56:17.321 | INFO    | 	Epoch: 41	CE: 0.0781858	Batchsize: 1024
2026-08-13 10:56:18.326 | INFO    | 	Epoch: 42	CE: 0.0759410	Batchsize: 1024
2026-08-13 10:56:19.316 | INFO    | 	Epoch: 43	CE: 0.0800412	Batchsize: 1024
2026-08-13 10:56:20.304 | INFO    | 	Epoch: 44	CE: 0.0687802	Batchsize: 1024
2026-08-13 10:56:21.386 | INFO    | 	Epoch: 45	CE: 0.0706689	Batchsize: 1024
2026-08-13 10:56:22.390 | INFO    | 	Epoch: 46	CE: 0.0682400	Batchsize: 1024
2026-08-13 10:56:23.398 | INFO    | 	Epoch: 47	CE: 0.0690220	Batchsize: 1024
2026-08-13 10:56:24.412 | INFO    | 	Epoch: 48	CE: 0.0616157	Batchsize: 1024
2026-08-13 10:56:25.410 | INFO    | 	Epoch: 49	CE: 0.0605498	Batchsize: 1024
2026-08-13 10:56:26.423 | INFO    | 	Epoch: 50	CE: 0.0607083	Batchsize: 1024
2026-08-13 10:56:27.418 | INFO    | 	Epoch: 51	CE: 0.0586064	Batchsize: 1024
2026-08-13 10:56:28.425 | INFO    | 	Epoch: 52	CE: 0.0586944	Batchsize: 1024
2026-08-13 10:56:29.429 | INFO    | 	Epoch: 53	CE: 0.0563129	Batchsize: 1024
2026-08-13 10:56:30.426 | INFO    | 	Epoch: 54	CE: 0.0614153	Batchsize: 1024
2026-08-13 10:56:31.421 | INFO    | 	Epoch: 55	CE: 0.0597793	Batchsize: 1024
2026-08-13 10:56:32.480 | INFO    | 	Epoch: 56	CE: 0.0563810	Batchsize: 1024
2026-08-13 10:56:33.483 | INFO    | 	Epoch: 57	CE: 0.0529605	Batchsize: 1024
2026-08-13 10:56:34.495 | INFO    | 	Epoch: 58	CE: 0.0532445	Batchsize: 1024
2026-08-13 10:56:35.501 | INFO    | 	Epoch: 59	CE: 0.0480583	Batchsize: 1024
2026-08-13 10:56:36.506 | INFO    | 	Epoch: 60	CE: 0.0506321	Batchsize: 1024
2026-08-13 10:56:37.514 | INFO    | 	Epoch: 61	CE: 0.0458250	Batchsize: 1024
2026-08-13 10:56:38.492 | INFO    | 	Epoch: 62	CE: 0.0500513	Batchsize: 1024
2026-08-13 10:56:39.509 | INFO    | 	Epoch: 63	CE: 0.0460663	Batchsize: 1024
2026-08-13 10:56:40.510 | INFO    | 	Epoch: 64	CE: 0.0503507	Batchsize: 1024
2026-08-13 10:56:41.527 | INFO    | 	Epoch: 65	CE: 0.0474109	Batchsize: 1024
2026-08-13 10:56:42.527 | INFO    | 	Epoch: 66	CE: 0.0496036	Batchsize: 1024
2026-08-13 10:56:43.543 | INFO    | 	Epoch: 67	CE: 0.0483165	Batchsize: 1024
2026-08-13 10:56:44.557 | INFO    | 	Epoch: 68	CE: 0.0476977	Batchsize: 1024
2026-08-13 10:56:45.576 | INFO    | 	Epoch: 69	CE: 0.0455525	Batchsize: 1024
2026-08-13 10:56:46.558 | INFO    | 	Epoch: 70	CE: 0.0504475	Batchsize: 1024
2026-08-13 10:56:47.564 | INFO    | 	Epoch: 71	CE: 0.0445827	Batchsize: 1024
2026-08-13 10:56:48.539 | INFO    | 	Epoch: 72	CE: 0.0402213	Batchsize: 1024
2026-08-13 10:56:49.560 | INFO    | 	Epoch: 73	CE: 0.0358568	Batchsize: 1024
2026-08-13 10:56:50.567 | INFO    | 	Epoch: 74	CE: 0.0402788	Batchsize: 1024
2026-08-13 10:56:51.551 | INFO    | 	Epoch: 75	CE: 0.0369078	Batchsize: 1024
2026-08-13 10:56:52.558 | INFO    | 	Epoch: 76	CE: 0.0420811	Batchsize: 1024
2026-08-13 10:56:53.645 | INFO    | 	Epoch: 77	CE: 0.0407130	Batchsize: 1024
2026-08-13 10:56:54.629 | INFO    | 	Epoch: 78	CE: 0.0392487	Batchsize: 1024
2026-08-13 10:56:55.667 | INFO    | 	Epoch: 79	CE: 0.0348904	Batchsize: 1024
2026-08-13 10:56:56.651 | INFO    | 	Epoch: 80	CE: 0.0380206	Batchsize: 1024
2026-08-13 10:56:57.644 | INFO    | 	Epoch: 81	CE: 0.0376981	Batchsize: 1024
2026-08-13 10:56:58.652 | INFO    | 	Epoch: 82	CE: 0.0379197	Batchsize: 1024
2026-08-13 10:56:59.667 | INFO    | 	Epoch: 83	CE: 0.0374925	Batchsize: 1024
2026-08-13 10:57:00.701 | INFO    | 	Epoch: 84	CE: 0.0418849	Batchsize: 1024
2026-08-13 10:57:01.688 | INFO    | 	Epoch: 85	CE: 0.0372339	Batchsize: 1024
2026-08-13 10:57:02.671 | INFO    | 	Epoch: 86	CE: 0.0346909	Batchsize: 1024
2026-08-13 10:57:03.695 | INFO    | 	Epoch: 87	CE: 0.0370406	Batchsize: 1024
2026-08-13 10:57:04.701 | INFO    | 	Epoch: 88	CE: 0.0379050	Batchsize: 1024
2026-08-13 10:57:05.717 | INFO    | 	Epoch: 89	CE: 0.0314043	Batchsize: 1024
2026-08-13 10:57:06.723 | INFO    | 	Epoch: 90	CE: 0.0375476	Batchsize: 1024
2026-08-13 10:57:07.701 | INFO    | 	Epoch: 91	CE: 0.0310538	Batchsize: 1024
2026-08-13 10:57:08.680 | INFO    | 	Epoch: 92	CE: 0.0334202	Batchsize: 1024
2026-08-13 10:57:09.731 | INFO    | 	Epoch: 93	CE: 0.0339683	Batchsize: 1024
2026-08-13 10:57:10.712 | INFO    | 	Epoch: 94	CE: 0.0328652	Batchsize: 1024
2026-08-13 10:57:11.737 | INFO    | 	Epoch: 95	CE: 0.0304052	Batchsize: 1024
2026-08-13 10:57:12.701 | INFO    | 	Epoch: 96	CE: 0.0292381	Batchsize: 1024
2026-08-13 10:57:13.694 | INFO    | 	Epoch: 97	CE: 0.0334567	Batchsize: 1024
2026-08-13 10:57:14.697 | INFO    | 	Epoch: 98	CE: 0.0331744	Batchsize: 1024
2026-08-13 10:57:15.693 | INFO    | 	Epoch: 99	CE: 0.0317030	Batchsize: 1024
2026-08-13 10:57:16.671 | INFO    | 	Epoch: 100	CE: 0.0367551	Batchsize: 1024
2026-08-13 10:57:16.682 | INFO    | Finished training the taxonomy predictor in 102.39 seconds.
2026-08-13 10:57:16.682 | INFO    | Writing the taxonomy predictions
2026-08-13 10:57:16.683 | INFO    | Using threshold 0.5
2026-08-13 10:57:19.285 | INFO    | Completed taxonomy predictions in 105.15 seconds.
2026-08-13 10:57:19.478 | INFO    | 	Network properties:
2026-08-13 10:57:19.478 | INFO    | 	    CUDA: False
2026-08-13 10:57:19.478 | INFO    | 	    Alpha: 0.15
2026-08-13 10:57:19.478 | INFO    | 	    Beta: 200.0
2026-08-13 10:57:19.478 | INFO    | 	    Dropout: 0.2
2026-08-13 10:57:19.478 | INFO    | 	    N hidden: 512, 512
2026-08-13 10:57:19.478 | INFO    | 	    N latent: 32
2026-08-13 10:57:19.478 | INFO    | 	Training properties:
2026-08-13 10:57:19.478 | INFO    | 	    N epochs: 300
2026-08-13 10:57:19.478 | INFO    | 	    Starting batch size: 256
2026-08-13 10:57:19.478 | INFO    | 	    Batchsteps: 25, 75, 150, 225
2026-08-13 10:57:19.478 | INFO    | 	    Learning rate: 0.001
2026-08-13 10:57:19.478 | INFO    | 	    N sequences: 22024
2026-08-13 10:57:19.478 | INFO    | 	    N samples: 10
2026-08-13 10:57:23.680 | INFO    | 		Epoch: 0  loss_vamb: 8.62617e-01  ab_vamb: 2.31604e-02  ce_vamb: 7.56327e-01  sse_vamb: 7.53996e-02  kld_vamb: 7.71276e-03  loss_labels: 1.31210e+00  ce_labels_labels: 1.30169e+00  kld_labels: 6.66397e+01  correct_labels_labels: 0.00000e+00  loss_joint: 2.68327e+00  ce_joint: 2.26479e+00  sse_joint: 5.39811e+01  ce_labels_joint: 1.82111e+00  kld_vamb_joint: 1.94161e+00  kld_labels_joint: 1.50873e+00  correct_labels_joint: 0.00000e+00  loss: 4.85798e+00
2026-08-13 10:57:27.956 | INFO    | 		Epoch: 1  loss_vamb: 8.02733e-01  ab_vamb: 8.07141e-03  ce_vamb: 7.37809e-01  sse_vamb: 4.72903e-02  kld_vamb: 9.56871e-03  loss_labels: 2.76713e-01  ce_labels_labels: 2.61269e-01  kld_labels: 9.88412e+01  correct_labels_labels: 0.00000e+00  loss_joint: 1.24905e+00  ce_joint: 2.20243e+00  sse_joint: 3.65526e+01  ce_labels_joint: 4.53827e-01  kld_vamb_joint: 2.46031e+00  kld_labels_joint: 1.89662e+00  correct_labels_joint: 0.00000e+00  loss: 2.32850e+00
2026-08-13 10:57:32.477 | INFO    | 		Epoch: 2  loss_vamb: 7.92242e-01  ab_vamb: 6.73940e-03  ce_vamb: 7.32709e-01  sse_vamb: 4.30178e-02  kld_vamb: 9.78451e-03  loss_labels: 1.64306e-01  ce_labels_labels: 1.47642e-01  kld_labels: 1.06652e+02  correct_labels_labels: 0.00000e+00  loss_joint: 1.04724e+00  ce_joint: 2.19082e+00  sse_joint: 3.35920e+01  ce_labels_joint: 2.61690e-01  kld_vamb_joint: 3.04755e+00  kld_labels_joint: 2.27973e+00  correct_labels_joint: 0.00000e+00  loss: 2.00379e+00
2026-08-13 10:57:36.725 | INFO    | 		Epoch: 3  loss_vamb: 7.87256e-01  ab_vamb: 6.10876e-03  ce_vamb: 7.29845e-01  sse_vamb: 4.14037e-02  kld_vamb: 9.90616e-03  loss_labels: 1.06233e-01  ce_labels_labels: 8.95477e-02  kld_labels: 1.06786e+02  correct_labels_labels: 0.00000e+00  loss_joint: 9.56498e-01  ce_joint: 2.18403e+00  sse_joint: 3.22492e+01  ce_labels_joint: 1.75736e-01  kld_vamb_joint: 3.66705e+00  kld_labels_joint: 2.78204e+00  correct_labels_joint: 0.00000e+00  loss: 1.84999e+00
2026-08-13 10:57:40.947 | INFO    | 		Epoch: 4  loss_vamb: 7.83861e-01  ab_vamb: 5.73136e-03  ce_vamb: 7.27773e-01  sse_vamb: 4.04701e-02  kld_vamb: 9.89218e-03  loss_labels: 7.65771e-02  ce_labels_labels: 6.04847e-02  kld_labels: 1.02991e+02  correct_labels_labels: 0.00000e+00  loss_joint: 9.07484e-01  ce_joint: 2.18014e+00  sse_joint: 3.13835e+01  ce_labels_joint: 1.29674e-01  kld_vamb_joint: 4.25846e+00  kld_labels_joint: 3.34916e+00  correct_labels_joint: 0.00000e+00  loss: 1.76792e+00
2026-08-13 10:57:45.165 | INFO    | 		Epoch: 5  loss_vamb: 7.81496e-01  ab_vamb: 5.36234e-03  ce_vamb: 7.26515e-01  sse_vamb: 3.98095e-02  kld_vamb: 9.81530e-03  loss_labels: 5.87352e-02  ce_labels_labels: 4.32772e-02  kld_labels: 9.89313e+01  correct_labels_labels: 0.00000e+00  loss_joint: 8.76422e-01  ce_joint: 2.17748e+00  sse_joint: 3.07101e+01  ce_labels_joint: 1.00632e-01  kld_vamb_joint: 4.82831e+00  kld_labels_joint: 3.86997e+00  correct_labels_joint: 0.00000e+00  loss: 1.71665e+00
2026-08-13 10:57:49.386 | INFO    | 		Epoch: 6  loss_vamb: 7.79877e-01  ab_vamb: 5.35815e-03  ce_vamb: 7.25338e-01  sse_vamb: 3.93451e-02  kld_vamb: 9.83786e-03  loss_labels: 4.42584e-02  ce_labels_labels: 2.95732e-02  kld_labels: 9.39856e+01  correct_labels_labels: 0.00000e+00  loss_joint: 8.51962e-01  ce_joint: 2.17507e+00  sse_joint: 3.02888e+01  ce_labels_joint: 7.80909e-02  kld_vamb_joint: 5.43486e+00  kld_labels_joint: 4.45502e+00  correct_labels_joint: 0.00000e+00  loss: 1.67610e+00
2026-08-13 10:57:53.691 | INFO    | 		Epoch: 7  loss_vamb: 7.78430e-01  ab_vamb: 5.16385e-03  ce_vamb: 7.24563e-01  sse_vamb: 3.89306e-02  kld_vamb: 9.77896e-03  loss_labels: 3.70506e-02  ce_labels_labels: 2.29332e-02  kld_labels: 9.03515e+01  correct_labels_labels: 0.00000e+00  loss_joint: 8.35301e-01  ce_joint: 2.17358e+00  sse_joint: 2.96632e+01  ce_labels_joint: 6.28000e-02  kld_vamb_joint: 5.91031e+00  kld_labels_joint: 4.94596e+00  correct_labels_joint: 0.00000e+00  loss: 1.65078e+00
2026-08-13 10:57:57.947 | INFO    | 		Epoch: 8  loss_vamb: 7.77312e-01  ab_vamb: 4.97376e-03  ce_vamb: 7.23994e-01  sse_vamb: 3.86187e-02  kld_vamb: 9.73143e-03  loss_labels: 2.77601e-02  ce_labels_labels: 1.42158e-02  kld_labels: 8.66834e+01  correct_labels_labels: 0.00000e+00  loss_joint: 8.21358e-01  ce_joint: 2.17239e+00  sse_joint: 2.93060e+01  ce_labels_joint: 4.98584e-02  kld_vamb_joint: 6.37331e+00  kld_labels_joint: 5.40889e+00  correct_labels_joint: 0.00000e+00  loss: 1.62643e+00
2026-08-13 10:58:02.172 | INFO    | 		Epoch: 9  loss_vamb: 7.76184e-01  ab_vamb: 4.81179e-03  ce_vamb: 7.23423e-01  sse_vamb: 3.82912e-02  kld_vamb: 9.66247e-03  loss_labels: 2.39500e-02  ce_labels_labels: 1.08584e-02  kld_labels: 8.37867e+01  correct_labels_labels: 0.00000e+00  loss_joint: 8.08309e-01  ce_joint: 2.17121e+00  sse_joint: 2.88726e+01  ce_labels_joint: 3.78639e-02  kld_vamb_joint: 6.85816e+00  kld_labels_joint: 5.92449e+00  correct_labels_joint: 0.00000e+00  loss: 1.60844e+00
2026-08-13 10:58:06.561 | INFO    | 		Epoch: 10  loss_vamb: 7.75069e-01  ab_vamb: 4.57140e-03  ce_vamb: 7.22921e-01  sse_vamb: 3.80347e-02  kld_vamb: 9.54880e-03  loss_labels: 1.91466e-02  ce_labels_labels: 6.59439e-03  kld_labels: 8.03343e+01  correct_labels_labels: 0.00000e+00  loss_joint: 8.02094e-01  ce_joint: 2.17030e+00  sse_joint: 2.85885e+01  ce_labels_joint: 3.22681e-02  kld_vamb_joint: 7.25813e+00  kld_labels_joint: 6.29626e+00  correct_labels_joint: 0.00000e+00  loss: 1.59631e+00
2026-08-13 10:58:10.781 | INFO    | 		Epoch: 11  loss_vamb: 7.74553e-01  ab_vamb: 4.54296e-03  ce_vamb: 7.22608e-01  sse_vamb: 3.79230e-02  kld_vamb: 9.48336e-03  loss_labels: 1.67728e-02  ce_labels_labels: 5.05496e-03  kld_labels: 7.49940e+01  correct_labels_labels: 0.00000e+00  loss_joint: 7.96056e-01  ce_joint: 2.17023e+00  sse_joint: 2.84428e+01  ce_labels_joint: 2.67859e-02  kld_vamb_joint: 7.45128e+00  kld_labels_joint: 6.62357e+00  correct_labels_joint: 0.00000e+00  loss: 1.58738e+00
2026-08-13 10:58:15.084 | INFO    | 		Epoch: 12  loss_vamb: 7.73852e-01  ab_vamb: 4.48147e-03  ce_vamb: 7.22269e-01  sse_vamb: 3.76466e-02  kld_vamb: 9.46102e-03  loss_labels: 1.71287e-02  ce_labels_labels: 5.63877e-03  kld_labels: 7.35357e+01  correct_labels_labels: 0.00000e+00  loss_joint: 7.92703e-01  ce_joint: 2.16938e+00  sse_joint: 2.81393e+01  ce_labels_joint: 2.39155e-02  kld_vamb_joint: 7.69174e+00  kld_labels_joint: 6.87800e+00  correct_labels_joint: 0.00000e+00  loss: 1.58368e+00
2026-08-13 10:58:19.325 | INFO    | 		Epoch: 13  loss_vamb: 7.73834e-01  ab_vamb: 4.56393e-03  ce_vamb: 7.22117e-01  sse_vamb: 3.76340e-02  kld_vamb: 9.52547e-03  loss_labels: 1.66161e-02  ce_labels_labels: 5.28335e-03  kld_labels: 7.25295e+01  correct_labels_labels: 0.00000e+00  loss_joint: 7.96380e-01  ce_joint: 2.16960e+00  sse_joint: 2.80025e+01  ce_labels_joint: 2.77348e-02  kld_vamb_joint: 7.87106e+00  kld_labels_joint: 7.20584e+00  correct_labels_joint: 0.00000e+00  loss: 1.58683e+00
2026-08-13 10:58:23.672 | INFO    | 		Epoch: 14  loss_vamb: 7.73034e-01  ab_vamb: 4.39791e-03  ce_vamb: 7.21803e-01  sse_vamb: 3.74268e-02  kld_vamb: 9.40856e-03  loss_labels: 1.55414e-02  ce_labels_labels: 4.18980e-03  kld_labels: 7.26504e+01  correct_labels_labels: 0.00000e+00  loss_joint: 7.91941e-01  ce_joint: 2.16895e+00  sse_joint: 2.78091e+01  ce_labels_joint: 2.39464e-02  kld_vamb_joint: 8.25951e+00  kld_labels_joint: 7.51056e+00  correct_labels_joint: 0.00000e+00  loss: 1.58052e+00
2026-08-13 10:58:27.863 | INFO    | 		Epoch: 15  loss_vamb: 7.72374e-01  ab_vamb: 4.29094e-03  ce_vamb: 7.21513e-01  sse_vamb: 3.72243e-02  kld_vamb: 9.35168e-03  loss_labels: 1.63421e-02  ce_labels_labels: 5.53631e-03  kld_labels: 6.91567e+01  correct_labels_labels: 0.00000e+00  loss_joint: 7.89580e-01  ce_joint: 2.16842e+00  sse_joint: 2.75620e+01  ce_labels_joint: 2.19772e-02  kld_vamb_joint: 8.53676e+00  kld_labels_joint: 7.86867e+00  correct_labels_joint: 0.00000e+00  loss: 1.57830e+00
2026-08-13 10:58:32.045 | INFO    | 		Epoch: 16  loss_vamb: 7.71980e-01  ab_vamb: 4.24037e-03  ce_vamb: 7.21380e-01  sse_vamb: 3.70222e-02  kld_vamb: 9.34441e-03  loss_labels: 1.83384e-02  ce_labels_labels: 7.00050e-03  kld_labels: 7.25624e+01  correct_labels_labels: 0.00000e+00  loss_joint: 7.84056e-01  ce_joint: 2.16791e+00  sse_joint: 2.71941e+01  ce_labels_joint: 1.73092e-02  kld_vamb_joint: 8.70479e+00  kld_labels_joint: 8.02514e+00  correct_labels_joint: 0.00000e+00  loss: 1.57437e+00
2026-08-13 10:58:36.304 | INFO    | 		Epoch: 17  loss_vamb: 7.71837e-01  ab_vamb: 4.28506e-03  ce_vamb: 7.21183e-01  sse_vamb: 3.70194e-02  kld_vamb: 9.35754e-03  loss_labels: 1.60549e-02  ce_labels_labels: 4.64891e-03  kld_labels: 7.29980e+01  correct_labels_labels: 0.00000e+00  loss_joint: 7.83261e-01  ce_joint: 2.16766e+00  sse_joint: 2.72335e+01  ce_labels_joint: 1.65706e-02  kld_vamb_joint: 8.98929e+00  kld_labels_joint: 8.27256e+00  correct_labels_joint: 0.00000e+00  loss: 1.57115e+00
2026-08-13 10:58:40.484 | INFO    | 		Epoch: 18  loss_vamb: 7.71460e-01  ab_vamb: 4.17206e-03  ce_vamb: 7.21049e-01  sse_vamb: 3.68767e-02  kld_vamb: 9.36796e-03  loss_labels: 1.56510e-02  ce_labels_labels: 4.59749e-03  kld_labels: 7.07424e+01  correct_labels_labels: 0.00000e+00  loss_joint: 7.84364e-01  ce_joint: 2.16774e+00  sse_joint: 2.69040e+01  ce_labels_joint: 1.79012e-02  kld_vamb_joint: 9.16647e+00  kld_labels_joint: 8.60450e+00  correct_labels_joint: 0.00000e+00  loss: 1.57148e+00
2026-08-13 10:58:44.637 | INFO    | 		Epoch: 19  loss_vamb: 7.71117e-01  ab_vamb: 4.14811e-03  ce_vamb: 7.20890e-01  sse_vamb: 3.67598e-02  kld_vamb: 9.32413e-03  loss_labels: 1.60214e-02  ce_labels_labels: 4.66691e-03  kld_labels: 7.26688e+01  correct_labels_labels: 0.00000e+00  loss_joint: 7.84663e-01  ce_joint: 2.16745e+00  sse_joint: 2.70341e+01  ce_labels_joint: 1.81378e-02  kld_vamb_joint: 9.43570e+00  kld_labels_joint: 8.66111e+00  correct_labels_joint: 0.00000e+00  loss: 1.57180e+00
2026-08-13 10:58:48.928 | INFO    | 		Epoch: 20  loss_vamb: 7.70775e-01  ab_vamb: 4.07387e-03  ce_vamb: 7.20755e-01  sse_vamb: 3.66807e-02  kld_vamb: 9.27285e-03  loss_labels: 1.59516e-02  ce_labels_labels: 4.57058e-03  kld_labels: 7.28384e+01  correct_labels_labels: 0.00000e+00  loss_joint: 7.81891e-01  ce_joint: 2.16708e+00  sse_joint: 2.66789e+01  ce_labels_joint: 1.60718e-02  kld_vamb_joint: 9.62780e+00  kld_labels_joint: 8.97682e+00  correct_labels_joint: 0.00000e+00  loss: 1.56862e+00
2026-08-13 10:58:53.189 | INFO    | 		Epoch: 21  loss_vamb: 7.70504e-01  ab_vamb: 4.06417e-03  ce_vamb: 7.20620e-01  sse_vamb: 3.64797e-02  kld_vamb: 9.34756e-03  loss_labels: 1.69081e-02  ce_labels_labels: 5.42769e-03  kld_labels: 7.34743e+01  correct_labels_labels: 0.00000e+00  loss_joint: 7.80133e-01  ce_joint: 2.16685e+00  sse_joint: 2.64732e+01  ce_labels_joint: 1.48393e-02  kld_vamb_joint: 9.69824e+00  kld_labels_joint: 9.12268e+00  correct_labels_joint: 0.00000e+00  loss: 1.56755e+00
2026-08-13 10:58:57.530 | INFO    | 		Epoch: 22  loss_vamb: 7.70235e-01  ab_vamb: 4.04375e-03  ce_vamb: 7.20463e-01  sse_vamb: 3.64868e-02  kld_vamb: 9.24915e-03  loss_labels: 1.80787e-02  ce_labels_labels: 6.19627e-03  kld_labels: 7.60475e+01  correct_labels_labels: 0.00000e+00  loss_joint: 7.77083e-01  ce_joint: 2.16684e+00  sse_joint: 2.64471e+01  ce_labels_joint: 1.18300e-02  kld_vamb_joint: 9.84744e+00  kld_labels_joint: 9.11400e+00  correct_labels_joint: 0.00000e+00  loss: 1.56540e+00
2026-08-13 10:59:01.936 | INFO    | 		Epoch: 23  loss_vamb: 7.69927e-01  ab_vamb: 3.93247e-03  ce_vamb: 7.20309e-01  sse_vamb: 3.64077e-02  kld_vamb: 9.28614e-03  loss_labels: 1.99235e-02  ce_labels_labels: 7.14831e-03  kld_labels: 8.17614e+01  correct_labels_labels: 0.00000e+00  loss_joint: 7.78725e-01  ce_joint: 2.16617e+00  sse_joint: 2.63274e+01  ce_labels_joint: 1.38577e-02  kld_vamb_joint: 9.90660e+00  kld_labels_joint: 9.16901e+00  correct_labels_joint: 0.00000e+00  loss: 1.56858e+00
2026-08-13 10:59:06.158 | INFO    | 		Epoch: 24  loss_vamb: 7.69841e-01  ab_vamb: 4.03618e-03  ce_vamb: 7.20252e-01  sse_vamb: 3.63062e-02  kld_vamb: 9.25187e-03  loss_labels: 2.17907e-02  ce_labels_labels: 8.97470e-03  kld_labels: 8.20226e+01  correct_labels_labels: 0.00000e+00  loss_joint: 7.77986e-01  ce_joint: 2.16598e+00  sse_joint: 2.62498e+01  ce_labels_joint: 1.29426e-02  kld_vamb_joint: 1.00672e+01  kld_labels_joint: 9.22273e+00  correct_labels_joint: 0.00000e+00  loss: 1.56962e+00
2026-08-13 10:59:09.508 | INFO    | 		Epoch: 25  loss_vamb: 7.68154e-01  ab_vamb: 3.62597e-03  ce_vamb: 7.19698e-01  sse_vamb: 3.56364e-02  kld_vamb: 9.20937e-03  loss_labels: 1.62792e-02  ce_labels_labels: 3.97174e-03  kld_labels: 7.87678e+01  correct_labels_labels: 0.00000e+00  loss_joint: 7.72567e-01  ce_joint: 2.16491e+00  sse_joint: 2.58102e+01  ce_labels_joint: 9.09213e-03  kld_vamb_joint: 1.01682e+01  kld_labels_joint: 9.26863e+00  correct_labels_joint: 0.00000e+00  loss: 1.55700e+00
2026-08-13 10:59:12.954 | INFO    | 		Epoch: 26  loss_vamb: 7.67414e-01  ab_vamb: 3.51724e-03  ce_vamb: 7.19450e-01  sse_vamb: 3.53343e-02  kld_vamb: 9.13260e-03  loss_labels: 1.33413e-02  ce_labels_labels: 2.21419e-03  kld_labels: 7.12134e+01  correct_labels_labels: 0.00000e+00  loss_joint: 7.67013e-01  ce_joint: 2.16399e+00  sse_joint: 2.52405e+01  ce_labels_joint: 4.77756e-03  kld_vamb_joint: 1.02107e+01  kld_labels_joint: 9.52633e+00  correct_labels_joint: 0.00000e+00  loss: 1.54777e+00
2026-08-13 10:59:16.517 | INFO    | 		Epoch: 27  loss_vamb: 7.67113e-01  ab_vamb: 3.43813e-03  ce_vamb: 7.19394e-01  sse_vamb: 3.51655e-02  kld_vamb: 9.11956e-03  loss_labels: 1.22163e-02  ce_labels_labels: 1.98910e-03  kld_labels: 6.54542e+01  correct_labels_labels: 0.00000e+00  loss_joint: 7.65122e-01  ce_joint: 2.16370e+00  sse_joint: 2.49009e+01  ce_labels_joint: 3.72985e-03  kld_vamb_joint: 1.01080e+01  kld_labels_joint: 9.66051e+00  correct_labels_joint: 0.00000e+00  loss: 1.54445e+00
2026-08-13 10:59:19.994 | INFO    | 		Epoch: 28  loss_vamb: 7.66946e-01  ab_vamb: 3.33813e-03  ce_vamb: 7.19365e-01  sse_vamb: 3.50802e-02  kld_vamb: 9.13766e-03  loss_labels: 1.21896e-02  ce_labels_labels: 2.48066e-03  kld_labels: 6.21375e+01  correct_labels_labels: 0.00000e+00  loss_joint: 7.63509e-01  ce_joint: 2.16349e+00  sse_joint: 2.47502e+01  ce_labels_joint: 2.52245e-03  kld_vamb_joint: 1.00425e+01  kld_labels_joint: 9.74878e+00  correct_labels_joint: 0.00000e+00  loss: 1.54264e+00
2026-08-13 10:59:23.558 | INFO    | 		Epoch: 29  loss_vamb: 7.66647e-01  ab_vamb: 3.25911e-03  ce_vamb: 7.19316e-01  sse_vamb: 3.49540e-02  kld_vamb: 9.14315e-03  loss_labels: 1.18625e-02  ce_labels_labels: 2.31606e-03  kld_labels: 6.10974e+01  correct_labels_labels: 0.00000e+00  loss_joint: 7.62392e-01  ce_joint: 2.16332e+00  sse_joint: 2.45426e+01  ce_labels_joint: 1.96855e-03  kld_vamb_joint: 9.89215e+00  kld_labels_joint: 9.67134e+00  correct_labels_joint: 0.00000e+00  loss: 1.54090e+00
2026-08-13 10:59:27.378 | INFO    | 		Epoch: 30  loss_vamb: 7.66668e-01  ab_vamb: 3.26550e-03  ce_vamb: 7.19313e-01  sse_vamb: 3.50230e-02  kld_vamb: 9.11850e-03  loss_labels: 1.23956e-02  ce_labels_labels: 2.82326e-03  kld_labels: 6.12628e+01  correct_labels_labels: 0.00000e+00  loss_joint: 7.62801e-01  ce_joint: 2.16341e+00  sse_joint: 2.43977e+01  ce_labels_joint: 2.64072e-03  kld_vamb_joint: 9.76172e+00  kld_labels_joint: 9.52846e+00  correct_labels_joint: 0.00000e+00  loss: 1.54186e+00
2026-08-13 10:59:30.946 | INFO    | 		Epoch: 31  loss_vamb: 7.66679e-01  ab_vamb: 3.33574e-03  ce_vamb: 7.19199e-01  sse_vamb: 3.49776e-02  kld_vamb: 9.13476e-03  loss_labels: 1.11522e-02  ce_labels_labels: 1.82354e-03  kld_labels: 5.97032e+01  correct_labels_labels: 0.00000e+00  loss_joint: 7.62310e-01  ce_joint: 2.16303e+00  sse_joint: 2.43646e+01  ce_labels_joint: 2.21243e-03  kld_vamb_joint: 9.64222e+00  kld_labels_joint: 9.46489e+00  correct_labels_joint: 0.00000e+00  loss: 1.54014e+00
2026-08-13 10:59:34.566 | INFO    | 		Epoch: 32  loss_vamb: 7.66473e-01  ab_vamb: 3.28053e-03  ce_vamb: 7.19085e-01  sse_vamb: 3.49336e-02  kld_vamb: 9.14485e-03  loss_labels: 1.12316e-02  ce_labels_labels: 2.28338e-03  kld_labels: 5.72687e+01  correct_labels_labels: 0.00000e+00  loss_joint: 7.61012e-01  ce_joint: 2.16264e+00  sse_joint: 2.42537e+01  ce_labels_joint: 1.39502e-03  kld_vamb_joint: 9.50646e+00  kld_labels_joint: 9.45532e+00  correct_labels_joint: 0.00000e+00  loss: 1.53872e+00
2026-08-13 10:59:38.051 | INFO    | 		Epoch: 33  loss_vamb: 7.66400e-01  ab_vamb: 3.23352e-03  ce_vamb: 7.19115e-01  sse_vamb: 3.49313e-02  kld_vamb: 9.16347e-03  loss_labels: 1.08689e-02  ce_labels_labels: 1.94468e-03  kld_labels: 5.71153e+01  correct_labels_labels: 0.00000e+00  loss_joint: 7.60790e-01  ce_joint: 2.16276e+00  sse_joint: 2.40917e+01  ce_labels_joint: 1.49881e-03  kld_vamb_joint: 9.32364e+00  kld_labels_joint: 9.35792e+00  correct_labels_joint: 0.00000e+00  loss: 1.53806e+00
2026-08-13 10:59:41.653 | INFO    | 		Epoch: 34  loss_vamb: 7.66233e-01  ab_vamb: 3.22367e-03  ce_vamb: 7.19103e-01  sse_vamb: 3.47874e-02  kld_vamb: 9.13005e-03  loss_labels: 1.10581e-02  ce_labels_labels: 2.18596e-03  kld_labels: 5.67820e+01  correct_labels_labels: 0.00000e+00  loss_joint: 7.60542e-01  ce_joint: 2.16262e+00  sse_joint: 2.39699e+01  ce_labels_joint: 1.52118e-03  kld_vamb_joint: 9.20391e+00  kld_labels_joint: 9.29076e+00  correct_labels_joint: 0.00000e+00  loss: 1.53783e+00
2026-08-13 10:59:45.015 | INFO    | 		Epoch: 35  loss_vamb: 7.66481e-01  ab_vamb: 3.37836e-03  ce_vamb: 7.19090e-01  sse_vamb: 3.48749e-02  kld_vamb: 9.16711e-03  loss_labels: 1.10429e-02  ce_labels_labels: 2.07420e-03  kld_labels: 5.73997e+01  correct_labels_labels: 0.00000e+00  loss_joint: 7.60746e-01  ce_joint: 2.16275e+00  sse_joint: 2.38907e+01  ce_labels_joint: 1.66492e-03  kld_vamb_joint: 9.06731e+00  kld_labels_joint: 9.20921e+00  correct_labels_joint: 0.00000e+00  loss: 1.53827e+00
2026-08-13 10:59:48.944 | INFO    | 		Epoch: 36  loss_vamb: 7.66286e-01  ab_vamb: 3.42346e-03  ce_vamb: 7.19023e-01  sse_vamb: 3.47115e-02  kld_vamb: 9.15933e-03  loss_labels: 1.13157e-02  ce_labels_labels: 2.27000e-03  kld_labels: 5.78928e+01  correct_labels_labels: 0.00000e+00  loss_joint: 7.60156e-01  ce_joint: 2.16244e+00  sse_joint: 2.37129e+01  ce_labels_joint: 1.57303e-03  kld_vamb_joint: 8.95160e+00  kld_labels_joint: 9.10115e+00  correct_labels_joint: 0.00000e+00  loss: 1.53776e+00
2026-08-13 10:59:52.325 | INFO    | 		Epoch: 37  loss_vamb: 7.66123e-01  ab_vamb: 3.27674e-03  ce_vamb: 7.18945e-01  sse_vamb: 3.46974e-02  kld_vamb: 9.16661e-03  loss_labels: 1.21057e-02  ce_labels_labels: 2.75666e-03  kld_labels: 5.98337e+01  correct_labels_labels: 0.00000e+00  loss_joint: 7.60867e-01  ce_joint: 2.16247e+00  sse_joint: 2.37613e+01  ce_labels_joint: 2.25956e-03  kld_vamb_joint: 8.88198e+00  kld_labels_joint: 8.91438e+00  correct_labels_joint: 0.00000e+00  loss: 1.53910e+00
2026-08-13 10:59:55.668 | INFO    | 		Epoch: 38  loss_vamb: 7.66059e-01  ab_vamb: 3.24486e-03  ce_vamb: 7.18954e-01  sse_vamb: 3.47285e-02  kld_vamb: 9.16319e-03  loss_labels: 1.11492e-02  ce_labels_labels: 1.69448e-03  kld_labels: 6.05102e+01  correct_labels_labels: 0.00000e+00  loss_joint: 7.60186e-01  ce_joint: 2.16246e+00  sse_joint: 2.37205e+01  ce_labels_joint: 1.73602e-03  kld_vamb_joint: 8.77086e+00  kld_labels_joint: 8.84225e+00  correct_labels_joint: 0.00000e+00  loss: 1.53739e+00
2026-08-13 10:59:58.894 | INFO    | 		Epoch: 39  loss_vamb: 7.66026e-01  ab_vamb: 3.39360e-03  ce_vamb: 7.18876e-01  sse_vamb: 3.46016e-02  kld_vamb: 9.13367e-03  loss_labels: 1.09202e-02  ce_labels_labels: 1.83335e-03  kld_labels: 5.81561e+01  correct_labels_labels: 0.00000e+00  loss_joint: 7.60759e-01  ce_joint: 2.16240e+00  sse_joint: 2.35989e+01  ce_labels_joint: 2.34901e-03  kld_vamb_joint: 8.68888e+00  kld_labels_joint: 8.80510e+00  correct_labels_joint: 0.00000e+00  loss: 1.53771e+00
2026-08-13 11:00:02.454 | INFO    | 		Epoch: 40  loss_vamb: 7.65966e-01  ab_vamb: 3.25112e-03  ce_vamb: 7.18900e-01  sse_vamb: 3.45964e-02  kld_vamb: 9.19150e-03  loss_labels: 1.09958e-02  ce_labels_labels: 2.13614e-03  kld_labels: 5.67021e+01  correct_labels_labels: 0.00000e+00  loss_joint: 7.59795e-01  ce_joint: 2.16219e+00  sse_joint: 2.35983e+01  ce_labels_joint: 1.64839e-03  kld_vamb_joint: 8.59783e+00  kld_labels_joint: 8.72342e+00  correct_labels_joint: 0.00000e+00  loss: 1.53676e+00
2026-08-13 11:00:05.910 | INFO    | 		Epoch: 41  loss_vamb: 7.65706e-01  ab_vamb: 3.18887e-03  ce_vamb: 7.18843e-01  sse_vamb: 3.45091e-02  kld_vamb: 9.16862e-03  loss_labels: 1.09644e-02  ce_labels_labels: 1.88599e-03  kld_labels: 5.81020e+01  correct_labels_labels: 0.00000e+00  loss_joint: 7.59371e-01  ce_joint: 2.16223e+00  sse_joint: 2.34402e+01  ce_labels_joint: 1.48434e-03  kld_vamb_joint: 8.49970e+00  kld_labels_joint: 8.62932e+00  correct_labels_joint: 0.00000e+00  loss: 1.53604e+00
2026-08-13 11:00:09.606 | INFO    | 		Epoch: 42  loss_vamb: 7.65705e-01  ab_vamb: 3.33856e-03  ce_vamb: 7.18826e-01  sse_vamb: 3.44424e-02  kld_vamb: 9.11941e-03  loss_labels: 1.11770e-02  ce_labels_labels: 2.09189e-03  kld_labels: 5.81446e+01  correct_labels_labels: 0.00000e+00  loss_joint: 7.59423e-01  ce_joint: 2.16236e+00  sse_joint: 2.33996e+01  ce_labels_joint: 1.49954e-03  kld_vamb_joint: 8.38242e+00  kld_labels_joint: 8.56302e+00  correct_labels_joint: 0.00000e+00  loss: 1.53631e+00
2026-08-13 11:00:13.151 | INFO    | 		Epoch: 43  loss_vamb: 7.65609e-01  ab_vamb: 3.11172e-03  ce_vamb: 7.18829e-01  sse_vamb: 3.44554e-02  kld_vamb: 9.20604e-03  loss_labels: 1.09635e-02  ce_labels_labels: 1.97655e-03  kld_labels: 5.75164e+01  correct_labels_labels: 0.00000e+00  loss_joint: 7.58813e-01  ce_joint: 2.16217e+00  sse_joint: 2.33654e+01  ce_labels_joint: 1.31358e-03  kld_vamb_joint: 8.31509e+00  kld_labels_joint: 8.54203e+00  correct_labels_joint: 0.00000e+00  loss: 1.53538e+00
2026-08-13 11:00:16.631 | INFO    | 		Epoch: 44  loss_vamb: 7.65456e-01  ab_vamb: 3.21948e-03  ce_vamb: 7.18697e-01  sse_vamb: 3.43708e-02  kld_vamb: 9.17591e-03  loss_labels: 1.03741e-02  ce_labels_labels: 1.60101e-03  kld_labels: 5.61479e+01  correct_labels_labels: 0.00000e+00  loss_joint: 7.59380e-01  ce_joint: 2.16196e+00  sse_joint: 2.33670e+01  ce_labels_joint: 1.82448e-03  kld_vamb_joint: 8.20775e+00  kld_labels_joint: 8.46520e+00  correct_labels_joint: 0.00000e+00  loss: 1.53521e+00
2026-08-13 11:00:20.663 | INFO    | 		Epoch: 45  loss_vamb: 7.65497e-01  ab_vamb: 3.14662e-03  ce_vamb: 7.18738e-01  sse_vamb: 3.44444e-02  kld_vamb: 9.16686e-03  loss_labels: 1.05655e-02  ce_labels_labels: 2.02318e-03  kld_labels: 5.46711e+01  correct_labels_labels: 0.00000e+00  loss_joint: 7.59513e-01  ce_joint: 2.16229e+00  sse_joint: 2.32846e+01  ce_labels_joint: 2.04567e-03  kld_vamb_joint: 8.07328e+00  kld_labels_joint: 8.41019e+00  correct_labels_joint: 0.00000e+00  loss: 1.53558e+00
2026-08-13 11:00:24.068 | INFO    | 		Epoch: 46  loss_vamb: 7.65564e-01  ab_vamb: 3.35485e-03  ce_vamb: 7.18706e-01  sse_vamb: 3.43320e-02  kld_vamb: 9.14633e-03  loss_labels: 1.03621e-02  ce_labels_labels: 1.83703e-03  kld_labels: 5.45604e+01  correct_labels_labels: 0.00000e+00  loss_joint: 7.59592e-01  ce_joint: 2.16215e+00  sse_joint: 2.31927e+01  ce_labels_joint: 2.14686e-03  kld_vamb_joint: 7.97595e+00  kld_labels_joint: 8.32605e+00  correct_labels_joint: 0.00000e+00  loss: 1.53552e+00
2026-08-13 11:00:27.639 | INFO    | 		Epoch: 47  loss_vamb: 7.65239e-01  ab_vamb: 3.22976e-03  ce_vamb: 7.18560e-01  sse_vamb: 3.42811e-02  kld_vamb: 9.19802e-03  loss_labels: 1.02500e-02  ce_labels_labels: 1.81281e-03  kld_labels: 5.39979e+01  correct_labels_labels: 0.00000e+00  loss_joint: 7.59537e-01  ce_joint: 2.16190e+00  sse_joint: 2.32027e+01  ce_labels_joint: 2.30878e-03  kld_vamb_joint: 7.92474e+00  kld_labels_joint: 8.27641e+00  correct_labels_joint: 0.00000e+00  loss: 1.53503e+00
2026-08-13 11:00:31.237 | INFO    | 		Epoch: 48  loss_vamb: 7.65383e-01  ab_vamb: 3.28157e-03  ce_vamb: 7.18658e-01  sse_vamb: 3.42959e-02  kld_vamb: 9.14807e-03  loss_labels: 1.07941e-02  ce_labels_labels: 2.07911e-03  kld_labels: 5.57757e+01  correct_labels_labels: 0.00000e+00  loss_joint: 7.59557e-01  ce_joint: 2.16217e+00  sse_joint: 2.32379e+01  ce_labels_joint: 2.09793e-03  kld_vamb_joint: 7.94315e+00  kld_labels_joint: 8.21025e+00  correct_labels_joint: 0.00000e+00  loss: 1.53573e+00
2026-08-13 11:00:34.830 | INFO    | 		Epoch: 49  loss_vamb: 7.65228e-01  ab_vamb: 3.20240e-03  ce_vamb: 7.18661e-01  sse_vamb: 3.42170e-02  kld_vamb: 9.15929e-03  loss_labels: 1.03157e-02  ce_labels_labels: 1.62007e-03  kld_labels: 5.56524e+01  correct_labels_labels: 0.00000e+00  loss_joint: 7.59294e-01  ce_joint: 2.16189e+00  sse_joint: 2.31905e+01  ce_labels_joint: 2.15685e-03  kld_vamb_joint: 7.86825e+00  kld_labels_joint: 8.14519e+00  correct_labels_joint: 0.00000e+00  loss: 1.53484e+00
2026-08-13 11:00:38.378 | INFO    | 		Epoch: 50  loss_vamb: 7.65169e-01  ab_vamb: 3.12596e-03  ce_vamb: 7.18638e-01  sse_vamb: 3.42801e-02  kld_vamb: 9.12361e-03  loss_labels: 1.07541e-02  ce_labels_labels: 2.30237e-03  kld_labels: 5.40913e+01  correct_labels_labels: 0.00000e+00  loss_joint: 7.60228e-01  ce_joint: 2.16198e+00  sse_joint: 2.33009e+01  ce_labels_joint: 2.87977e-03  kld_vamb_joint: 7.89004e+00  kld_labels_joint: 8.17924e+00  correct_labels_joint: 0.00000e+00  loss: 1.53615e+00
2026-08-13 11:00:41.899 | INFO    | 		Epoch: 51  loss_vamb: 7.65406e-01  ab_vamb: 3.29303e-03  ce_vamb: 7.18628e-01  sse_vamb: 3.42802e-02  kld_vamb: 9.17040e-03  loss_labels: 1.13088e-02  ce_labels_labels: 2.19124e-03  kld_labels: 5.83527e+01  correct_labels_labels: 0.00000e+00  loss_joint: 7.59204e-01  ce_joint: 2.16198e+00  sse_joint: 2.32134e+01  ce_labels_joint: 1.82999e-03  kld_vamb_joint: 7.79854e+00  kld_labels_joint: 8.02200e+00  correct_labels_joint: 0.00000e+00  loss: 1.53592e+00
2026-08-13 11:00:45.525 | INFO    | 		Epoch: 52  loss_vamb: 7.65105e-01  ab_vamb: 3.14998e-03  ce_vamb: 7.18567e-01  sse_vamb: 3.42064e-02  kld_vamb: 9.20795e-03  loss_labels: 1.11423e-02  ce_labels_labels: 1.68081e-03  kld_labels: 6.05534e+01  correct_labels_labels: 0.00000e+00  loss_joint: 7.58662e-01  ce_joint: 2.16186e+00  sse_joint: 2.30234e+01  ce_labels_joint: 1.82411e-03  kld_vamb_joint: 7.67438e+00  kld_labels_joint: 7.89725e+00  correct_labels_joint: 0.00000e+00  loss: 1.53491e+00
2026-08-13 11:00:48.873 | INFO    | 		Epoch: 53  loss_vamb: 7.64841e-01  ab_vamb: 3.14002e-03  ce_vamb: 7.18563e-01  sse_vamb: 3.40250e-02  kld_vamb: 9.13652e-03  loss_labels: 1.08997e-02  ce_labels_labels: 1.87708e-03  kld_labels: 5.77450e+01  correct_labels_labels: 0.00000e+00  loss_joint: 7.59594e-01  ce_joint: 2.16189e+00  sse_joint: 2.29966e+01  ce_labels_joint: 2.77364e-03  kld_vamb_joint: 7.67226e+00  kld_labels_joint: 7.96387e+00  correct_labels_joint: 0.00000e+00  loss: 1.53534e+00
2026-08-13 11:00:52.384 | INFO    | 		Epoch: 54  loss_vamb: 7.65023e-01  ab_vamb: 3.20810e-03  ce_vamb: 7.18537e-01  sse_vamb: 3.40982e-02  kld_vamb: 9.17151e-03  loss_labels: 1.18003e-02  ce_labels_labels: 2.79453e-03  kld_labels: 5.76371e+01  correct_labels_labels: 0.00000e+00  loss_joint: 7.59661e-01  ce_joint: 2.16194e+00  sse_joint: 2.30455e+01  ce_labels_joint: 2.70903e-03  kld_vamb_joint: 7.62136e+00  kld_labels_joint: 7.95367e+00  correct_labels_joint: 0.00000e+00  loss: 1.53648e+00
2026-08-13 11:00:55.947 | INFO    | 		Epoch: 55  loss_vamb: 7.64984e-01  ab_vamb: 3.20303e-03  ce_vamb: 7.18475e-01  sse_vamb: 3.41438e-02  kld_vamb: 9.17162e-03  loss_labels: 1.13030e-02  ce_labels_labels: 2.22657e-03  kld_labels: 5.80893e+01  correct_labels_labels: 0.00000e+00  loss_joint: 7.64888e-01  ce_joint: 2.16217e+00  sse_joint: 2.34435e+01  ce_labels_joint: 7.22837e-03  kld_vamb_joint: 7.69671e+00  kld_labels_joint: 7.94874e+00  correct_labels_joint: 0.00000e+00  loss: 1.54117e+00
2026-08-13 11:00:59.563 | INFO    | 		Epoch: 56  loss_vamb: 7.65179e-01  ab_vamb: 3.19371e-03  ce_vamb: 7.18573e-01  sse_vamb: 3.42373e-02  kld_vamb: 9.20502e-03  loss_labels: 1.20902e-02  ce_labels_labels: 2.59492e-03  kld_labels: 6.07696e+01  correct_labels_labels: 0.00000e+00  loss_joint: 7.69168e-01  ce_joint: 2.16276e+00  sse_joint: 2.38459e+01  ce_labels_joint: 1.05811e-02  kld_vamb_joint: 7.88287e+00  kld_labels_joint: 7.98123e+00  correct_labels_joint: 0.00000e+00  loss: 1.54644e+00
2026-08-13 11:01:03.044 | INFO    | 		Epoch: 57  loss_vamb: 7.65017e-01  ab_vamb: 3.15657e-03  ce_vamb: 7.18492e-01  sse_vamb: 3.42361e-02  kld_vamb: 9.13920e-03  loss_labels: 1.09681e-02  ce_labels_labels: 1.69617e-03  kld_labels: 5.93405e+01  correct_labels_labels: 0.00000e+00  loss_joint: 7.67153e-01  ce_joint: 2.16276e+00  sse_joint: 2.38258e+01  ce_labels_joint: 8.52794e-03  kld_vamb_joint: 8.04333e+00  kld_labels_joint: 8.09604e+00  correct_labels_joint: 0.00000e+00  loss: 1.54314e+00
2026-08-13 11:01:06.773 | INFO    | 		Epoch: 58  loss_vamb: 7.65038e-01  ab_vamb: 3.25789e-03  ce_vamb: 7.18454e-01  sse_vamb: 3.42173e-02  kld_vamb: 9.12044e-03  loss_labels: 1.15512e-02  ce_labels_labels: 2.28386e-03  kld_labels: 5.93108e+01  correct_labels_labels: 0.00000e+00  loss_joint: 7.68612e-01  ce_joint: 2.16289e+00  sse_joint: 2.40322e+01  ce_labels_joint: 9.37580e-03  kld_vamb_joint: 8.34466e+00  kld_labels_joint: 8.39931e+00  correct_labels_joint: 0.00000e+00  loss: 1.54520e+00
2026-08-13 11:01:10.542 | INFO    | 		Epoch: 59  loss_vamb: 7.64890e-01  ab_vamb: 3.11962e-03  ce_vamb: 7.18468e-01  sse_vamb: 3.41936e-02  kld_vamb: 9.13933e-03  loss_labels: 1.19426e-02  ce_labels_labels: 2.59899e-03  kld_labels: 5.97994e+01  correct_labels_labels: 0.00000e+00  loss_joint: 7.66150e-01  ce_joint: 2.16259e+00  sse_joint: 2.39465e+01  ce_labels_joint: 7.27880e-03  kld_vamb_joint: 8.48619e+00  kld_labels_joint: 8.51669e+00  correct_labels_joint: 0.00000e+00  loss: 1.54298e+00
2026-08-13 11:01:13.899 | INFO    | 		Epoch: 60  loss_vamb: 7.64920e-01  ab_vamb: 3.25376e-03  ce_vamb: 7.18436e-01  sse_vamb: 3.41469e-02  kld_vamb: 9.07209e-03  loss_labels: 1.24403e-02  ce_labels_labels: 3.12967e-03  kld_labels: 5.95881e+01  correct_labels_labels: 0.00000e+00  loss_joint: 7.66899e-01  ce_joint: 2.16259e+00  sse_joint: 2.40134e+01  ce_labels_joint: 7.84755e-03  kld_vamb_joint: 8.66315e+00  kld_labels_joint: 8.63761e+00  correct_labels_joint: 0.00000e+00  loss: 1.54426e+00
2026-08-13 11:01:17.291 | INFO    | 		Epoch: 61  loss_vamb: 7.64753e-01  ab_vamb: 3.13896e-03  ce_vamb: 7.18392e-01  sse_vamb: 3.41370e-02  kld_vamb: 9.11456e-03  loss_labels: 1.14005e-02  ce_labels_labels: 1.99609e-03  kld_labels: 6.01881e+01  correct_labels_labels: 0.00000e+00  loss_joint: 7.65921e-01  ce_joint: 2.16257e+00  sse_joint: 2.39311e+01  ce_labels_joint: 6.93240e-03  kld_vamb_joint: 8.79523e+00  kld_labels_joint: 8.78490e+00  correct_labels_joint: 0.00000e+00  loss: 1.54207e+00
2026-08-13 11:01:20.948 | INFO    | 		Epoch: 62  loss_vamb: 7.64793e-01  ab_vamb: 3.16064e-03  ce_vamb: 7.18446e-01  sse_vamb: 3.40503e-02  kld_vamb: 9.11573e-03  loss_labels: 1.09681e-02  ce_labels_labels: 2.03243e-03  kld_labels: 5.71881e+01  correct_labels_labels: 0.00000e+00  loss_joint: 7.67255e-01  ce_joint: 2.16262e+00  sse_joint: 2.37963e+01  ce_labels_joint: 8.31805e-03  kld_vamb_joint: 8.90107e+00  kld_labels_joint: 8.96380e+00  correct_labels_joint: 0.00000e+00  loss: 1.54302e+00
2026-08-13 11:01:24.932 | INFO    | 		Epoch: 63  loss_vamb: 7.64934e-01  ab_vamb: 3.20222e-03  ce_vamb: 7.18367e-01  sse_vamb: 3.42322e-02  kld_vamb: 9.12901e-03  loss_labels: 1.10548e-02  ce_labels_labels: 2.16439e-03  kld_labels: 5.68987e+01  correct_labels_labels: 0.00000e+00  loss_joint: 7.70099e-01  ce_joint: 2.16278e+00  sse_joint: 2.39499e+01  ce_labels_joint: 1.08312e-02  kld_vamb_joint: 8.93417e+00  kld_labels_joint: 8.99509e+00  correct_labels_joint: 0.00000e+00  loss: 1.54609e+00
2026-08-13 11:01:28.993 | INFO    | 		Epoch: 64  loss_vamb: 7.64631e-01  ab_vamb: 3.06666e-03  ce_vamb: 7.18374e-01  sse_vamb: 3.41223e-02  kld_vamb: 9.07872e-03  loss_labels: 1.10304e-02  ce_labels_labels: 2.16366e-03  kld_labels: 5.67472e+01  correct_labels_labels: 0.00000e+00  loss_joint: 7.67317e-01  ce_joint: 2.16271e+00  sse_joint: 2.40429e+01  ce_labels_joint: 7.95014e-03  kld_vamb_joint: 9.14438e+00  kld_labels_joint: 9.16230e+00  correct_labels_joint: 0.00000e+00  loss: 1.54298e+00
2026-08-13 11:01:33.012 | INFO    | 		Epoch: 65  loss_vamb: 7.64690e-01  ab_vamb: 3.19133e-03  ce_vamb: 7.18363e-01  sse_vamb: 3.40494e-02  kld_vamb: 9.10037e-03  loss_labels: 1.12168e-02  ce_labels_labels: 2.54564e-03  kld_labels: 5.54955e+01  correct_labels_labels: 0.00000e+00  loss_joint: 7.69836e-01  ce_joint: 2.16243e+00  sse_joint: 2.39387e+01  ce_labels_joint: 1.06378e-02  kld_vamb_joint: 9.34976e+00  kld_labels_joint: 9.43832e+00  correct_labels_joint: 0.00000e+00  loss: 1.54574e+00
2026-08-13 11:01:36.714 | INFO    | 		Epoch: 66  loss_vamb: 7.64567e-01  ab_vamb: 3.11570e-03  ce_vamb: 7.18327e-01  sse_vamb: 3.40642e-02  kld_vamb: 9.06753e-03  loss_labels: 1.34244e-02  ce_labels_labels: 4.44330e-03  kld_labels: 5.74789e+01  correct_labels_labels: 0.00000e+00  loss_joint: 7.66606e-01  ce_joint: 2.16221e+00  sse_joint: 2.39397e+01  ce_labels_joint: 7.59681e-03  kld_vamb_joint: 9.43012e+00  kld_labels_joint: 9.39830e+00  correct_labels_joint: 0.00000e+00  loss: 1.54460e+00
2026-08-13 11:01:40.438 | INFO    | 		Epoch: 67  loss_vamb: 7.64625e-01  ab_vamb: 3.08298e-03  ce_vamb: 7.18296e-01  sse_vamb: 3.41822e-02  kld_vamb: 9.08634e-03  loss_labels: 1.26787e-02  ce_labels_labels: 3.15006e-03  kld_labels: 6.09832e+01  correct_labels_labels: 0.00000e+00  loss_joint: 7.66466e-01  ce_joint: 2.16229e+00  sse_joint: 2.39750e+01  ce_labels_joint: 7.31548e-03  kld_vamb_joint: 9.41438e+00  kld_labels_joint: 9.31404e+00  correct_labels_joint: 0.00000e+00  loss: 1.54377e+00
2026-08-13 11:01:44.103 | INFO    | 		Epoch: 68  loss_vamb: 7.64400e-01  ab_vamb: 3.06476e-03  ce_vamb: 7.18241e-01  sse_vamb: 3.39233e-02  kld_vamb: 9.15988e-03  loss_labels: 1.29204e-02  ce_labels_labels: 3.30432e-03  kld_labels: 6.15429e+01  correct_labels_labels: 0.00000e+00  loss_joint: 7.66081e-01  ce_joint: 2.16199e+00  sse_joint: 2.37360e+01  ce_labels_joint: 7.57531e-03  kld_vamb_joint: 9.45558e+00  kld_labels_joint: 9.41711e+00  correct_labels_joint: 0.00000e+00  loss: 1.54340e+00
2026-08-13 11:01:47.611 | INFO    | 		Epoch: 69  loss_vamb: 7.64539e-01  ab_vamb: 3.07355e-03  ce_vamb: 7.18356e-01  sse_vamb: 3.40165e-02  kld_vamb: 9.12945e-03  loss_labels: 1.25989e-02  ce_labels_labels: 2.72659e-03  kld_labels: 6.31825e+01  correct_labels_labels: 0.00000e+00  loss_joint: 7.64745e-01  ce_joint: 2.16208e+00  sse_joint: 2.36977e+01  ce_labels_joint: 6.08883e-03  kld_vamb_joint: 9.54109e+00  kld_labels_joint: 9.52891e+00  correct_labels_joint: 0.00000e+00  loss: 1.54188e+00
2026-08-13 11:01:50.969 | INFO    | 		Epoch: 70  loss_vamb: 7.64445e-01  ab_vamb: 3.21888e-03  ce_vamb: 7.18234e-01  sse_vamb: 3.38673e-02  kld_vamb: 9.13152e-03  loss_labels: 1.23178e-02  ce_labels_labels: 2.56259e-03  kld_labels: 6.24331e+01  correct_labels_labels: 0.00000e+00  loss_joint: 7.63844e-01  ce_joint: 2.16184e+00  sse_joint: 2.35757e+01  ce_labels_joint: 5.39449e-03  kld_vamb_joint: 9.53095e+00  kld_labels_joint: 9.40386e+00  correct_labels_joint: 0.00000e+00  loss: 1.54061e+00
2026-08-13 11:01:54.710 | INFO    | 		Epoch: 71  loss_vamb: 7.64258e-01  ab_vamb: 3.07435e-03  ce_vamb: 7.18241e-01  sse_vamb: 3.38429e-02  kld_vamb: 9.08113e-03  loss_labels: 1.21462e-02  ce_labels_labels: 2.61561e-03  kld_labels: 6.09955e+01  correct_labels_labels: 0.00000e+00  loss_joint: 7.63245e-01  ce_joint: 2.16199e+00  sse_joint: 2.34900e+01  ce_labels_joint: 4.88124e-03  kld_vamb_joint: 9.62661e+00  kld_labels_joint: 9.49893e+00  correct_labels_joint: 0.00000e+00  loss: 1.53965e+00
2026-08-13 11:01:58.457 | INFO    | 		Epoch: 72  loss_vamb: 7.64402e-01  ab_vamb: 3.23192e-03  ce_vamb: 7.18220e-01  sse_vamb: 3.38590e-02  kld_vamb: 9.12755e-03  loss_labels: 1.24369e-02  ce_labels_labels: 2.52780e-03  kld_labels: 6.34184e+01  correct_labels_labels: 0.00000e+00  loss_joint: 7.61550e-01  ce_joint: 2.16179e+00  sse_joint: 2.33780e+01  ce_labels_joint: 3.42327e-03  kld_vamb_joint: 9.56223e+00  kld_labels_joint: 9.37878e+00  correct_labels_joint: 0.00000e+00  loss: 1.53839e+00
2026-08-13 11:02:01.832 | INFO    | 		Epoch: 73  loss_vamb: 7.64111e-01  ab_vamb: 3.05484e-03  ce_vamb: 7.18211e-01  sse_vamb: 3.37119e-02  kld_vamb: 9.13634e-03  loss_labels: 1.10267e-02  ce_labels_labels: 1.65731e-03  kld_labels: 5.99644e+01  correct_labels_labels: 0.00000e+00  loss_joint: 7.61166e-01  ce_joint: 2.16157e+00  sse_joint: 2.32317e+01  ce_labels_joint: 3.55396e-03  kld_vamb_joint: 9.48800e+00  kld_labels_joint: 9.46845e+00  correct_labels_joint: 0.00000e+00  loss: 1.53630e+00
2026-08-13 11:02:05.095 | INFO    | 		Epoch: 74  loss_vamb: 7.63956e-01  ab_vamb: 3.06705e-03  ce_vamb: 7.18178e-01  sse_vamb: 3.36888e-02  kld_vamb: 9.08896e-03  loss_labels: 1.11097e-02  ce_labels_labels: 2.10831e-03  kld_labels: 5.76092e+01  correct_labels_labels: 0.00000e+00  loss_joint: 7.60882e-01  ce_joint: 2.16158e+00  sse_joint: 2.30561e+01  ce_labels_joint: 3.60674e-03  kld_vamb_joint: 9.30810e+00  kld_labels_joint: 9.46833e+00  correct_labels_joint: 0.00000e+00  loss: 1.53595e+00
2026-08-13 11:02:08.216 | INFO    | 		Epoch: 75  loss_vamb: 7.62758e-01  ab_vamb: 2.79235e-03  ce_vamb: 7.17799e-01  sse_vamb: 3.33821e-02  kld_vamb: 9.05176e-03  loss_labels: 1.09395e-02  ce_labels_labels: 1.75187e-03  kld_labels: 5.88010e+01  correct_labels_labels: 0.00000e+00  loss_joint: 7.60991e-01  ce_joint: 2.16066e+00  sse_joint: 2.28817e+01  ce_labels_joint: 4.63554e-03  kld_vamb_joint: 9.31848e+00  kld_labels_joint: 9.43277e+00  correct_labels_joint: 0.00000e+00  loss: 1.53469e+00
2026-08-13 11:02:11.298 | INFO    | 		Epoch: 76  loss_vamb: 7.62903e-01  ab_vamb: 2.77791e-03  ce_vamb: 7.17888e-01  sse_vamb: 3.32150e-02  kld_vamb: 9.07906e-03  loss_labels: 1.02744e-02  ce_labels_labels: 1.19188e-03  kld_labels: 5.81282e+01  correct_labels_labels: 0.00000e+00  loss_joint: 7.58347e-01  ce_joint: 2.16066e+00  sse_joint: 2.26396e+01  ce_labels_joint: 2.32404e-03  kld_vamb_joint: 9.15440e+00  kld_labels_joint: 9.30510e+00  correct_labels_joint: 0.00000e+00  loss: 1.53152e+00
2026-08-13 11:02:14.239 | INFO    | 		Epoch: 77  loss_vamb: 7.62513e-01  ab_vamb: 2.77080e-03  ce_vamb: 7.17707e-01  sse_vamb: 3.31787e-02  kld_vamb: 9.07999e-03  loss_labels: 1.02491e-02  ce_labels_labels: 1.45974e-03  kld_labels: 5.62521e+01  correct_labels_labels: 0.00000e+00  loss_joint: 7.56540e-01  ce_joint: 2.15983e+00  sse_joint: 2.25533e+01  ce_labels_joint: 1.03840e-03  kld_vamb_joint: 9.13402e+00  kld_labels_joint: 9.32514e+00  correct_labels_joint: 0.00000e+00  loss: 1.52930e+00
2026-08-13 11:02:17.374 | INFO    | 		Epoch: 78  loss_vamb: 7.62911e-01  ab_vamb: 2.75076e-03  ce_vamb: 7.17777e-01  sse_vamb: 3.30689e-02  kld_vamb: 9.07051e-03  loss_labels: 9.67432e-03  ce_labels_labels: 1.20108e-03  kld_labels: 5.42288e+01  correct_labels_labels: 0.00000e+00  loss_joint: 7.56574e-01  ce_joint: 2.16026e+00  sse_joint: 2.24017e+01  ce_labels_joint: 7.60324e-04  kld_vamb_joint: 9.02911e+00  kld_labels_joint: 9.32241e+00  correct_labels_joint: 0.00000e+00  loss: 1.52916e+00
2026-08-13 11:02:20.741 | INFO    | 		Epoch: 79  loss_vamb: 7.62510e-01  ab_vamb: 2.73043e-03  ce_vamb: 7.17680e-01  sse_vamb: 3.30639e-02  kld_vamb: 9.05657e-03  loss_labels: 9.47629e-03  ce_labels_labels: 1.28073e-03  kld_labels: 5.24516e+01  correct_labels_labels: 0.00000e+00  loss_joint: 7.56083e-01  ce_joint: 2.16014e+00  sse_joint: 2.23250e+01  ce_labels_joint: 7.50124e-04  kld_vamb_joint: 8.93167e+00  kld_labels_joint: 9.32241e+00  correct_labels_joint: 0.00000e+00  loss: 1.52807e+00
2026-08-13 11:02:24.142 | INFO    | 		Epoch: 80  loss_vamb: 7.62550e-01  ab_vamb: 2.66856e-03  ce_vamb: 7.17752e-01  sse_vamb: 3.30488e-02  kld_vamb: 8.99536e-03  loss_labels: 9.22577e-03  ce_labels_labels: 1.15267e-03  kld_labels: 5.16679e+01  correct_labels_labels: 0.00000e+00  loss_joint: 7.56511e-01  ce_joint: 2.15993e+00  sse_joint: 2.22408e+01  ce_labels_joint: 1.34735e-03  kld_vamb_joint: 8.83552e+00  kld_labels_joint: 9.27445e+00  correct_labels_joint: 0.00000e+00  loss: 1.52829e+00
2026-08-13 11:02:27.288 | INFO    | 		Epoch: 81  loss_vamb: 7.62371e-01  ab_vamb: 2.69144e-03  ce_vamb: 7.17692e-01  sse_vamb: 3.29884e-02  kld_vamb: 9.09039e-03  loss_labels: 9.96087e-03  ce_labels_labels: 1.87662e-03  kld_labels: 5.17392e+01  correct_labels_labels: 0.00000e+00  loss_joint: 7.55815e-01  ce_joint: 2.15992e+00  sse_joint: 2.21394e+01  ce_labels_joint: 1.00126e-03  kld_vamb_joint: 8.73193e+00  kld_labels_joint: 9.21031e+00  correct_labels_joint: 0.00000e+00  loss: 1.52815e+00
2026-08-13 11:02:30.305 | INFO    | 		Epoch: 82  loss_vamb: 7.62903e-01  ab_vamb: 2.68715e-03  ce_vamb: 7.17661e-01  sse_vamb: 3.30827e-02  kld_vamb: 9.06872e-03  loss_labels: 1.00535e-02  ce_labels_labels: 1.82805e-03  kld_labels: 5.26427e+01  correct_labels_labels: 0.00000e+00  loss_joint: 7.55903e-01  ce_joint: 2.15960e+00  sse_joint: 2.21100e+01  ce_labels_joint: 7.94496e-04  kld_vamb_joint: 8.64724e+00  kld_labels_joint: 9.08641e+00  correct_labels_joint: 0.00000e+00  loss: 1.52886e+00
2026-08-13 11:02:33.446 | INFO    | 		Epoch: 83  loss_vamb: 7.63108e-01  ab_vamb: 2.80006e-03  ce_vamb: 7.17821e-01  sse_vamb: 3.30802e-02  kld_vamb: 9.06808e-03  loss_labels: 9.26187e-03  ce_labels_labels: 1.01285e-03  kld_labels: 5.27937e+01  correct_labels_labels: 0.00000e+00  loss_joint: 7.56264e-01  ce_joint: 2.16017e+00  sse_joint: 2.20950e+01  ce_labels_joint: 1.06738e-03  kld_vamb_joint: 8.55978e+00  kld_labels_joint: 9.01709e+00  correct_labels_joint: 0.00000e+00  loss: 1.52863e+00
2026-08-13 11:02:36.585 | INFO    | 		Epoch: 84  loss_vamb: 7.62789e-01  ab_vamb: 2.78772e-03  ce_vamb: 7.17683e-01  sse_vamb: 3.29391e-02  kld_vamb: 9.12711e-03  loss_labels: 9.13687e-03  ce_labels_labels: 1.10737e-03  kld_labels: 5.13888e+01  correct_labels_labels: 0.00000e+00  loss_joint: 7.55602e-01  ce_joint: 2.15977e+00  sse_joint: 2.19634e+01  ce_labels_joint: 8.20842e-04  kld_vamb_joint: 8.47123e+00  kld_labels_joint: 8.98401e+00  correct_labels_joint: 0.00000e+00  loss: 1.52753e+00
2026-08-13 11:02:39.761 | INFO    | 		Epoch: 85  loss_vamb: 7.62175e-01  ab_vamb: 2.75550e-03  ce_vamb: 7.17585e-01  sse_vamb: 3.29122e-02  kld_vamb: 9.10923e-03  loss_labels: 9.65550e-03  ce_labels_labels: 1.83529e-03  kld_labels: 5.00493e+01  correct_labels_labels: 0.00000e+00  loss_joint: 7.54829e-01  ce_joint: 2.15944e+00  sse_joint: 2.18944e+01  ce_labels_joint: 7.35351e-04  kld_vamb_joint: 8.38361e+00  kld_labels_joint: 8.94030e+00  correct_labels_joint: 0.00000e+00  loss: 1.52666e+00
2026-08-13 11:02:42.898 | INFO    | 		Epoch: 86  loss_vamb: 7.62078e-01  ab_vamb: 2.70601e-03  ce_vamb: 7.17771e-01  sse_vamb: 3.29580e-02  kld_vamb: 9.02772e-03  loss_labels: 9.47776e-03  ce_labels_labels: 1.62211e-03  kld_labels: 5.02762e+01  correct_labels_labels: 0.00000e+00  loss_joint: 7.54680e-01  ce_joint: 2.16007e+00  sse_joint: 2.18804e+01  ce_labels_joint: 6.76838e-04  kld_vamb_joint: 8.32695e+00  kld_labels_joint: 8.91248e+00  correct_labels_joint: 0.00000e+00  loss: 1.52624e+00
2026-08-13 11:02:45.766 | INFO    | 		Epoch: 87  loss_vamb: 7.62293e-01  ab_vamb: 2.68441e-03  ce_vamb: 7.17687e-01  sse_vamb: 3.28986e-02  kld_vamb: 9.09282e-03  loss_labels: 8.56193e-03  ce_labels_labels: 8.36998e-04  kld_labels: 4.94395e+01  correct_labels_labels: 0.00000e+00  loss_joint: 7.55017e-01  ce_joint: 2.15985e+00  sse_joint: 2.17621e+01  ce_labels_joint: 9.39002e-04  kld_vamb_joint: 8.20321e+00  kld_labels_joint: 8.88056e+00  correct_labels_joint: 0.00000e+00  loss: 1.52587e+00
2026-08-13 11:02:48.794 | INFO    | 		Epoch: 88  loss_vamb: 7.61924e-01  ab_vamb: 2.71717e-03  ce_vamb: 7.17617e-01  sse_vamb: 3.29210e-02  kld_vamb: 9.06929e-03  loss_labels: 8.98511e-03  ce_labels_labels: 1.36766e-03  kld_labels: 4.87517e+01  correct_labels_labels: 0.00000e+00  loss_joint: 7.54442e-01  ce_joint: 2.15966e+00  sse_joint: 2.17688e+01  ce_labels_joint: 7.29181e-04  kld_vamb_joint: 8.13820e+00  kld_labels_joint: 8.82590e+00  correct_labels_joint: 0.00000e+00  loss: 1.52535e+00
2026-08-13 11:02:52.303 | INFO    | 		Epoch: 89  loss_vamb: 7.62283e-01  ab_vamb: 2.63825e-03  ce_vamb: 7.17663e-01  sse_vamb: 3.27963e-02  kld_vamb: 9.10522e-03  loss_labels: 8.76252e-03  ce_labels_labels: 1.19528e-03  kld_labels: 4.84303e+01  correct_labels_labels: 0.00000e+00  loss_joint: 7.54530e-01  ce_joint: 2.15977e+00  sse_joint: 2.17053e+01  ce_labels_joint: 5.56701e-04  kld_vamb_joint: 8.07070e+00  kld_labels_joint: 8.79286e+00  correct_labels_joint: 0.00000e+00  loss: 1.52558e+00
2026-08-13 11:02:55.642 | INFO    | 		Epoch: 90  loss_vamb: 7.62159e-01  ab_vamb: 2.69647e-03  ce_vamb: 7.17689e-01  sse_vamb: 3.28102e-02  kld_vamb: 9.10541e-03  loss_labels: 9.08973e-03  ce_labels_labels: 1.51564e-03  kld_labels: 4.84742e+01  correct_labels_labels: 0.00000e+00  loss_joint: 7.54317e-01  ce_joint: 2.15966e+00  sse_joint: 2.16644e+01  ce_labels_joint: 6.39382e-04  kld_vamb_joint: 7.99305e+00  kld_labels_joint: 8.75587e+00  correct_labels_joint: 0.00000e+00  loss: 1.52557e+00
2026-08-13 11:02:58.717 | INFO    | 		Epoch: 91  loss_vamb: 7.62329e-01  ab_vamb: 2.70840e-03  ce_vamb: 7.17626e-01  sse_vamb: 3.28144e-02  kld_vamb: 9.05771e-03  loss_labels: 9.44449e-03  ce_labels_labels: 1.60604e-03  kld_labels: 5.01661e+01  correct_labels_labels: 0.00000e+00  loss_joint: 7.54852e-01  ce_joint: 2.15959e+00  sse_joint: 2.15845e+01  ce_labels_joint: 1.01209e-03  kld_vamb_joint: 7.91693e+00  kld_labels_joint: 8.60770e+00  correct_labels_joint: 0.00000e+00  loss: 1.52663e+00
2026-08-13 11:03:02.144 | INFO    | 		Epoch: 92  loss_vamb: 7.62429e-01  ab_vamb: 2.65190e-03  ce_vamb: 7.17685e-01  sse_vamb: 3.27563e-02  kld_vamb: 9.08150e-03  loss_labels: 9.48805e-03  ce_labels_labels: 1.51978e-03  kld_labels: 5.09970e+01  correct_labels_labels: 0.00000e+00  loss_joint: 7.54555e-01  ce_joint: 2.15984e+00  sse_joint: 2.15901e+01  ce_labels_joint: 6.51299e-04  kld_vamb_joint: 7.85369e+00  kld_labels_joint: 8.52528e+00  correct_labels_joint: 0.00000e+00  loss: 1.52647e+00
2026-08-13 11:03:05.577 | INFO    | 		Epoch: 93  loss_vamb: 7.62160e-01  ab_vamb: 2.74248e-03  ce_vamb: 7.17610e-01  sse_vamb: 3.27153e-02  kld_vamb: 9.11103e-03  loss_labels: 9.46394e-03  ce_labels_labels: 1.59135e-03  kld_labels: 5.03845e+01  correct_labels_labels: 0.00000e+00  loss_joint: 7.53974e-01  ce_joint: 2.15953e+00  sse_joint: 2.14910e+01  ce_labels_joint: 5.16288e-04  kld_vamb_joint: 7.75098e+00  kld_labels_joint: 8.47349e+00  correct_labels_joint: 0.00000e+00  loss: 1.52560e+00
2026-08-13 11:03:09.168 | INFO    | 		Epoch: 94  loss_vamb: 7.62419e-01  ab_vamb: 2.78451e-03  ce_vamb: 7.17448e-01  sse_vamb: 3.27344e-02  kld_vamb: 9.11402e-03  loss_labels: 9.07706e-03  ce_labels_labels: 1.27045e-03  kld_labels: 4.99623e+01  correct_labels_labels: 0.00000e+00  loss_joint: 7.54788e-01  ce_joint: 2.15924e+00  sse_joint: 2.14573e+01  ce_labels_joint: 1.11880e-03  kld_vamb_joint: 7.69571e+00  kld_labels_joint: 8.45498e+00  correct_labels_joint: 0.00000e+00  loss: 1.52628e+00
2026-08-13 11:03:12.256 | INFO    | 		Epoch: 95  loss_vamb: 7.61976e-01  ab_vamb: 2.70919e-03  ce_vamb: 7.17570e-01  sse_vamb: 3.27691e-02  kld_vamb: 9.10580e-03  loss_labels: 8.57660e-03  ce_labels_labels: 1.03986e-03  kld_labels: 4.82352e+01  correct_labels_labels: 0.00000e+00  loss_joint: 7.53897e-01  ce_joint: 2.15958e+00  sse_joint: 2.15005e+01  ce_labels_joint: 6.26484e-04  kld_vamb_joint: 7.64357e+00  kld_labels_joint: 8.47562e+00  correct_labels_joint: 0.00000e+00  loss: 1.52445e+00
2026-08-13 11:03:15.278 | INFO    | 		Epoch: 96  loss_vamb: 7.62303e-01  ab_vamb: 2.70836e-03  ce_vamb: 7.17577e-01  sse_vamb: 3.27879e-02  kld_vamb: 9.15149e-03  loss_labels: 9.04723e-03  ce_labels_labels: 1.69942e-03  kld_labels: 4.70260e+01  correct_labels_labels: 0.00000e+00  loss_joint: 7.53938e-01  ce_joint: 2.15942e+00  sse_joint: 2.14570e+01  ce_labels_joint: 5.58285e-04  kld_vamb_joint: 7.56180e+00  kld_labels_joint: 8.44848e+00  correct_labels_joint: 0.00000e+00  loss: 1.52529e+00
2026-08-13 11:03:18.105 | INFO    | 		Epoch: 97  loss_vamb: 7.62636e-01  ab_vamb: 2.75301e-03  ce_vamb: 7.17688e-01  sse_vamb: 3.27158e-02  kld_vamb: 9.12802e-03  loss_labels: 9.22241e-03  ce_labels_labels: 1.80914e-03  kld_labels: 4.74449e+01  correct_labels_labels: 0.00000e+00  loss_joint: 7.54227e-01  ce_joint: 2.15972e+00  sse_joint: 2.13759e+01  ce_labels_joint: 5.96845e-04  kld_vamb_joint: 7.47776e+00  kld_labels_joint: 8.35784e+00  correct_labels_joint: 0.00000e+00  loss: 1.52609e+00
2026-08-13 11:03:21.192 | INFO    | 		Epoch: 98  loss_vamb: 7.61958e-01  ab_vamb: 2.67221e-03  ce_vamb: 7.17488e-01  sse_vamb: 3.27042e-02  kld_vamb: 9.17252e-03  loss_labels: 8.80862e-03  ce_labels_labels: 1.17026e-03  kld_labels: 4.88855e+01  correct_labels_labels: 0.00000e+00  loss_joint: 7.53424e-01  ce_joint: 2.15926e+00  sse_joint: 2.13727e+01  ce_labels_joint: 4.27754e-04  kld_vamb_joint: 7.41368e+00  kld_labels_joint: 8.26934e+00  correct_labels_joint: 0.00000e+00  loss: 1.52419e+00
2026-08-13 11:03:24.275 | INFO    | 		Epoch: 99  loss_vamb: 7.62063e-01  ab_vamb: 2.67360e-03  ce_vamb: 7.17539e-01  sse_vamb: 3.27170e-02  kld_vamb: 9.10690e-03  loss_labels: 8.77251e-03  ce_labels_labels: 1.06166e-03  kld_labels: 4.93494e+01  correct_labels_labels: 0.00000e+00  loss_joint: 7.53836e-01  ce_joint: 2.15902e+00  sse_joint: 2.13144e+01  ce_labels_joint: 9.73556e-04  kld_vamb_joint: 7.37743e+00  kld_labels_joint: 8.20747e+00  correct_labels_joint: 0.00000e+00  loss: 1.52467e+00
2026-08-13 11:03:27.393 | INFO    | 		Epoch: 100  loss_vamb: 7.61864e-01  ab_vamb: 2.62293e-03  ce_vamb: 7.17569e-01  sse_vamb: 3.26166e-02  kld_vamb: 9.11940e-03  loss_labels: 9.16031e-03  ce_labels_labels: 1.45828e-03  kld_labels: 4.92930e+01  correct_labels_labels: 0.00000e+00  loss_joint: 7.53556e-01  ce_joint: 2.15958e+00  sse_joint: 2.13131e+01  ce_labels_joint: 6.20820e-04  kld_vamb_joint: 7.34054e+00  kld_labels_joint: 8.15181e+00  correct_labels_joint: 0.00000e+00  loss: 1.52458e+00
2026-08-13 11:03:30.399 | INFO    | 		Epoch: 101  loss_vamb: 7.61683e-01  ab_vamb: 2.67579e-03  ce_vamb: 7.17568e-01  sse_vamb: 3.25809e-02  kld_vamb: 9.14719e-03  loss_labels: 8.91431e-03  ce_labels_labels: 1.34578e-03  kld_labels: 4.84386e+01  correct_labels_labels: 0.00000e+00  loss_joint: 7.53211e-01  ce_joint: 2.15950e+00  sse_joint: 2.12911e+01  ce_labels_joint: 5.50431e-04  kld_vamb_joint: 7.23986e+00  kld_labels_joint: 8.11775e+00  correct_labels_joint: 0.00000e+00  loss: 1.52381e+00
2026-08-13 11:03:33.522 | INFO    | 		Epoch: 102  loss_vamb: 7.62243e-01  ab_vamb: 2.67806e-03  ce_vamb: 7.17586e-01  sse_vamb: 3.27173e-02  kld_vamb: 9.12061e-03  loss_labels: 8.99969e-03  ce_labels_labels: 1.53411e-03  kld_labels: 4.77797e+01  correct_labels_labels: 0.00000e+00  loss_joint: 7.53630e-01  ce_joint: 2.15947e+00  sse_joint: 2.12987e+01  ce_labels_joint: 5.83070e-04  kld_vamb_joint: 7.19501e+00  kld_labels_joint: 8.12065e+00  correct_labels_joint: 0.00000e+00  loss: 1.52487e+00
2026-08-13 11:03:36.584 | INFO    | 		Epoch: 103  loss_vamb: 7.61966e-01  ab_vamb: 2.64759e-03  ce_vamb: 7.17580e-01  sse_vamb: 3.25195e-02  kld_vamb: 9.11544e-03  loss_labels: 8.49129e-03  ce_labels_labels: 1.07942e-03  kld_labels: 4.74360e+01  correct_labels_labels: 0.00000e+00  loss_joint: 7.54481e-01  ce_joint: 2.15965e+00  sse_joint: 2.11964e+01  ce_labels_joint: 1.54741e-03  kld_vamb_joint: 7.17999e+00  kld_labels_joint: 8.10090e+00  correct_labels_joint: 0.00000e+00  loss: 1.52494e+00
2026-08-13 11:03:40.060 | INFO    | 		Epoch: 104  loss_vamb: 7.62135e-01  ab_vamb: 2.73183e-03  ce_vamb: 7.17553e-01  sse_vamb: 3.26086e-02  kld_vamb: 9.13968e-03  loss_labels: 9.40658e-03  ce_labels_labels: 1.93364e-03  kld_labels: 4.78268e+01  correct_labels_labels: 0.00000e+00  loss_joint: 7.54158e-01  ce_joint: 2.15948e+00  sse_joint: 2.13043e+01  ce_labels_joint: 1.00021e-03  kld_vamb_joint: 7.16023e+00  kld_labels_joint: 8.04843e+00  correct_labels_joint: 0.00000e+00  loss: 1.52570e+00
2026-08-13 11:03:43.683 | INFO    | 		Epoch: 105  loss_vamb: 7.62140e-01  ab_vamb: 2.68930e-03  ce_vamb: 7.17555e-01  sse_vamb: 3.26137e-02  kld_vamb: 9.17115e-03  loss_labels: 9.12347e-03  ce_labels_labels: 1.36700e-03  kld_labels: 4.96414e+01  correct_labels_labels: 0.00000e+00  loss_joint: 7.53947e-01  ce_joint: 2.15936e+00  sse_joint: 2.13150e+01  ce_labels_joint: 9.34555e-04  kld_vamb_joint: 7.08729e+00  kld_labels_joint: 7.90389e+00  correct_labels_joint: 0.00000e+00  loss: 1.52521e+00
2026-08-13 11:03:46.908 | INFO    | 		Epoch: 106  loss_vamb: 7.62216e-01  ab_vamb: 2.75966e-03  ce_vamb: 7.17586e-01  sse_vamb: 3.26428e-02  kld_vamb: 9.16385e-03  loss_labels: 9.33899e-03  ce_labels_labels: 1.54310e-03  kld_labels: 4.98937e+01  correct_labels_labels: 0.00000e+00  loss_joint: 7.54050e-01  ce_joint: 2.15950e+00  sse_joint: 2.12907e+01  ce_labels_joint: 1.08128e-03  kld_vamb_joint: 7.08175e+00  kld_labels_joint: 7.90586e+00  correct_labels_joint: 0.00000e+00  loss: 1.52561e+00
2026-08-13 11:03:49.954 | INFO    | 		Epoch: 107  loss_vamb: 7.61573e-01  ab_vamb: 2.60171e-03  ce_vamb: 7.17578e-01  sse_vamb: 3.26568e-02  kld_vamb: 9.15694e-03  loss_labels: 9.67590e-03  ce_labels_labels: 1.80036e-03  kld_labels: 5.04035e+01  correct_labels_labels: 0.00000e+00  loss_joint: 7.53341e-01  ce_joint: 2.15933e+00  sse_joint: 2.12962e+01  ce_labels_joint: 9.63301e-04  kld_vamb_joint: 7.05387e+00  kld_labels_joint: 7.86336e+00  correct_labels_joint: 0.00000e+00  loss: 1.52459e+00
2026-08-13 11:03:53.195 | INFO    | 		Epoch: 108  loss_vamb: 7.62226e-01  ab_vamb: 2.61637e-03  ce_vamb: 7.17617e-01  sse_vamb: 3.25988e-02  kld_vamb: 9.16443e-03  loss_labels: 9.08200e-03  ce_labels_labels: 1.19033e-03  kld_labels: 5.05067e+01  correct_labels_labels: 0.00000e+00  loss_joint: 7.54143e-01  ce_joint: 2.15945e+00  sse_joint: 2.12835e+01  ce_labels_joint: 1.11530e-03  kld_vamb_joint: 7.00988e+00  kld_labels_joint: 7.78555e+00  correct_labels_joint: 0.00000e+00  loss: 1.52545e+00
2026-08-13 11:03:56.138 | INFO    | 		Epoch: 109  loss_vamb: 7.62064e-01  ab_vamb: 2.76426e-03  ce_vamb: 7.17584e-01  sse_vamb: 3.25800e-02  kld_vamb: 9.12472e-03  loss_labels: 9.08529e-03  ce_labels_labels: 1.30158e-03  kld_labels: 4.98158e+01  correct_labels_labels: 0.00000e+00  loss_joint: 7.53471e-01  ce_joint: 2.15927e+00  sse_joint: 2.13010e+01  ce_labels_joint: 6.23528e-04  kld_vamb_joint: 7.02015e+00  kld_labels_joint: 7.81419e+00  correct_labels_joint: 0.00000e+00  loss: 1.52462e+00
2026-08-13 11:03:59.146 | INFO    | 		Epoch: 110  loss_vamb: 7.61739e-01  ab_vamb: 2.67861e-03  ce_vamb: 7.17495e-01  sse_vamb: 3.25082e-02  kld_vamb: 9.15064e-03  loss_labels: 8.90747e-03  ce_labels_labels: 1.18588e-03  kld_labels: 4.94182e+01  correct_labels_labels: 0.00000e+00  loss_joint: 7.53049e-01  ce_joint: 2.15906e+00  sse_joint: 2.12195e+01  ce_labels_joint: 5.04526e-04  kld_vamb_joint: 6.91597e+00  kld_labels_joint: 7.74280e+00  correct_labels_joint: 0.00000e+00  loss: 1.52370e+00
2026-08-13 11:04:01.999 | INFO    | 		Epoch: 111  loss_vamb: 7.61992e-01  ab_vamb: 2.71740e-03  ce_vamb: 7.17542e-01  sse_vamb: 3.26191e-02  kld_vamb: 9.13417e-03  loss_labels: 8.84209e-03  ce_labels_labels: 1.22915e-03  kld_labels: 4.87228e+01  correct_labels_labels: 0.00000e+00  loss_joint: 7.53446e-01  ce_joint: 2.15913e+00  sse_joint: 2.11862e+01  ce_labels_joint: 8.80045e-04  kld_vamb_joint: 6.88634e+00  kld_labels_joint: 7.74778e+00  correct_labels_joint: 0.00000e+00  loss: 1.52428e+00
2026-08-13 11:04:04.909 | INFO    | 		Epoch: 112  loss_vamb: 7.61969e-01  ab_vamb: 2.65781e-03  ce_vamb: 7.17594e-01  sse_vamb: 3.24870e-02  kld_vamb: 9.12526e-03  loss_labels: 9.11125e-03  ce_labels_labels: 1.60515e-03  kld_labels: 4.80390e+01  correct_labels_labels: 0.00000e+00  loss_joint: 7.53722e-01  ce_joint: 2.15945e+00  sse_joint: 2.11827e+01  ce_labels_joint: 9.42411e-04  kld_vamb_joint: 6.83615e+00  kld_labels_joint: 7.74076e+00  correct_labels_joint: 0.00000e+00  loss: 1.52480e+00
2026-08-13 11:04:08.276 | INFO    | 		Epoch: 113  loss_vamb: 7.61697e-01  ab_vamb: 2.63099e-03  ce_vamb: 7.17475e-01  sse_vamb: 3.25451e-02  kld_vamb: 9.18256e-03  loss_labels: 8.88937e-03  ce_labels_labels: 1.26689e-03  kld_labels: 4.87839e+01  correct_labels_labels: 0.00000e+00  loss_joint: 7.52906e-01  ce_joint: 2.15909e+00  sse_joint: 2.11474e+01  ce_labels_joint: 5.86110e-04  kld_vamb_joint: 6.77200e+00  kld_labels_joint: 7.70486e+00  correct_labels_joint: 0.00000e+00  loss: 1.52349e+00
2026-08-13 11:04:11.529 | INFO    | 		Epoch: 114  loss_vamb: 7.61788e-01  ab_vamb: 2.68482e-03  ce_vamb: 7.17390e-01  sse_vamb: 3.24535e-02  kld_vamb: 9.14381e-03  loss_labels: 8.51068e-03  ce_labels_labels: 9.32334e-04  kld_labels: 4.85014e+01  correct_labels_labels: 0.00000e+00  loss_joint: 7.53147e-01  ce_joint: 2.15865e+00  sse_joint: 2.10447e+01  ce_labels_joint: 8.70831e-04  kld_vamb_joint: 6.70482e+00  kld_labels_joint: 7.66587e+00  correct_labels_joint: 0.00000e+00  loss: 1.52345e+00
2026-08-13 11:04:15.027 | INFO    | 		Epoch: 115  loss_vamb: 7.61733e-01  ab_vamb: 2.74600e-03  ce_vamb: 7.17485e-01  sse_vamb: 3.25089e-02  kld_vamb: 9.12099e-03  loss_labels: 9.04903e-03  ce_labels_labels: 1.57153e-03  kld_labels: 4.78560e+01  correct_labels_labels: 0.00000e+00  loss_joint: 7.52794e-01  ce_joint: 2.15907e+00  sse_joint: 2.10567e+01  ce_labels_joint: 6.27708e-04  kld_vamb_joint: 6.71808e+00  kld_labels_joint: 7.68223e+00  correct_labels_joint: 0.00000e+00  loss: 1.52358e+00
2026-08-13 11:04:18.238 | INFO    | 		Epoch: 116  loss_vamb: 7.61648e-01  ab_vamb: 2.62060e-03  ce_vamb: 7.17489e-01  sse_vamb: 3.23837e-02  kld_vamb: 9.15612e-03  loss_labels: 8.48402e-03  ce_labels_labels: 1.07829e-03  kld_labels: 4.73967e+01  correct_labels_labels: 0.00000e+00  loss_joint: 7.52665e-01  ce_joint: 2.15903e+00  sse_joint: 2.10254e+01  ce_labels_joint: 4.87191e-04  kld_vamb_joint: 6.65278e+00  kld_labels_joint: 7.63060e+00  correct_labels_joint: 0.00000e+00  loss: 1.52280e+00
2026-08-13 11:04:21.419 | INFO    | 		Epoch: 117  loss_vamb: 7.61653e-01  ab_vamb: 2.66054e-03  ce_vamb: 7.17447e-01  sse_vamb: 3.24002e-02  kld_vamb: 9.16481e-03  loss_labels: 9.23500e-03  ce_labels_labels: 1.81559e-03  kld_labels: 4.74842e+01  correct_labels_labels: 0.00000e+00  loss_joint: 7.52895e-01  ce_joint: 2.15932e+00  sse_joint: 2.09315e+01  ce_labels_joint: 7.30077e-04  kld_vamb_joint: 6.59476e+00  kld_labels_joint: 7.58770e+00  correct_labels_joint: 0.00000e+00  loss: 1.52378e+00
2026-08-13 11:04:24.490 | INFO    | 		Epoch: 118  loss_vamb: 7.61463e-01  ab_vamb: 2.67430e-03  ce_vamb: 7.17353e-01  sse_vamb: 3.24800e-02  kld_vamb: 9.15017e-03  loss_labels: 9.16659e-03  ce_labels_labels: 1.55909e-03  kld_labels: 4.86880e+01  correct_labels_labels: 0.00000e+00  loss_joint: 7.52467e-01  ce_joint: 2.15881e+00  sse_joint: 2.09823e+01  ce_labels_joint: 7.03564e-04  kld_vamb_joint: 6.56531e+00  kld_labels_joint: 7.50944e+00  correct_labels_joint: 0.00000e+00  loss: 1.52310e+00
2026-08-13 11:04:27.527 | INFO    | 		Epoch: 119  loss_vamb: 7.61666e-01  ab_vamb: 2.53253e-03  ce_vamb: 7.17460e-01  sse_vamb: 3.23686e-02  kld_vamb: 9.13759e-03  loss_labels: 9.36080e-03  ce_labels_labels: 1.64423e-03  kld_labels: 4.93861e+01  correct_labels_labels: 0.00000e+00  loss_joint: 7.52563e-01  ce_joint: 2.15899e+00  sse_joint: 2.09164e+01  ce_labels_joint: 4.26865e-04  kld_vamb_joint: 6.50797e+00  kld_labels_joint: 7.44964e+00  correct_labels_joint: 0.00000e+00  loss: 1.52359e+00
2026-08-13 11:04:30.371 | INFO    | 		Epoch: 120  loss_vamb: 7.61346e-01  ab_vamb: 2.56880e-03  ce_vamb: 7.17420e-01  sse_vamb: 3.24238e-02  kld_vamb: 9.13424e-03  loss_labels: 9.53600e-03  ce_labels_labels: 1.70736e-03  kld_labels: 5.01033e+01  correct_labels_labels: 0.00000e+00  loss_joint: 7.52421e-01  ce_joint: 2.15883e+00  sse_joint: 2.08587e+01  ce_labels_joint: 8.53992e-04  kld_vamb_joint: 6.45118e+00  kld_labels_joint: 7.39676e+00  correct_labels_joint: 0.00000e+00  loss: 1.52330e+00
2026-08-13 11:04:33.376 | INFO    | 		Epoch: 121  loss_vamb: 7.61430e-01  ab_vamb: 2.60948e-03  ce_vamb: 7.17401e-01  sse_vamb: 3.23902e-02  kld_vamb: 9.16558e-03  loss_labels: 9.40680e-03  ce_labels_labels: 1.43754e-03  kld_labels: 5.10033e+01  correct_labels_labels: 0.00000e+00  loss_joint: 7.52404e-01  ce_joint: 2.15874e+00  sse_joint: 2.08904e+01  ce_labels_joint: 7.52883e-04  kld_vamb_joint: 6.44030e+00  kld_labels_joint: 7.35510e+00  correct_labels_joint: 0.00000e+00  loss: 1.52324e+00
2026-08-13 11:04:36.376 | INFO    | 		Epoch: 122  loss_vamb: 7.61712e-01  ab_vamb: 2.67860e-03  ce_vamb: 7.17582e-01  sse_vamb: 3.24538e-02  kld_vamb: 9.14583e-03  loss_labels: 9.19307e-03  ce_labels_labels: 1.28131e-03  kld_labels: 5.06352e+01  correct_labels_labels: 0.00000e+00  loss_joint: 7.53464e-01  ce_joint: 2.15963e+00  sse_joint: 2.09540e+01  ce_labels_joint: 1.36777e-03  kld_vamb_joint: 6.43811e+00  kld_labels_joint: 7.37431e+00  correct_labels_joint: 0.00000e+00  loss: 1.52437e+00
2026-08-13 11:04:39.426 | INFO    | 		Epoch: 123  loss_vamb: 7.61408e-01  ab_vamb: 2.66468e-03  ce_vamb: 7.17456e-01  sse_vamb: 3.24069e-02  kld_vamb: 9.14871e-03  loss_labels: 9.25176e-03  ce_labels_labels: 1.54120e-03  kld_labels: 4.93476e+01  correct_labels_labels: 0.00000e+00  loss_joint: 7.52761e-01  ce_joint: 2.15904e+00  sse_joint: 2.09860e+01  ce_labels_joint: 8.43673e-04  kld_vamb_joint: 6.46707e+00  kld_labels_joint: 7.39087e+00  correct_labels_joint: 0.00000e+00  loss: 1.52342e+00
2026-08-13 11:04:42.797 | INFO    | 		Epoch: 124  loss_vamb: 7.61721e-01  ab_vamb: 2.69562e-03  ce_vamb: 7.17547e-01  sse_vamb: 3.23568e-02  kld_vamb: 9.16894e-03  loss_labels: 9.26787e-03  ce_labels_labels: 1.51479e-03  kld_labels: 4.96197e+01  correct_labels_labels: 0.00000e+00  loss_joint: 7.52833e-01  ce_joint: 2.15946e+00  sse_joint: 2.09787e+01  ce_labels_joint: 6.20457e-04  kld_vamb_joint: 6.47382e+00  kld_labels_joint: 7.38794e+00  correct_labels_joint: 0.00000e+00  loss: 1.52382e+00
2026-08-13 11:04:45.910 | INFO    | 		Epoch: 125  loss_vamb: 7.61535e-01  ab_vamb: 2.65005e-03  ce_vamb: 7.17387e-01  sse_vamb: 3.24016e-02  kld_vamb: 9.18724e-03  loss_labels: 9.48682e-03  ce_labels_labels: 1.73676e-03  kld_labels: 4.96004e+01  correct_labels_labels: 0.00000e+00  loss_joint: 7.52373e-01  ce_joint: 2.15875e+00  sse_joint: 2.09021e+01  ce_labels_joint: 6.10716e-04  kld_vamb_joint: 6.44055e+00  kld_labels_joint: 7.36358e+00  correct_labels_joint: 0.00000e+00  loss: 1.52339e+00
2026-08-13 11:04:49.056 | INFO    | 		Epoch: 126  loss_vamb: 7.61898e-01  ab_vamb: 2.61203e-03  ce_vamb: 7.17529e-01  sse_vamb: 3.23992e-02  kld_vamb: 9.21519e-03  loss_labels: 9.25038e-03  ce_labels_labels: 1.41552e-03  kld_labels: 5.01431e+01  correct_labels_labels: 0.00000e+00  loss_joint: 7.52922e-01  ce_joint: 2.15921e+00  sse_joint: 2.09327e+01  ce_labels_joint: 7.45046e-04  kld_vamb_joint: 6.38262e+00  kld_labels_joint: 7.30211e+00  correct_labels_joint: 0.00000e+00  loss: 1.52407e+00
2026-08-13 11:04:52.075 | INFO    | 		Epoch: 127  loss_vamb: 7.61783e-01  ab_vamb: 2.64698e-03  ce_vamb: 7.17480e-01  sse_vamb: 3.23769e-02  kld_vamb: 9.18154e-03  loss_labels: 9.24205e-03  ce_labels_labels: 1.39091e-03  kld_labels: 5.02473e+01  correct_labels_labels: 0.00000e+00  loss_joint: 7.53307e-01  ce_joint: 2.15900e+00  sse_joint: 2.08608e+01  ce_labels_joint: 1.35051e-03  kld_vamb_joint: 6.36740e+00  kld_labels_joint: 7.31799e+00  correct_labels_joint: 0.00000e+00  loss: 1.52433e+00
2026-08-13 11:04:55.032 | INFO    | 		Epoch: 128  loss_vamb: 7.61684e-01  ab_vamb: 2.70082e-03  ce_vamb: 7.17419e-01  sse_vamb: 3.23705e-02  kld_vamb: 9.14776e-03  loss_labels: 9.71686e-03  ce_labels_labels: 1.88059e-03  kld_labels: 5.01521e+01  correct_labels_labels: 0.00000e+00  loss_joint: 7.53681e-01  ce_joint: 2.15898e+00  sse_joint: 2.09203e+01  ce_labels_joint: 1.62964e-03  kld_vamb_joint: 6.36673e+00  kld_labels_joint: 7.30121e+00  correct_labels_joint: 0.00000e+00  loss: 1.52508e+00
2026-08-13 11:04:58.062 | INFO    | 		Epoch: 129  loss_vamb: 7.61055e-01  ab_vamb: 2.61315e-03  ce_vamb: 7.17442e-01  sse_vamb: 3.23298e-02  kld_vamb: 9.15847e-03  loss_labels: 9.00372e-03  ce_labels_labels: 1.14980e-03  kld_labels: 5.02651e+01  correct_labels_labels: 0.00000e+00  loss_joint: 7.52793e-01  ce_joint: 2.15912e+00  sse_joint: 2.09128e+01  ce_labels_joint: 1.17646e-03  kld_vamb_joint: 6.36369e+00  kld_labels_joint: 7.27856e+00  correct_labels_joint: 0.00000e+00  loss: 1.52285e+00
2026-08-13 11:05:01.193 | INFO    | 		Epoch: 130  loss_vamb: 7.61721e-01  ab_vamb: 2.71276e-03  ce_vamb: 7.17342e-01  sse_vamb: 3.23158e-02  kld_vamb: 9.21717e-03  loss_labels: 9.05000e-03  ce_labels_labels: 1.23795e-03  kld_labels: 4.99971e+01  correct_labels_labels: 0.00000e+00  loss_joint: 7.53802e-01  ce_joint: 2.15876e+00  sse_joint: 2.09514e+01  ce_labels_joint: 1.75165e-03  kld_vamb_joint: 6.31965e+00  kld_labels_joint: 7.28832e+00  correct_labels_joint: 0.00000e+00  loss: 1.52457e+00
2026-08-13 11:05:04.483 | INFO    | 		Epoch: 131  loss_vamb: 7.61228e-01  ab_vamb: 2.73356e-03  ce_vamb: 7.17367e-01  sse_vamb: 3.23450e-02  kld_vamb: 9.20874e-03  loss_labels: 9.60278e-03  ce_labels_labels: 1.77373e-03  kld_labels: 5.01059e+01  correct_labels_labels: 0.00000e+00  loss_joint: 7.53408e-01  ce_joint: 2.15883e+00  sse_joint: 2.10761e+01  ce_labels_joint: 1.61732e-03  kld_vamb_joint: 6.41382e+00  kld_labels_joint: 7.31053e+00  correct_labels_joint: 0.00000e+00  loss: 1.52424e+00
2026-08-13 11:05:07.476 | INFO    | 		Epoch: 132  loss_vamb: 7.61586e-01  ab_vamb: 2.67753e-03  ce_vamb: 7.17478e-01  sse_vamb: 3.23407e-02  kld_vamb: 9.15487e-03  loss_labels: 9.43495e-03  ce_labels_labels: 1.53828e-03  kld_labels: 5.05386e+01  correct_labels_labels: 0.00000e+00  loss_joint: 7.54145e-01  ce_joint: 2.15942e+00  sse_joint: 2.10825e+01  ce_labels_joint: 1.77107e-03  kld_vamb_joint: 6.43967e+00  kld_labels_joint: 7.32630e+00  correct_labels_joint: 0.00000e+00  loss: 1.52517e+00
2026-08-13 11:05:10.436 | INFO    | 		Epoch: 133  loss_vamb: 7.61783e-01  ab_vamb: 2.69242e-03  ce_vamb: 7.17432e-01  sse_vamb: 3.23713e-02  kld_vamb: 9.13528e-03  loss_labels: 9.50148e-03  ce_labels_labels: 1.58642e-03  kld_labels: 5.06564e+01  correct_labels_labels: 0.00000e+00  loss_joint: 7.53975e-01  ce_joint: 2.15916e+00  sse_joint: 2.10766e+01  ce_labels_joint: 1.42365e-03  kld_vamb_joint: 6.43146e+00  kld_labels_joint: 7.33519e+00  correct_labels_joint: 0.00000e+00  loss: 1.52526e+00
2026-08-13 11:05:13.643 | INFO    | 		Epoch: 134  loss_vamb: 7.62194e-01  ab_vamb: 2.76621e-03  ce_vamb: 7.17482e-01  sse_vamb: 3.23363e-02  kld_vamb: 9.19211e-03  loss_labels: 9.76540e-03  ce_labels_labels: 1.71096e-03  kld_labels: 5.15484e+01  correct_labels_labels: 0.00000e+00  loss_joint: 7.53802e-01  ce_joint: 2.15902e+00  sse_joint: 2.11107e+01  ce_labels_joint: 1.01430e-03  kld_vamb_joint: 6.42903e+00  kld_labels_joint: 7.27420e+00  correct_labels_joint: 0.00000e+00  loss: 1.52576e+00
2026-08-13 11:05:16.717 | INFO    | 		Epoch: 135  loss_vamb: 7.61741e-01  ab_vamb: 2.68863e-03  ce_vamb: 7.17424e-01  sse_vamb: 3.22414e-02  kld_vamb: 9.22513e-03  loss_labels: 8.96977e-03  ce_labels_labels: 8.90796e-04  kld_labels: 5.17054e+01  correct_labels_labels: 0.00000e+00  loss_joint: 7.53148e-01  ce_joint: 2.15908e+00  sse_joint: 2.09632e+01  ce_labels_joint: 8.87549e-04  kld_vamb_joint: 6.40994e+00  kld_labels_joint: 7.29708e+00  correct_labels_joint: 0.00000e+00  loss: 1.52386e+00
2026-08-13 11:05:19.764 | INFO    | 		Epoch: 136  loss_vamb: 7.61451e-01  ab_vamb: 2.69487e-03  ce_vamb: 7.17451e-01  sse_vamb: 3.23157e-02  kld_vamb: 9.21665e-03  loss_labels: 8.97229e-03  ce_labels_labels: 9.97943e-04  kld_labels: 5.10358e+01  correct_labels_labels: 0.00000e+00  loss_joint: 7.53842e-01  ce_joint: 2.15913e+00  sse_joint: 2.10272e+01  ce_labels_joint: 1.87846e-03  kld_vamb_joint: 6.42108e+00  kld_labels_joint: 7.34822e+00  correct_labels_joint: 0.00000e+00  loss: 1.52427e+00
2026-08-13 11:05:22.953 | INFO    | 		Epoch: 137  loss_vamb: 7.61362e-01  ab_vamb: 2.66562e-03  ce_vamb: 7.17391e-01  sse_vamb: 3.24270e-02  kld_vamb: 9.19154e-03  loss_labels: 9.29776e-03  ce_labels_labels: 1.40410e-03  kld_labels: 5.05194e+01  correct_labels_labels: 0.00000e+00  loss_joint: 7.53339e-01  ce_joint: 2.15892e+00  sse_joint: 2.11196e+01  ce_labels_joint: 1.31821e-03  kld_vamb_joint: 6.43667e+00  kld_labels_joint: 7.37056e+00  correct_labels_joint: 0.00000e+00  loss: 1.52400e+00
2026-08-13 11:05:26.205 | INFO    | 		Epoch: 138  loss_vamb: 7.61453e-01  ab_vamb: 2.73711e-03  ce_vamb: 7.17316e-01  sse_vamb: 3.23595e-02  kld_vamb: 9.17213e-03  loss_labels: 9.87714e-03  ce_labels_labels: 2.04006e-03  kld_labels: 5.01573e+01  correct_labels_labels: 0.00000e+00  loss_joint: 7.54420e-01  ce_joint: 2.15919e+00  sse_joint: 2.11558e+01  ce_labels_joint: 2.02654e-03  kld_vamb_joint: 6.47629e+00  kld_labels_joint: 7.37231e+00  correct_labels_joint: 0.00000e+00  loss: 1.52575e+00
2026-08-13 11:05:29.298 | INFO    | 		Epoch: 139  loss_vamb: 7.61379e-01  ab_vamb: 2.56503e-03  ce_vamb: 7.17371e-01  sse_vamb: 3.23223e-02  kld_vamb: 9.16638e-03  loss_labels: 9.69341e-03  ce_labels_labels: 1.71593e-03  kld_labels: 5.10559e+01  correct_labels_labels: 0.00000e+00  loss_joint: 7.55098e-01  ce_joint: 2.15912e+00  sse_joint: 2.10999e+01  ce_labels_joint: 2.81491e-03  kld_vamb_joint: 6.47711e+00  kld_labels_joint: 7.36733e+00  correct_labels_joint: 0.00000e+00  loss: 1.52617e+00
2026-08-13 11:05:32.606 | INFO    | 		Epoch: 140  loss_vamb: 7.61610e-01  ab_vamb: 2.62078e-03  ce_vamb: 7.17400e-01  sse_vamb: 3.22444e-02  kld_vamb: 9.15684e-03  loss_labels: 9.74003e-03  ce_labels_labels: 1.63506e-03  kld_labels: 5.18718e+01  correct_labels_labels: 0.00000e+00  loss_joint: 7.55159e-01  ce_joint: 2.15933e+00  sse_joint: 2.12492e+01  ce_labels_joint: 2.26257e-03  kld_vamb_joint: 6.65890e+00  kld_labels_joint: 7.46077e+00  correct_labels_joint: 0.00000e+00  loss: 1.52651e+00
2026-08-13 11:05:35.855 | INFO    | 		Epoch: 141  loss_vamb: 7.61453e-01  ab_vamb: 2.58440e-03  ce_vamb: 7.17390e-01  sse_vamb: 3.24603e-02  kld_vamb: 9.17552e-03  loss_labels: 9.60082e-03  ce_labels_labels: 1.56736e-03  kld_labels: 5.14141e+01  correct_labels_labels: 0.00000e+00  loss_joint: 7.54729e-01  ce_joint: 2.15911e+00  sse_joint: 2.13398e+01  ce_labels_joint: 2.10967e-03  kld_vamb_joint: 6.74414e+00  kld_labels_joint: 7.50111e+00  correct_labels_joint: 0.00000e+00  loss: 1.52578e+00
2026-08-13 11:05:38.719 | INFO    | 		Epoch: 142  loss_vamb: 7.62155e-01  ab_vamb: 2.77124e-03  ce_vamb: 7.17366e-01  sse_vamb: 3.22921e-02  kld_vamb: 9.25007e-03  loss_labels: 9.44056e-03  ce_labels_labels: 1.48181e-03  kld_labels: 5.09360e+01  correct_labels_labels: 0.00000e+00  loss_joint: 7.56782e-01  ce_joint: 2.15926e+00  sse_joint: 2.13522e+01  ce_labels_joint: 3.31457e-03  kld_vamb_joint: 6.72302e+00  kld_labels_joint: 7.51627e+00  correct_labels_joint: 0.00000e+00  loss: 1.52838e+00
2026-08-13 11:05:41.887 | INFO    | 		Epoch: 143  loss_vamb: 7.61583e-01  ab_vamb: 2.71343e-03  ce_vamb: 7.17377e-01  sse_vamb: 3.23349e-02  kld_vamb: 9.17215e-03  loss_labels: 9.95628e-03  ce_labels_labels: 1.92550e-03  kld_labels: 5.13970e+01  correct_labels_labels: 0.00000e+00  loss_joint: 7.56160e-01  ce_joint: 2.15926e+00  sse_joint: 2.13417e+01  ce_labels_joint: 3.30729e-03  kld_vamb_joint: 6.68052e+00  kld_labels_joint: 7.46227e+00  correct_labels_joint: 0.00000e+00  loss: 1.52770e+00
2026-08-13 11:05:44.976 | INFO    | 		Epoch: 144  loss_vamb: 7.61703e-01  ab_vamb: 2.69857e-03  ce_vamb: 7.17307e-01  sse_vamb: 3.22829e-02  kld_vamb: 9.12700e-03  loss_labels: 9.43415e-03  ce_labels_labels: 1.25713e-03  kld_labels: 5.23329e+01  correct_labels_labels: 0.00000e+00  loss_joint: 7.55635e-01  ce_joint: 2.15907e+00  sse_joint: 2.13784e+01  ce_labels_joint: 2.45762e-03  kld_vamb_joint: 6.77607e+00  kld_labels_joint: 7.50446e+00  correct_labels_joint: 0.00000e+00  loss: 1.52677e+00
2026-08-13 11:05:48.438 | INFO    | 		Epoch: 145  loss_vamb: 7.61640e-01  ab_vamb: 2.66873e-03  ce_vamb: 7.17446e-01  sse_vamb: 3.22751e-02  kld_vamb: 9.19836e-03  loss_labels: 9.22731e-03  ce_labels_labels: 1.30716e-03  kld_labels: 5.06889e+01  correct_labels_labels: 0.00000e+00  loss_joint: 7.56452e-01  ce_joint: 2.15951e+00  sse_joint: 2.13618e+01  ce_labels_joint: 3.37641e-03  kld_vamb_joint: 6.81514e+00  kld_labels_joint: 7.61219e+00  correct_labels_joint: 0.00000e+00  loss: 1.52732e+00
2026-08-13 11:05:52.366 | INFO    | 		Epoch: 146  loss_vamb: 7.62003e-01  ab_vamb: 2.71783e-03  ce_vamb: 7.17317e-01  sse_vamb: 3.23523e-02  kld_vamb: 9.20070e-03  loss_labels: 9.52868e-03  ce_labels_labels: 1.72999e-03  kld_labels: 4.99116e+01  correct_labels_labels: 0.00000e+00  loss_joint: 7.56138e-01  ce_joint: 2.15929e+00  sse_joint: 2.14017e+01  ce_labels_joint: 2.66691e-03  kld_vamb_joint: 6.91139e+00  kld_labels_joint: 7.68408e+00  correct_labels_joint: 0.00000e+00  loss: 1.52767e+00
2026-08-13 11:05:55.629 | INFO    | 		Epoch: 147  loss_vamb: 7.61559e-01  ab_vamb: 2.59744e-03  ce_vamb: 7.17407e-01  sse_vamb: 3.22169e-02  kld_vamb: 9.17730e-03  loss_labels: 9.12870e-03  ce_labels_labels: 1.10967e-03  kld_labels: 5.13218e+01  correct_labels_labels: 0.00000e+00  loss_joint: 7.56520e-01  ce_joint: 2.15937e+00  sse_joint: 2.14364e+01  ce_labels_joint: 3.30975e-03  kld_vamb_joint: 6.92667e+00  kld_labels_joint: 7.66481e+00  correct_labels_joint: 0.00000e+00  loss: 1.52721e+00
2026-08-13 11:05:58.813 | INFO    | 		Epoch: 148  loss_vamb: 7.61602e-01  ab_vamb: 2.77724e-03  ce_vamb: 7.17415e-01  sse_vamb: 3.22773e-02  kld_vamb: 9.18356e-03  loss_labels: 9.40242e-03  ce_labels_labels: 1.49219e-03  kld_labels: 5.06255e+01  correct_labels_labels: 0.00000e+00  loss_joint: 7.56457e-01  ce_joint: 2.15965e+00  sse_joint: 2.15350e+01  ce_labels_joint: 2.98655e-03  kld_vamb_joint: 6.97293e+00  kld_labels_joint: 7.73128e+00  correct_labels_joint: 0.00000e+00  loss: 1.52746e+00
2026-08-13 11:06:01.876 | INFO    | 		Epoch: 149  loss_vamb: 7.61753e-01  ab_vamb: 2.62950e-03  ce_vamb: 7.17340e-01  sse_vamb: 3.24188e-02  kld_vamb: 9.17370e-03  loss_labels: 9.05206e-03  ce_labels_labels: 1.33699e-03  kld_labels: 4.93764e+01  correct_labels_labels: 0.00000e+00  loss_joint: 7.56549e-01  ce_joint: 2.15940e+00  sse_joint: 2.14743e+01  ce_labels_joint: 3.21078e-03  kld_vamb_joint: 6.96785e+00  kld_labels_joint: 7.76619e+00  correct_labels_joint: 0.00000e+00  loss: 1.52735e+00
2026-08-13 11:06:04.808 | INFO    | 		Epoch: 150  loss_vamb: 7.61698e-01  ab_vamb: 2.59185e-03  ce_vamb: 7.17219e-01  sse_vamb: 3.21140e-02  kld_vamb: 9.20224e-03  loss_labels: 8.74995e-03  ce_labels_labels: 1.05586e-03  kld_labels: 4.92422e+01  correct_labels_labels: 0.00000e+00  loss_joint: 7.55520e-01  ce_joint: 2.15891e+00  sse_joint: 2.13906e+01  ce_labels_joint: 2.17186e-03  kld_vamb_joint: 6.98679e+00  kld_labels_joint: 7.76476e+00  correct_labels_joint: 0.00000e+00  loss: 1.52597e+00
2026-08-13 11:06:07.520 | INFO    | 		Epoch: 151  loss_vamb: 7.60785e-01  ab_vamb: 2.42074e-03  ce_vamb: 7.17311e-01  sse_vamb: 3.19996e-02  kld_vamb: 9.19381e-03  loss_labels: 8.89441e-03  ce_labels_labels: 1.22193e-03  kld_labels: 4.91039e+01  correct_labels_labels: 0.00000e+00  loss_joint: 7.54388e-01  ce_joint: 2.15910e+00  sse_joint: 2.12808e+01  ce_labels_joint: 1.84702e-03  kld_vamb_joint: 6.98337e+00  kld_labels_joint: 7.76050e+00  correct_labels_joint: 0.00000e+00  loss: 1.52407e+00
2026-08-13 11:06:10.404 | INFO    | 		Epoch: 152  loss_vamb: 7.60926e-01  ab_vamb: 2.56961e-03  ce_vamb: 7.17250e-01  sse_vamb: 3.20282e-02  kld_vamb: 9.13122e-03  loss_labels: 8.71359e-03  ce_labels_labels: 1.09933e-03  kld_labels: 4.87313e+01  correct_labels_labels: 0.00000e+00  loss_joint: 7.53355e-01  ce_joint: 2.15875e+00  sse_joint: 2.11589e+01  ce_labels_joint: 1.05994e-03  kld_vamb_joint: 6.99063e+00  kld_labels_joint: 7.75842e+00  correct_labels_joint: 0.00000e+00  loss: 1.52299e+00
2026-08-13 11:06:13.543 | INFO    | 		Epoch: 153  loss_vamb: 7.60681e-01  ab_vamb: 2.44003e-03  ce_vamb: 7.17267e-01  sse_vamb: 3.18768e-02  kld_vamb: 9.18543e-03  loss_labels: 8.66004e-03  ce_labels_labels: 1.13712e-03  kld_labels: 4.81467e+01  correct_labels_labels: 0.00000e+00  loss_joint: 7.53213e-01  ce_joint: 2.15890e+00  sse_joint: 2.10487e+01  ce_labels_joint: 1.12463e-03  kld_vamb_joint: 6.94984e+00  kld_labels_joint: 7.74379e+00  correct_labels_joint: 0.00000e+00  loss: 1.52255e+00
2026-08-13 11:06:16.268 | INFO    | 		Epoch: 154  loss_vamb: 7.61173e-01  ab_vamb: 2.46075e-03  ce_vamb: 7.17105e-01  sse_vamb: 3.18653e-02  kld_vamb: 9.12470e-03  loss_labels: 8.20273e-03  ce_labels_labels: 7.50441e-04  kld_labels: 4.76947e+01  correct_labels_labels: 0.00000e+00  loss_joint: 7.53056e-01  ce_joint: 2.15832e+00  sse_joint: 2.09443e+01  ce_labels_joint: 6.39099e-04  kld_vamb_joint: 6.95810e+00  kld_labels_joint: 7.74853e+00  correct_labels_joint: 0.00000e+00  loss: 1.52243e+00
2026-08-13 11:06:19.000 | INFO    | 		Epoch: 155  loss_vamb: 7.60782e-01  ab_vamb: 2.43227e-03  ce_vamb: 7.16964e-01  sse_vamb: 3.18184e-02  kld_vamb: 9.10422e-03  loss_labels: 8.32569e-03  ce_labels_labels: 9.77697e-04  kld_labels: 4.70272e+01  correct_labels_labels: 0.00000e+00  loss_joint: 7.52972e-01  ce_joint: 2.15781e+00  sse_joint: 2.09509e+01  ce_labels_joint: 8.60189e-04  kld_vamb_joint: 6.93383e+00  kld_labels_joint: 7.76398e+00  correct_labels_joint: 0.00000e+00  loss: 1.52208e+00
2026-08-13 11:06:22.008 | INFO    | 		Epoch: 156  loss_vamb: 7.60635e-01  ab_vamb: 2.43860e-03  ce_vamb: 7.16963e-01  sse_vamb: 3.18418e-02  kld_vamb: 9.12167e-03  loss_labels: 8.43767e-03  ce_labels_labels: 1.18944e-03  kld_labels: 4.63887e+01  correct_labels_labels: 0.00000e+00  loss_joint: 7.52386e-01  ce_joint: 2.15796e+00  sse_joint: 2.09168e+01  ce_labels_joint: 5.27766e-04  kld_vamb_joint: 6.88434e+00  kld_labels_joint: 7.75805e+00  correct_labels_joint: 0.00000e+00  loss: 1.52146e+00
2026-08-13 11:06:24.704 | INFO    | 		Epoch: 157  loss_vamb: 7.60553e-01  ab_vamb: 2.41784e-03  ce_vamb: 7.17189e-01  sse_vamb: 3.18251e-02  kld_vamb: 9.09568e-03  loss_labels: 8.53679e-03  ce_labels_labels: 1.32562e-03  kld_labels: 4.61515e+01  correct_labels_labels: 0.00000e+00  loss_joint: 7.52172e-01  ce_joint: 2.15858e+00  sse_joint: 2.08261e+01  ce_labels_joint: 4.59071e-04  kld_vamb_joint: 6.84591e+00  kld_labels_joint: 7.74197e+00  correct_labels_joint: 0.00000e+00  loss: 1.52126e+00
2026-08-13 11:06:27.584 | INFO    | 		Epoch: 158  loss_vamb: 7.60796e-01  ab_vamb: 2.46328e-03  ce_vamb: 7.17197e-01  sse_vamb: 3.18169e-02  kld_vamb: 9.10088e-03  loss_labels: 8.31315e-03  ce_labels_labels: 1.18013e-03  kld_labels: 4.56513e+01  correct_labels_labels: 0.00000e+00  loss_joint: 7.52330e-01  ce_joint: 2.15826e+00  sse_joint: 2.07732e+01  ce_labels_joint: 6.22896e-04  kld_vamb_joint: 6.78731e+00  kld_labels_joint: 7.72201e+00  correct_labels_joint: 0.00000e+00  loss: 1.52144e+00
2026-08-13 11:06:30.398 | INFO    | 		Epoch: 159  loss_vamb: 7.60282e-01  ab_vamb: 2.35598e-03  ce_vamb: 7.16994e-01  sse_vamb: 3.18084e-02  kld_vamb: 9.13641e-03  loss_labels: 8.14186e-03  ce_labels_labels: 1.01074e-03  kld_labels: 4.56392e+01  correct_labels_labels: 0.00000e+00  loss_joint: 7.51970e-01  ce_joint: 2.15797e+00  sse_joint: 2.07115e+01  ce_labels_joint: 7.39456e-04  kld_vamb_joint: 6.74377e+00  kld_labels_joint: 7.71205e+00  correct_labels_joint: 0.00000e+00  loss: 1.52039e+00
2026-08-13 11:06:33.047 | INFO    | 		Epoch: 160  loss_vamb: 7.61004e-01  ab_vamb: 2.45397e-03  ce_vamb: 7.17202e-01  sse_vamb: 3.17583e-02  kld_vamb: 9.11902e-03  loss_labels: 7.94433e-03  ce_labels_labels: 8.21936e-04  kld_labels: 4.55833e+01  correct_labels_labels: 0.00000e+00  loss_joint: 7.52112e-01  ce_joint: 2.15831e+00  sse_joint: 2.06712e+01  ce_labels_joint: 3.33364e-04  kld_vamb_joint: 6.73943e+00  kld_labels_joint: 7.70289e+00  correct_labels_joint: 0.00000e+00  loss: 1.52106e+00
2026-08-13 11:06:35.876 | INFO    | 		Epoch: 161  loss_vamb: 7.60256e-01  ab_vamb: 2.45373e-03  ce_vamb: 7.16963e-01  sse_vamb: 3.18491e-02  kld_vamb: 9.10938e-03  loss_labels: 8.44902e-03  ce_labels_labels: 1.37225e-03  kld_labels: 4.52914e+01  correct_labels_labels: 0.00000e+00  loss_joint: 7.51507e-01  ce_joint: 2.15777e+00  sse_joint: 2.06888e+01  ce_labels_joint: 4.86293e-04  kld_vamb_joint: 6.70709e+00  kld_labels_joint: 7.70035e+00  correct_labels_joint: 0.00000e+00  loss: 1.52021e+00
2026-08-13 11:06:38.565 | INFO    | 		Epoch: 162  loss_vamb: 7.60138e-01  ab_vamb: 2.37054e-03  ce_vamb: 7.17186e-01  sse_vamb: 3.17382e-02  kld_vamb: 9.13074e-03  loss_labels: 8.35245e-03  ce_labels_labels: 1.25042e-03  kld_labels: 4.54530e+01  correct_labels_labels: 0.00000e+00  loss_joint: 7.51293e-01  ce_joint: 2.15822e+00  sse_joint: 2.06742e+01  ce_labels_joint: 3.77375e-04  kld_vamb_joint: 6.66681e+00  kld_labels_joint: 7.66658e+00  correct_labels_joint: 0.00000e+00  loss: 1.51978e+00
2026-08-13 11:06:41.577 | INFO    | 		Epoch: 163  loss_vamb: 7.60866e-01  ab_vamb: 2.48113e-03  ce_vamb: 7.17072e-01  sse_vamb: 3.17984e-02  kld_vamb: 9.12415e-03  loss_labels: 7.95564e-03  ce_labels_labels: 8.19937e-04  kld_labels: 4.56685e+01  correct_labels_labels: 0.00000e+00  loss_joint: 7.51584e-01  ce_joint: 2.15815e+00  sse_joint: 2.05150e+01  ce_labels_joint: 2.53971e-04  kld_vamb_joint: 6.62199e+00  kld_labels_joint: 7.63139e+00  correct_labels_joint: 0.00000e+00  loss: 1.52041e+00
2026-08-13 11:06:44.207 | INFO    | 		Epoch: 164  loss_vamb: 7.60510e-01  ab_vamb: 2.40107e-03  ce_vamb: 7.17031e-01  sse_vamb: 3.17834e-02  kld_vamb: 9.14609e-03  loss_labels: 7.93006e-03  ce_labels_labels: 8.45458e-04  kld_labels: 4.53414e+01  correct_labels_labels: 0.00000e+00  loss_joint: 7.51535e-01  ce_joint: 2.15784e+00  sse_joint: 2.05521e+01  ce_labels_joint: 4.18696e-04  kld_vamb_joint: 6.56522e+00  kld_labels_joint: 7.60623e+00  correct_labels_joint: 0.00000e+00  loss: 1.51997e+00
2026-08-13 11:06:46.970 | INFO    | 		Epoch: 165  loss_vamb: 7.59935e-01  ab_vamb: 2.40766e-03  ce_vamb: 7.17025e-01  sse_vamb: 3.17534e-02  kld_vamb: 9.12820e-03  loss_labels: 8.14110e-03  ce_labels_labels: 1.16209e-03  kld_labels: 4.46657e+01  correct_labels_labels: 0.00000e+00  loss_joint: 7.50766e-01  ce_joint: 2.15807e+00  sse_joint: 2.05034e+01  ce_labels_joint: 2.21323e-04  kld_vamb_joint: 6.51904e+00  kld_labels_joint: 7.60035e+00  correct_labels_joint: 0.00000e+00  loss: 1.51884e+00
2026-08-13 11:06:50.020 | INFO    | 		Epoch: 166  loss_vamb: 7.60418e-01  ab_vamb: 2.43407e-03  ce_vamb: 7.17102e-01  sse_vamb: 3.17033e-02  kld_vamb: 9.15622e-03  loss_labels: 7.98693e-03  ce_labels_labels: 1.06945e-03  kld_labels: 4.42719e+01  correct_labels_labels: 0.00000e+00  loss_joint: 7.51081e-01  ce_joint: 2.15826e+00  sse_joint: 2.04268e+01  ce_labels_joint: 2.54772e-04  kld_vamb_joint: 6.45749e+00  kld_labels_joint: 7.57411e+00  correct_labels_joint: 0.00000e+00  loss: 1.51949e+00
2026-08-13 11:06:52.859 | INFO    | 		Epoch: 167  loss_vamb: 7.59345e-01  ab_vamb: 2.37383e-03  ce_vamb: 7.16930e-01  sse_vamb: 3.17608e-02  kld_vamb: 9.12494e-03  loss_labels: 8.10677e-03  ce_labels_labels: 1.18510e-03  kld_labels: 4.42987e+01  correct_labels_labels: 0.00000e+00  loss_joint: 7.50406e-01  ce_joint: 2.15754e+00  sse_joint: 2.04905e+01  ce_labels_joint: 5.82606e-04  kld_vamb_joint: 6.42558e+00  kld_labels_joint: 7.54918e+00  correct_labels_joint: 0.00000e+00  loss: 1.51786e+00
2026-08-13 11:06:55.565 | INFO    | 		Epoch: 168  loss_vamb: 7.60561e-01  ab_vamb: 2.43450e-03  ce_vamb: 7.17154e-01  sse_vamb: 3.17470e-02  kld_vamb: 9.09706e-03  loss_labels: 7.98630e-03  ce_labels_labels: 1.05761e-03  kld_labels: 4.43436e+01  correct_labels_labels: 0.00000e+00  loss_joint: 7.51381e-01  ce_joint: 2.15823e+00  sse_joint: 2.04205e+01  ce_labels_joint: 4.15871e-04  kld_vamb_joint: 6.40441e+00  kld_labels_joint: 7.53280e+00  correct_labels_joint: 0.00000e+00  loss: 1.51993e+00
2026-08-13 11:06:58.185 | INFO    | 		Epoch: 169  loss_vamb: 7.60013e-01  ab_vamb: 2.39035e-03  ce_vamb: 7.16955e-01  sse_vamb: 3.17944e-02  kld_vamb: 9.14073e-03  loss_labels: 8.25516e-03  ce_labels_labels: 1.34125e-03  kld_labels: 4.42490e+01  correct_labels_labels: 0.00000e+00  loss_joint: 7.50914e-01  ce_joint: 2.15772e+00  sse_joint: 2.04190e+01  ce_labels_joint: 5.84916e-04  kld_vamb_joint: 6.37171e+00  kld_labels_joint: 7.51330e+00  correct_labels_joint: 0.00000e+00  loss: 1.51918e+00
2026-08-13 11:07:00.856 | INFO    | 		Epoch: 170  loss_vamb: 7.60697e-01  ab_vamb: 2.46480e-03  ce_vamb: 7.16995e-01  sse_vamb: 3.16979e-02  kld_vamb: 9.16231e-03  loss_labels: 8.35511e-03  ce_labels_labels: 1.39443e-03  kld_labels: 4.45483e+01  correct_labels_labels: 0.00000e+00  loss_joint: 7.52028e-01  ce_joint: 2.15789e+00  sse_joint: 2.03711e+01  ce_labels_joint: 9.88682e-04  kld_vamb_joint: 6.35921e+00  kld_labels_joint: 7.48579e+00  correct_labels_joint: 0.00000e+00  loss: 1.52108e+00
2026-08-13 11:07:03.500 | INFO    | 		Epoch: 171  loss_vamb: 7.60234e-01  ab_vamb: 2.50269e-03  ce_vamb: 7.17016e-01  sse_vamb: 3.18239e-02  kld_vamb: 9.16895e-03  loss_labels: 7.80854e-03  ce_labels_labels: 8.51648e-04  kld_labels: 4.45241e+01  correct_labels_labels: 0.00000e+00  loss_joint: 7.50827e-01  ce_joint: 2.15786e+00  sse_joint: 2.04353e+01  ce_labels_joint: 3.28267e-04  kld_vamb_joint: 6.34948e+00  kld_labels_joint: 7.49403e+00  correct_labels_joint: 0.00000e+00  loss: 1.51887e+00
2026-08-13 11:07:06.342 | INFO    | 		Epoch: 172  loss_vamb: 7.59940e-01  ab_vamb: 2.43942e-03  ce_vamb: 7.16947e-01  sse_vamb: 3.17694e-02  kld_vamb: 9.17511e-03  loss_labels: 8.27368e-03  ce_labels_labels: 1.31950e-03  kld_labels: 4.45068e+01  correct_labels_labels: 0.00000e+00  loss_joint: 7.50629e-01  ce_joint: 2.15773e+00  sse_joint: 2.03388e+01  ce_labels_joint: 4.53284e-04  kld_vamb_joint: 6.31378e+00  kld_labels_joint: 7.47404e+00  correct_labels_joint: 0.00000e+00  loss: 1.51884e+00
2026-08-13 11:07:09.041 | INFO    | 		Epoch: 173  loss_vamb: 7.59913e-01  ab_vamb: 2.40557e-03  ce_vamb: 7.17025e-01  sse_vamb: 3.17204e-02  kld_vamb: 9.17994e-03  loss_labels: 7.64881e-03  ce_labels_labels: 6.72804e-04  kld_labels: 4.46464e+01  correct_labels_labels: 0.00000e+00  loss_joint: 7.50564e-01  ce_joint: 2.15780e+00  sse_joint: 2.03297e+01  ce_labels_joint: 4.69472e-04  kld_vamb_joint: 6.27333e+00  kld_labels_joint: 7.44053e+00  correct_labels_joint: 0.00000e+00  loss: 1.51813e+00
2026-08-13 11:07:11.641 | INFO    | 		Epoch: 174  loss_vamb: 7.60546e-01  ab_vamb: 2.44751e-03  ce_vamb: 7.17087e-01  sse_vamb: 3.16892e-02  kld_vamb: 9.19314e-03  loss_labels: 8.06540e-03  ce_labels_labels: 1.16987e-03  kld_labels: 4.41314e+01  correct_labels_labels: 0.00000e+00  loss_joint: 7.50814e-01  ce_joint: 2.15792e+00  sse_joint: 2.02550e+01  ce_labels_joint: 2.31505e-04  kld_vamb_joint: 6.23290e+00  kld_labels_joint: 7.42545e+00  correct_labels_joint: 0.00000e+00  loss: 1.51943e+00
2026-08-13 11:07:14.239 | INFO    | 		Epoch: 175  loss_vamb: 7.60481e-01  ab_vamb: 2.38413e-03  ce_vamb: 7.17096e-01  sse_vamb: 3.15671e-02  kld_vamb: 9.18703e-03  loss_labels: 7.84199e-03  ce_labels_labels: 9.75564e-04  kld_labels: 4.39451e+01  correct_labels_labels: 0.00000e+00  loss_joint: 7.50917e-01  ce_joint: 2.15807e+00  sse_joint: 2.02560e+01  ce_labels_joint: 2.73078e-04  kld_vamb_joint: 6.19188e+00  kld_labels_joint: 7.39592e+00  correct_labels_joint: 0.00000e+00  loss: 1.51924e+00
2026-08-13 11:07:16.930 | INFO    | 		Epoch: 176  loss_vamb: 7.59764e-01  ab_vamb: 2.42033e-03  ce_vamb: 7.16992e-01  sse_vamb: 3.17301e-02  kld_vamb: 9.11909e-03  loss_labels: 8.27400e-03  ce_labels_labels: 1.43542e-03  kld_labels: 4.37669e+01  correct_labels_labels: 0.00000e+00  loss_joint: 7.50199e-01  ce_joint: 2.15767e+00  sse_joint: 2.03018e+01  ce_labels_joint: 3.06597e-04  kld_vamb_joint: 6.16718e+00  kld_labels_joint: 7.38136e+00  correct_labels_joint: 0.00000e+00  loss: 1.51824e+00
2026-08-13 11:07:19.604 | INFO    | 		Epoch: 177  loss_vamb: 7.60172e-01  ab_vamb: 2.39877e-03  ce_vamb: 7.16965e-01  sse_vamb: 3.16233e-02  kld_vamb: 9.15111e-03  loss_labels: 7.97789e-03  ce_labels_labels: 1.14600e-03  kld_labels: 4.37241e+01  correct_labels_labels: 0.00000e+00  loss_joint: 7.50811e-01  ce_joint: 2.15776e+00  sse_joint: 2.02309e+01  ce_labels_joint: 5.24316e-04  kld_vamb_joint: 6.13449e+00  kld_labels_joint: 7.37785e+00  correct_labels_joint: 0.00000e+00  loss: 1.51896e+00
2026-08-13 11:07:22.379 | INFO    | 		Epoch: 178  loss_vamb: 7.60104e-01  ab_vamb: 2.35536e-03  ce_vamb: 7.16972e-01  sse_vamb: 3.17180e-02  kld_vamb: 9.16166e-03  loss_labels: 8.46514e-03  ce_labels_labels: 1.59031e-03  kld_labels: 4.39989e+01  correct_labels_labels: 0.00000e+00  loss_joint: 7.50294e-01  ce_joint: 2.15733e+00  sse_joint: 2.01779e+01  ce_labels_joint: 3.77899e-04  kld_vamb_joint: 6.09933e+00  kld_labels_joint: 7.35804e+00  correct_labels_joint: 0.00000e+00  loss: 1.51886e+00
2026-08-13 11:07:25.244 | INFO    | 		Epoch: 179  loss_vamb: 7.60628e-01  ab_vamb: 2.37536e-03  ce_vamb: 7.16977e-01  sse_vamb: 3.15400e-02  kld_vamb: 9.17344e-03  loss_labels: 8.00825e-03  ce_labels_labels: 1.02318e-03  kld_labels: 4.47044e+01  correct_labels_labels: 0.00000e+00  loss_joint: 7.50984e-01  ce_joint: 2.15767e+00  sse_joint: 2.01225e+01  ce_labels_joint: 3.56162e-04  kld_vamb_joint: 6.06517e+00  kld_labels_joint: 7.30091e+00  correct_labels_joint: 0.00000e+00  loss: 1.51962e+00
2026-08-13 11:07:28.087 | INFO    | 		Epoch: 180  loss_vamb: 7.60363e-01  ab_vamb: 2.41023e-03  ce_vamb: 7.17130e-01  sse_vamb: 3.17038e-02  kld_vamb: 9.12432e-03  loss_labels: 7.79586e-03  ce_labels_labels: 7.44031e-04  kld_labels: 4.51317e+01  correct_labels_labels: 0.00000e+00  loss_joint: 7.50639e-01  ce_joint: 2.15798e+00  sse_joint: 2.01766e+01  ce_labels_joint: 4.23144e-04  kld_vamb_joint: 6.04441e+00  kld_labels_joint: 7.24039e+00  correct_labels_joint: 0.00000e+00  loss: 1.51880e+00
2026-08-13 11:07:30.908 | INFO    | 		Epoch: 181  loss_vamb: 7.59738e-01  ab_vamb: 2.39435e-03  ce_vamb: 7.16842e-01  sse_vamb: 3.17148e-02  kld_vamb: 9.15992e-03  loss_labels: 8.40324e-03  ce_labels_labels: 1.39570e-03  kld_labels: 4.48483e+01  correct_labels_labels: 0.00000e+00  loss_joint: 7.49915e-01  ce_joint: 2.15715e+00  sse_joint: 2.01614e+01  ce_labels_joint: 3.72429e-04  kld_vamb_joint: 6.00963e+00  kld_labels_joint: 7.23914e+00  correct_labels_joint: 0.00000e+00  loss: 1.51806e+00
2026-08-13 11:07:33.564 | INFO    | 		Epoch: 182  loss_vamb: 7.60318e-01  ab_vamb: 2.39432e-03  ce_vamb: 7.17032e-01  sse_vamb: 3.16485e-02  kld_vamb: 9.19018e-03  loss_labels: 7.65448e-03  ce_labels_labels: 6.41199e-04  kld_labels: 4.48850e+01  correct_labels_labels: 0.00000e+00  loss_joint: 7.50665e-01  ce_joint: 2.15796e+00  sse_joint: 2.01318e+01  ce_labels_joint: 4.66881e-04  kld_vamb_joint: 5.98499e+00  kld_labels_joint: 7.22817e+00  correct_labels_joint: 0.00000e+00  loss: 1.51864e+00
2026-08-13 11:07:36.285 | INFO    | 		Epoch: 183  loss_vamb: 7.60225e-01  ab_vamb: 2.35073e-03  ce_vamb: 7.17047e-01  sse_vamb: 3.16179e-02  kld_vamb: 9.19532e-03  loss_labels: 7.91999e-03  ce_labels_labels: 9.76340e-04  kld_labels: 4.44393e+01  correct_labels_labels: 0.00000e+00  loss_joint: 7.50485e-01  ce_joint: 2.15791e+00  sse_joint: 2.01098e+01  ce_labels_joint: 4.40500e-04  kld_vamb_joint: 5.95648e+00  kld_labels_joint: 7.23559e+00  correct_labels_joint: 0.00000e+00  loss: 1.51863e+00
2026-08-13 11:07:38.981 | INFO    | 		Epoch: 184  loss_vamb: 7.60221e-01  ab_vamb: 2.43687e-03  ce_vamb: 7.16866e-01  sse_vamb: 3.16510e-02  kld_vamb: 9.18860e-03  loss_labels: 8.03163e-03  ce_labels_labels: 1.18259e-03  kld_labels: 4.38339e+01  correct_labels_labels: 0.00000e+00  loss_joint: 7.50712e-01  ce_joint: 2.15725e+00  sse_joint: 2.01595e+01  ce_labels_joint: 6.33211e-04  kld_vamb_joint: 5.93185e+00  kld_labels_joint: 7.23111e+00  correct_labels_joint: 0.00000e+00  loss: 1.51896e+00
2026-08-13 11:07:41.646 | INFO    | 		Epoch: 185  loss_vamb: 7.60010e-01  ab_vamb: 2.44926e-03  ce_vamb: 7.16877e-01  sse_vamb: 3.16818e-02  kld_vamb: 9.19988e-03  loss_labels: 8.08391e-03  ce_labels_labels: 1.29981e-03  kld_labels: 4.34182e+01  correct_labels_labels: 0.00000e+00  loss_joint: 7.50308e-01  ce_joint: 2.15748e+00  sse_joint: 2.01662e+01  ce_labels_joint: 4.65984e-04  kld_vamb_joint: 5.92493e+00  kld_labels_joint: 7.22936e+00  correct_labels_joint: 0.00000e+00  loss: 1.51840e+00
2026-08-13 11:07:44.317 | INFO    | 		Epoch: 186  loss_vamb: 7.59687e-01  ab_vamb: 2.43396e-03  ce_vamb: 7.16998e-01  sse_vamb: 3.16501e-02  kld_vamb: 9.17720e-03  loss_labels: 7.87413e-03  ce_labels_labels: 1.08440e-03  kld_labels: 4.34543e+01  correct_labels_labels: 0.00000e+00  loss_joint: 7.50031e-01  ce_joint: 2.15794e+00  sse_joint: 2.01468e+01  ce_labels_joint: 4.18944e-04  kld_vamb_joint: 5.92816e+00  kld_labels_joint: 7.20781e+00  correct_labels_joint: 0.00000e+00  loss: 1.51759e+00
2026-08-13 11:07:47.001 | INFO    | 		Epoch: 187  loss_vamb: 7.60090e-01  ab_vamb: 2.41739e-03  ce_vamb: 7.16850e-01  sse_vamb: 3.16481e-02  kld_vamb: 9.17584e-03  loss_labels: 7.59538e-03  ce_labels_labels: 8.30924e-04  kld_labels: 4.32925e+01  correct_labels_labels: 0.00000e+00  loss_joint: 7.50384e-01  ce_joint: 2.15730e+00  sse_joint: 2.00862e+01  ce_labels_joint: 5.01179e-04  kld_vamb_joint: 5.91105e+00  kld_labels_joint: 7.20044e+00  correct_labels_joint: 0.00000e+00  loss: 1.51807e+00
2026-08-13 11:07:49.851 | INFO    | 		Epoch: 188  loss_vamb: 7.60270e-01  ab_vamb: 2.39496e-03  ce_vamb: 7.17003e-01  sse_vamb: 3.16229e-02  kld_vamb: 9.19719e-03  loss_labels: 7.95124e-03  ce_labels_labels: 1.21976e-03  kld_labels: 4.30814e+01  correct_labels_labels: 0.00000e+00  loss_joint: 7.50638e-01  ce_joint: 2.15761e+00  sse_joint: 2.01388e+01  ce_labels_joint: 5.40697e-04  kld_vamb_joint: 5.89285e+00  kld_labels_joint: 7.19075e+00  correct_labels_joint: 0.00000e+00  loss: 1.51886e+00
2026-08-13 11:07:52.718 | INFO    | 		Epoch: 189  loss_vamb: 7.60731e-01  ab_vamb: 2.49089e-03  ce_vamb: 7.17197e-01  sse_vamb: 3.14893e-02  kld_vamb: 9.18546e-03  loss_labels: 7.85274e-03  ce_labels_labels: 1.13116e-03  kld_labels: 4.30181e+01  correct_labels_labels: 0.00000e+00  loss_joint: 7.50874e-01  ce_joint: 2.15818e+00  sse_joint: 2.01129e+01  ce_labels_joint: 3.42499e-04  kld_vamb_joint: 5.89459e+00  kld_labels_joint: 7.18736e+00  correct_labels_joint: 0.00000e+00  loss: 1.51946e+00
2026-08-13 11:07:55.369 | INFO    | 		Epoch: 190  loss_vamb: 7.59912e-01  ab_vamb: 2.38548e-03  ce_vamb: 7.17001e-01  sse_vamb: 3.16398e-02  kld_vamb: 9.20738e-03  loss_labels: 7.78105e-03  ce_labels_labels: 1.01282e-03  kld_labels: 4.33166e+01  correct_labels_labels: 0.00000e+00  loss_joint: 7.50096e-01  ce_joint: 2.15791e+00  sse_joint: 2.01108e+01  ce_labels_joint: 3.67632e-04  kld_vamb_joint: 5.87192e+00  kld_labels_joint: 7.15163e+00  correct_labels_joint: 0.00000e+00  loss: 1.51779e+00
2026-08-13 11:07:58.276 | INFO    | 		Epoch: 191  loss_vamb: 7.59867e-01  ab_vamb: 2.26171e-03  ce_vamb: 7.16969e-01  sse_vamb: 3.16035e-02  kld_vamb: 9.17726e-03  loss_labels: 7.71622e-03  ce_labels_labels: 8.85703e-04  kld_labels: 4.37153e+01  correct_labels_labels: 0.00000e+00  loss_joint: 7.49877e-01  ce_joint: 2.15765e+00  sse_joint: 1.99759e+01  ce_labels_joint: 2.58448e-04  kld_vamb_joint: 5.85062e+00  kld_labels_joint: 7.12545e+00  correct_labels_joint: 0.00000e+00  loss: 1.51746e+00
2026-08-13 11:08:00.989 | INFO    | 		Epoch: 192  loss_vamb: 7.60145e-01  ab_vamb: 2.36153e-03  ce_vamb: 7.17014e-01  sse_vamb: 3.16150e-02  kld_vamb: 9.17058e-03  loss_labels: 8.36983e-03  ce_labels_labels: 1.50951e-03  kld_labels: 4.39061e+01  correct_labels_labels: 0.00000e+00  loss_joint: 7.50121e-01  ce_joint: 2.15763e+00  sse_joint: 2.00513e+01  ce_labels_joint: 2.77319e-04  kld_vamb_joint: 5.80626e+00  kld_labels_joint: 7.09895e+00  correct_labels_joint: 0.00000e+00  loss: 1.51864e+00
2026-08-13 11:08:03.843 | INFO    | 		Epoch: 193  loss_vamb: 7.60500e-01  ab_vamb: 2.34508e-03  ce_vamb: 7.17095e-01  sse_vamb: 3.15678e-02  kld_vamb: 9.19846e-03  loss_labels: 7.80046e-03  ce_labels_labels: 9.50295e-04  kld_labels: 4.38411e+01  correct_labels_labels: 0.00000e+00  loss_joint: 7.50656e-01  ce_joint: 2.15798e+00  sse_joint: 1.99688e+01  ce_labels_joint: 5.17884e-04  kld_vamb_joint: 5.76676e+00  kld_labels_joint: 7.08461e+00  correct_labels_joint: 0.00000e+00  loss: 1.51896e+00
2026-08-13 11:08:06.882 | INFO    | 		Epoch: 194  loss_vamb: 7.59837e-01  ab_vamb: 2.39502e-03  ce_vamb: 7.16986e-01  sse_vamb: 3.15741e-02  kld_vamb: 9.16048e-03  loss_labels: 7.98318e-03  ce_labels_labels: 1.17380e-03  kld_labels: 4.35800e+01  correct_labels_labels: 0.00000e+00  loss_joint: 7.49813e-01  ce_joint: 2.15768e+00  sse_joint: 2.00280e+01  ce_labels_joint: 2.27581e-04  kld_vamb_joint: 5.80143e+00  kld_labels_joint: 7.09850e+00  correct_labels_joint: 0.00000e+00  loss: 1.51763e+00
2026-08-13 11:08:09.885 | INFO    | 		Epoch: 195  loss_vamb: 7.59902e-01  ab_vamb: 2.36535e-03  ce_vamb: 7.16882e-01  sse_vamb: 3.16579e-02  kld_vamb: 9.15695e-03  loss_labels: 8.21142e-03  ce_labels_labels: 1.42378e-03  kld_labels: 4.34409e+01  correct_labels_labels: 0.00000e+00  loss_joint: 7.49723e-01  ce_joint: 2.15743e+00  sse_joint: 1.99619e+01  ce_labels_joint: 2.70130e-04  kld_vamb_joint: 5.76254e+00  kld_labels_joint: 7.07707e+00  correct_labels_joint: 0.00000e+00  loss: 1.51784e+00
2026-08-13 11:08:12.730 | INFO    | 		Epoch: 196  loss_vamb: 7.60243e-01  ab_vamb: 2.50688e-03  ce_vamb: 7.16926e-01  sse_vamb: 3.15153e-02  kld_vamb: 9.20877e-03  loss_labels: 7.89934e-03  ce_labels_labels: 1.08106e-03  kld_labels: 4.36370e+01  correct_labels_labels: 0.00000e+00  loss_joint: 7.50090e-01  ce_joint: 2.15750e+00  sse_joint: 1.99212e+01  ce_labels_joint: 3.24955e-04  kld_vamb_joint: 5.71674e+00  kld_labels_joint: 7.04203e+00  correct_labels_joint: 0.00000e+00  loss: 1.51823e+00
2026-08-13 11:08:15.494 | INFO    | 		Epoch: 197  loss_vamb: 7.59843e-01  ab_vamb: 2.49034e-03  ce_vamb: 7.16928e-01  sse_vamb: 3.15338e-02  kld_vamb: 9.19487e-03  loss_labels: 7.86392e-03  ce_labels_labels: 1.05950e-03  kld_labels: 4.35483e+01  correct_labels_labels: 0.00000e+00  loss_joint: 7.50228e-01  ce_joint: 2.15774e+00  sse_joint: 1.99684e+01  ce_labels_joint: 6.81255e-04  kld_vamb_joint: 5.69483e+00  kld_labels_joint: 7.01804e+00  correct_labels_joint: 0.00000e+00  loss: 1.51793e+00
2026-08-13 11:08:18.743 | INFO    | 		Epoch: 198  loss_vamb: 7.60156e-01  ab_vamb: 2.45842e-03  ce_vamb: 7.16986e-01  sse_vamb: 3.15806e-02  kld_vamb: 9.21581e-03  loss_labels: 8.30313e-03  ce_labels_labels: 1.50107e-03  kld_labels: 4.35331e+01  correct_labels_labels: 0.00000e+00  loss_joint: 7.50360e-01  ce_joint: 2.15771e+00  sse_joint: 1.99907e+01  ce_labels_joint: 6.05959e-04  kld_vamb_joint: 5.68419e+00  kld_labels_joint: 7.01101e+00  correct_labels_joint: 0.00000e+00  loss: 1.51882e+00
2026-08-13 11:08:21.625 | INFO    | 		Epoch: 199  loss_vamb: 7.60077e-01  ab_vamb: 2.41759e-03  ce_vamb: 7.17100e-01  sse_vamb: 3.16260e-02  kld_vamb: 9.21045e-03  loss_labels: 7.78359e-03  ce_labels_labels: 9.09696e-04  kld_labels: 4.39929e+01  correct_labels_labels: 0.00000e+00  loss_joint: 7.49964e-01  ce_joint: 2.15792e+00  sse_joint: 1.99999e+01  ce_labels_joint: 3.67270e-04  kld_vamb_joint: 5.67959e+00  kld_labels_joint: 6.99695e+00  correct_labels_joint: 0.00000e+00  loss: 1.51782e+00
2026-08-13 11:08:24.495 | INFO    | 		Epoch: 200  loss_vamb: 7.60133e-01  ab_vamb: 2.51590e-03  ce_vamb: 7.16992e-01  sse_vamb: 3.15720e-02  kld_vamb: 9.21030e-03  loss_labels: 7.96422e-03  ce_labels_labels: 1.10047e-03  kld_labels: 4.39280e+01  correct_labels_labels: 0.00000e+00  loss_joint: 7.50259e-01  ce_joint: 2.15775e+00  sse_joint: 1.99621e+01  ce_labels_joint: 6.43930e-04  kld_vamb_joint: 5.65158e+00  kld_labels_joint: 6.98739e+00  correct_labels_joint: 0.00000e+00  loss: 1.51836e+00
2026-08-13 11:08:27.499 | INFO    | 		Epoch: 201  loss_vamb: 7.60474e-01  ab_vamb: 2.32543e-03  ce_vamb: 7.16998e-01  sse_vamb: 3.14414e-02  kld_vamb: 9.27256e-03  loss_labels: 7.79895e-03  ce_labels_labels: 1.02935e-03  kld_labels: 4.33254e+01  correct_labels_labels: 0.00000e+00  loss_joint: 7.50487e-01  ce_joint: 2.15765e+00  sse_joint: 1.98851e+01  ce_labels_joint: 4.63061e-04  kld_vamb_joint: 5.62851e+00  kld_labels_joint: 7.00718e+00  correct_labels_joint: 0.00000e+00  loss: 1.51876e+00
2026-08-13 11:08:30.472 | INFO    | 		Epoch: 202  loss_vamb: 7.60218e-01  ab_vamb: 2.43598e-03  ce_vamb: 7.16987e-01  sse_vamb: 3.15554e-02  kld_vamb: 9.17721e-03  loss_labels: 7.87782e-03  ce_labels_labels: 1.12029e-03  kld_labels: 4.32482e+01  correct_labels_labels: 0.00000e+00  loss_joint: 7.50096e-01  ce_joint: 2.15780e+00  sse_joint: 1.99442e+01  ce_labels_joint: 2.74429e-04  kld_vamb_joint: 5.65206e+00  kld_labels_joint: 7.00788e+00  correct_labels_joint: 0.00000e+00  loss: 1.51819e+00
2026-08-13 11:08:33.147 | INFO    | 		Epoch: 203  loss_vamb: 7.60736e-01  ab_vamb: 2.38817e-03  ce_vamb: 7.17040e-01  sse_vamb: 3.15209e-02  kld_vamb: 9.20029e-03  loss_labels: 7.94340e-03  ce_labels_labels: 1.19560e-03  kld_labels: 4.31859e+01  correct_labels_labels: 0.00000e+00  loss_joint: 7.50658e-01  ce_joint: 2.15765e+00  sse_joint: 1.98927e+01  ce_labels_joint: 5.04207e-04  kld_vamb_joint: 5.62769e+00  kld_labels_joint: 6.97911e+00  correct_labels_joint: 0.00000e+00  loss: 1.51934e+00
2026-08-13 11:08:36.000 | INFO    | 		Epoch: 204  loss_vamb: 7.60146e-01  ab_vamb: 2.41916e-03  ce_vamb: 7.17080e-01  sse_vamb: 3.15008e-02  kld_vamb: 9.20893e-03  loss_labels: 7.26497e-03  ce_labels_labels: 5.61398e-04  kld_labels: 4.29029e+01  correct_labels_labels: 0.00000e+00  loss_joint: 7.50004e-01  ce_joint: 2.15774e+00  sse_joint: 1.99486e+01  ce_labels_joint: 3.62164e-04  kld_vamb_joint: 5.62853e+00  kld_labels_joint: 6.99724e+00  correct_labels_joint: 0.00000e+00  loss: 1.51742e+00
2026-08-13 11:08:38.876 | INFO    | 		Epoch: 205  loss_vamb: 7.59747e-01  ab_vamb: 2.39254e-03  ce_vamb: 7.17056e-01  sse_vamb: 3.15522e-02  kld_vamb: 9.22176e-03  loss_labels: 7.82065e-03  ce_labels_labels: 1.20121e-03  kld_labels: 4.23645e+01  correct_labels_labels: 0.00000e+00  loss_joint: 7.49517e-01  ce_joint: 2.15794e+00  sse_joint: 1.98887e+01  ce_labels_joint: 3.34851e-04  kld_vamb_joint: 5.62638e+00  kld_labels_joint: 7.01047e+00  correct_labels_joint: 0.00000e+00  loss: 1.51708e+00
2026-08-13 11:08:41.499 | INFO    | 		Epoch: 206  loss_vamb: 7.60439e-01  ab_vamb: 2.32480e-03  ce_vamb: 7.16909e-01  sse_vamb: 3.14861e-02  kld_vamb: 9.23295e-03  loss_labels: 7.74021e-03  ce_labels_labels: 1.06376e-03  kld_labels: 4.27293e+01  correct_labels_labels: 0.00000e+00  loss_joint: 7.50461e-01  ce_joint: 2.15741e+00  sse_joint: 1.98900e+01  ce_labels_joint: 4.40702e-04  kld_vamb_joint: 5.61064e+00  kld_labels_joint: 6.98876e+00  correct_labels_joint: 0.00000e+00  loss: 1.51864e+00
2026-08-13 11:08:44.230 | INFO    | 		Epoch: 207  loss_vamb: 7.60569e-01  ab_vamb: 2.45195e-03  ce_vamb: 7.17192e-01  sse_vamb: 3.15468e-02  kld_vamb: 9.17885e-03  loss_labels: 7.90459e-03  ce_labels_labels: 1.21419e-03  kld_labels: 4.28186e+01  correct_labels_labels: 0.00000e+00  loss_joint: 7.50689e-01  ce_joint: 2.15851e+00  sse_joint: 1.99123e+01  ce_labels_joint: 5.62138e-04  kld_vamb_joint: 5.60009e+00  kld_labels_joint: 6.96665e+00  correct_labels_joint: 0.00000e+00  loss: 1.51916e+00
2026-08-13 11:08:46.816 | INFO    | 		Epoch: 208  loss_vamb: 7.60531e-01  ab_vamb: 2.43783e-03  ce_vamb: 7.17118e-01  sse_vamb: 3.15442e-02  kld_vamb: 9.19797e-03  loss_labels: 8.42871e-03  ce_labels_labels: 1.72610e-03  kld_labels: 4.28967e+01  correct_labels_labels: 0.00000e+00  loss_joint: 7.50472e-01  ce_joint: 2.15809e+00  sse_joint: 1.98687e+01  ce_labels_joint: 5.00770e-04  kld_vamb_joint: 5.57379e+00  kld_labels_joint: 6.94653e+00  correct_labels_joint: 0.00000e+00  loss: 1.51943e+00
2026-08-13 11:08:49.553 | INFO    | 		Epoch: 209  loss_vamb: 7.60114e-01  ab_vamb: 2.38647e-03  ce_vamb: 7.16984e-01  sse_vamb: 3.15053e-02  kld_vamb: 9.18578e-03  loss_labels: 7.75504e-03  ce_labels_labels: 9.93130e-04  kld_labels: 4.32762e+01  correct_labels_labels: 0.00000e+00  loss_joint: 7.50103e-01  ce_joint: 2.15766e+00  sse_joint: 1.98988e+01  ce_labels_joint: 4.72638e-04  kld_vamb_joint: 5.55940e+00  kld_labels_joint: 6.92837e+00  correct_labels_joint: 0.00000e+00  loss: 1.51797e+00
2026-08-13 11:08:52.295 | INFO    | 		Epoch: 210  loss_vamb: 7.60194e-01  ab_vamb: 2.40316e-03  ce_vamb: 7.16892e-01  sse_vamb: 3.14272e-02  kld_vamb: 9.19098e-03  loss_labels: 7.83788e-03  ce_labels_labels: 1.05593e-03  kld_labels: 4.34045e+01  correct_labels_labels: 0.00000e+00  loss_joint: 7.50248e-01  ce_joint: 2.15743e+00  sse_joint: 1.98454e+01  ce_labels_joint: 5.51139e-04  kld_vamb_joint: 5.54441e+00  kld_labels_joint: 6.92764e+00  correct_labels_joint: 0.00000e+00  loss: 1.51828e+00
2026-08-13 11:08:55.093 | INFO    | 		Epoch: 211  loss_vamb: 7.59629e-01  ab_vamb: 2.42879e-03  ce_vamb: 7.16889e-01  sse_vamb: 3.15343e-02  kld_vamb: 9.20914e-03  loss_labels: 7.56903e-03  ce_labels_labels: 7.84763e-04  kld_labels: 4.34193e+01  correct_labels_labels: 0.00000e+00  loss_joint: 7.49275e-01  ce_joint: 2.15711e+00  sse_joint: 1.98606e+01  ce_labels_joint: 3.93182e-04  kld_vamb_joint: 5.52947e+00  kld_labels_joint: 6.93254e+00  correct_labels_joint: 0.00000e+00  loss: 1.51647e+00
2026-08-13 11:08:58.143 | INFO    | 		Epoch: 212  loss_vamb: 7.60357e-01  ab_vamb: 2.51387e-03  ce_vamb: 7.17174e-01  sse_vamb: 3.14410e-02  kld_vamb: 9.23036e-03  loss_labels: 7.51158e-03  ce_labels_labels: 7.49194e-04  kld_labels: 4.32793e+01  correct_labels_labels: 0.00000e+00  loss_joint: 7.50146e-01  ce_joint: 2.15825e+00  sse_joint: 1.98191e+01  ce_labels_joint: 4.27845e-04  kld_vamb_joint: 5.50131e+00  kld_labels_joint: 6.91028e+00  correct_labels_joint: 0.00000e+00  loss: 1.51801e+00
2026-08-13 11:09:00.934 | INFO    | 		Epoch: 213  loss_vamb: 7.60300e-01  ab_vamb: 2.39883e-03  ce_vamb: 7.16867e-01  sse_vamb: 3.14392e-02  kld_vamb: 9.24136e-03  loss_labels: 7.55485e-03  ce_labels_labels: 8.34231e-04  kld_labels: 4.30120e+01  correct_labels_labels: 0.00000e+00  loss_joint: 7.50123e-01  ce_joint: 2.15731e+00  sse_joint: 1.98214e+01  ce_labels_joint: 4.01504e-04  kld_vamb_joint: 5.49591e+00  kld_labels_joint: 6.90105e+00  correct_labels_joint: 0.00000e+00  loss: 1.51798e+00
2026-08-13 11:09:03.665 | INFO    | 		Epoch: 214  loss_vamb: 7.60254e-01  ab_vamb: 2.45754e-03  ce_vamb: 7.16982e-01  sse_vamb: 3.14842e-02  kld_vamb: 9.17920e-03  loss_labels: 7.35747e-03  ce_labels_labels: 6.91476e-04  kld_labels: 4.26623e+01  correct_labels_labels: 0.00000e+00  loss_joint: 7.50119e-01  ce_joint: 2.15761e+00  sse_joint: 1.98590e+01  ce_labels_joint: 4.62629e-04  kld_vamb_joint: 5.51676e+00  kld_labels_joint: 6.90862e+00  correct_labels_joint: 0.00000e+00  loss: 1.51773e+00
2026-08-13 11:09:06.462 | INFO    | 		Epoch: 215  loss_vamb: 7.60513e-01  ab_vamb: 2.49361e-03  ce_vamb: 7.17048e-01  sse_vamb: 3.14194e-02  kld_vamb: 9.22691e-03  loss_labels: 7.76743e-03  ce_labels_labels: 1.16948e-03  kld_labels: 4.22269e+01  correct_labels_labels: 0.00000e+00  loss_joint: 7.50422e-01  ce_joint: 2.15789e+00  sse_joint: 1.98881e+01  ce_labels_joint: 4.39721e-04  kld_vamb_joint: 5.49477e+00  kld_labels_joint: 6.92102e+00  correct_labels_joint: 0.00000e+00  loss: 1.51870e+00
2026-08-13 11:09:09.091 | INFO    | 		Epoch: 216  loss_vamb: 7.60000e-01  ab_vamb: 2.38712e-03  ce_vamb: 7.16835e-01  sse_vamb: 3.14508e-02  kld_vamb: 9.23833e-03  loss_labels: 7.75568e-03  ce_labels_labels: 1.16584e-03  kld_labels: 4.21750e+01  correct_labels_labels: 0.00000e+00  loss_joint: 7.50148e-01  ce_joint: 2.15727e+00  sse_joint: 1.98679e+01  ce_labels_joint: 6.51129e-04  kld_vamb_joint: 5.47956e+00  kld_labels_joint: 6.91516e+00  correct_labels_joint: 0.00000e+00  loss: 1.51790e+00
2026-08-13 11:09:11.942 | INFO    | 		Epoch: 217  loss_vamb: 7.59498e-01  ab_vamb: 2.36564e-03  ce_vamb: 7.16995e-01  sse_vamb: 3.14580e-02  kld_vamb: 9.21289e-03  loss_labels: 7.82046e-03  ce_labels_labels: 1.13775e-03  kld_labels: 4.27694e+01  correct_labels_labels: 0.00000e+00  loss_joint: 7.49545e-01  ce_joint: 2.15770e+00  sse_joint: 1.98761e+01  ce_labels_joint: 5.62570e-04  kld_vamb_joint: 5.47664e+00  kld_labels_joint: 6.88112e+00  correct_labels_joint: 0.00000e+00  loss: 1.51686e+00
2026-08-13 11:09:14.606 | INFO    | 		Epoch: 218  loss_vamb: 7.59921e-01  ab_vamb: 2.37069e-03  ce_vamb: 7.17132e-01  sse_vamb: 3.14793e-02  kld_vamb: 9.20236e-03  loss_labels: 7.54158e-03  ce_labels_labels: 8.10583e-04  kld_labels: 4.30784e+01  correct_labels_labels: 0.00000e+00  loss_joint: 7.50045e-01  ce_joint: 2.15803e+00  sse_joint: 1.99286e+01  ce_labels_joint: 6.04014e-04  kld_vamb_joint: 5.47863e+00  kld_labels_joint: 6.85935e+00  correct_labels_joint: 0.00000e+00  loss: 1.51751e+00
2026-08-13 11:09:17.316 | INFO    | 		Epoch: 219  loss_vamb: 7.60218e-01  ab_vamb: 2.39676e-03  ce_vamb: 7.16950e-01  sse_vamb: 3.14544e-02  kld_vamb: 9.20289e-03  loss_labels: 7.68480e-03  ce_labels_labels: 1.01002e-03  kld_labels: 4.27186e+01  correct_labels_labels: 0.00000e+00  loss_joint: 7.50149e-01  ce_joint: 2.15755e+00  sse_joint: 1.98362e+01  ce_labels_joint: 5.33145e-04  kld_vamb_joint: 5.45912e+00  kld_labels_joint: 6.85368e+00  correct_labels_joint: 0.00000e+00  loss: 1.51805e+00
2026-08-13 11:09:20.251 | INFO    | 		Epoch: 220  loss_vamb: 7.59376e-01  ab_vamb: 2.34970e-03  ce_vamb: 7.16854e-01  sse_vamb: 3.14823e-02  kld_vamb: 9.24082e-03  loss_labels: 7.73280e-03  ce_labels_labels: 1.11808e-03  kld_labels: 4.23342e+01  correct_labels_labels: 0.00000e+00  loss_joint: 7.49352e-01  ce_joint: 2.15734e+00  sse_joint: 1.98419e+01  ce_labels_joint: 5.62333e-04  kld_vamb_joint: 5.43497e+00  kld_labels_joint: 6.85258e+00  correct_labels_joint: 0.00000e+00  loss: 1.51646e+00
2026-08-13 11:09:23.071 | INFO    | 		Epoch: 221  loss_vamb: 7.59923e-01  ab_vamb: 2.36689e-03  ce_vamb: 7.16746e-01  sse_vamb: 3.15049e-02  kld_vamb: 9.19565e-03  loss_labels: 7.39470e-03  ce_labels_labels: 7.82246e-04  kld_labels: 4.23197e+01  correct_labels_labels: 0.00000e+00  loss_joint: 7.49709e-01  ce_joint: 2.15720e+00  sse_joint: 1.97945e+01  ce_labels_joint: 4.31432e-04  kld_vamb_joint: 5.44310e+00  kld_labels_joint: 6.84805e+00  correct_labels_joint: 0.00000e+00  loss: 1.51703e+00
2026-08-13 11:09:25.811 | INFO    | 		Epoch: 222  loss_vamb: 7.60147e-01  ab_vamb: 2.34923e-03  ce_vamb: 7.17048e-01  sse_vamb: 3.14022e-02  kld_vamb: 9.21043e-03  loss_labels: 7.91637e-03  ce_labels_labels: 1.27375e-03  kld_labels: 4.25128e+01  correct_labels_labels: 0.00000e+00  loss_joint: 7.50130e-01  ce_joint: 2.15783e+00  sse_joint: 1.98458e+01  ce_labels_joint: 5.04623e-04  kld_vamb_joint: 5.43338e+00  kld_labels_joint: 6.84456e+00  correct_labels_joint: 0.00000e+00  loss: 1.51819e+00
2026-08-13 11:09:28.487 | INFO    | 		Epoch: 223  loss_vamb: 7.60505e-01  ab_vamb: 2.32808e-03  ce_vamb: 7.17124e-01  sse_vamb: 3.15661e-02  kld_vamb: 9.24178e-03  loss_labels: 7.67690e-03  ce_labels_labels: 1.03323e-03  kld_labels: 4.25195e+01  correct_labels_labels: 0.00000e+00  loss_joint: 7.50414e-01  ce_joint: 2.15795e+00  sse_joint: 1.98302e+01  ce_labels_joint: 6.62403e-04  kld_vamb_joint: 5.40102e+00  kld_labels_joint: 6.84606e+00  correct_labels_joint: 0.00000e+00  loss: 1.51860e+00
2026-08-13 11:09:31.158 | INFO    | 		Epoch: 224  loss_vamb: 7.59986e-01  ab_vamb: 2.38213e-03  ce_vamb: 7.16880e-01  sse_vamb: 3.14473e-02  kld_vamb: 9.24019e-03  loss_labels: 8.11860e-03  ce_labels_labels: 1.44452e-03  kld_labels: 4.27141e+01  correct_labels_labels: 0.00000e+00  loss_joint: 7.49800e-01  ce_joint: 2.15744e+00  sse_joint: 1.97793e+01  ce_labels_joint: 4.95844e-04  kld_vamb_joint: 5.38041e+00  kld_labels_joint: 6.82443e+00  correct_labels_joint: 0.00000e+00  loss: 1.51790e+00
2026-08-13 11:09:33.623 | INFO    | 		Epoch: 225  loss_vamb: 7.59193e-01  ab_vamb: 2.40271e-03  ce_vamb: 7.16816e-01  sse_vamb: 3.14214e-02  kld_vamb: 9.21222e-03  loss_labels: 7.31396e-03  ce_labels_labels: 6.15851e-04  kld_labels: 4.28679e+01  correct_labels_labels: 0.00000e+00  loss_joint: 7.48629e-01  ce_joint: 2.15725e+00  sse_joint: 1.96897e+01  ce_labels_joint: 2.06559e-04  kld_vamb_joint: 5.39322e+00  kld_labels_joint: 6.82264e+00  correct_labels_joint: 0.00000e+00  loss: 1.51514e+00
2026-08-13 11:09:36.259 | INFO    | 		Epoch: 226  loss_vamb: 7.59746e-01  ab_vamb: 2.29584e-03  ce_vamb: 7.16900e-01  sse_vamb: 3.13437e-02  kld_vamb: 9.25462e-03  loss_labels: 7.56659e-03  ce_labels_labels: 8.79082e-04  kld_labels: 4.28001e+01  correct_labels_labels: 0.00000e+00  loss_joint: 7.49354e-01  ce_joint: 2.15734e+00  sse_joint: 1.96842e+01  ce_labels_joint: 3.41345e-04  kld_vamb_joint: 5.36985e+00  kld_labels_joint: 6.81385e+00  correct_labels_joint: 0.00000e+00  loss: 1.51667e+00
2026-08-13 11:09:39.050 | INFO    | 		Epoch: 227  loss_vamb: 7.59774e-01  ab_vamb: 2.33358e-03  ce_vamb: 7.16988e-01  sse_vamb: 3.13155e-02  kld_vamb: 9.25574e-03  loss_labels: 7.82124e-03  ce_labels_labels: 1.15217e-03  kld_labels: 4.26820e+01  correct_labels_labels: 0.00000e+00  loss_joint: 7.49669e-01  ce_joint: 2.15764e+00  sse_joint: 1.96688e+01  ce_labels_joint: 6.98151e-04  kld_vamb_joint: 5.36179e+00  kld_labels_joint: 6.81231e+00  correct_labels_joint: 0.00000e+00  loss: 1.51726e+00
2026-08-13 11:09:41.858 | INFO    | 		Epoch: 228  loss_vamb: 7.59117e-01  ab_vamb: 2.28869e-03  ce_vamb: 7.16827e-01  sse_vamb: 3.13673e-02  kld_vamb: 9.24597e-03  loss_labels: 7.75677e-03  ce_labels_labels: 1.09951e-03  kld_labels: 4.26064e+01  correct_labels_labels: 0.00000e+00  loss_joint: 7.48638e-01  ce_joint: 2.15709e+00  sse_joint: 1.96983e+01  ce_labels_joint: 2.95664e-04  kld_vamb_joint: 5.35011e+00  kld_labels_joint: 6.79742e+00  correct_labels_joint: 0.00000e+00  loss: 1.51551e+00
2026-08-13 11:09:44.468 | INFO    | 		Epoch: 229  loss_vamb: 7.59704e-01  ab_vamb: 2.28283e-03  ce_vamb: 7.16862e-01  sse_vamb: 3.11906e-02  kld_vamb: 9.24611e-03  loss_labels: 8.04918e-03  ce_labels_labels: 1.39190e-03  kld_labels: 4.26066e+01  correct_labels_labels: 0.00000e+00  loss_joint: 7.49799e-01  ce_joint: 2.15749e+00  sse_joint: 1.96750e+01  ce_labels_joint: 6.40120e-04  kld_vamb_joint: 5.34153e+00  kld_labels_joint: 6.78958e+00  correct_labels_joint: 0.00000e+00  loss: 1.51755e+00
2026-08-13 11:09:47.157 | INFO    | 		Epoch: 230  loss_vamb: 7.60219e-01  ab_vamb: 2.23346e-03  ce_vamb: 7.17023e-01  sse_vamb: 3.11871e-02  kld_vamb: 9.20693e-03  loss_labels: 7.40712e-03  ce_labels_labels: 7.44997e-04  kld_labels: 4.26376e+01  correct_labels_labels: 0.00000e+00  loss_joint: 7.50025e-01  ce_joint: 2.15771e+00  sse_joint: 1.95981e+01  ce_labels_joint: 4.75581e-04  kld_vamb_joint: 5.34616e+00  kld_labels_joint: 6.78578e+00  correct_labels_joint: 0.00000e+00  loss: 1.51765e+00
2026-08-13 11:09:49.994 | INFO    | 		Epoch: 231  loss_vamb: 7.59267e-01  ab_vamb: 2.27384e-03  ce_vamb: 7.16753e-01  sse_vamb: 3.11902e-02  kld_vamb: 9.18099e-03  loss_labels: 7.21809e-03  ce_labels_labels: 5.81914e-04  kld_labels: 4.24715e+01  correct_labels_labels: 0.00000e+00  loss_joint: 7.49116e-01  ce_joint: 2.15699e+00  sse_joint: 1.96064e+01  ce_labels_joint: 5.08447e-04  kld_vamb_joint: 5.34740e+00  kld_labels_joint: 6.78237e+00  correct_labels_joint: 0.00000e+00  loss: 1.51560e+00
2026-08-13 11:09:52.666 | INFO    | 		Epoch: 232  loss_vamb: 7.59616e-01  ab_vamb: 2.28252e-03  ce_vamb: 7.16939e-01  sse_vamb: 3.11828e-02  kld_vamb: 9.14142e-03  loss_labels: 7.69862e-03  ce_labels_labels: 1.07833e-03  kld_labels: 4.23698e+01  correct_labels_labels: 0.00000e+00  loss_joint: 7.49398e-01  ce_joint: 2.15757e+00  sse_joint: 1.95977e+01  ce_labels_joint: 3.97995e-04  kld_vamb_joint: 5.35395e+00  kld_labels_joint: 6.78145e+00  correct_labels_joint: 0.00000e+00  loss: 1.51671e+00
2026-08-13 11:09:55.214 | INFO    | 		Epoch: 233  loss_vamb: 7.59023e-01  ab_vamb: 2.24666e-03  ce_vamb: 7.16867e-01  sse_vamb: 3.11859e-02  kld_vamb: 9.13872e-03  loss_labels: 7.66363e-03  ce_labels_labels: 1.06748e-03  kld_labels: 4.22154e+01  correct_labels_labels: 0.00000e+00  loss_joint: 7.49143e-01  ce_joint: 2.15721e+00  sse_joint: 1.96285e+01  ce_labels_joint: 7.05346e-04  kld_vamb_joint: 5.34866e+00  kld_labels_joint: 6.79017e+00  correct_labels_joint: 0.00000e+00  loss: 1.51583e+00
2026-08-13 11:09:57.898 | INFO    | 		Epoch: 234  loss_vamb: 7.59753e-01  ab_vamb: 2.24794e-03  ce_vamb: 7.17075e-01  sse_vamb: 3.12373e-02  kld_vamb: 9.15968e-03  loss_labels: 7.40797e-03  ce_labels_labels: 8.44057e-04  kld_labels: 4.20091e+01  correct_labels_labels: 0.00000e+00  loss_joint: 7.49470e-01  ce_joint: 2.15753e+00  sse_joint: 1.96370e+01  ce_labels_joint: 4.86939e-04  kld_vamb_joint: 5.33685e+00  kld_labels_joint: 6.79102e+00  correct_labels_joint: 0.00000e+00  loss: 1.51663e+00
2026-08-13 11:10:00.681 | INFO    | 		Epoch: 235  loss_vamb: 7.59210e-01  ab_vamb: 2.29819e-03  ce_vamb: 7.16762e-01  sse_vamb: 3.13166e-02  kld_vamb: 9.19771e-03  loss_labels: 7.46181e-03  ce_labels_labels: 9.21573e-04  kld_labels: 4.18575e+01  correct_labels_labels: 0.00000e+00  loss_joint: 7.48624e-01  ce_joint: 2.15683e+00  sse_joint: 1.96146e+01  ce_labels_joint: 3.16169e-04  kld_vamb_joint: 5.32263e+00  kld_labels_joint: 6.79435e+00  correct_labels_joint: 0.00000e+00  loss: 1.51530e+00
2026-08-13 11:10:03.317 | INFO    | 		Epoch: 236  loss_vamb: 7.59700e-01  ab_vamb: 2.21703e-03  ce_vamb: 7.16867e-01  sse_vamb: 3.12424e-02  kld_vamb: 9.22709e-03  loss_labels: 7.35568e-03  ce_labels_labels: 8.58079e-04  kld_labels: 4.15846e+01  correct_labels_labels: 0.00000e+00  loss_joint: 7.49117e-01  ce_joint: 2.15725e+00  sse_joint: 1.96002e+01  ce_labels_joint: 1.54690e-04  kld_vamb_joint: 5.29975e+00  kld_labels_joint: 6.79281e+00  correct_labels_joint: 0.00000e+00  loss: 1.51617e+00
2026-08-13 11:10:06.017 | INFO    | 		Epoch: 237  loss_vamb: 7.59471e-01  ab_vamb: 2.16118e-03  ce_vamb: 7.16699e-01  sse_vamb: 3.11988e-02  kld_vamb: 9.21428e-03  loss_labels: 7.41130e-03  ce_labels_labels: 9.52961e-04  kld_labels: 4.13334e+01  correct_labels_labels: 0.00000e+00  loss_joint: 7.49208e-01  ce_joint: 2.15685e+00  sse_joint: 1.95742e+01  ce_labels_joint: 3.57544e-04  kld_vamb_joint: 5.29650e+00  kld_labels_joint: 6.79646e+00  correct_labels_joint: 0.00000e+00  loss: 1.51609e+00
2026-08-13 11:10:08.690 | INFO    | 		Epoch: 238  loss_vamb: 7.59493e-01  ab_vamb: 2.25449e-03  ce_vamb: 7.16856e-01  sse_vamb: 3.11841e-02  kld_vamb: 9.18507e-03  loss_labels: 7.86196e-03  ce_labels_labels: 1.40942e-03  kld_labels: 4.12962e+01  correct_labels_labels: 0.00000e+00  loss_joint: 7.49100e-01  ce_joint: 2.15738e+00  sse_joint: 1.95798e+01  ce_labels_joint: 2.47928e-04  kld_vamb_joint: 5.28753e+00  kld_labels_joint: 6.79134e+00  correct_labels_joint: 0.00000e+00  loss: 1.51645e+00
2026-08-13 11:10:11.408 | INFO    | 		Epoch: 239  loss_vamb: 7.59446e-01  ab_vamb: 2.28882e-03  ce_vamb: 7.16870e-01  sse_vamb: 3.12181e-02  kld_vamb: 9.17303e-03  loss_labels: 7.17871e-03  ce_labels_labels: 7.19488e-04  kld_labels: 4.13390e+01  correct_labels_labels: 0.00000e+00  loss_joint: 7.48839e-01  ce_joint: 2.15738e+00  sse_joint: 1.95606e+01  ce_labels_joint: 1.64726e-04  kld_vamb_joint: 5.27923e+00  kld_labels_joint: 6.78088e+00  correct_labels_joint: 0.00000e+00  loss: 1.51546e+00
2026-08-13 11:10:14.236 | INFO    | 		Epoch: 240  loss_vamb: 7.59092e-01  ab_vamb: 2.26472e-03  ce_vamb: 7.16838e-01  sse_vamb: 3.12017e-02  kld_vamb: 9.18200e-03  loss_labels: 6.98950e-03  ce_labels_labels: 5.53480e-04  kld_labels: 4.11905e+01  correct_labels_labels: 0.00000e+00  loss_joint: 7.48546e-01  ce_joint: 2.15726e+00  sse_joint: 1.95252e+01  ce_labels_joint: 2.36771e-04  kld_vamb_joint: 5.26820e+00  kld_labels_joint: 6.78852e+00  correct_labels_joint: 0.00000e+00  loss: 1.51463e+00
2026-08-13 11:10:16.922 | INFO    | 		Epoch: 241  loss_vamb: 7.59996e-01  ab_vamb: 2.27658e-03  ce_vamb: 7.16757e-01  sse_vamb: 3.12142e-02  kld_vamb: 9.19828e-03  loss_labels: 6.98086e-03  ce_labels_labels: 5.92252e-04  kld_labels: 4.08871e+01  correct_labels_labels: 0.00000e+00  loss_joint: 7.49414e-01  ce_joint: 2.15705e+00  sse_joint: 1.95061e+01  ce_labels_joint: 2.90112e-04  kld_vamb_joint: 5.24200e+00  kld_labels_joint: 6.78482e+00  correct_labels_joint: 0.00000e+00  loss: 1.51639e+00
2026-08-13 11:10:19.621 | INFO    | 		Epoch: 242  loss_vamb: 7.59938e-01  ab_vamb: 2.20714e-03  ce_vamb: 7.16717e-01  sse_vamb: 3.11673e-02  kld_vamb: 9.22587e-03  loss_labels: 7.12742e-03  ce_labels_labels: 8.01972e-04  kld_labels: 4.04829e+01  correct_labels_labels: 0.00000e+00  loss_joint: 7.49448e-01  ce_joint: 2.15682e+00  sse_joint: 1.95160e+01  ce_labels_joint: 3.32696e-04  kld_vamb_joint: 5.22645e+00  kld_labels_joint: 6.78949e+00  correct_labels_joint: 0.00000e+00  loss: 1.51651e+00
2026-08-13 11:10:22.280 | INFO    | 		Epoch: 243  loss_vamb: 7.59264e-01  ab_vamb: 2.19722e-03  ce_vamb: 7.16941e-01  sse_vamb: 3.10886e-02  kld_vamb: 9.23863e-03  loss_labels: 7.57347e-03  ce_labels_labels: 1.28093e-03  kld_labels: 4.02722e+01  correct_labels_labels: 0.00000e+00  loss_joint: 7.49001e-01  ce_joint: 2.15755e+00  sse_joint: 1.95204e+01  ce_labels_joint: 4.59864e-04  kld_vamb_joint: 5.21758e+00  kld_labels_joint: 6.79306e+00  correct_labels_joint: 0.00000e+00  loss: 1.51584e+00
2026-08-13 11:10:24.857 | INFO    | 		Epoch: 244  loss_vamb: 7.59412e-01  ab_vamb: 2.26597e-03  ce_vamb: 7.16682e-01  sse_vamb: 3.11717e-02  kld_vamb: 9.20651e-03  loss_labels: 7.32167e-03  ce_labels_labels: 1.04766e-03  kld_labels: 4.01537e+01  correct_labels_labels: 0.00000e+00  loss_joint: 7.48860e-01  ce_joint: 2.15689e+00  sse_joint: 1.95225e+01  ce_labels_joint: 2.39254e-04  kld_vamb_joint: 5.21738e+00  kld_labels_joint: 6.78493e+00  correct_labels_joint: 0.00000e+00  loss: 1.51559e+00
2026-08-13 11:10:27.535 | INFO    | 		Epoch: 245  loss_vamb: 7.59280e-01  ab_vamb: 2.27558e-03  ce_vamb: 7.16674e-01  sse_vamb: 3.11917e-02  kld_vamb: 9.16815e-03  loss_labels: 6.75634e-03  ce_labels_labels: 4.97729e-04  kld_labels: 4.00551e+01  correct_labels_labels: 0.00000e+00  loss_joint: 7.48968e-01  ce_joint: 2.15691e+00  sse_joint: 1.94963e+01  ce_labels_joint: 4.70371e-04  kld_vamb_joint: 5.22053e+00  kld_labels_joint: 6.78465e+00  correct_labels_joint: 0.00000e+00  loss: 1.51500e+00
2026-08-13 11:10:30.252 | INFO    | 		Epoch: 246  loss_vamb: 7.59990e-01  ab_vamb: 2.25890e-03  ce_vamb: 7.16938e-01  sse_vamb: 3.11596e-02  kld_vamb: 9.20629e-03  loss_labels: 7.71987e-03  ce_labels_labels: 1.47601e-03  kld_labels: 3.99606e+01  correct_labels_labels: 0.00000e+00  loss_joint: 7.49440e-01  ce_joint: 2.15733e+00  sse_joint: 1.95220e+01  ce_labels_joint: 3.16827e-04  kld_vamb_joint: 5.19868e+00  kld_labels_joint: 6.76702e+00  correct_labels_joint: 0.00000e+00  loss: 1.51715e+00
2026-08-13 11:10:32.966 | INFO    | 		Epoch: 247  loss_vamb: 7.59644e-01  ab_vamb: 2.21282e-03  ce_vamb: 7.16827e-01  sse_vamb: 3.11479e-02  kld_vamb: 9.22601e-03  loss_labels: 7.50143e-03  ce_labels_labels: 1.24431e-03  kld_labels: 4.00456e+01  correct_labels_labels: 0.00000e+00  loss_joint: 7.49294e-01  ce_joint: 2.15708e+00  sse_joint: 1.94751e+01  ce_labels_joint: 5.16505e-04  kld_vamb_joint: 5.18171e+00  kld_labels_joint: 6.75462e+00  correct_labels_joint: 0.00000e+00  loss: 1.51644e+00
2026-08-13 11:10:35.609 | INFO    | 		Epoch: 248  loss_vamb: 7.59798e-01  ab_vamb: 2.24930e-03  ce_vamb: 7.16716e-01  sse_vamb: 3.11599e-02  kld_vamb: 9.23015e-03  loss_labels: 7.03979e-03  ce_labels_labels: 7.46678e-04  kld_labels: 4.02759e+01  correct_labels_labels: 0.00000e+00  loss_joint: 7.49390e-01  ce_joint: 2.15680e+00  sse_joint: 1.94802e+01  ce_labels_joint: 5.10325e-04  kld_vamb_joint: 5.18894e+00  kld_labels_joint: 6.74368e+00  correct_labels_joint: 0.00000e+00  loss: 1.51623e+00
2026-08-13 11:10:38.298 | INFO    | 		Epoch: 249  loss_vamb: 7.58840e-01  ab_vamb: 2.33461e-03  ce_vamb: 7.16642e-01  sse_vamb: 3.12010e-02  kld_vamb: 9.24126e-03  loss_labels: 7.20797e-03  ce_labels_labels: 8.83322e-04  kld_labels: 4.04778e+01  correct_labels_labels: 0.00000e+00  loss_joint: 7.48448e-01  ce_joint: 2.15678e+00  sse_joint: 1.96236e+01  ce_labels_joint: 3.08130e-04  kld_vamb_joint: 5.17603e+00  kld_labels_joint: 6.72564e+00  correct_labels_joint: 0.00000e+00  loss: 1.51450e+00
2026-08-13 11:10:40.986 | INFO    | 		Epoch: 250  loss_vamb: 7.58811e-01  ab_vamb: 2.21909e-03  ce_vamb: 7.16716e-01  sse_vamb: 3.11996e-02  kld_vamb: 9.23231e-03  loss_labels: 7.61454e-03  ce_labels_labels: 1.29528e-03  kld_labels: 4.04433e+01  correct_labels_labels: 0.00000e+00  loss_joint: 7.48259e-01  ce_joint: 2.15689e+00  sse_joint: 1.95158e+01  ce_labels_joint: 3.29780e-04  kld_vamb_joint: 5.16482e+00  kld_labels_joint: 6.72077e+00  correct_labels_joint: 0.00000e+00  loss: 1.51468e+00
2026-08-13 11:10:43.649 | INFO    | 		Epoch: 251  loss_vamb: 7.59010e-01  ab_vamb: 2.25579e-03  ce_vamb: 7.16688e-01  sse_vamb: 3.12183e-02  kld_vamb: 9.21508e-03  loss_labels: 7.41677e-03  ce_labels_labels: 1.11939e-03  kld_labels: 4.03033e+01  correct_labels_labels: 0.00000e+00  loss_joint: 7.48409e-01  ce_joint: 2.15687e+00  sse_joint: 1.95399e+01  ce_labels_joint: 2.53034e-04  kld_vamb_joint: 5.17167e+00  kld_labels_joint: 6.71848e+00  correct_labels_joint: 0.00000e+00  loss: 1.51484e+00
2026-08-13 11:10:46.311 | INFO    | 		Epoch: 252  loss_vamb: 7.59069e-01  ab_vamb: 2.22552e-03  ce_vamb: 7.16700e-01  sse_vamb: 3.11687e-02  kld_vamb: 9.19653e-03  loss_labels: 6.86088e-03  ce_labels_labels: 5.55899e-04  kld_labels: 4.03519e+01  correct_labels_labels: 0.00000e+00  loss_joint: 7.48732e-01  ce_joint: 2.15673e+00  sse_joint: 1.95377e+01  ce_labels_joint: 4.71629e-04  kld_vamb_joint: 5.16399e+00  kld_labels_joint: 6.71299e+00  correct_labels_joint: 0.00000e+00  loss: 1.51466e+00
2026-08-13 11:10:48.984 | INFO    | 		Epoch: 253  loss_vamb: 7.59554e-01  ab_vamb: 2.23447e-03  ce_vamb: 7.16961e-01  sse_vamb: 3.11767e-02  kld_vamb: 9.19111e-03  loss_labels: 7.50742e-03  ce_labels_labels: 1.21183e-03  kld_labels: 4.02918e+01  correct_labels_labels: 0.00000e+00  loss_joint: 7.48935e-01  ce_joint: 2.15743e+00  sse_joint: 1.95022e+01  ce_labels_joint: 2.53808e-04  kld_vamb_joint: 5.16112e+00  kld_labels_joint: 6.70976e+00  correct_labels_joint: 0.00000e+00  loss: 1.51600e+00
2026-08-13 11:10:51.597 | INFO    | 		Epoch: 254  loss_vamb: 7.58786e-01  ab_vamb: 2.25175e-03  ce_vamb: 7.16704e-01  sse_vamb: 3.12012e-02  kld_vamb: 9.19536e-03  loss_labels: 6.95580e-03  ce_labels_labels: 6.80856e-04  kld_labels: 4.01597e+01  correct_labels_labels: 0.00000e+00  loss_joint: 7.48297e-01  ce_joint: 2.15679e+00  sse_joint: 1.95099e+01  ce_labels_joint: 3.91591e-04  kld_vamb_joint: 5.14239e+00  kld_labels_joint: 6.71122e+00  correct_labels_joint: 0.00000e+00  loss: 1.51404e+00
2026-08-13 11:10:54.174 | INFO    | 		Epoch: 255  loss_vamb: 7.59333e-01  ab_vamb: 2.28204e-03  ce_vamb: 7.16743e-01  sse_vamb: 3.11562e-02  kld_vamb: 9.22047e-03  loss_labels: 6.85887e-03  ce_labels_labels: 6.15925e-04  kld_labels: 3.99548e+01  correct_labels_labels: 0.00000e+00  loss_joint: 7.48774e-01  ce_joint: 2.15692e+00  sse_joint: 1.94748e+01  ce_labels_joint: 3.68313e-04  kld_vamb_joint: 5.14318e+00  kld_labels_joint: 6.72151e+00  correct_labels_joint: 0.00000e+00  loss: 1.51497e+00
2026-08-13 11:10:56.979 | INFO    | 		Epoch: 256  loss_vamb: 7.59038e-01  ab_vamb: 2.21657e-03  ce_vamb: 7.16715e-01  sse_vamb: 3.11408e-02  kld_vamb: 9.22918e-03  loss_labels: 6.60594e-03  ce_labels_labels: 3.95204e-04  kld_labels: 3.97487e+01  correct_labels_labels: 0.00000e+00  loss_joint: 7.48480e-01  ce_joint: 2.15682e+00  sse_joint: 1.94679e+01  ce_labels_joint: 3.27344e-04  kld_vamb_joint: 5.13817e+00  kld_labels_joint: 6.72085e+00  correct_labels_joint: 0.00000e+00  loss: 1.51412e+00
2026-08-13 11:10:59.799 | INFO    | 		Epoch: 257  loss_vamb: 7.59801e-01  ab_vamb: 2.26877e-03  ce_vamb: 7.16752e-01  sse_vamb: 3.10695e-02  kld_vamb: 9.20403e-03  loss_labels: 7.19089e-03  ce_labels_labels: 1.03814e-03  kld_labels: 3.93776e+01  correct_labels_labels: 0.00000e+00  loss_joint: 7.49325e-01  ce_joint: 2.15694e+00  sse_joint: 1.94518e+01  ce_labels_joint: 4.00450e-04  kld_vamb_joint: 5.13416e+00  kld_labels_joint: 6.72876e+00  correct_labels_joint: 0.00000e+00  loss: 1.51632e+00
2026-08-13 11:11:02.594 | INFO    | 		Epoch: 258  loss_vamb: 7.59364e-01  ab_vamb: 2.29984e-03  ce_vamb: 7.16732e-01  sse_vamb: 3.12245e-02  kld_vamb: 9.19601e-03  loss_labels: 6.98956e-03  ce_labels_labels: 8.93448e-04  kld_labels: 3.90151e+01  correct_labels_labels: 0.00000e+00  loss_joint: 7.48860e-01  ce_joint: 2.15703e+00  sse_joint: 1.94810e+01  ce_labels_joint: 3.84195e-04  kld_vamb_joint: 5.13916e+00  kld_labels_joint: 6.74028e+00  correct_labels_joint: 0.00000e+00  loss: 1.51521e+00
2026-08-13 11:11:05.391 | INFO    | 		Epoch: 259  loss_vamb: 7.59492e-01  ab_vamb: 2.28426e-03  ce_vamb: 7.16838e-01  sse_vamb: 3.11712e-02  kld_vamb: 9.19641e-03  loss_labels: 7.21514e-03  ce_labels_labels: 1.13078e-03  kld_labels: 3.89399e+01  correct_labels_labels: 0.00000e+00  loss_joint: 7.48844e-01  ce_joint: 2.15712e+00  sse_joint: 1.94862e+01  ce_labels_joint: 2.71000e-04  kld_vamb_joint: 5.13078e+00  kld_labels_joint: 6.74206e+00  correct_labels_joint: 0.00000e+00  loss: 1.51555e+00
2026-08-13 11:11:08.031 | INFO    | 		Epoch: 260  loss_vamb: 7.59514e-01  ab_vamb: 2.20940e-03  ce_vamb: 7.16658e-01  sse_vamb: 3.10981e-02  kld_vamb: 9.22691e-03  loss_labels: 7.18343e-03  ce_labels_labels: 1.09473e-03  kld_labels: 3.89677e+01  correct_labels_labels: 0.00000e+00  loss_joint: 7.48873e-01  ce_joint: 2.15679e+00  sse_joint: 1.94406e+01  ce_labels_joint: 2.07070e-04  kld_vamb_joint: 5.12434e+00  kld_labels_joint: 6.72830e+00  correct_labels_joint: 0.00000e+00  loss: 1.51557e+00
2026-08-13 11:11:10.686 | INFO    | 		Epoch: 261  loss_vamb: 7.59100e-01  ab_vamb: 2.22224e-03  ce_vamb: 7.16874e-01  sse_vamb: 3.12118e-02  kld_vamb: 9.26505e-03  loss_labels: 6.56794e-03  ce_labels_labels: 4.64231e-04  kld_labels: 3.90637e+01  correct_labels_labels: 0.00000e+00  loss_joint: 7.48393e-01  ce_joint: 2.15727e+00  sse_joint: 1.94697e+01  ce_labels_joint: 2.79327e-04  kld_vamb_joint: 5.10751e+00  kld_labels_joint: 6.72490e+00  correct_labels_joint: 0.00000e+00  loss: 1.51406e+00
2026-08-13 11:11:13.384 | INFO    | 		Epoch: 262  loss_vamb: 7.59254e-01  ab_vamb: 2.28754e-03  ce_vamb: 7.16928e-01  sse_vamb: 3.09779e-02  kld_vamb: 9.26144e-03  loss_labels: 6.82123e-03  ce_labels_labels: 7.30528e-04  kld_labels: 3.89805e+01  correct_labels_labels: 0.00000e+00  loss_joint: 7.48719e-01  ce_joint: 2.15742e+00  sse_joint: 1.94261e+01  ce_labels_joint: 3.61344e-04  kld_vamb_joint: 5.08796e+00  kld_labels_joint: 6.72117e+00  correct_labels_joint: 0.00000e+00  loss: 1.51479e+00
2026-08-13 11:11:16.105 | INFO    | 		Epoch: 263  loss_vamb: 7.59517e-01  ab_vamb: 2.27358e-03  ce_vamb: 7.16885e-01  sse_vamb: 3.11499e-02  kld_vamb: 9.23197e-03  loss_labels: 7.30804e-03  ce_labels_labels: 1.21869e-03  kld_labels: 3.89719e+01  correct_labels_labels: 0.00000e+00  loss_joint: 7.48943e-01  ce_joint: 2.15717e+00  sse_joint: 1.94399e+01  ce_labels_joint: 3.99234e-04  kld_vamb_joint: 5.09155e+00  kld_labels_joint: 6.71948e+00  correct_labels_joint: 0.00000e+00  loss: 1.51577e+00
2026-08-13 11:11:18.807 | INFO    | 		Epoch: 264  loss_vamb: 7.60041e-01  ab_vamb: 2.25452e-03  ce_vamb: 7.16833e-01  sse_vamb: 3.11079e-02  kld_vamb: 9.21365e-03  loss_labels: 7.01997e-03  ce_labels_labels: 9.12238e-04  kld_labels: 3.90895e+01  correct_labels_labels: 0.00000e+00  loss_joint: 7.49363e-01  ce_joint: 2.15722e+00  sse_joint: 1.94193e+01  ce_labels_joint: 2.14270e-04  kld_vamb_joint: 5.09281e+00  kld_labels_joint: 6.70545e+00  correct_labels_joint: 0.00000e+00  loss: 1.51642e+00
2026-08-13 11:11:21.619 | INFO    | 		Epoch: 265  loss_vamb: 7.59340e-01  ab_vamb: 2.23352e-03  ce_vamb: 7.16751e-01  sse_vamb: 3.11086e-02  kld_vamb: 9.22188e-03  loss_labels: 6.77672e-03  ce_labels_labels: 6.62927e-04  kld_labels: 3.91283e+01  correct_labels_labels: 0.00000e+00  loss_joint: 7.48735e-01  ce_joint: 2.15689e+00  sse_joint: 1.94207e+01  ce_labels_joint: 3.25142e-04  kld_vamb_joint: 5.08145e+00  kld_labels_joint: 6.70872e+00  correct_labels_joint: 0.00000e+00  loss: 1.51485e+00
2026-08-13 11:11:24.281 | INFO    | 		Epoch: 266  loss_vamb: 7.59678e-01  ab_vamb: 2.23837e-03  ce_vamb: 7.16802e-01  sse_vamb: 3.11322e-02  kld_vamb: 9.22840e-03  loss_labels: 6.84712e-03  ce_labels_labels: 7.44925e-04  kld_labels: 3.90540e+01  correct_labels_labels: 0.00000e+00  loss_joint: 7.49182e-01  ce_joint: 2.15705e+00  sse_joint: 1.93937e+01  ce_labels_joint: 5.43669e-04  kld_vamb_joint: 5.07913e+00  kld_labels_joint: 6.71215e+00  correct_labels_joint: 0.00000e+00  loss: 1.51571e+00
2026-08-13 11:11:27.169 | INFO    | 		Epoch: 267  loss_vamb: 7.59415e-01  ab_vamb: 2.29806e-03  ce_vamb: 7.16779e-01  sse_vamb: 3.11349e-02  kld_vamb: 9.21192e-03  loss_labels: 7.17738e-03  ce_labels_labels: 1.09080e-03  kld_labels: 3.89541e+01  correct_labels_labels: 0.00000e+00  loss_joint: 7.49006e-01  ce_joint: 2.15698e+00  sse_joint: 1.94026e+01  ce_labels_joint: 6.19367e-04  kld_vamb_joint: 5.08089e+00  kld_labels_joint: 6.70478e+00  correct_labels_joint: 0.00000e+00  loss: 1.51560e+00
2026-08-13 11:11:29.786 | INFO    | 		Epoch: 268  loss_vamb: 7.59568e-01  ab_vamb: 2.26822e-03  ce_vamb: 7.16792e-01  sse_vamb: 3.10530e-02  kld_vamb: 9.19700e-03  loss_labels: 7.60814e-03  ce_labels_labels: 1.51216e-03  kld_labels: 3.90143e+01  correct_labels_labels: 0.00000e+00  loss_joint: 7.49006e-01  ce_joint: 2.15708e+00  sse_joint: 1.93848e+01  ce_labels_joint: 4.06648e-04  kld_vamb_joint: 5.07212e+00  kld_labels_joint: 6.68506e+00  correct_labels_joint: 0.00000e+00  loss: 1.51618e+00
2026-08-13 11:11:32.512 | INFO    | 		Epoch: 269  loss_vamb: 7.59336e-01  ab_vamb: 2.28273e-03  ce_vamb: 7.16828e-01  sse_vamb: 3.11367e-02  kld_vamb: 9.19092e-03  loss_labels: 7.15578e-03  ce_labels_labels: 1.02919e-03  kld_labels: 3.92102e+01  correct_labels_labels: 0.00000e+00  loss_joint: 7.48762e-01  ce_joint: 2.15725e+00  sse_joint: 1.94576e+01  ce_labels_joint: 2.75763e-04  kld_vamb_joint: 5.08037e+00  kld_labels_joint: 6.67129e+00  correct_labels_joint: 0.00000e+00  loss: 1.51525e+00
2026-08-13 11:11:35.307 | INFO    | 		Epoch: 270  loss_vamb: 7.60025e-01  ab_vamb: 2.22379e-03  ce_vamb: 7.16880e-01  sse_vamb: 3.10567e-02  kld_vamb: 9.23607e-03  loss_labels: 6.94356e-03  ce_labels_labels: 7.90248e-04  kld_labels: 3.93812e+01  correct_labels_labels: 0.00000e+00  loss_joint: 7.49440e-01  ce_joint: 2.15717e+00  sse_joint: 1.94159e+01  ce_labels_joint: 3.53106e-04  kld_vamb_joint: 5.07101e+00  kld_labels_joint: 6.66365e+00  correct_labels_joint: 0.00000e+00  loss: 1.51641e+00
2026-08-13 11:11:37.901 | INFO    | 		Epoch: 271  loss_vamb: 7.59095e-01  ab_vamb: 2.21818e-03  ce_vamb: 7.16939e-01  sse_vamb: 3.11105e-02  kld_vamb: 9.22782e-03  loss_labels: 6.82102e-03  ce_labels_labels: 6.38726e-04  kld_labels: 3.95667e+01  correct_labels_labels: 0.00000e+00  loss_joint: 7.48483e-01  ce_joint: 2.15756e+00  sse_joint: 1.94069e+01  ce_labels_joint: 3.71010e-04  kld_vamb_joint: 5.05537e+00  kld_labels_joint: 6.65580e+00  correct_labels_joint: 0.00000e+00  loss: 1.51440e+00
2026-08-13 11:11:40.616 | INFO    | 		Epoch: 272  loss_vamb: 7.59156e-01  ab_vamb: 2.33248e-03  ce_vamb: 7.16695e-01  sse_vamb: 3.11033e-02  kld_vamb: 9.20193e-03  loss_labels: 7.10955e-03  ce_labels_labels: 9.22051e-04  kld_labels: 3.96000e+01  correct_labels_labels: 0.00000e+00  loss_joint: 7.48697e-01  ce_joint: 2.15696e+00  sse_joint: 1.94440e+01  ce_labels_joint: 3.66424e-04  kld_vamb_joint: 5.06903e+00  kld_labels_joint: 6.65699e+00  correct_labels_joint: 0.00000e+00  loss: 1.51496e+00
2026-08-13 11:11:43.278 | INFO    | 		Epoch: 273  loss_vamb: 7.60203e-01  ab_vamb: 2.33678e-03  ce_vamb: 7.16880e-01  sse_vamb: 3.11042e-02  kld_vamb: 9.21703e-03  loss_labels: 6.95687e-03  ce_labels_labels: 7.70342e-04  kld_labels: 3.95938e+01  correct_labels_labels: 0.00000e+00  loss_joint: 7.49477e-01  ce_joint: 2.15714e+00  sse_joint: 1.93964e+01  ce_labels_joint: 3.57516e-04  kld_vamb_joint: 5.06560e+00  kld_labels_joint: 6.66089e+00  correct_labels_joint: 0.00000e+00  loss: 1.51664e+00
2026-08-13 11:11:45.939 | INFO    | 		Epoch: 274  loss_vamb: 7.59185e-01  ab_vamb: 2.23877e-03  ce_vamb: 7.16784e-01  sse_vamb: 3.10428e-02  kld_vamb: 9.24100e-03  loss_labels: 7.15587e-03  ce_labels_labels: 9.76940e-04  kld_labels: 3.95452e+01  correct_labels_labels: 0.00000e+00  loss_joint: 7.48365e-01  ce_joint: 2.15700e+00  sse_joint: 1.93913e+01  ce_labels_joint: 1.68041e-04  kld_vamb_joint: 5.05136e+00  kld_labels_joint: 6.65111e+00  correct_labels_joint: 0.00000e+00  loss: 1.51471e+00
2026-08-13 11:11:48.588 | INFO    | 		Epoch: 275  loss_vamb: 7.59368e-01  ab_vamb: 2.22482e-03  ce_vamb: 7.16798e-01  sse_vamb: 3.10575e-02  kld_vamb: 9.21818e-03  loss_labels: 6.74952e-03  ce_labels_labels: 5.36687e-04  kld_labels: 3.97621e+01  correct_labels_labels: 0.00000e+00  loss_joint: 7.48793e-01  ce_joint: 2.15690e+00  sse_joint: 1.93714e+01  ce_labels_joint: 4.78989e-04  kld_vamb_joint: 5.04751e+00  kld_labels_joint: 6.63833e+00  correct_labels_joint: 0.00000e+00  loss: 1.51491e+00
2026-08-13 11:11:51.410 | INFO    | 		Epoch: 276  loss_vamb: 7.58652e-01  ab_vamb: 2.19286e-03  ce_vamb: 7.16821e-01  sse_vamb: 3.11961e-02  kld_vamb: 9.20515e-03  loss_labels: 7.43086e-03  ce_labels_labels: 1.18675e-03  kld_labels: 3.99623e+01  correct_labels_labels: 0.00000e+00  loss_joint: 7.48030e-01  ce_joint: 2.15697e+00  sse_joint: 1.94039e+01  ce_labels_joint: 4.32802e-04  kld_vamb_joint: 5.05262e+00  kld_labels_joint: 6.64469e+00  correct_labels_joint: 0.00000e+00  loss: 1.51411e+00
2026-08-13 11:11:53.957 | INFO    | 		Epoch: 277  loss_vamb: 7.59385e-01  ab_vamb: 2.22769e-03  ce_vamb: 7.16721e-01  sse_vamb: 3.10461e-02  kld_vamb: 9.24285e-03  loss_labels: 6.77609e-03  ce_labels_labels: 5.30664e-04  kld_labels: 3.99707e+01  correct_labels_labels: 0.00000e+00  loss_joint: 7.48889e-01  ce_joint: 2.15669e+00  sse_joint: 1.94010e+01  ce_labels_joint: 4.89547e-04  kld_vamb_joint: 5.04533e+00  kld_labels_joint: 6.64152e+00  correct_labels_joint: 0.00000e+00  loss: 1.51505e+00
2026-08-13 11:11:56.492 | INFO    | 		Epoch: 278  loss_vamb: 7.58972e-01  ab_vamb: 2.21768e-03  ce_vamb: 7.16833e-01  sse_vamb: 3.10000e-02  kld_vamb: 9.23811e-03  loss_labels: 6.93667e-03  ce_labels_labels: 7.24457e-04  kld_labels: 3.97581e+01  correct_labels_labels: 0.00000e+00  loss_joint: 7.48421e-01  ce_joint: 2.15729e+00  sse_joint: 1.93571e+01  ce_labels_joint: 3.53722e-04  kld_vamb_joint: 5.02993e+00  kld_labels_joint: 6.64300e+00  correct_labels_joint: 0.00000e+00  loss: 1.51433e+00
2026-08-13 11:11:59.174 | INFO    | 		Epoch: 279  loss_vamb: 7.60217e-01  ab_vamb: 2.20318e-03  ce_vamb: 7.17008e-01  sse_vamb: 3.11088e-02  kld_vamb: 9.20453e-03  loss_labels: 7.14820e-03  ce_labels_labels: 9.61695e-04  kld_labels: 3.95936e+01  correct_labels_labels: 0.00000e+00  loss_joint: 7.49415e-01  ce_joint: 2.15776e+00  sse_joint: 1.93557e+01  ce_labels_joint: 1.98015e-04  kld_vamb_joint: 5.02702e+00  kld_labels_joint: 6.64276e+00  correct_labels_joint: 0.00000e+00  loss: 1.51678e+00
2026-08-13 11:12:01.786 | INFO    | 		Epoch: 280  loss_vamb: 7.58697e-01  ab_vamb: 2.24191e-03  ce_vamb: 7.16721e-01  sse_vamb: 3.11453e-02  kld_vamb: 9.22201e-03  loss_labels: 6.70361e-03  ce_labels_labels: 5.60837e-04  kld_labels: 3.93138e+01  correct_labels_labels: 0.00000e+00  loss_joint: 7.47906e-01  ce_joint: 2.15673e+00  sse_joint: 1.93721e+01  ce_labels_joint: 2.98941e-04  kld_vamb_joint: 5.02676e+00  kld_labels_joint: 6.65346e+00  correct_labels_joint: 0.00000e+00  loss: 1.51331e+00
2026-08-13 11:12:04.641 | INFO    | 		Epoch: 281  loss_vamb: 7.59617e-01  ab_vamb: 2.29019e-03  ce_vamb: 7.16845e-01  sse_vamb: 3.10261e-02  kld_vamb: 9.22928e-03  loss_labels: 6.98042e-03  ce_labels_labels: 8.79441e-04  kld_labels: 3.90463e+01  correct_labels_labels: 0.00000e+00  loss_joint: 7.48997e-01  ce_joint: 2.15702e+00  sse_joint: 1.93293e+01  ce_labels_joint: 4.84982e-04  kld_vamb_joint: 5.00819e+00  kld_labels_joint: 6.65356e+00  correct_labels_joint: 0.00000e+00  loss: 1.51559e+00
2026-08-13 11:12:07.302 | INFO    | 		Epoch: 282  loss_vamb: 7.59701e-01  ab_vamb: 2.20689e-03  ce_vamb: 7.16745e-01  sse_vamb: 3.10725e-02  kld_vamb: 9.23053e-03  loss_labels: 7.45455e-03  ce_labels_labels: 1.35889e-03  kld_labels: 3.90122e+01  correct_labels_labels: 0.00000e+00  loss_joint: 7.48897e-01  ce_joint: 2.15689e+00  sse_joint: 1.93113e+01  ce_labels_joint: 2.56881e-04  kld_vamb_joint: 5.00439e+00  kld_labels_joint: 6.65217e+00  correct_labels_joint: 0.00000e+00  loss: 1.51605e+00
2026-08-13 11:12:10.130 | INFO    | 		Epoch: 283  loss_vamb: 7.58552e-01  ab_vamb: 2.26071e-03  ce_vamb: 7.16677e-01  sse_vamb: 3.10851e-02  kld_vamb: 9.21222e-03  loss_labels: 6.66093e-03  ce_labels_labels: 5.19624e-04  kld_labels: 3.93044e+01  correct_labels_labels: 0.00000e+00  loss_joint: 7.48014e-01  ce_joint: 2.15666e+00  sse_joint: 1.93480e+01  ce_labels_joint: 5.47241e-04  kld_vamb_joint: 4.99932e+00  kld_labels_joint: 6.63412e+00  correct_labels_joint: 0.00000e+00  loss: 1.51323e+00
2026-08-13 11:12:12.938 | INFO    | 		Epoch: 284  loss_vamb: 7.59256e-01  ab_vamb: 2.25445e-03  ce_vamb: 7.16774e-01  sse_vamb: 3.10527e-02  kld_vamb: 9.25736e-03  loss_labels: 6.90683e-03  ce_labels_labels: 7.60950e-04  kld_labels: 3.93336e+01  correct_labels_labels: 0.00000e+00  loss_joint: 7.48465e-01  ce_joint: 2.15702e+00  sse_joint: 1.93531e+01  ce_labels_joint: 2.89834e-04  kld_vamb_joint: 4.99334e+00  kld_labels_joint: 6.63418e+00  correct_labels_joint: 0.00000e+00  loss: 1.51463e+00
2026-08-13 11:12:15.572 | INFO    | 		Epoch: 285  loss_vamb: 7.58513e-01  ab_vamb: 2.20765e-03  ce_vamb: 7.16717e-01  sse_vamb: 3.10645e-02  kld_vamb: 9.27456e-03  loss_labels: 6.72608e-03  ce_labels_labels: 5.96452e-04  kld_labels: 3.92296e+01  correct_labels_labels: 0.00000e+00  loss_joint: 7.47747e-01  ce_joint: 2.15680e+00  sse_joint: 1.93389e+01  ce_labels_joint: 2.79926e-04  kld_vamb_joint: 4.98027e+00  kld_labels_joint: 6.63223e+00  correct_labels_joint: 0.00000e+00  loss: 1.51299e+00
2026-08-13 11:12:18.261 | INFO    | 		Epoch: 286  loss_vamb: 7.59840e-01  ab_vamb: 2.23157e-03  ce_vamb: 7.16872e-01  sse_vamb: 3.09825e-02  kld_vamb: 9.24377e-03  loss_labels: 6.91982e-03  ce_labels_labels: 8.12882e-04  kld_labels: 3.90844e+01  correct_labels_labels: 0.00000e+00  loss_joint: 7.49389e-01  ce_joint: 2.15719e+00  sse_joint: 1.93244e+01  ce_labels_joint: 6.27285e-04  kld_vamb_joint: 4.98849e+00  kld_labels_joint: 6.63521e+00  correct_labels_joint: 0.00000e+00  loss: 1.51615e+00
2026-08-13 11:12:21.128 | INFO    | 		Epoch: 287  loss_vamb: 7.58900e-01  ab_vamb: 2.23497e-03  ce_vamb: 7.16679e-01  sse_vamb: 3.10933e-02  kld_vamb: 9.22988e-03  loss_labels: 6.84832e-03  ce_labels_labels: 7.64138e-04  kld_labels: 3.89388e+01  correct_labels_labels: 0.00000e+00  loss_joint: 7.48452e-01  ce_joint: 2.15672e+00  sse_joint: 1.93382e+01  ce_labels_joint: 6.14369e-04  kld_vamb_joint: 4.98802e+00  kld_labels_joint: 6.62808e+00  correct_labels_joint: 0.00000e+00  loss: 1.51420e+00
2026-08-13 11:12:23.652 | INFO    | 		Epoch: 288  loss_vamb: 7.58893e-01  ab_vamb: 2.27178e-03  ce_vamb: 7.16657e-01  sse_vamb: 3.10670e-02  kld_vamb: 9.22886e-03  loss_labels: 6.91172e-03  ce_labels_labels: 8.60229e-04  kld_labels: 3.87295e+01  correct_labels_labels: 0.00000e+00  loss_joint: 7.48067e-01  ce_joint: 2.15654e+00  sse_joint: 1.93340e+01  ce_labels_joint: 2.99434e-04  kld_vamb_joint: 4.98553e+00  kld_labels_joint: 6.63040e+00  correct_labels_joint: 0.00000e+00  loss: 1.51387e+00
2026-08-13 11:12:26.328 | INFO    | 		Epoch: 289  loss_vamb: 7.59310e-01  ab_vamb: 2.21254e-03  ce_vamb: 7.16774e-01  sse_vamb: 3.10225e-02  kld_vamb: 9.24357e-03  loss_labels: 7.09454e-03  ce_labels_labels: 1.05217e-03  kld_labels: 3.86712e+01  correct_labels_labels: 0.00000e+00  loss_joint: 7.48483e-01  ce_joint: 2.15671e+00  sse_joint: 1.93194e+01  ce_labels_joint: 2.67994e-04  kld_vamb_joint: 4.98750e+00  kld_labels_joint: 6.64423e+00  correct_labels_joint: 0.00000e+00  loss: 1.51489e+00
2026-08-13 11:12:28.988 | INFO    | 		Epoch: 290  loss_vamb: 7.59725e-01  ab_vamb: 2.26121e-03  ce_vamb: 7.16695e-01  sse_vamb: 3.10388e-02  kld_vamb: 9.23017e-03  loss_labels: 6.90880e-03  ce_labels_labels: 8.54984e-04  kld_labels: 3.87445e+01  correct_labels_labels: 0.00000e+00  loss_joint: 7.48909e-01  ce_joint: 2.15685e+00  sse_joint: 1.93229e+01  ce_labels_joint: 2.21393e-04  kld_vamb_joint: 4.98372e+00  kld_labels_joint: 6.63402e+00  correct_labels_joint: 0.00000e+00  loss: 1.51554e+00
2026-08-13 11:12:31.657 | INFO    | 		Epoch: 291  loss_vamb: 7.59815e-01  ab_vamb: 2.19695e-03  ce_vamb: 7.16706e-01  sse_vamb: 3.10613e-02  kld_vamb: 9.22298e-03  loss_labels: 6.94720e-03  ce_labels_labels: 8.54053e-04  kld_labels: 3.89961e+01  correct_labels_labels: 0.00000e+00  loss_joint: 7.48995e-01  ce_joint: 2.15687e+00  sse_joint: 1.93148e+01  ce_labels_joint: 2.03615e-04  kld_vamb_joint: 4.97486e+00  kld_labels_joint: 6.61838e+00  correct_labels_joint: 0.00000e+00  loss: 1.51576e+00
2026-08-13 11:12:34.361 | INFO    | 		Epoch: 292  loss_vamb: 7.59376e-01  ab_vamb: 2.27930e-03  ce_vamb: 7.16760e-01  sse_vamb: 3.10170e-02  kld_vamb: 9.20124e-03  loss_labels: 6.75090e-03  ce_labels_labels: 6.09539e-04  kld_labels: 3.93047e+01  correct_labels_labels: 0.00000e+00  loss_joint: 7.48692e-01  ce_joint: 2.15693e+00  sse_joint: 1.92968e+01  ce_labels_joint: 4.37415e-04  kld_vamb_joint: 4.96380e+00  kld_labels_joint: 6.58463e+00  correct_labels_joint: 0.00000e+00  loss: 1.51482e+00
2026-08-13 11:12:37.083 | INFO    | 		Epoch: 293  loss_vamb: 7.59489e-01  ab_vamb: 2.24793e-03  ce_vamb: 7.16837e-01  sse_vamb: 3.10434e-02  kld_vamb: 9.25020e-03  loss_labels: 7.32359e-03  ce_labels_labels: 1.14360e-03  kld_labels: 3.95519e+01  correct_labels_labels: 0.00000e+00  loss_joint: 7.48846e-01  ce_joint: 2.15716e+00  sse_joint: 1.93256e+01  ce_labels_joint: 4.38536e-04  kld_vamb_joint: 4.95983e+00  kld_labels_joint: 6.58538e+00  correct_labels_joint: 0.00000e+00  loss: 1.51566e+00
2026-08-13 11:12:39.801 | INFO    | 		Epoch: 294  loss_vamb: 7.59338e-01  ab_vamb: 2.23844e-03  ce_vamb: 7.16701e-01  sse_vamb: 3.10942e-02  kld_vamb: 9.24879e-03  loss_labels: 6.85889e-03  ce_labels_labels: 6.54981e-04  kld_labels: 3.97050e+01  correct_labels_labels: 0.00000e+00  loss_joint: 7.48458e-01  ce_joint: 2.15688e+00  sse_joint: 1.92785e+01  ce_labels_joint: 3.32799e-04  kld_vamb_joint: 4.96425e+00  kld_labels_joint: 6.57916e+00  correct_labels_joint: 0.00000e+00  loss: 1.51465e+00
2026-08-13 11:12:42.500 | INFO    | 		Epoch: 295  loss_vamb: 7.59777e-01  ab_vamb: 2.18485e-03  ce_vamb: 7.16826e-01  sse_vamb: 3.10250e-02  kld_vamb: 9.26275e-03  loss_labels: 7.16180e-03  ce_labels_labels: 9.51555e-04  kld_labels: 3.97456e+01  correct_labels_labels: 0.00000e+00  loss_joint: 7.48917e-01  ce_joint: 2.15719e+00  sse_joint: 1.92733e+01  ce_labels_joint: 2.44464e-04  kld_vamb_joint: 4.95644e+00  kld_labels_joint: 6.57108e+00  correct_labels_joint: 0.00000e+00  loss: 1.51586e+00
2026-08-13 11:12:45.214 | INFO    | 		Epoch: 296  loss_vamb: 7.59318e-01  ab_vamb: 2.21753e-03  ce_vamb: 7.16682e-01  sse_vamb: 3.10116e-02  kld_vamb: 9.22745e-03  loss_labels: 6.66923e-03  ce_labels_labels: 4.73093e-04  kld_labels: 3.96553e+01  correct_labels_labels: 0.00000e+00  loss_joint: 7.48654e-01  ce_joint: 2.15663e+00  sse_joint: 1.92944e+01  ce_labels_joint: 3.87228e-04  kld_vamb_joint: 4.95968e+00  kld_labels_joint: 6.57462e+00  correct_labels_joint: 0.00000e+00  loss: 1.51464e+00
2026-08-13 11:12:47.940 | INFO    | 		Epoch: 297  loss_vamb: 7.58929e-01  ab_vamb: 2.25796e-03  ce_vamb: 7.16869e-01  sse_vamb: 3.10380e-02  kld_vamb: 9.21618e-03  loss_labels: 6.87686e-03  ce_labels_labels: 7.35740e-04  kld_labels: 3.93032e+01  correct_labels_labels: 0.00000e+00  loss_joint: 7.48158e-01  ce_joint: 2.15722e+00  sse_joint: 1.92690e+01  ce_labels_joint: 3.86182e-04  kld_vamb_joint: 4.94526e+00  kld_labels_joint: 6.57505e+00  correct_labels_joint: 0.00000e+00  loss: 1.51396e+00
2026-08-13 11:12:50.821 | INFO    | 		Epoch: 298  loss_vamb: 7.58753e-01  ab_vamb: 2.23161e-03  ce_vamb: 7.16692e-01  sse_vamb: 3.09996e-02  kld_vamb: 9.19254e-03  loss_labels: 7.54213e-03  ce_labels_labels: 1.43752e-03  kld_labels: 3.90695e+01  correct_labels_labels: 0.00000e+00  loss_joint: 7.48141e-01  ce_joint: 2.15666e+00  sse_joint: 1.92855e+01  ce_labels_joint: 4.59491e-04  kld_vamb_joint: 4.95465e+00  kld_labels_joint: 6.58845e+00  correct_labels_joint: 0.00000e+00  loss: 1.51444e+00
2026-08-13 11:12:53.688 | INFO    | 		Epoch: 299  loss_vamb: 7.59210e-01  ab_vamb: 2.16451e-03  ce_vamb: 7.16730e-01  sse_vamb: 3.10517e-02  kld_vamb: 9.20483e-03  loss_labels: 6.97072e-03  ce_labels_labels: 8.46825e-04  kld_labels: 3.91929e+01  correct_labels_labels: 0.00000e+00  loss_joint: 7.48409e-01  ce_joint: 2.15681e+00  sse_joint: 1.92815e+01  ce_labels_joint: 2.80895e-04  kld_vamb_joint: 4.94965e+00  kld_labels_joint: 6.57337e+00  correct_labels_joint: 0.00000e+00  loss: 1.51459e+00
2026-08-13 11:12:54.493 | INFO    | (22024, 32) embedding shape
2026-08-13 11:12:55.006 | INFO    | Clustering
2026-08-13 11:12:55.006 | INFO    | 	Windowsize: 300
2026-08-13 11:12:55.006 | INFO    | 	Min successful thresholds detected: 15
2026-08-13 11:12:55.006 | INFO    | 	Max clusters: None
2026-08-13 11:12:55.006 | INFO    | 	Use CUDA for clustering: False
2026-08-13 11:12:55.006 | INFO    | 	Binsplitter: Defaulting to 'C', but disabled due to incompatible identifiers
2026-08-13 11:12:57.995 | INFO    | 	Clustered 22024 contigs in 1421 unsplit bins
2026-08-13 11:12:57.996 | INFO    | 	Wrote cluster file(s) in 0.01 seconds.
2026-08-13 11:13:01.856 | INFO    | 	Wrote 67 bins with 19343 sequences in 3.86 seconds.
2026-08-13 11:13:01.856 | INFO    | 	Clustered contigs in 2.98 seconds.

2026-08-13 11:13:01.903 | INFO    | Completed Vamb in 1134.11 seconds.
Finished: Thu Aug 13 11:13:02 HKT 2026
