TaxVAMB: sample=Airways-2017.12.04_18.56.22_sample_11, threads=32, started=Thu Aug 13 13:42:52 HKT 2026
2026-08-13 13:42:54.501 | INFO    | Starting Vamb version 5.0.4
2026-08-13 13:42:54.501 | INFO    | Random seed is 53413252125974826
2026-08-13 13:42:54.501 | INFO    | Invoked with CLI args: '/mnt/ME5024_PA1/home/csbhzou/miniconda3/envs/taxvamb/bin/vamb bin taxvamb --outdir /mnt/ME5024_PA2/shared/groups/ZHANGLU/Results_of_CAMI2_Other_datasets_other_binning_tools/TaxVAMB/Airways/Airways-2017.12.04_18.56.22_sample_11 --fasta /mnt/ME5024_PA2/shared/groups/ZHANGLU/Data-CAMI2-others-datasets/Airways-2017.12.04_18.56.22_sample_11.contigs.fasta --bamdir /mnt/ME5024_PA2/shared/groups/ZHANGLU/TaxVAMB-Taxonomy-TSV/Airways-2017.12.04_18.56.22_sample_11/bamdir --taxonomy /mnt/ME5024_PA2/shared/groups/ZHANGLU/TaxVAMB-Taxonomy-TSV/Airways-2017.12.04_18.56.22_sample_11/Airways-2017.12.04_18.56.22_sample_11.taxonomy.tsv --minfasta 200000 -m 2000 -p 32'
2026-08-13 13:42:54.501 | INFO    | Loading TNF
2026-08-13 13:42:54.501 | INFO    | 	Minimum sequence length: 2000
2026-08-13 13:42:54.501 | INFO    | 	Loading data from FASTA file /mnt/ME5024_PA2/shared/groups/ZHANGLU/Data-CAMI2-others-datasets/Airways-2017.12.04_18.56.22_sample_11.contigs.fasta

2026-08-13 13:42:55.756 | WARNING | Binsplit separator (option `-o`) implicitly passed as "C", but sequence identifier "NODE_1_length_345833_cov_76.217894" does not contain this separator, or contains it at the very start or end.
A binsplit separator X implies that every sequence identifier is formatted as
[sample identifier][X][sequence identifier], e.g. a binsplit separator of 'C' means that 'S1C19' and '7C11' are valid identifiers.

Skipping binsplitting.

2026-08-13 13:42:55.756 | WARNING | The minimum sequence length has been set to 2000, but 154111 sequences fell below this threshold and was filtered away.
Better results are obtained if the sequence file is filtered to the minimum sequence length before mapping.

2026-08-13 13:42:55.756 | INFO    | 	Kept 44821906 bases in 5556 sequences
2026-08-13 13:42:55.756 | INFO    | 	Processed TNF in 1.26 seconds.

2026-08-13 13:42:55.756 | INFO    | Loading depths
2026-08-13 13:42:55.756 | INFO    | 	Reference hash: ffa2fd145b80fd3a7ab29bf3ffe1c0c3
2026-08-13 13:42:55.757 | INFO    | 	Parsing 1 BAM files with 32 threads
2026-08-13 13:42:55.757 | INFO    | 	Min identity: 0.0
2026-08-13 13:43:24.224 | INFO    | 	Order of columns is:
2026-08-13 13:43:24.224 | INFO    | 	     0: /mnt/ME5024_PA2/shared/groups/ZHANGLU/TaxVAMB-Taxonomy-TSV/Airways-2017.12.04_18.56.22_sample_11/bamdir/Airways-2017.12.04_18.56.22_sample_11.sorted.bam
2026-08-13 13:43:24.224 | INFO    | 	Processed abundance in 28.47 seconds.

2026-08-13 13:43:24.224 | INFO    | Predicting taxonomy with Taxometer
2026-08-13 13:43:24.253 | INFO    | 	258 nodes in the graph
2026-08-13 13:43:24.271 | INFO    | 	Created dataloader
2026-08-13 13:43:24.271 | INFO    | Starting training the taxonomy predictor
2026-08-13 13:43:24.271 | INFO    | Using threshold 0.5
2026-08-13 13:43:24.882 | INFO    | 	Network properties:
2026-08-13 13:43:24.882 | INFO    | 	    CUDA: False
2026-08-13 13:43:24.882 | INFO    | 	    Hierarchical loss: flat_softmax
2026-08-13 13:43:24.882 | INFO    | 	    Alpha: 0.5
2026-08-13 13:43:24.882 | INFO    | 	    Beta: 200.0
2026-08-13 13:43:24.882 | INFO    | 	    Dropout: 0.2
2026-08-13 13:43:24.882 | INFO    | 	    N hidden: 512, 512, 512, 512
2026-08-13 13:43:24.882 | INFO    | 	Training properties:
2026-08-13 13:43:24.882 | INFO    | 	    N epochs: 100
2026-08-13 13:43:24.882 | INFO    | 	    Starting batch size: 1024
2026-08-13 13:43:24.882 | INFO    | 	    Batchsteps: None
2026-08-13 13:43:24.882 | INFO    | 	    Learning rate: 0.001
2026-08-13 13:43:24.882 | INFO    | 	    N labels: torch.Size([5556, 1])
Using decoupled weight decay
2026-08-13 13:43:25.170 | INFO    | 	Epoch: 1	CE: 4.2169065	Batchsize: 1024
2026-08-13 13:43:25.457 | INFO    | 	Epoch: 2	CE: 2.7608153	Batchsize: 1024
2026-08-13 13:43:25.743 | INFO    | 	Epoch: 3	CE: 2.1234006	Batchsize: 1024
2026-08-13 13:43:26.036 | INFO    | 	Epoch: 4	CE: 1.0753231	Batchsize: 1024
2026-08-13 13:43:26.324 | INFO    | 	Epoch: 5	CE: 0.7616721	Batchsize: 1024
2026-08-13 13:43:26.617 | INFO    | 	Epoch: 6	CE: 0.6186786	Batchsize: 1024
2026-08-13 13:43:26.912 | INFO    | 	Epoch: 7	CE: 0.5071802	Batchsize: 1024
2026-08-13 13:43:27.198 | INFO    | 	Epoch: 8	CE: 0.4589486	Batchsize: 1024
2026-08-13 13:43:27.489 | INFO    | 	Epoch: 9	CE: 0.4318933	Batchsize: 1024
2026-08-13 13:43:27.777 | INFO    | 	Epoch: 10	CE: 0.3852723	Batchsize: 1024
2026-08-13 13:43:28.071 | INFO    | 	Epoch: 11	CE: 0.3399272	Batchsize: 1024
2026-08-13 13:43:28.317 | INFO    | 	Epoch: 12	CE: 0.3142720	Batchsize: 1024
2026-08-13 13:43:28.639 | INFO    | 	Epoch: 13	CE: 0.3087050	Batchsize: 1024
2026-08-13 13:43:28.924 | INFO    | 	Epoch: 14	CE: 0.2827688	Batchsize: 1024
2026-08-13 13:43:29.221 | INFO    | 	Epoch: 15	CE: 0.2603711	Batchsize: 1024
2026-08-13 13:43:29.501 | INFO    | 	Epoch: 16	CE: 0.2525835	Batchsize: 1024
2026-08-13 13:43:29.791 | INFO    | 	Epoch: 17	CE: 0.2394192	Batchsize: 1024
2026-08-13 13:43:30.082 | INFO    | 	Epoch: 18	CE: 0.2222189	Batchsize: 1024
2026-08-13 13:43:30.330 | INFO    | 	Epoch: 19	CE: 0.2310380	Batchsize: 1024
2026-08-13 13:43:30.610 | INFO    | 	Epoch: 20	CE: 0.2226031	Batchsize: 1024
2026-08-13 13:43:30.860 | INFO    | 	Epoch: 21	CE: 0.1872729	Batchsize: 1024
2026-08-13 13:43:31.141 | INFO    | 	Epoch: 22	CE: 0.1910965	Batchsize: 1024
2026-08-13 13:43:31.426 | INFO    | 	Epoch: 23	CE: 0.1744427	Batchsize: 1024
2026-08-13 13:43:31.721 | INFO    | 	Epoch: 24	CE: 0.1619331	Batchsize: 1024
2026-08-13 13:43:32.017 | INFO    | 	Epoch: 25	CE: 0.1581847	Batchsize: 1024
2026-08-13 13:43:32.282 | INFO    | 	Epoch: 26	CE: 0.1456339	Batchsize: 1024
2026-08-13 13:43:32.577 | INFO    | 	Epoch: 27	CE: 0.1351254	Batchsize: 1024
2026-08-13 13:43:32.874 | INFO    | 	Epoch: 28	CE: 0.1421661	Batchsize: 1024
2026-08-13 13:43:33.164 | INFO    | 	Epoch: 29	CE: 0.1342266	Batchsize: 1024
2026-08-13 13:43:33.449 | INFO    | 	Epoch: 30	CE: 0.1215391	Batchsize: 1024
2026-08-13 13:43:33.744 | INFO    | 	Epoch: 31	CE: 0.1308311	Batchsize: 1024
2026-08-13 13:43:33.999 | INFO    | 	Epoch: 32	CE: 0.1194722	Batchsize: 1024
2026-08-13 13:43:34.287 | INFO    | 	Epoch: 33	CE: 0.1143742	Batchsize: 1024
2026-08-13 13:43:34.581 | INFO    | 	Epoch: 34	CE: 0.1135391	Batchsize: 1024
2026-08-13 13:43:34.866 | INFO    | 	Epoch: 35	CE: 0.1078940	Batchsize: 1024
2026-08-13 13:43:35.164 | INFO    | 	Epoch: 36	CE: 0.1120553	Batchsize: 1024
2026-08-13 13:43:35.459 | INFO    | 	Epoch: 37	CE: 0.1063226	Batchsize: 1024
2026-08-13 13:43:35.755 | INFO    | 	Epoch: 38	CE: 0.0938539	Batchsize: 1024
2026-08-13 13:43:36.045 | INFO    | 	Epoch: 39	CE: 0.1005626	Batchsize: 1024
2026-08-13 13:43:36.343 | INFO    | 	Epoch: 40	CE: 0.0949572	Batchsize: 1024
2026-08-13 13:43:36.635 | INFO    | 	Epoch: 41	CE: 0.0911130	Batchsize: 1024
2026-08-13 13:43:36.926 | INFO    | 	Epoch: 42	CE: 0.0898471	Batchsize: 1024
2026-08-13 13:43:37.243 | INFO    | 	Epoch: 43	CE: 0.0844383	Batchsize: 1024
2026-08-13 13:43:37.539 | INFO    | 	Epoch: 44	CE: 0.0798235	Batchsize: 1024
2026-08-13 13:43:37.819 | INFO    | 	Epoch: 45	CE: 0.0716077	Batchsize: 1024
2026-08-13 13:43:38.062 | INFO    | 	Epoch: 46	CE: 0.0708208	Batchsize: 1024
2026-08-13 13:43:38.349 | INFO    | 	Epoch: 47	CE: 0.0724968	Batchsize: 1024
2026-08-13 13:43:38.642 | INFO    | 	Epoch: 48	CE: 0.0695034	Batchsize: 1024
2026-08-13 13:43:38.925 | INFO    | 	Epoch: 49	CE: 0.0687314	Batchsize: 1024
2026-08-13 13:43:39.208 | INFO    | 	Epoch: 50	CE: 0.0689038	Batchsize: 1024
2026-08-13 13:43:39.504 | INFO    | 	Epoch: 51	CE: 0.0780637	Batchsize: 1024
2026-08-13 13:43:39.791 | INFO    | 	Epoch: 52	CE: 0.0733907	Batchsize: 1024
2026-08-13 13:43:40.094 | INFO    | 	Epoch: 53	CE: 0.0728835	Batchsize: 1024
2026-08-13 13:43:40.378 | INFO    | 	Epoch: 54	CE: 0.0722766	Batchsize: 1024
2026-08-13 13:43:40.669 | INFO    | 	Epoch: 55	CE: 0.0593032	Batchsize: 1024
2026-08-13 13:43:40.971 | INFO    | 	Epoch: 56	CE: 0.0597214	Batchsize: 1024
2026-08-13 13:43:41.255 | INFO    | 	Epoch: 57	CE: 0.0588270	Batchsize: 1024
2026-08-13 13:43:41.551 | INFO    | 	Epoch: 58	CE: 0.0578862	Batchsize: 1024
2026-08-13 13:43:41.837 | INFO    | 	Epoch: 59	CE: 0.0602555	Batchsize: 1024
2026-08-13 13:43:42.136 | INFO    | 	Epoch: 60	CE: 0.0539244	Batchsize: 1024
2026-08-13 13:43:42.384 | INFO    | 	Epoch: 61	CE: 0.0538608	Batchsize: 1024
2026-08-13 13:43:42.671 | INFO    | 	Epoch: 62	CE: 0.0455098	Batchsize: 1024
2026-08-13 13:43:42.959 | INFO    | 	Epoch: 63	CE: 0.0504850	Batchsize: 1024
2026-08-13 13:43:43.250 | INFO    | 	Epoch: 64	CE: 0.0468463	Batchsize: 1024
2026-08-13 13:43:43.552 | INFO    | 	Epoch: 65	CE: 0.0534810	Batchsize: 1024
2026-08-13 13:43:43.846 | INFO    | 	Epoch: 66	CE: 0.0550277	Batchsize: 1024
2026-08-13 13:43:44.134 | INFO    | 	Epoch: 67	CE: 0.0539092	Batchsize: 1024
2026-08-13 13:43:44.383 | INFO    | 	Epoch: 68	CE: 0.0594353	Batchsize: 1024
2026-08-13 13:43:44.674 | INFO    | 	Epoch: 69	CE: 0.0475275	Batchsize: 1024
2026-08-13 13:43:44.982 | INFO    | 	Epoch: 70	CE: 0.0577555	Batchsize: 1024
2026-08-13 13:43:45.290 | INFO    | 	Epoch: 71	CE: 0.0511166	Batchsize: 1024
2026-08-13 13:43:45.550 | INFO    | 	Epoch: 72	CE: 0.0554958	Batchsize: 1024
2026-08-13 13:43:45.838 | INFO    | 	Epoch: 73	CE: 0.0567064	Batchsize: 1024
2026-08-13 13:43:46.117 | INFO    | 	Epoch: 74	CE: 0.0491267	Batchsize: 1024
2026-08-13 13:43:46.451 | INFO    | 	Epoch: 75	CE: 0.0383181	Batchsize: 1024
2026-08-13 13:43:46.713 | INFO    | 	Epoch: 76	CE: 0.0464896	Batchsize: 1024
2026-08-13 13:43:47.009 | INFO    | 	Epoch: 77	CE: 0.0440291	Batchsize: 1024
2026-08-13 13:43:47.304 | INFO    | 	Epoch: 78	CE: 0.0445295	Batchsize: 1024
2026-08-13 13:43:47.601 | INFO    | 	Epoch: 79	CE: 0.0388353	Batchsize: 1024
2026-08-13 13:43:47.880 | INFO    | 	Epoch: 80	CE: 0.0401989	Batchsize: 1024
2026-08-13 13:43:48.180 | INFO    | 	Epoch: 81	CE: 0.0504094	Batchsize: 1024
2026-08-13 13:43:48.470 | INFO    | 	Epoch: 82	CE: 0.0462247	Batchsize: 1024
2026-08-13 13:43:48.770 | INFO    | 	Epoch: 83	CE: 0.0484451	Batchsize: 1024
2026-08-13 13:43:49.063 | INFO    | 	Epoch: 84	CE: 0.0400291	Batchsize: 1024
2026-08-13 13:43:49.357 | INFO    | 	Epoch: 85	CE: 0.0409906	Batchsize: 1024
2026-08-13 13:43:49.620 | INFO    | 	Epoch: 86	CE: 0.0397456	Batchsize: 1024
2026-08-13 13:43:49.907 | INFO    | 	Epoch: 87	CE: 0.0366182	Batchsize: 1024
2026-08-13 13:43:50.198 | INFO    | 	Epoch: 88	CE: 0.0365453	Batchsize: 1024
2026-08-13 13:43:50.506 | INFO    | 	Epoch: 89	CE: 0.0380351	Batchsize: 1024
2026-08-13 13:43:50.802 | INFO    | 	Epoch: 90	CE: 0.0286861	Batchsize: 1024
2026-08-13 13:43:51.047 | INFO    | 	Epoch: 91	CE: 0.0330677	Batchsize: 1024
2026-08-13 13:43:51.348 | INFO    | 	Epoch: 92	CE: 0.0327117	Batchsize: 1024
2026-08-13 13:43:51.631 | INFO    | 	Epoch: 93	CE: 0.0307596	Batchsize: 1024
2026-08-13 13:43:51.927 | INFO    | 	Epoch: 94	CE: 0.0287165	Batchsize: 1024
2026-08-13 13:43:52.187 | INFO    | 	Epoch: 95	CE: 0.0299592	Batchsize: 1024
2026-08-13 13:43:52.437 | INFO    | 	Epoch: 96	CE: 0.0217836	Batchsize: 1024
2026-08-13 13:43:52.716 | INFO    | 	Epoch: 97	CE: 0.0275637	Batchsize: 1024
2026-08-13 13:43:53.002 | INFO    | 	Epoch: 98	CE: 0.0289924	Batchsize: 1024
2026-08-13 13:43:53.297 | INFO    | 	Epoch: 99	CE: 0.0234371	Batchsize: 1024
2026-08-13 13:43:53.591 | INFO    | 	Epoch: 100	CE: 0.0253258	Batchsize: 1024
2026-08-13 13:43:53.601 | INFO    | Finished training the taxonomy predictor in 29.33 seconds.
2026-08-13 13:43:53.601 | INFO    | Writing the taxonomy predictions
2026-08-13 13:43:53.601 | INFO    | Using threshold 0.5
2026-08-13 13:43:54.017 | INFO    | Completed taxonomy predictions in 29.79 seconds.
2026-08-13 13:43:54.074 | INFO    | 	Network properties:
2026-08-13 13:43:54.075 | INFO    | 	    CUDA: False
2026-08-13 13:43:54.075 | INFO    | 	    Alpha: 0.5
2026-08-13 13:43:54.075 | INFO    | 	    Beta: 200.0
2026-08-13 13:43:54.075 | INFO    | 	    Dropout: 0.0
2026-08-13 13:43:54.075 | INFO    | 	    N hidden: 256, 256
2026-08-13 13:43:54.075 | INFO    | 	    N latent: 32
2026-08-13 13:43:54.075 | INFO    | 	Training properties:
2026-08-13 13:43:54.075 | INFO    | 	    N epochs: 300
2026-08-13 13:43:54.075 | INFO    | 	    Starting batch size: 256
2026-08-13 13:43:54.075 | INFO    | 	    Batchsteps: 25, 75, 150, 225
2026-08-13 13:43:54.075 | INFO    | 	    Learning rate: 0.001
2026-08-13 13:43:54.075 | INFO    | 	    N sequences: 5556
2026-08-13 13:43:54.075 | INFO    | 	    N samples: 1
2026-08-13 13:43:55.145 | INFO    | 		Epoch: 0  loss_vamb: 5.66606e-01  ab_vamb: 2.08668e-01  ce_vamb: 0.00000e+00  sse_vamb: 3.53724e-01  kld_vamb: 3.54842e-03  loss_labels: 1.78841e+00  ce_labels_labels: 1.78258e+00  kld_labels: 3.73127e+01  correct_labels_labels: 0.00000e+00  loss_joint: 3.23846e+00  ce_joint: 0.00000e+00  sse_joint: 7.43106e+01  ce_labels_joint: 2.65300e+00  kld_vamb_joint: 1.07125e+00  kld_labels_joint: 1.25650e+00  correct_labels_joint: 0.00000e+00  loss: 5.59348e+00
2026-08-13 13:43:56.058 | INFO    | 		Epoch: 1  loss_vamb: 2.50547e-01  ab_vamb: 5.23511e-02  ce_vamb: 0.00000e+00  sse_vamb: 1.90785e-01  kld_vamb: 7.30796e-03  loss_labels: 3.82729e-01  ce_labels_labels: 3.71781e-01  kld_labels: 7.00656e+01  correct_labels_labels: 0.00000e+00  loss_joint: 1.07280e+00  ce_joint: 0.00000e+00  sse_joint: 3.93617e+01  ce_labels_joint: 8.24308e-01  kld_vamb_joint: 1.92435e+00  kld_labels_joint: 1.87133e+00  correct_labels_joint: 0.00000e+00  loss: 1.70608e+00
2026-08-13 13:43:56.950 | INFO    | 		Epoch: 2  loss_vamb: 1.98660e-01  ab_vamb: 3.38670e-02  ce_vamb: 0.00000e+00  sse_vamb: 1.55491e-01  kld_vamb: 9.18972e-03  loss_labels: 2.58109e-01  ce_labels_labels: 2.45737e-01  kld_labels: 7.91837e+01  correct_labels_labels: 0.00000e+00  loss_joint: 6.99768e-01  ce_joint: 0.00000e+00  sse_joint: 3.29182e+01  ce_labels_joint: 5.01259e-01  kld_vamb_joint: 2.15721e+00  kld_labels_joint: 2.03910e+00  correct_labels_joint: 0.00000e+00  loss: 1.15654e+00
2026-08-13 13:43:57.913 | INFO    | 		Epoch: 3  loss_vamb: 1.78187e-01  ab_vamb: 2.65240e-02  ce_vamb: 0.00000e+00  sse_vamb: 1.41338e-01  kld_vamb: 1.02087e-02  loss_labels: 1.94910e-01  ce_labels_labels: 1.82087e-01  kld_labels: 8.20702e+01  correct_labels_labels: 0.00000e+00  loss_joint: 5.34036e-01  ce_joint: 0.00000e+00  sse_joint: 3.04062e+01  ce_labels_joint: 3.54868e-01  kld_vamb_joint: 2.29790e+00  kld_labels_joint: 2.04881e+00  correct_labels_joint: 0.00000e+00  loss: 9.07133e-01
2026-08-13 13:43:58.860 | INFO    | 		Epoch: 4  loss_vamb: 1.66611e-01  ab_vamb: 2.29441e-02  ce_vamb: 0.00000e+00  sse_vamb: 1.32749e-01  kld_vamb: 1.07925e-02  loss_labels: 1.55654e-01  ce_labels_labels: 1.42590e-01  kld_labels: 8.36094e+01  correct_labels_labels: 0.00000e+00  loss_joint: 4.45014e-01  ce_joint: 0.00000e+00  sse_joint: 2.88367e+01  ce_labels_joint: 2.75992e-01  kld_vamb_joint: 2.38437e+00  kld_labels_joint: 2.13291e+00  correct_labels_joint: 0.00000e+00  loss: 7.67278e-01
2026-08-13 13:43:59.777 | INFO    | 		Epoch: 5  loss_vamb: 1.58762e-01  ab_vamb: 2.06819e-02  ce_vamb: 0.00000e+00  sse_vamb: 1.26732e-01  kld_vamb: 1.12327e-02  loss_labels: 1.24835e-01  ce_labels_labels: 1.11725e-01  kld_labels: 8.39062e+01  correct_labels_labels: 0.00000e+00  loss_joint: 3.72700e-01  ce_joint: 0.00000e+00  sse_joint: 2.77244e+01  ce_labels_joint: 2.12693e-01  kld_vamb_joint: 2.46751e+00  kld_labels_joint: 2.18454e+00  correct_labels_joint: 0.00000e+00  loss: 6.56296e-01
2026-08-13 13:44:00.688 | INFO    | 		Epoch: 6  loss_vamb: 1.52079e-01  ab_vamb: 1.82905e-02  ce_vamb: 0.00000e+00  sse_vamb: 1.22020e-01  kld_vamb: 1.16555e-02  loss_labels: 1.02532e-01  ce_labels_labels: 8.94704e-02  kld_labels: 8.35927e+01  correct_labels_labels: 0.00000e+00  loss_joint: 3.30090e-01  ce_joint: 0.00000e+00  sse_joint: 2.68343e+01  ce_labels_joint: 1.76415e-01  kld_vamb_joint: 2.62877e+00  kld_labels_joint: 2.27751e+00  correct_labels_joint: 0.00000e+00  loss: 5.84700e-01
2026-08-13 13:44:01.598 | INFO    | 		Epoch: 7  loss_vamb: 1.46431e-01  ab_vamb: 1.71387e-02  ce_vamb: 0.00000e+00  sse_vamb: 1.17323e-01  kld_vamb: 1.18663e-02  loss_labels: 8.56425e-02  ce_labels_labels: 7.25926e-02  kld_labels: 8.35192e+01  correct_labels_labels: 0.00000e+00  loss_joint: 2.93999e-01  ce_joint: 0.00000e+00  sse_joint: 2.61442e+01  ce_labels_joint: 1.44525e-01  kld_vamb_joint: 2.66186e+00  kld_labels_joint: 2.41013e+00  correct_labels_joint: 0.00000e+00  loss: 5.26073e-01
2026-08-13 13:44:02.517 | INFO    | 		Epoch: 8  loss_vamb: 1.41506e-01  ab_vamb: 1.55732e-02  ce_vamb: 0.00000e+00  sse_vamb: 1.13918e-01  kld_vamb: 1.19210e-02  loss_labels: 6.84669e-02  ce_labels_labels: 5.54782e-02  kld_labels: 8.31271e+01  correct_labels_labels: 0.00000e+00  loss_joint: 2.60771e-01  ce_joint: 0.00000e+00  sse_joint: 2.55307e+01  ce_labels_joint: 1.15598e-01  kld_vamb_joint: 2.73811e+00  kld_labels_joint: 2.57171e+00  correct_labels_joint: 0.00000e+00  loss: 4.70743e-01
2026-08-13 13:44:03.428 | INFO    | 		Epoch: 9  loss_vamb: 1.37688e-01  ab_vamb: 1.45543e-02  ce_vamb: 0.00000e+00  sse_vamb: 1.10885e-01  kld_vamb: 1.21594e-02  loss_labels: 5.56565e-02  ce_labels_labels: 4.27214e-02  kld_labels: 8.27844e+01  correct_labels_labels: 0.00000e+00  loss_joint: 2.36395e-01  ce_joint: 0.00000e+00  sse_joint: 2.50080e+01  ce_labels_joint: 9.53717e-02  kld_vamb_joint: 2.80049e+00  kld_labels_joint: 2.69798e+00  correct_labels_joint: 0.00000e+00  loss: 4.29739e-01
2026-08-13 13:44:04.337 | INFO    | 		Epoch: 10  loss_vamb: 1.35002e-01  ab_vamb: 1.42917e-02  ce_vamb: 0.00000e+00  sse_vamb: 1.08209e-01  kld_vamb: 1.23998e-02  loss_labels: 4.61208e-02  ce_labels_labels: 3.32639e-02  kld_labels: 8.22843e+01  correct_labels_labels: 0.00000e+00  loss_joint: 2.28718e-01  ce_joint: 0.00000e+00  sse_joint: 2.47071e+01  ce_labels_joint: 8.92936e-02  kld_vamb_joint: 2.86938e+00  kld_labels_joint: 2.81334e+00  correct_labels_joint: 0.00000e+00  loss: 4.09841e-01
2026-08-13 13:44:05.244 | INFO    | 		Epoch: 11  loss_vamb: 1.32518e-01  ab_vamb: 1.39653e-02  ce_vamb: 0.00000e+00  sse_vamb: 1.05890e-01  kld_vamb: 1.25776e-02  loss_labels: 3.60675e-02  ce_labels_labels: 2.33897e-02  kld_labels: 8.11377e+01  correct_labels_labels: 0.00000e+00  loss_joint: 2.08621e-01  ce_joint: 0.00000e+00  sse_joint: 2.44035e+01  ce_labels_joint: 7.07649e-02  kld_vamb_joint: 2.95743e+00  kld_labels_joint: 2.93368e+00  correct_labels_joint: 0.00000e+00  loss: 3.77206e-01
2026-08-13 13:44:06.152 | INFO    | 		Epoch: 12  loss_vamb: 1.29074e-01  ab_vamb: 1.26260e-02  ce_vamb: 0.00000e+00  sse_vamb: 1.03538e-01  kld_vamb: 1.28263e-02  loss_labels: 3.03271e-02  ce_labels_labels: 1.79870e-02  kld_labels: 7.89769e+01  correct_labels_labels: 0.00000e+00  loss_joint: 2.04202e-01  ce_joint: 0.00000e+00  sse_joint: 2.41287e+01  ce_labels_joint: 6.72630e-02  kld_vamb_joint: 3.01977e+00  kld_labels_joint: 3.08276e+00  correct_labels_joint: 0.00000e+00  loss: 3.63603e-01
2026-08-13 13:44:07.112 | INFO    | 		Epoch: 13  loss_vamb: 1.27263e-01  ab_vamb: 1.29563e-02  ce_vamb: 0.00000e+00  sse_vamb: 1.01297e-01  kld_vamb: 1.29250e-02  loss_labels: 2.69234e-02  ce_labels_labels: 1.49503e-02  kld_labels: 7.66283e+01  correct_labels_labels: 0.00000e+00  loss_joint: 1.89824e-01  ce_joint: 0.00000e+00  sse_joint: 2.37663e+01  ce_labels_joint: 5.64613e-02  kld_vamb_joint: 3.10609e+00  kld_labels_joint: 3.18695e+00  correct_labels_joint: 0.00000e+00  loss: 3.44010e-01
2026-08-13 13:44:08.130 | INFO    | 		Epoch: 14  loss_vamb: 1.24576e-01  ab_vamb: 1.19956e-02  ce_vamb: 0.00000e+00  sse_vamb: 9.94862e-02  kld_vamb: 1.30118e-02  loss_labels: 2.19361e-02  ce_labels_labels: 1.02829e-02  kld_labels: 7.45809e+01  correct_labels_labels: 0.00000e+00  loss_joint: 1.73728e-01  ce_joint: 0.00000e+00  sse_joint: 2.33052e+01  ce_labels_joint: 4.43231e-02  kld_vamb_joint: 3.17116e+00  kld_labels_joint: 3.36677e+00  correct_labels_joint: 0.00000e+00  loss: 3.20241e-01
2026-08-13 13:44:09.038 | INFO    | 		Epoch: 15  loss_vamb: 1.23500e-01  ab_vamb: 1.20892e-02  ce_vamb: 0.00000e+00  sse_vamb: 9.81520e-02  kld_vamb: 1.31878e-02  loss_labels: 2.14009e-02  ce_labels_labels: 1.00690e-02  kld_labels: 7.25239e+01  correct_labels_labels: 0.00000e+00  loss_joint: 1.68995e-01  ce_joint: 0.00000e+00  sse_joint: 2.29287e+01  ce_labels_joint: 4.09317e-02  kld_vamb_joint: 3.22920e+00  kld_labels_joint: 3.44922e+00  correct_labels_joint: 0.00000e+00  loss: 3.13897e-01
2026-08-13 13:44:09.944 | INFO    | 		Epoch: 16  loss_vamb: 1.21861e-01  ab_vamb: 1.19055e-02  ce_vamb: 0.00000e+00  sse_vamb: 9.65073e-02  kld_vamb: 1.33717e-02  loss_labels: 1.77506e-02  ce_labels_labels: 6.43809e-03  kld_labels: 7.23999e+01  correct_labels_labels: 0.00000e+00  loss_joint: 1.57376e-01  ce_joint: 0.00000e+00  sse_joint: 2.26498e+01  ce_labels_joint: 3.15347e-02  kld_vamb_joint: 3.33868e+00  kld_labels_joint: 3.58408e+00  correct_labels_joint: 0.00000e+00  loss: 2.96987e-01
2026-08-13 13:44:10.852 | INFO    | 		Epoch: 17  loss_vamb: 1.20029e-01  ab_vamb: 1.13209e-02  ce_vamb: 0.00000e+00  sse_vamb: 9.50873e-02  kld_vamb: 1.35506e-02  loss_labels: 1.61329e-02  ce_labels_labels: 5.12237e-03  kld_labels: 7.04671e+01  correct_labels_labels: 0.00000e+00  loss_joint: 1.57326e-01  ce_joint: 0.00000e+00  sse_joint: 2.25057e+01  ce_labels_joint: 3.18623e-02  kld_vamb_joint: 3.40766e+00  kld_labels_joint: 3.72030e+00  correct_labels_joint: 0.00000e+00  loss: 2.93488e-01
2026-08-13 13:44:11.754 | INFO    | 		Epoch: 18  loss_vamb: 1.17995e-01  ab_vamb: 1.05592e-02  ce_vamb: 0.00000e+00  sse_vamb: 9.34996e-02  kld_vamb: 1.38606e-02  loss_labels: 1.57000e-02  ce_labels_labels: 5.22653e-03  kld_labels: 6.70303e+01  correct_labels_labels: 0.00000e+00  loss_joint: 1.50354e-01  ce_joint: 0.00000e+00  sse_joint: 2.22785e+01  ce_labels_joint: 2.60565e-02  kld_vamb_joint: 3.41826e+00  kld_labels_joint: 3.85817e+00  correct_labels_joint: 0.00000e+00  loss: 2.84048e-01
2026-08-13 13:44:12.650 | INFO    | 		Epoch: 19  loss_vamb: 1.17113e-01  ab_vamb: 1.11501e-02  ce_vamb: 0.00000e+00  sse_vamb: 9.19563e-02  kld_vamb: 1.39343e-02  loss_labels: 1.47232e-02  ce_labels_labels: 4.46341e-03  kld_labels: 6.56625e+01  correct_labels_labels: 0.00000e+00  loss_joint: 1.46614e-01  ce_joint: 0.00000e+00  sse_joint: 2.18567e+01  ce_labels_joint: 2.51347e-02  kld_vamb_joint: 3.56141e+00  kld_labels_joint: 4.11689e+00  correct_labels_joint: 0.00000e+00  loss: 2.78450e-01
2026-08-13 13:44:13.557 | INFO    | 		Epoch: 20  loss_vamb: 1.15542e-01  ab_vamb: 1.06417e-02  ce_vamb: 0.00000e+00  sse_vamb: 9.07630e-02  kld_vamb: 1.40615e-02  loss_labels: 1.46750e-02  ce_labels_labels: 4.51268e-03  kld_labels: 6.50390e+01  correct_labels_labels: 0.00000e+00  loss_joint: 1.38647e-01  ce_joint: 0.00000e+00  sse_joint: 2.15960e+01  ce_labels_joint: 1.90824e-02  kld_vamb_joint: 3.61251e+00  kld_labels_joint: 4.18198e+00  correct_labels_joint: 0.00000e+00  loss: 2.68864e-01
2026-08-13 13:44:14.496 | INFO    | 		Epoch: 21  loss_vamb: 1.14716e-01  ab_vamb: 1.06140e-02  ce_vamb: 0.00000e+00  sse_vamb: 8.98149e-02  kld_vamb: 1.42241e-02  loss_labels: 1.40736e-02  ce_labels_labels: 4.16189e-03  kld_labels: 6.34351e+01  correct_labels_labels: 0.00000e+00  loss_joint: 1.40118e-01  ce_joint: 0.00000e+00  sse_joint: 2.14219e+01  ce_labels_joint: 2.12658e-02  kld_vamb_joint: 3.67053e+00  kld_labels_joint: 4.32372e+00  correct_labels_joint: 0.00000e+00  loss: 2.68908e-01
2026-08-13 13:44:15.386 | INFO    | 		Epoch: 22  loss_vamb: 1.13821e-01  ab_vamb: 1.07433e-02  ce_vamb: 0.00000e+00  sse_vamb: 8.85603e-02  kld_vamb: 1.44449e-02  loss_labels: 1.30013e-02  ce_labels_labels: 3.56220e-03  kld_labels: 6.04106e+01  correct_labels_labels: 0.00000e+00  loss_joint: 1.34207e-01  ce_joint: 0.00000e+00  sse_joint: 2.12582e+01  ce_labels_joint: 1.64358e-02  kld_vamb_joint: 3.69130e+00  kld_labels_joint: 4.47804e+00  correct_labels_joint: 0.00000e+00  loss: 2.61029e-01
2026-08-13 13:44:16.319 | INFO    | 		Epoch: 23  loss_vamb: 1.12793e-01  ab_vamb: 1.05741e-02  ce_vamb: 0.00000e+00  sse_vamb: 8.75879e-02  kld_vamb: 1.45589e-02  loss_labels: 1.28117e-02  ce_labels_labels: 3.61432e-03  kld_labels: 5.88633e+01  correct_labels_labels: 0.00000e+00  loss_joint: 1.30925e-01  ce_joint: 0.00000e+00  sse_joint: 2.09556e+01  ce_labels_joint: 1.54957e-02  kld_vamb_joint: 3.72929e+00  kld_labels_joint: 4.54258e+00  correct_labels_joint: 0.00000e+00  loss: 2.56531e-01
2026-08-13 13:44:17.254 | INFO    | 		Epoch: 24  loss_vamb: 1.11234e-01  ab_vamb: 9.97857e-03  ce_vamb: 0.00000e+00  sse_vamb: 8.64441e-02  kld_vamb: 1.47370e-02  loss_labels: 1.22656e-02  ce_labels_labels: 3.20210e-03  kld_labels: 5.80062e+01  correct_labels_labels: 0.00000e+00  loss_joint: 1.24462e-01  ce_joint: 0.00000e+00  sse_joint: 2.06974e+01  ce_labels_joint: 1.03122e-02  kld_vamb_joint: 3.79723e+00  kld_labels_joint: 4.67581e+00  correct_labels_joint: 0.00000e+00  loss: 2.47961e-01
2026-08-13 13:44:18.035 | INFO    | 		Epoch: 25  loss_vamb: 1.10124e-01  ab_vamb: 1.01101e-02  ce_vamb: 0.00000e+00  sse_vamb: 8.53384e-02  kld_vamb: 1.47386e-02  loss_labels: 1.29282e-02  ce_labels_labels: 4.19341e-03  kld_labels: 5.59024e+01  correct_labels_labels: 0.00000e+00  loss_joint: 1.28040e-01  ce_joint: 0.00000e+00  sse_joint: 2.03267e+01  ce_labels_joint: 1.72465e-02  kld_vamb_joint: 3.88720e+00  kld_labels_joint: 4.82556e+00  correct_labels_joint: 0.00000e+00  loss: 2.51092e-01
2026-08-13 13:44:18.872 | INFO    | 		Epoch: 26  loss_vamb: 1.10020e-01  ab_vamb: 1.01360e-02  ce_vamb: 0.00000e+00  sse_vamb: 8.50153e-02  kld_vamb: 1.49432e-02  loss_labels: 1.29391e-02  ce_labels_labels: 4.43002e-03  kld_labels: 5.44583e+01  correct_labels_labels: 0.00000e+00  loss_joint: 1.30818e-01  ce_joint: 0.00000e+00  sse_joint: 2.03628e+01  ce_labels_joint: 1.90943e-02  kld_vamb_joint: 3.81142e+00  kld_labels_joint: 4.85286e+00  correct_labels_joint: 0.00000e+00  loss: 2.53778e-01
2026-08-13 13:44:19.710 | INFO    | 		Epoch: 27  loss_vamb: 1.07345e-01  ab_vamb: 9.04978e-03  ce_vamb: 0.00000e+00  sse_vamb: 8.32342e-02  kld_vamb: 1.49891e-02  loss_labels: 1.28976e-02  ce_labels_labels: 4.54183e-03  kld_labels: 5.34767e+01  correct_labels_labels: 0.00000e+00  loss_joint: 1.21448e-01  ce_joint: 0.00000e+00  sse_joint: 1.99535e+01  ce_labels_joint: 1.27694e-02  kld_vamb_joint: 3.85807e+00  kld_labels_joint: 4.94911e+00  correct_labels_joint: 0.00000e+00  loss: 2.41690e-01
2026-08-13 13:44:20.560 | INFO    | 		Epoch: 28  loss_vamb: 1.07325e-01  ab_vamb: 9.25425e-03  ce_vamb: 0.00000e+00  sse_vamb: 8.30127e-02  kld_vamb: 1.50415e-02  loss_labels: 1.08816e-02  ce_labels_labels: 2.58455e-03  kld_labels: 5.31014e+01  correct_labels_labels: 0.00000e+00  loss_joint: 1.19781e-01  ce_joint: 0.00000e+00  sse_joint: 1.98364e+01  ce_labels_joint: 1.05081e-02  kld_vamb_joint: 3.85471e+00  kld_labels_joint: 5.00521e+00  correct_labels_joint: 0.00000e+00  loss: 2.37987e-01
2026-08-13 13:44:21.326 | INFO    | 		Epoch: 29  loss_vamb: 1.09082e-01  ab_vamb: 1.06042e-02  ce_vamb: 0.00000e+00  sse_vamb: 8.33569e-02  kld_vamb: 1.51251e-02  loss_labels: 1.14322e-02  ce_labels_labels: 3.24296e-03  kld_labels: 5.24112e+01  correct_labels_labels: 0.00000e+00  loss_joint: 1.17250e-01  ce_joint: 0.00000e+00  sse_joint: 1.98432e+01  ce_labels_joint: 8.43203e-03  kld_vamb_joint: 3.90136e+00  kld_labels_joint: 5.09439e+00  correct_labels_joint: 0.00000e+00  loss: 2.37764e-01
2026-08-13 13:44:22.224 | INFO    | 		Epoch: 30  loss_vamb: 1.09541e-01  ab_vamb: 1.11914e-02  ce_vamb: 0.00000e+00  sse_vamb: 8.32317e-02  kld_vamb: 1.51789e-02  loss_labels: 1.11157e-02  ce_labels_labels: 2.99808e-03  kld_labels: 5.19527e+01  correct_labels_labels: 0.00000e+00  loss_joint: 1.17910e-01  ce_joint: 0.00000e+00  sse_joint: 1.97751e+01  ce_labels_joint: 8.92308e-03  kld_vamb_joint: 3.93077e+00  kld_labels_joint: 5.20467e+00  correct_labels_joint: 0.00000e+00  loss: 2.38567e-01
2026-08-13 13:44:23.076 | INFO    | 		Epoch: 31  loss_vamb: 1.07255e-01  ab_vamb: 9.52609e-03  ce_vamb: 0.00000e+00  sse_vamb: 8.26343e-02  kld_vamb: 1.52022e-02  loss_labels: 1.08104e-02  ce_labels_labels: 2.76528e-03  kld_labels: 5.14891e+01  correct_labels_labels: 0.00000e+00  loss_joint: 1.16281e-01  ce_joint: 0.00000e+00  sse_joint: 1.95989e+01  ce_labels_joint: 8.98989e-03  kld_vamb_joint: 3.90259e+00  kld_labels_joint: 5.24557e+00  correct_labels_joint: 0.00000e+00  loss: 2.34346e-01
2026-08-13 13:44:24.057 | INFO    | 		Epoch: 32  loss_vamb: 1.06153e-01  ab_vamb: 8.89461e-03  ce_vamb: 0.00000e+00  sse_vamb: 8.19586e-02  kld_vamb: 1.52790e-02  loss_labels: 1.03549e-02  ce_labels_labels: 2.35748e-03  kld_labels: 5.11832e+01  correct_labels_labels: 0.00000e+00  loss_joint: 1.13527e-01  ce_joint: 0.00000e+00  sse_joint: 1.95012e+01  ce_labels_joint: 7.14831e-03  kld_vamb_joint: 3.95340e+00  kld_labels_joint: 5.30456e+00  correct_labels_joint: 0.00000e+00  loss: 2.30035e-01
2026-08-13 13:44:24.884 | INFO    | 		Epoch: 33  loss_vamb: 1.04189e-01  ab_vamb: 7.95368e-03  ce_vamb: 0.00000e+00  sse_vamb: 8.11580e-02  kld_vamb: 1.51959e-02  loss_labels: 1.01838e-02  ce_labels_labels: 2.25903e-03  kld_labels: 5.07187e+01  correct_labels_labels: 0.00000e+00  loss_joint: 1.10343e-01  ce_joint: 0.00000e+00  sse_joint: 1.92406e+01  ce_labels_joint: 6.09872e-03  kld_vamb_joint: 3.99018e+00  kld_labels_joint: 5.36938e+00  correct_labels_joint: 0.00000e+00  loss: 2.24716e-01
2026-08-13 13:44:25.904 | INFO    | 		Epoch: 34  loss_vamb: 1.03675e-01  ab_vamb: 7.75077e-03  ce_vamb: 0.00000e+00  sse_vamb: 8.05366e-02  kld_vamb: 1.52568e-02  loss_labels: 9.92416e-03  ce_labels_labels: 2.04812e-03  kld_labels: 5.04066e+01  correct_labels_labels: 0.00000e+00  loss_joint: 1.10396e-01  ce_joint: 0.00000e+00  sse_joint: 1.91755e+01  ce_labels_joint: 6.33026e-03  kld_vamb_joint: 3.97953e+00  kld_labels_joint: 5.38470e+00  correct_labels_joint: 0.00000e+00  loss: 2.23995e-01
2026-08-13 13:44:26.741 | INFO    | 		Epoch: 35  loss_vamb: 1.04224e-01  ab_vamb: 8.94540e-03  ce_vamb: 0.00000e+00  sse_vamb: 7.98649e-02  kld_vamb: 1.52872e-02  loss_labels: 9.91020e-03  ce_labels_labels: 2.11776e-03  kld_labels: 4.98717e+01  correct_labels_labels: 0.00000e+00  loss_joint: 1.08384e-01  ce_joint: 0.00000e+00  sse_joint: 1.89577e+01  ce_labels_joint: 5.38047e-03  kld_vamb_joint: 3.99731e+00  kld_labels_joint: 5.50241e+00  correct_labels_joint: 0.00000e+00  loss: 2.22518e-01
2026-08-13 13:44:27.695 | INFO    | 		Epoch: 36  loss_vamb: 1.03038e-01  ab_vamb: 7.64818e-03  ce_vamb: 0.00000e+00  sse_vamb: 8.02648e-02  kld_vamb: 1.53089e-02  loss_labels: 1.00108e-02  ce_labels_labels: 2.30851e-03  kld_labels: 4.92943e+01  correct_labels_labels: 0.00000e+00  loss_joint: 1.07983e-01  ce_joint: 0.00000e+00  sse_joint: 1.89886e+01  ce_labels_joint: 5.63018e-03  kld_vamb_joint: 3.97874e+00  kld_labels_joint: 5.52707e+00  correct_labels_joint: 0.00000e+00  loss: 2.21032e-01
2026-08-13 13:44:28.551 | INFO    | 		Epoch: 37  loss_vamb: 1.05272e-01  ab_vamb: 1.01792e-02  ce_vamb: 0.00000e+00  sse_vamb: 7.97135e-02  kld_vamb: 1.54388e-02  loss_labels: 9.94856e-03  ce_labels_labels: 2.29753e-03  kld_labels: 4.89666e+01  correct_labels_labels: 0.00000e+00  loss_joint: 1.09349e-01  ce_joint: 0.00000e+00  sse_joint: 1.88489e+01  ce_labels_joint: 5.76244e-03  kld_vamb_joint: 3.98641e+00  kld_labels_joint: 5.61301e+00  correct_labels_joint: 0.00000e+00  loss: 2.24570e-01
2026-08-13 13:44:29.407 | INFO    | 		Epoch: 38  loss_vamb: 1.06108e-01  ab_vamb: 1.05933e-02  ce_vamb: 0.00000e+00  sse_vamb: 7.99221e-02  kld_vamb: 1.55251e-02  loss_labels: 1.00592e-02  ce_labels_labels: 2.39759e-03  kld_labels: 4.90344e+01  correct_labels_labels: 0.00000e+00  loss_joint: 1.10139e-01  ce_joint: 0.00000e+00  sse_joint: 1.88072e+01  ce_labels_joint: 5.95124e-03  kld_vamb_joint: 3.97129e+00  kld_labels_joint: 5.65130e+00  correct_labels_joint: 0.00000e+00  loss: 2.26306e-01
2026-08-13 13:44:30.240 | INFO    | 		Epoch: 39  loss_vamb: 1.03987e-01  ab_vamb: 9.24894e-03  ce_vamb: 0.00000e+00  sse_vamb: 7.91848e-02  kld_vamb: 1.55313e-02  loss_labels: 9.86166e-03  ce_labels_labels: 2.21031e-03  kld_labels: 4.89687e+01  correct_labels_labels: 0.00000e+00  loss_joint: 1.06176e-01  ce_joint: 0.00000e+00  sse_joint: 1.86834e+01  ce_labels_joint: 4.96440e-03  kld_vamb_joint: 3.99345e+00  kld_labels_joint: 5.62490e+00  correct_labels_joint: 0.00000e+00  loss: 2.20024e-01
2026-08-13 13:44:31.060 | INFO    | 		Epoch: 40  loss_vamb: 1.04125e-01  ab_vamb: 9.85419e-03  ce_vamb: 0.00000e+00  sse_vamb: 7.87293e-02  kld_vamb: 1.56461e-02  loss_labels: 9.48451e-03  ce_labels_labels: 1.86349e-03  kld_labels: 4.87746e+01  correct_labels_labels: 0.00000e+00  loss_joint: 1.06944e-01  ce_joint: 0.00000e+00  sse_joint: 1.85775e+01  ce_labels_joint: 4.84665e-03  kld_vamb_joint: 4.01334e+00  kld_labels_joint: 5.70376e+00  correct_labels_joint: 0.00000e+00  loss: 2.20553e-01
2026-08-13 13:44:31.897 | INFO    | 		Epoch: 41  loss_vamb: 1.02806e-01  ab_vamb: 9.53777e-03  ce_vamb: 0.00000e+00  sse_vamb: 7.75177e-02  kld_vamb: 1.56614e-02  loss_labels: 1.05748e-02  ce_labels_labels: 3.05005e-03  kld_labels: 4.81581e+01  correct_labels_labels: 0.00000e+00  loss_joint: 1.06225e-01  ce_joint: 0.00000e+00  sse_joint: 1.83538e+01  ce_labels_joint: 5.22909e-03  kld_vamb_joint: 4.01525e+00  kld_labels_joint: 5.70775e+00  correct_labels_joint: 0.00000e+00  loss: 2.19606e-01
2026-08-13 13:44:32.725 | INFO    | 		Epoch: 42  loss_vamb: 1.01606e-01  ab_vamb: 8.05975e-03  ce_vamb: 0.00000e+00  sse_vamb: 7.81182e-02  kld_vamb: 1.55581e-02  loss_labels: 8.96379e-03  ce_labels_labels: 1.47893e-03  kld_labels: 4.79031e+01  correct_labels_labels: 0.00000e+00  loss_joint: 1.03992e-01  ce_joint: 0.00000e+00  sse_joint: 1.83479e+01  ce_labels_joint: 4.37917e-03  kld_vamb_joint: 4.02009e+00  kld_labels_joint: 5.76507e+00  correct_labels_joint: 0.00000e+00  loss: 2.14562e-01
2026-08-13 13:44:33.577 | INFO    | 		Epoch: 43  loss_vamb: 1.02469e-01  ab_vamb: 8.56289e-03  ce_vamb: 0.00000e+00  sse_vamb: 7.84838e-02  kld_vamb: 1.55623e-02  loss_labels: 9.35923e-03  ce_labels_labels: 2.02103e-03  kld_labels: 4.69645e+01  correct_labels_labels: 0.00000e+00  loss_joint: 1.03941e-01  ce_joint: 0.00000e+00  sse_joint: 1.83939e+01  ce_labels_joint: 3.89333e-03  kld_vamb_joint: 4.04108e+00  kld_labels_joint: 5.86053e+00  correct_labels_joint: 0.00000e+00  loss: 2.15769e-01
2026-08-13 13:44:34.407 | INFO    | 		Epoch: 44  loss_vamb: 1.01956e-01  ab_vamb: 8.70984e-03  ce_vamb: 0.00000e+00  sse_vamb: 7.74964e-02  kld_vamb: 1.56543e-02  loss_labels: 9.26203e-03  ce_labels_labels: 1.98118e-03  kld_labels: 4.65974e+01  correct_labels_labels: 0.00000e+00  loss_joint: 1.03732e-01  ce_joint: 0.00000e+00  sse_joint: 1.81781e+01  ce_labels_joint: 4.28072e-03  kld_vamb_joint: 4.03394e+00  kld_labels_joint: 5.91119e+00  correct_labels_joint: 0.00000e+00  loss: 2.14949e-01
2026-08-13 13:44:35.230 | INFO    | 		Epoch: 45  loss_vamb: 1.01903e-01  ab_vamb: 8.97207e-03  ce_vamb: 0.00000e+00  sse_vamb: 7.72854e-02  kld_vamb: 1.57381e-02  loss_labels: 8.91290e-03  ce_labels_labels: 1.68263e-03  kld_labels: 4.62737e+01  correct_labels_labels: 0.00000e+00  loss_joint: 1.02641e-01  ce_joint: 0.00000e+00  sse_joint: 1.80622e+01  ce_labels_joint: 3.95267e-03  kld_vamb_joint: 4.05834e+00  kld_labels_joint: 5.99310e+00  correct_labels_joint: 0.00000e+00  loss: 2.13457e-01
2026-08-13 13:44:36.054 | INFO    | 		Epoch: 46  loss_vamb: 1.01498e-01  ab_vamb: 8.84096e-03  ce_vamb: 0.00000e+00  sse_vamb: 7.67006e-02  kld_vamb: 1.57903e-02  loss_labels: 9.07297e-03  ce_labels_labels: 1.89733e-03  kld_labels: 4.59241e+01  correct_labels_labels: 0.00000e+00  loss_joint: 1.01640e-01  ce_joint: 0.00000e+00  sse_joint: 1.78877e+01  ce_labels_joint: 4.16811e-03  kld_vamb_joint: 4.02717e+00  kld_labels_joint: 6.04989e+00  correct_labels_joint: 0.00000e+00  loss: 2.12210e-01
2026-08-13 13:44:36.887 | INFO    | 		Epoch: 47  loss_vamb: 1.00371e-01  ab_vamb: 7.81572e-03  ce_vamb: 0.00000e+00  sse_vamb: 7.66119e-02  kld_vamb: 1.58400e-02  loss_labels: 8.97066e-03  ce_labels_labels: 1.88920e-03  kld_labels: 4.53213e+01  correct_labels_labels: 0.00000e+00  loss_joint: 1.01281e-01  ce_joint: 0.00000e+00  sse_joint: 1.78648e+01  ce_labels_joint: 4.59256e-03  kld_vamb_joint: 4.03093e+00  kld_labels_joint: 6.07227e+00  correct_labels_joint: 0.00000e+00  loss: 2.10623e-01
2026-08-13 13:44:37.731 | INFO    | 		Epoch: 48  loss_vamb: 1.01922e-01  ab_vamb: 9.34959e-03  ce_vamb: 0.00000e+00  sse_vamb: 7.66886e-02  kld_vamb: 1.59622e-02  loss_labels: 8.41933e-03  ce_labels_labels: 1.38267e-03  kld_labels: 4.50346e+01  correct_labels_labels: 0.00000e+00  loss_joint: 1.01848e-01  ce_joint: 0.00000e+00  sse_joint: 1.79261e+01  ce_labels_joint: 4.34167e-03  kld_vamb_joint: 4.07290e+00  kld_labels_joint: 6.10913e+00  correct_labels_joint: 0.00000e+00  loss: 2.12189e-01
2026-08-13 13:44:38.553 | INFO    | 		Epoch: 49  loss_vamb: 1.00790e-01  ab_vamb: 8.42628e-03  ce_vamb: 0.00000e+00  sse_vamb: 7.63889e-02  kld_vamb: 1.58971e-02  loss_labels: 9.05423e-03  ce_labels_labels: 2.10392e-03  kld_labels: 4.44820e+01  correct_labels_labels: 0.00000e+00  loss_joint: 1.02241e-01  ce_joint: 0.00000e+00  sse_joint: 1.78780e+01  ce_labels_joint: 4.97186e-03  kld_vamb_joint: 4.04471e+00  kld_labels_joint: 6.14527e+00  correct_labels_joint: 0.00000e+00  loss: 2.12086e-01
2026-08-13 13:44:39.404 | INFO    | 		Epoch: 50  loss_vamb: 1.00140e-01  ab_vamb: 8.03714e-03  ce_vamb: 0.00000e+00  sse_vamb: 7.62231e-02  kld_vamb: 1.58829e-02  loss_labels: 8.87113e-03  ce_labels_labels: 1.90270e-03  kld_labels: 4.45979e+01  correct_labels_labels: 0.00000e+00  loss_joint: 9.99735e-02  ce_joint: 0.00000e+00  sse_joint: 1.77326e+01  ce_labels_joint: 3.82697e-03  kld_vamb_joint: 4.04811e+00  kld_labels_joint: 6.19035e+00  correct_labels_joint: 0.00000e+00  loss: 2.08984e-01
2026-08-13 13:44:40.180 | INFO    | 		Epoch: 51  loss_vamb: 9.92775e-02  ab_vamb: 7.29654e-03  ce_vamb: 0.00000e+00  sse_vamb: 7.57892e-02  kld_vamb: 1.61424e-02  loss_labels: 9.49822e-03  ce_labels_labels: 2.49205e-03  kld_labels: 4.48395e+01  correct_labels_labels: 0.00000e+00  loss_joint: 9.84022e-02  ce_joint: 0.00000e+00  sse_joint: 1.75745e+01  ce_labels_joint: 3.51216e-03  kld_vamb_joint: 4.04223e+00  kld_labels_joint: 6.22753e+00  correct_labels_joint: 0.00000e+00  loss: 2.07178e-01
2026-08-13 13:44:41.013 | INFO    | 		Epoch: 52  loss_vamb: 9.77742e-02  ab_vamb: 6.92590e-03  ce_vamb: 0.00000e+00  sse_vamb: 7.47531e-02  kld_vamb: 1.60446e-02  loss_labels: 9.50447e-03  ce_labels_labels: 2.36584e-03  kld_labels: 4.56873e+01  correct_labels_labels: 0.00000e+00  loss_joint: 9.75236e-02  ce_joint: 0.00000e+00  sse_joint: 1.74375e+01  ce_labels_joint: 3.30996e-03  kld_vamb_joint: 4.07604e+00  kld_labels_joint: 6.24946e+00  correct_labels_joint: 0.00000e+00  loss: 2.04802e-01
2026-08-13 13:44:41.851 | INFO    | 		Epoch: 53  loss_vamb: 9.73626e-02  ab_vamb: 7.11424e-03  ce_vamb: 0.00000e+00  sse_vamb: 7.43356e-02  kld_vamb: 1.60127e-02  loss_labels: 8.88645e-03  ce_labels_labels: 1.68284e-03  kld_labels: 4.61031e+01  correct_labels_labels: 0.00000e+00  loss_joint: 9.69662e-02  ce_joint: 0.00000e+00  sse_joint: 1.72939e+01  ce_labels_joint: 4.01857e-03  kld_vamb_joint: 4.08687e+00  kld_labels_joint: 6.24692e+00  correct_labels_joint: 0.00000e+00  loss: 2.03215e-01
2026-08-13 13:44:42.674 | INFO    | 		Epoch: 54  loss_vamb: 9.72374e-02  ab_vamb: 6.58950e-03  ce_vamb: 0.00000e+00  sse_vamb: 7.47136e-02  kld_vamb: 1.60483e-02  loss_labels: 8.75700e-03  ce_labels_labels: 1.59817e-03  kld_labels: 4.58165e+01  correct_labels_labels: 0.00000e+00  loss_joint: 9.67709e-02  ce_joint: 0.00000e+00  sse_joint: 1.73660e+01  ce_labels_joint: 3.56025e-03  kld_vamb_joint: 4.06476e+00  kld_labels_joint: 6.29651e+00  correct_labels_joint: 0.00000e+00  loss: 2.02765e-01
2026-08-13 13:44:43.573 | INFO    | 		Epoch: 55  loss_vamb: 9.87298e-02  ab_vamb: 8.26917e-03  ce_vamb: 0.00000e+00  sse_vamb: 7.44197e-02  kld_vamb: 1.61264e-02  loss_labels: 8.57888e-03  ce_labels_labels: 1.56045e-03  kld_labels: 4.49180e+01  correct_labels_labels: 0.00000e+00  loss_joint: 9.80828e-02  ce_joint: 0.00000e+00  sse_joint: 1.72922e+01  ce_labels_joint: 3.96259e-03  kld_vamb_joint: 4.07404e+00  kld_labels_joint: 6.37964e+00  correct_labels_joint: 0.00000e+00  loss: 2.05392e-01
2026-08-13 13:44:44.427 | INFO    | 		Epoch: 56  loss_vamb: 9.81782e-02  ab_vamb: 7.86457e-03  ce_vamb: 0.00000e+00  sse_vamb: 7.41772e-02  kld_vamb: 1.61819e-02  loss_labels: 8.57288e-03  ce_labels_labels: 1.69856e-03  kld_labels: 4.39957e+01  correct_labels_labels: 0.00000e+00  loss_joint: 9.64052e-02  ce_joint: 0.00000e+00  sse_joint: 1.71838e+01  ce_labels_joint: 3.15496e-03  kld_vamb_joint: 4.08488e+00  kld_labels_joint: 6.44297e+00  correct_labels_joint: 0.00000e+00  loss: 2.03156e-01
2026-08-13 13:44:45.284 | INFO    | 		Epoch: 57  loss_vamb: 9.84479e-02  ab_vamb: 8.08882e-03  ce_vamb: 0.00000e+00  sse_vamb: 7.40683e-02  kld_vamb: 1.62252e-02  loss_labels: 8.29263e-03  ce_labels_labels: 1.51795e-03  kld_labels: 4.33579e+01  correct_labels_labels: 0.00000e+00  loss_joint: 9.60096e-02  ce_joint: 0.00000e+00  sse_joint: 1.71018e+01  ce_labels_joint: 3.39466e-03  kld_vamb_joint: 4.06538e+00  kld_labels_joint: 6.50197e+00  correct_labels_joint: 0.00000e+00  loss: 2.02750e-01
2026-08-13 13:44:46.138 | INFO    | 		Epoch: 58  loss_vamb: 9.78759e-02  ab_vamb: 8.37223e-03  ce_vamb: 0.00000e+00  sse_vamb: 7.31521e-02  kld_vamb: 1.63152e-02  loss_labels: 8.42921e-03  ce_labels_labels: 1.66090e-03  kld_labels: 4.33172e+01  correct_labels_labels: 0.00000e+00  loss_joint: 9.53873e-02  ce_joint: 0.00000e+00  sse_joint: 1.68945e+01  ce_labels_joint: 3.25926e-03  kld_vamb_joint: 4.10777e+00  kld_labels_joint: 6.54867e+00  correct_labels_joint: 0.00000e+00  loss: 2.01692e-01
2026-08-13 13:44:46.990 | INFO    | 		Epoch: 59  loss_vamb: 9.90321e-02  ab_vamb: 8.78140e-03  ce_vamb: 0.00000e+00  sse_vamb: 7.42002e-02  kld_vamb: 1.62148e-02  loss_labels: 8.47216e-03  ce_labels_labels: 1.69829e-03  kld_labels: 4.33528e+01  correct_labels_labels: 0.00000e+00  loss_joint: 9.76382e-02  ce_joint: 0.00000e+00  sse_joint: 1.70020e+01  ce_labels_joint: 4.48656e-03  kld_vamb_joint: 4.07906e+00  kld_labels_joint: 6.56506e+00  correct_labels_joint: 0.00000e+00  loss: 2.05142e-01
2026-08-13 13:44:47.833 | INFO    | 		Epoch: 60  loss_vamb: 9.78548e-02  ab_vamb: 8.24086e-03  ce_vamb: 0.00000e+00  sse_vamb: 7.33227e-02  kld_vamb: 1.63021e-02  loss_labels: 8.51030e-03  ce_labels_labels: 1.72875e-03  kld_labels: 4.34019e+01  correct_labels_labels: 0.00000e+00  loss_joint: 9.52158e-02  ce_joint: 0.00000e+00  sse_joint: 1.69153e+01  ce_labels_joint: 3.43069e-03  kld_vamb_joint: 4.10903e+00  kld_labels_joint: 6.60092e+00  correct_labels_joint: 0.00000e+00  loss: 2.01581e-01
2026-08-13 13:44:48.682 | INFO    | 		Epoch: 61  loss_vamb: 9.73494e-02  ab_vamb: 7.77359e-03  ce_vamb: 0.00000e+00  sse_vamb: 7.31941e-02  kld_vamb: 1.63361e-02  loss_labels: 8.35032e-03  ce_labels_labels: 1.61877e-03  kld_labels: 4.30819e+01  correct_labels_labels: 0.00000e+00  loss_joint: 9.42886e-02  ce_joint: 0.00000e+00  sse_joint: 1.68159e+01  ce_labels_joint: 3.21912e-03  kld_vamb_joint: 4.08680e+00  kld_labels_joint: 6.64811e+00  correct_labels_joint: 0.00000e+00  loss: 1.99988e-01
2026-08-13 13:44:49.542 | INFO    | 		Epoch: 62  loss_vamb: 9.65412e-02  ab_vamb: 7.52522e-03  ce_vamb: 0.00000e+00  sse_vamb: 7.26125e-02  kld_vamb: 1.63576e-02  loss_labels: 8.41144e-03  ce_labels_labels: 1.69410e-03  kld_labels: 4.29910e+01  correct_labels_labels: 0.00000e+00  loss_joint: 9.47062e-02  ce_joint: 0.00000e+00  sse_joint: 1.67445e+01  ce_labels_joint: 4.14787e-03  kld_vamb_joint: 4.07765e+00  kld_labels_joint: 6.64735e+00  correct_labels_joint: 0.00000e+00  loss: 1.99659e-01
2026-08-13 13:44:50.336 | INFO    | 		Epoch: 63  loss_vamb: 9.71250e-02  ab_vamb: 8.05171e-03  ce_vamb: 0.00000e+00  sse_vamb: 7.27880e-02  kld_vamb: 1.63386e-02  loss_labels: 8.17259e-03  ce_labels_labels: 1.38260e-03  kld_labels: 4.34559e+01  correct_labels_labels: 0.00000e+00  loss_joint: 9.48179e-02  ce_joint: 0.00000e+00  sse_joint: 1.67616e+01  ce_labels_joint: 3.61557e-03  kld_vamb_joint: 4.14658e+00  kld_labels_joint: 6.70950e+00  correct_labels_joint: 0.00000e+00  loss: 2.00115e-01
2026-08-13 13:44:51.233 | INFO    | 		Epoch: 64  loss_vamb: 9.65645e-02  ab_vamb: 8.12022e-03  ce_vamb: 0.00000e+00  sse_vamb: 7.18453e-02  kld_vamb: 1.64136e-02  loss_labels: 8.02138e-03  ce_labels_labels: 1.23659e-03  kld_labels: 4.34227e+01  correct_labels_labels: 0.00000e+00  loss_joint: 9.35978e-02  ce_joint: 0.00000e+00  sse_joint: 1.65701e+01  ce_labels_joint: 3.36226e-03  kld_vamb_joint: 4.16592e+00  kld_labels_joint: 6.75930e+00  correct_labels_joint: 0.00000e+00  loss: 1.98184e-01
2026-08-13 13:44:52.027 | INFO    | 		Epoch: 65  loss_vamb: 9.56928e-02  ab_vamb: 7.09733e-03  ce_vamb: 0.00000e+00  sse_vamb: 7.24709e-02  kld_vamb: 1.63655e-02  loss_labels: 9.22239e-03  ce_labels_labels: 2.51120e-03  kld_labels: 4.29517e+01  correct_labels_labels: 0.00000e+00  loss_joint: 9.34049e-02  ce_joint: 0.00000e+00  sse_joint: 1.67073e+01  ce_labels_joint: 3.19403e-03  kld_vamb_joint: 4.14078e+00  kld_labels_joint: 6.74745e+00  correct_labels_joint: 0.00000e+00  loss: 1.98320e-01
2026-08-13 13:44:52.932 | INFO    | 		Epoch: 66  loss_vamb: 9.63490e-02  ab_vamb: 8.03843e-03  ce_vamb: 0.00000e+00  sse_vamb: 7.17692e-02  kld_vamb: 1.64638e-02  loss_labels: 9.15759e-03  ce_labels_labels: 2.35741e-03  kld_labels: 4.35211e+01  correct_labels_labels: 0.00000e+00  loss_joint: 9.39558e-02  ce_joint: 0.00000e+00  sse_joint: 1.65318e+01  ce_labels_joint: 3.35679e-03  kld_vamb_joint: 4.14662e+00  kld_labels_joint: 6.77277e+00  correct_labels_joint: 0.00000e+00  loss: 1.99462e-01
2026-08-13 13:44:53.764 | INFO    | 		Epoch: 67  loss_vamb: 9.58024e-02  ab_vamb: 7.56877e-03  ce_vamb: 0.00000e+00  sse_vamb: 7.16538e-02  kld_vamb: 1.64752e-02  loss_labels: 8.16862e-03  ce_labels_labels: 1.22102e-03  kld_labels: 4.44646e+01  correct_labels_labels: 0.00000e+00  loss_joint: 9.40745e-02  ce_joint: 0.00000e+00  sse_joint: 1.64016e+01  ce_labels_joint: 4.70915e-03  kld_vamb_joint: 4.15448e+00  kld_labels_joint: 6.77194e+00  correct_labels_joint: 0.00000e+00  loss: 1.98045e-01
2026-08-13 13:44:54.565 | INFO    | 		Epoch: 68  loss_vamb: 9.55135e-02  ab_vamb: 7.67261e-03  ce_vamb: 0.00000e+00  sse_vamb: 7.12226e-02  kld_vamb: 1.65063e-02  loss_labels: 8.48255e-03  ce_labels_labels: 1.53183e-03  kld_labels: 4.44846e+01  correct_labels_labels: 0.00000e+00  loss_joint: 9.36782e-02  ce_joint: 0.00000e+00  sse_joint: 1.65188e+01  ce_labels_joint: 3.85123e-03  kld_vamb_joint: 4.14239e+00  kld_labels_joint: 6.75619e+00  correct_labels_joint: 0.00000e+00  loss: 1.97674e-01
2026-08-13 13:44:55.387 | INFO    | 		Epoch: 69  loss_vamb: 9.49200e-02  ab_vamb: 7.05897e-03  ce_vamb: 0.00000e+00  sse_vamb: 7.12583e-02  kld_vamb: 1.65513e-02  loss_labels: 7.85322e-03  ce_labels_labels: 1.03228e-03  kld_labels: 4.36540e+01  correct_labels_labels: 0.00000e+00  loss_joint: 9.37159e-02  ce_joint: 0.00000e+00  sse_joint: 1.64734e+01  ce_labels_joint: 4.65490e-03  kld_vamb_joint: 4.23414e+00  kld_labels_joint: 6.86474e+00  correct_labels_joint: 0.00000e+00  loss: 1.96489e-01
2026-08-13 13:44:56.234 | INFO    | 		Epoch: 70  loss_vamb: 9.48532e-02  ab_vamb: 7.19522e-03  ce_vamb: 0.00000e+00  sse_vamb: 7.09961e-02  kld_vamb: 1.65442e-02  loss_labels: 9.32591e-03  ce_labels_labels: 2.60335e-03  kld_labels: 4.30243e+01  correct_labels_labels: 0.00000e+00  loss_joint: 9.36493e-02  ce_joint: 0.00000e+00  sse_joint: 1.64342e+01  ce_labels_joint: 4.46932e-03  kld_vamb_joint: 4.21160e+00  kld_labels_joint: 6.89985e+00  correct_labels_joint: 0.00000e+00  loss: 1.97828e-01
2026-08-13 13:44:57.069 | INFO    | 		Epoch: 71  loss_vamb: 9.50077e-02  ab_vamb: 7.97765e-03  ce_vamb: 0.00000e+00  sse_vamb: 7.05811e-02  kld_vamb: 1.66050e-02  loss_labels: 8.52630e-03  ce_labels_labels: 1.64647e-03  kld_labels: 4.40309e+01  correct_labels_labels: 0.00000e+00  loss_joint: 9.41337e-02  ce_joint: 0.00000e+00  sse_joint: 1.63848e+01  ce_labels_joint: 4.76431e-03  kld_vamb_joint: 4.21500e+00  kld_labels_joint: 6.90224e+00  correct_labels_joint: 0.00000e+00  loss: 1.97668e-01
2026-08-13 13:44:57.899 | INFO    | 		Epoch: 72  loss_vamb: 9.47897e-02  ab_vamb: 7.20637e-03  ce_vamb: 0.00000e+00  sse_vamb: 7.09808e-02  kld_vamb: 1.66796e-02  loss_labels: 8.88568e-03  ce_labels_labels: 1.68810e-03  kld_labels: 4.60645e+01  correct_labels_labels: 0.00000e+00  loss_joint: 9.42106e-02  ce_joint: 0.00000e+00  sse_joint: 1.63942e+01  ce_labels_joint: 5.00245e-03  kld_vamb_joint: 4.20526e+00  kld_labels_joint: 6.89714e+00  correct_labels_joint: 0.00000e+00  loss: 1.97886e-01
2026-08-13 13:44:58.728 | INFO    | 		Epoch: 73  loss_vamb: 9.47099e-02  ab_vamb: 7.30771e-03  ce_vamb: 0.00000e+00  sse_vamb: 7.05578e-02  kld_vamb: 1.67271e-02  loss_labels: 8.92595e-03  ce_labels_labels: 1.68976e-03  kld_labels: 4.63116e+01  correct_labels_labels: 0.00000e+00  loss_joint: 9.36464e-02  ce_joint: 0.00000e+00  sse_joint: 1.63295e+01  ce_labels_joint: 4.79894e-03  kld_vamb_joint: 4.20745e+00  kld_labels_joint: 6.91262e+00  correct_labels_joint: 0.00000e+00  loss: 1.97282e-01
2026-08-13 13:44:59.695 | INFO    | 		Epoch: 74  loss_vamb: 9.49477e-02  ab_vamb: 7.93946e-03  ce_vamb: 0.00000e+00  sse_vamb: 7.01960e-02  kld_vamb: 1.68237e-02  loss_labels: 8.95067e-03  ce_labels_labels: 1.77597e-03  kld_labels: 4.59181e+01  correct_labels_labels: 0.00000e+00  loss_joint: 9.29727e-02  ce_joint: 0.00000e+00  sse_joint: 1.62975e+01  ce_labels_joint: 4.11870e-03  kld_vamb_joint: 4.29542e+00  kld_labels_joint: 7.00581e+00  correct_labels_joint: 0.00000e+00  loss: 1.96871e-01
2026-08-13 13:45:00.458 | INFO    | 		Epoch: 75  loss_vamb: 9.28656e-02  ab_vamb: 6.52044e-03  ce_vamb: 0.00000e+00  sse_vamb: 6.93755e-02  kld_vamb: 1.69001e-02  loss_labels: 8.94091e-03  ce_labels_labels: 1.74357e-03  kld_labels: 4.60630e+01  correct_labels_labels: 0.00000e+00  loss_joint: 8.96066e-02  ce_joint: 0.00000e+00  sse_joint: 1.60757e+01  ce_labels_joint: 3.07941e-03  kld_vamb_joint: 4.28995e+00  kld_labels_joint: 7.01592e+00  correct_labels_joint: 0.00000e+00  loss: 1.91413e-01
2026-08-13 13:45:01.217 | INFO    | 		Epoch: 76  loss_vamb: 9.26038e-02  ab_vamb: 6.73877e-03  ce_vamb: 0.00000e+00  sse_vamb: 6.91986e-02  kld_vamb: 1.67903e-02  loss_labels: 8.71917e-03  ce_labels_labels: 1.48310e-03  kld_labels: 4.63109e+01  correct_labels_labels: 0.00000e+00  loss_joint: 9.06790e-02  ce_joint: 0.00000e+00  sse_joint: 1.60598e+01  ce_labels_joint: 3.79974e-03  kld_vamb_joint: 4.32836e+00  kld_labels_joint: 7.05111e+00  correct_labels_joint: 0.00000e+00  loss: 1.92002e-01
2026-08-13 13:45:01.975 | INFO    | 		Epoch: 77  loss_vamb: 9.11009e-02  ab_vamb: 5.95196e-03  ce_vamb: 0.00000e+00  sse_vamb: 6.81691e-02  kld_vamb: 1.68136e-02  loss_labels: 9.60408e-03  ce_labels_labels: 2.39581e-03  kld_labels: 4.61330e+01  correct_labels_labels: 0.00000e+00  loss_joint: 8.84949e-02  ce_joint: 0.00000e+00  sse_joint: 1.57628e+01  ce_labels_joint: 3.74904e-03  kld_vamb_joint: 4.33096e+00  kld_labels_joint: 7.06107e+00  correct_labels_joint: 0.00000e+00  loss: 1.89200e-01
2026-08-13 13:45:02.790 | INFO    | 		Epoch: 78  loss_vamb: 9.16532e-02  ab_vamb: 6.64301e-03  ce_vamb: 0.00000e+00  sse_vamb: 6.83392e-02  kld_vamb: 1.68104e-02  loss_labels: 8.26057e-03  ce_labels_labels: 1.07143e-03  kld_labels: 4.60105e+01  correct_labels_labels: 0.00000e+00  loss_joint: 8.78332e-02  ce_joint: 0.00000e+00  sse_joint: 1.57969e+01  ce_labels_joint: 2.47848e-03  kld_vamb_joint: 4.35778e+00  kld_labels_joint: 7.11180e+00  correct_labels_joint: 0.00000e+00  loss: 1.87747e-01
2026-08-13 13:45:03.608 | INFO    | 		Epoch: 79  loss_vamb: 9.07267e-02  ab_vamb: 5.85261e-03  ce_vamb: 0.00000e+00  sse_vamb: 6.83546e-02  kld_vamb: 1.67433e-02  loss_labels: 8.22199e-03  ce_labels_labels: 1.07601e-03  kld_labels: 4.57343e+01  correct_labels_labels: 0.00000e+00  loss_joint: 8.81582e-02  ce_joint: 0.00000e+00  sse_joint: 1.58613e+01  ce_labels_joint: 3.09810e-03  kld_vamb_joint: 4.38733e+00  kld_labels_joint: 7.14345e+00  correct_labels_joint: 0.00000e+00  loss: 1.87107e-01
2026-08-13 13:45:04.410 | INFO    | 		Epoch: 80  loss_vamb: 9.02918e-02  ab_vamb: 5.54023e-03  ce_vamb: 0.00000e+00  sse_vamb: 6.80793e-02  kld_vamb: 1.67410e-02  loss_labels: 9.67054e-03  ce_labels_labels: 2.59547e-03  kld_labels: 4.52805e+01  correct_labels_labels: 0.00000e+00  loss_joint: 8.58400e-02  ce_joint: 0.00000e+00  sse_joint: 1.57279e+01  ce_labels_joint: 1.95690e-03  kld_vamb_joint: 4.39543e+00  kld_labels_joint: 7.17306e+00  correct_labels_joint: 0.00000e+00  loss: 1.85802e-01
2026-08-13 13:45:05.212 | INFO    | 		Epoch: 81  loss_vamb: 8.98507e-02  ab_vamb: 5.20184e-03  ce_vamb: 0.00000e+00  sse_vamb: 6.78853e-02  kld_vamb: 1.67951e-02  loss_labels: 8.61352e-03  ce_labels_labels: 1.57983e-03  kld_labels: 4.50156e+01  correct_labels_labels: 0.00000e+00  loss_joint: 8.53828e-02  ce_joint: 0.00000e+00  sse_joint: 1.56599e+01  ce_labels_joint: 1.98114e-03  kld_vamb_joint: 4.38624e+00  kld_labels_joint: 7.22395e+00  correct_labels_joint: 0.00000e+00  loss: 1.83847e-01
2026-08-13 13:45:05.966 | INFO    | 		Epoch: 82  loss_vamb: 9.01147e-02  ab_vamb: 5.62347e-03  ce_vamb: 0.00000e+00  sse_vamb: 6.77122e-02  kld_vamb: 1.67633e-02  loss_labels: 8.03153e-03  ce_labels_labels: 9.99467e-04  kld_labels: 4.50052e+01  correct_labels_labels: 0.00000e+00  loss_joint: 8.53837e-02  ce_joint: 0.00000e+00  sse_joint: 1.55513e+01  ce_labels_joint: 2.01344e-03  kld_vamb_joint: 4.39074e+00  kld_labels_joint: 7.22262e+00  correct_labels_joint: 0.00000e+00  loss: 1.83530e-01
2026-08-13 13:45:06.671 | INFO    | 		Epoch: 83  loss_vamb: 9.09472e-02  ab_vamb: 6.54743e-03  ce_vamb: 0.00000e+00  sse_vamb: 6.75070e-02  kld_vamb: 1.67861e-02  loss_labels: 8.05448e-03  ce_labels_labels: 1.05132e-03  kld_labels: 4.48202e+01  correct_labels_labels: 0.00000e+00  loss_joint: 8.62802e-02  ce_joint: 0.00000e+00  sse_joint: 1.55567e+01  ce_labels_joint: 1.95135e-03  kld_vamb_joint: 4.38716e+00  kld_labels_joint: 7.27029e+00  correct_labels_joint: 0.00000e+00  loss: 1.85282e-01
2026-08-13 13:45:07.452 | INFO    | 		Epoch: 84  loss_vamb: 9.05119e-02  ab_vamb: 5.97890e-03  ce_vamb: 0.00000e+00  sse_vamb: 6.77531e-02  kld_vamb: 1.68412e-02  loss_labels: 7.82724e-03  ce_labels_labels: 9.01890e-04  kld_labels: 4.43223e+01  correct_labels_labels: 0.00000e+00  loss_joint: 8.59936e-02  ce_joint: 0.00000e+00  sse_joint: 1.56111e+01  ce_labels_joint: 2.10087e-03  kld_vamb_joint: 4.37349e+00  kld_labels_joint: 7.29340e+00  correct_labels_joint: 0.00000e+00  loss: 1.84333e-01
2026-08-13 13:45:08.227 | INFO    | 		Epoch: 85  loss_vamb: 9.03558e-02  ab_vamb: 5.96775e-03  ce_vamb: 0.00000e+00  sse_vamb: 6.75560e-02  kld_vamb: 1.68487e-02  loss_labels: 7.66429e-03  ce_labels_labels: 8.43189e-04  kld_labels: 4.36550e+01  correct_labels_labels: 0.00000e+00  loss_joint: 8.58592e-02  ce_joint: 0.00000e+00  sse_joint: 1.55058e+01  ce_labels_joint: 2.35734e-03  kld_vamb_joint: 4.34875e+00  kld_labels_joint: 7.31788e+00  correct_labels_joint: 0.00000e+00  loss: 1.83879e-01
2026-08-13 13:45:08.995 | INFO    | 		Epoch: 86  loss_vamb: 9.06031e-02  ab_vamb: 6.43801e-03  ce_vamb: 0.00000e+00  sse_vamb: 6.73330e-02  kld_vamb: 1.68458e-02  loss_labels: 7.92269e-03  ce_labels_labels: 1.23815e-03  kld_labels: 4.27811e+01  correct_labels_labels: 0.00000e+00  loss_joint: 8.61272e-02  ce_joint: 0.00000e+00  sse_joint: 1.54274e+01  ce_labels_joint: 2.43215e-03  kld_vamb_joint: 4.35576e+00  kld_labels_joint: 7.36416e+00  correct_labels_joint: 0.00000e+00  loss: 1.84653e-01
2026-08-13 13:45:09.792 | INFO    | 		Epoch: 87  loss_vamb: 8.98433e-02  ab_vamb: 5.41514e-03  ce_vamb: 0.00000e+00  sse_vamb: 6.75368e-02  kld_vamb: 1.68843e-02  loss_labels: 7.92297e-03  ce_labels_labels: 1.33228e-03  kld_labels: 4.21804e+01  correct_labels_labels: 0.00000e+00  loss_joint: 8.45134e-02  ce_joint: 0.00000e+00  sse_joint: 1.54462e+01  ce_labels_joint: 2.15568e-03  kld_vamb_joint: 4.35324e+00  kld_labels_joint: 7.40084e+00  correct_labels_joint: 0.00000e+00  loss: 1.82280e-01
2026-08-13 13:45:10.512 | INFO    | 		Epoch: 88  loss_vamb: 9.02627e-02  ab_vamb: 5.97455e-03  ce_vamb: 0.00000e+00  sse_vamb: 6.72991e-02  kld_vamb: 1.68856e-02  loss_labels: 7.61577e-03  ce_labels_labels: 1.13076e-03  kld_labels: 4.15040e+01  correct_labels_labels: 0.00000e+00  loss_joint: 8.51529e-02  ce_joint: 0.00000e+00  sse_joint: 1.53979e+01  ce_labels_joint: 2.38750e-03  kld_vamb_joint: 4.34146e+00  kld_labels_joint: 7.41916e+00  correct_labels_joint: 0.00000e+00  loss: 1.83031e-01
2026-08-13 13:45:11.504 | INFO    | 		Epoch: 89  loss_vamb: 9.00538e-02  ab_vamb: 5.81896e-03  ce_vamb: 0.00000e+00  sse_vamb: 6.74861e-02  kld_vamb: 1.68775e-02  loss_labels: 7.72126e-03  ce_labels_labels: 1.32408e-03  kld_labels: 4.09419e+01  correct_labels_labels: 0.00000e+00  loss_joint: 8.44396e-02  ce_joint: 0.00000e+00  sse_joint: 1.54263e+01  ce_labels_joint: 1.79995e-03  kld_vamb_joint: 4.36241e+00  kld_labels_joint: 7.48095e+00  correct_labels_joint: 0.00000e+00  loss: 1.82215e-01
2026-08-13 13:45:12.238 | INFO    | 		Epoch: 90  loss_vamb: 9.00026e-02  ab_vamb: 5.95943e-03  ce_vamb: 0.00000e+00  sse_vamb: 6.70664e-02  kld_vamb: 1.69007e-02  loss_labels: 7.52596e-03  ce_labels_labels: 1.19924e-03  kld_labels: 4.04910e+01  correct_labels_labels: 0.00000e+00  loss_joint: 8.47707e-02  ce_joint: 0.00000e+00  sse_joint: 1.52886e+01  ce_labels_joint: 2.60500e-03  kld_vamb_joint: 4.34709e+00  kld_labels_joint: 7.49909e+00  correct_labels_joint: 0.00000e+00  loss: 1.82299e-01
2026-08-13 13:45:12.998 | INFO    | 		Epoch: 91  loss_vamb: 8.96251e-02  ab_vamb: 5.60640e-03  ce_vamb: 0.00000e+00  sse_vamb: 6.71108e-02  kld_vamb: 1.69719e-02  loss_labels: 7.14711e-03  ce_labels_labels: 8.93029e-04  kld_labels: 4.00261e+01  correct_labels_labels: 0.00000e+00  loss_joint: 8.38972e-02  ce_joint: 0.00000e+00  sse_joint: 1.53370e+01  ce_labels_joint: 1.93582e-03  kld_vamb_joint: 4.33914e+00  kld_labels_joint: 7.54531e+00  correct_labels_joint: 0.00000e+00  loss: 1.80669e-01
2026-08-13 13:45:13.791 | INFO    | 		Epoch: 92  loss_vamb: 8.89366e-02  ab_vamb: 4.98344e-03  ce_vamb: 0.00000e+00  sse_vamb: 6.69684e-02  kld_vamb: 1.69630e-02  loss_labels: 7.09596e-03  ce_labels_labels: 9.25415e-04  kld_labels: 3.94915e+01  correct_labels_labels: 0.00000e+00  loss_joint: 8.33934e-02  ce_joint: 0.00000e+00  sse_joint: 1.52299e+01  ce_labels_joint: 2.08525e-03  kld_vamb_joint: 4.37147e+00  kld_labels_joint: 7.59932e+00  correct_labels_joint: 0.00000e+00  loss: 1.79426e-01
2026-08-13 13:45:14.565 | INFO    | 		Epoch: 93  loss_vamb: 8.89869e-02  ab_vamb: 5.35094e-03  ce_vamb: 0.00000e+00  sse_vamb: 6.66197e-02  kld_vamb: 1.70029e-02  loss_labels: 7.62191e-03  ce_labels_labels: 1.51339e-03  kld_labels: 3.90945e+01  correct_labels_labels: 0.00000e+00  loss_joint: 8.28663e-02  ce_joint: 0.00000e+00  sse_joint: 1.50849e+01  ce_labels_joint: 1.92791e-03  kld_vamb_joint: 4.35538e+00  kld_labels_joint: 7.63860e+00  correct_labels_joint: 0.00000e+00  loss: 1.79475e-01
2026-08-13 13:45:15.412 | INFO    | 		Epoch: 94  loss_vamb: 8.86470e-02  ab_vamb: 5.33839e-03  ce_vamb: 0.00000e+00  sse_vamb: 6.64758e-02  kld_vamb: 1.69373e-02  loss_labels: 7.58811e-03  ce_labels_labels: 1.50340e-03  kld_labels: 3.89421e+01  correct_labels_labels: 0.00000e+00  loss_joint: 8.31002e-02  ce_joint: 0.00000e+00  sse_joint: 1.51753e+01  ce_labels_joint: 2.01746e-03  kld_vamb_joint: 4.36827e+00  kld_labels_joint: 7.64763e+00  correct_labels_joint: 0.00000e+00  loss: 1.79335e-01
2026-08-13 13:45:16.223 | INFO    | 		Epoch: 95  loss_vamb: 8.93671e-02  ab_vamb: 5.93276e-03  ce_vamb: 0.00000e+00  sse_vamb: 6.64657e-02  kld_vamb: 1.69431e-02  loss_labels: 7.54365e-03  ce_labels_labels: 1.43656e-03  kld_labels: 3.90853e+01  correct_labels_labels: 0.00000e+00  loss_joint: 8.29989e-02  ce_joint: 0.00000e+00  sse_joint: 1.51331e+01  ce_labels_joint: 1.65599e-03  kld_vamb_joint: 4.36360e+00  kld_labels_joint: 7.65961e+00  correct_labels_joint: 0.00000e+00  loss: 1.79910e-01
2026-08-13 13:45:17.027 | INFO    | 		Epoch: 96  loss_vamb: 8.88292e-02  ab_vamb: 5.49686e-03  ce_vamb: 0.00000e+00  sse_vamb: 6.61750e-02  kld_vamb: 1.70110e-02  loss_labels: 7.66031e-03  ce_labels_labels: 1.52270e-03  kld_labels: 3.92807e+01  correct_labels_labels: 0.00000e+00  loss_joint: 8.27813e-02  ce_joint: 0.00000e+00  sse_joint: 1.50975e+01  ce_labels_joint: 1.75742e-03  kld_vamb_joint: 4.36191e+00  kld_labels_joint: 7.68051e+00  correct_labels_joint: 0.00000e+00  loss: 1.79271e-01
2026-08-13 13:45:17.809 | INFO    | 		Epoch: 97  loss_vamb: 8.83494e-02  ab_vamb: 5.25358e-03  ce_vamb: 0.00000e+00  sse_vamb: 6.60326e-02  kld_vamb: 1.70201e-02  loss_labels: 7.35178e-03  ce_labels_labels: 1.21512e-03  kld_labels: 3.92746e+01  correct_labels_labels: 0.00000e+00  loss_joint: 8.26366e-02  ce_joint: 0.00000e+00  sse_joint: 1.49643e+01  ce_labels_joint: 2.54364e-03  kld_vamb_joint: 4.36568e+00  kld_labels_joint: 7.69916e+00  correct_labels_joint: 0.00000e+00  loss: 1.78338e-01
2026-08-13 13:45:18.613 | INFO    | 		Epoch: 98  loss_vamb: 8.94282e-02  ab_vamb: 6.22651e-03  ce_vamb: 0.00000e+00  sse_vamb: 6.61089e-02  kld_vamb: 1.69862e-02  loss_labels: 8.18932e-03  ce_labels_labels: 2.03869e-03  kld_labels: 3.93640e+01  correct_labels_labels: 0.00000e+00  loss_joint: 8.31294e-02  ce_joint: 0.00000e+00  sse_joint: 1.50698e+01  ce_labels_joint: 1.91883e-03  kld_vamb_joint: 4.36217e+00  kld_labels_joint: 7.68284e+00  correct_labels_joint: 0.00000e+00  loss: 1.80747e-01
2026-08-13 13:45:19.417 | INFO    | 		Epoch: 99  loss_vamb: 8.91767e-02  ab_vamb: 5.91979e-03  ce_vamb: 0.00000e+00  sse_vamb: 6.62972e-02  kld_vamb: 1.69966e-02  loss_labels: 8.17385e-03  ce_labels_labels: 1.95064e-03  kld_labels: 3.98286e+01  correct_labels_labels: 0.00000e+00  loss_joint: 8.32705e-02  ce_joint: 0.00000e+00  sse_joint: 1.50679e+01  ce_labels_joint: 2.06242e-03  kld_vamb_joint: 4.36262e+00  kld_labels_joint: 7.66015e+00  correct_labels_joint: 0.00000e+00  loss: 1.80621e-01
2026-08-13 13:45:20.220 | INFO    | 		Epoch: 100  loss_vamb: 8.88478e-02  ab_vamb: 5.55187e-03  ce_vamb: 0.00000e+00  sse_vamb: 6.62951e-02  kld_vamb: 1.70174e-02  loss_labels: 7.56212e-03  ce_labels_labels: 1.25824e-03  kld_labels: 4.03448e+01  correct_labels_labels: 0.00000e+00  loss_joint: 8.21975e-02  ce_joint: 0.00000e+00  sse_joint: 1.50044e+01  ce_labels_joint: 1.79965e-03  kld_vamb_joint: 4.37819e+00  kld_labels_joint: 7.68521e+00  correct_labels_joint: 0.00000e+00  loss: 1.78607e-01
2026-08-13 13:45:21.012 | INFO    | 		Epoch: 101  loss_vamb: 8.79560e-02  ab_vamb: 5.02809e-03  ce_vamb: 0.00000e+00  sse_vamb: 6.57321e-02  kld_vamb: 1.70324e-02  loss_labels: 7.62472e-03  ce_labels_labels: 1.22320e-03  kld_labels: 4.09697e+01  correct_labels_labels: 0.00000e+00  loss_joint: 8.20854e-02  ce_joint: 0.00000e+00  sse_joint: 1.49304e+01  ce_labels_joint: 2.28006e-03  kld_vamb_joint: 4.37415e+00  kld_labels_joint: 7.67609e+00  correct_labels_joint: 0.00000e+00  loss: 1.77666e-01
2026-08-13 13:45:22.024 | INFO    | 		Epoch: 102  loss_vamb: 8.80017e-02  ab_vamb: 5.45415e-03  ce_vamb: 0.00000e+00  sse_vamb: 6.55096e-02  kld_vamb: 1.70113e-02  loss_labels: 7.21922e-03  ce_labels_labels: 7.85189e-04  kld_labels: 4.11778e+01  correct_labels_labels: 0.00000e+00  loss_joint: 8.14106e-02  ce_joint: 0.00000e+00  sse_joint: 1.48829e+01  ce_labels_joint: 1.91411e-03  kld_vamb_joint: 4.37220e+00  kld_labels_joint: 7.67679e+00  correct_labels_joint: 0.00000e+00  loss: 1.76631e-01
2026-08-13 13:45:22.779 | INFO    | 		Epoch: 103  loss_vamb: 8.87618e-02  ab_vamb: 6.22080e-03  ce_vamb: 0.00000e+00  sse_vamb: 6.54359e-02  kld_vamb: 1.70610e-02  loss_labels: 8.12961e-03  ce_labels_labels: 1.70258e-03  kld_labels: 4.11330e+01  correct_labels_labels: 0.00000e+00  loss_joint: 8.22906e-02  ce_joint: 0.00000e+00  sse_joint: 1.48946e+01  ce_labels_joint: 1.75138e-03  kld_vamb_joint: 4.35977e+00  kld_labels_joint: 7.68653e+00  correct_labels_joint: 0.00000e+00  loss: 1.79182e-01
2026-08-13 13:45:23.588 | INFO    | 		Epoch: 104  loss_vamb: 8.82089e-02  ab_vamb: 5.72112e-03  ce_vamb: 0.00000e+00  sse_vamb: 6.52616e-02  kld_vamb: 1.70885e-02  loss_labels: 7.20664e-03  ce_labels_labels: 8.35992e-04  kld_labels: 4.07721e+01  correct_labels_labels: 0.00000e+00  loss_joint: 8.12274e-02  ce_joint: 0.00000e+00  sse_joint: 1.47854e+01  ce_labels_joint: 1.82371e-03  kld_vamb_joint: 4.38035e+00  kld_labels_joint: 7.74993e+00  correct_labels_joint: 0.00000e+00  loss: 1.76643e-01
2026-08-13 13:45:24.336 | INFO    | 		Epoch: 105  loss_vamb: 8.87871e-02  ab_vamb: 6.25377e-03  ce_vamb: 0.00000e+00  sse_vamb: 6.53453e-02  kld_vamb: 1.70729e-02  loss_labels: 8.44325e-03  ce_labels_labels: 2.11679e-03  kld_labels: 4.04894e+01  correct_labels_labels: 0.00000e+00  loss_joint: 8.18131e-02  ce_joint: 0.00000e+00  sse_joint: 1.47916e+01  ce_labels_joint: 1.92566e-03  kld_vamb_joint: 4.38144e+00  kld_labels_joint: 7.76212e+00  correct_labels_joint: 0.00000e+00  loss: 1.79043e-01
2026-08-13 13:45:25.146 | INFO    | 		Epoch: 106  loss_vamb: 8.86586e-02  ab_vamb: 6.21378e-03  ce_vamb: 0.00000e+00  sse_vamb: 6.52840e-02  kld_vamb: 1.70978e-02  loss_labels: 7.35144e-03  ce_labels_labels: 1.01465e-03  kld_labels: 4.05554e+01  correct_labels_labels: 0.00000e+00  loss_joint: 8.15815e-02  ce_joint: 0.00000e+00  sse_joint: 1.47669e+01  ce_labels_joint: 1.96663e-03  kld_vamb_joint: 4.38805e+00  kld_labels_joint: 7.77579e+00  correct_labels_joint: 0.00000e+00  loss: 1.77591e-01
2026-08-13 13:45:25.962 | INFO    | 		Epoch: 107  loss_vamb: 8.77600e-02  ab_vamb: 5.43008e-03  ce_vamb: 0.00000e+00  sse_vamb: 6.54990e-02  kld_vamb: 1.70722e-02  loss_labels: 7.88641e-03  ce_labels_labels: 1.59178e-03  kld_labels: 4.02856e+01  correct_labels_labels: 0.00000e+00  loss_joint: 8.05304e-02  ce_joint: 0.00000e+00  sse_joint: 1.47989e+01  ce_labels_joint: 1.49634e-03  kld_vamb_joint: 4.37681e+00  kld_labels_joint: 7.81076e+00  correct_labels_joint: 0.00000e+00  loss: 1.76177e-01
2026-08-13 13:45:26.777 | INFO    | 		Epoch: 108  loss_vamb: 8.70858e-02  ab_vamb: 5.10314e-03  ce_vamb: 0.00000e+00  sse_vamb: 6.49188e-02  kld_vamb: 1.70457e-02  loss_labels: 7.50871e-03  ce_labels_labels: 1.22684e-03  kld_labels: 4.02039e+01  correct_labels_labels: 0.00000e+00  loss_joint: 8.06503e-02  ce_joint: 0.00000e+00  sse_joint: 1.46761e+01  ce_labels_joint: 1.88744e-03  kld_vamb_joint: 4.39631e+00  kld_labels_joint: 7.83646e+00  correct_labels_joint: 0.00000e+00  loss: 1.75245e-01
2026-08-13 13:45:27.600 | INFO    | 		Epoch: 109  loss_vamb: 8.83445e-02  ab_vamb: 6.10002e-03  ce_vamb: 0.00000e+00  sse_vamb: 6.52169e-02  kld_vamb: 1.70836e-02  loss_labels: 7.14360e-03  ce_labels_labels: 8.60991e-04  kld_labels: 4.02087e+01  correct_labels_labels: 0.00000e+00  loss_joint: 8.08215e-02  ce_joint: 0.00000e+00  sse_joint: 1.46800e+01  ce_labels_joint: 1.92526e-03  kld_vamb_joint: 4.39346e+00  kld_labels_joint: 7.85311e+00  correct_labels_joint: 0.00000e+00  loss: 1.76310e-01
2026-08-13 13:45:28.417 | INFO    | 		Epoch: 110  loss_vamb: 8.76230e-02  ab_vamb: 5.38667e-03  ce_vamb: 0.00000e+00  sse_vamb: 6.51413e-02  kld_vamb: 1.71337e-02  loss_labels: 7.24321e-03  ce_labels_labels: 1.00470e-03  kld_labels: 3.99265e+01  correct_labels_labels: 0.00000e+00  loss_joint: 8.10769e-02  ce_joint: 0.00000e+00  sse_joint: 1.46858e+01  ce_labels_joint: 2.79250e-03  kld_vamb_joint: 4.37478e+00  kld_labels_joint: 7.86417e+00  correct_labels_joint: 0.00000e+00  loss: 1.75943e-01
2026-08-13 13:45:29.199 | INFO    | 		Epoch: 111  loss_vamb: 8.73413e-02  ab_vamb: 5.10805e-03  ce_vamb: 0.00000e+00  sse_vamb: 6.52052e-02  kld_vamb: 1.70774e-02  loss_labels: 7.30960e-03  ce_labels_labels: 1.13424e-03  kld_labels: 3.95223e+01  correct_labels_labels: 0.00000e+00  loss_joint: 8.04328e-02  ce_joint: 0.00000e+00  sse_joint: 1.47459e+01  ce_labels_joint: 1.55527e-03  kld_vamb_joint: 4.39647e+00  kld_labels_joint: 7.87554e+00  correct_labels_joint: 0.00000e+00  loss: 1.75084e-01
2026-08-13 13:45:30.024 | INFO    | 		Epoch: 112  loss_vamb: 8.80757e-02  ab_vamb: 5.73832e-03  ce_vamb: 0.00000e+00  sse_vamb: 6.50825e-02  kld_vamb: 1.71825e-02  loss_labels: 7.05619e-03  ce_labels_labels: 9.32906e-04  kld_labels: 3.91890e+01  correct_labels_labels: 0.00000e+00  loss_joint: 8.11092e-02  ce_joint: 0.00000e+00  sse_joint: 1.47397e+01  ce_labels_joint: 2.04619e-03  kld_vamb_joint: 4.40830e+00  kld_labels_joint: 7.93359e+00  correct_labels_joint: 0.00000e+00  loss: 1.76241e-01
2026-08-13 13:45:30.792 | INFO    | 		Epoch: 113  loss_vamb: 8.77895e-02  ab_vamb: 5.07369e-03  ce_vamb: 0.00000e+00  sse_vamb: 6.57000e-02  kld_vamb: 1.71902e-02  loss_labels: 7.43104e-03  ce_labels_labels: 1.35683e-03  kld_labels: 3.88749e+01  correct_labels_labels: 0.00000e+00  loss_joint: 8.12006e-02  ce_joint: 0.00000e+00  sse_joint: 1.48378e+01  ce_labels_joint: 2.02865e-03  kld_vamb_joint: 4.41126e+00  kld_labels_joint: 7.94078e+00  correct_labels_joint: 0.00000e+00  loss: 1.76421e-01
2026-08-13 13:45:31.536 | INFO    | 		Epoch: 114  loss_vamb: 8.69170e-02  ab_vamb: 5.12883e-03  ce_vamb: 0.00000e+00  sse_vamb: 6.45036e-02  kld_vamb: 1.72566e-02  loss_labels: 6.87087e-03  ce_labels_labels: 7.91787e-04  kld_labels: 3.89061e+01  correct_labels_labels: 0.00000e+00  loss_joint: 7.92359e-02  ce_joint: 0.00000e+00  sse_joint: 1.45509e+01  ce_labels_joint: 1.60844e-03  kld_vamb_joint: 4.40859e+00  kld_labels_joint: 7.98405e+00  correct_labels_joint: 0.00000e+00  loss: 1.73024e-01
2026-08-13 13:45:32.386 | INFO    | 		Epoch: 115  loss_vamb: 8.71345e-02  ab_vamb: 4.98619e-03  ce_vamb: 0.00000e+00  sse_vamb: 6.49069e-02  kld_vamb: 1.72353e-02  loss_labels: 6.91136e-03  ce_labels_labels: 8.51306e-04  kld_labels: 3.87844e+01  correct_labels_labels: 0.00000e+00  loss_joint: 7.97939e-02  ce_joint: 0.00000e+00  sse_joint: 1.45965e+01  ce_labels_joint: 1.81856e-03  kld_vamb_joint: 4.41542e+00  kld_labels_joint: 7.99335e+00  correct_labels_joint: 0.00000e+00  loss: 1.73840e-01
2026-08-13 13:45:33.132 | INFO    | 		Epoch: 116  loss_vamb: 8.72632e-02  ab_vamb: 5.39988e-03  ce_vamb: 0.00000e+00  sse_vamb: 6.46318e-02  kld_vamb: 1.72253e-02  loss_labels: 7.86229e-03  ce_labels_labels: 1.83466e-03  kld_labels: 3.85768e+01  correct_labels_labels: 0.00000e+00  loss_joint: 7.98538e-02  ce_joint: 0.00000e+00  sse_joint: 1.45276e+01  ce_labels_joint: 2.07192e-03  kld_vamb_joint: 4.42367e+00  kld_labels_joint: 8.03804e+00  correct_labels_joint: 0.00000e+00  loss: 1.74979e-01
2026-08-13 13:45:33.970 | INFO    | 		Epoch: 117  loss_vamb: 8.68952e-02  ab_vamb: 5.28357e-03  ce_vamb: 0.00000e+00  sse_vamb: 6.44018e-02  kld_vamb: 1.72545e-02  loss_labels: 6.93582e-03  ce_labels_labels: 9.11144e-04  kld_labels: 3.85580e+01  correct_labels_labels: 0.00000e+00  loss_joint: 7.98498e-02  ce_joint: 0.00000e+00  sse_joint: 1.44935e+01  ce_labels_joint: 2.09511e-03  kld_vamb_joint: 4.42973e+00  kld_labels_joint: 8.03139e+00  correct_labels_joint: 0.00000e+00  loss: 1.73681e-01
2026-08-13 13:45:34.713 | INFO    | 		Epoch: 118  loss_vamb: 8.75223e-02  ab_vamb: 5.99358e-03  ce_vamb: 0.00000e+00  sse_vamb: 6.44158e-02  kld_vamb: 1.72379e-02  loss_labels: 7.00067e-03  ce_labels_labels: 9.79454e-04  kld_labels: 3.85358e+01  correct_labels_labels: 0.00000e+00  loss_joint: 8.06769e-02  ce_joint: 0.00000e+00  sse_joint: 1.45374e+01  ce_labels_joint: 2.27166e-03  kld_vamb_joint: 4.40462e+00  kld_labels_joint: 8.00070e+00  correct_labels_joint: 0.00000e+00  loss: 1.75200e-01
2026-08-13 13:45:35.463 | INFO    | 		Epoch: 119  loss_vamb: 8.69080e-02  ab_vamb: 5.47228e-03  ce_vamb: 0.00000e+00  sse_vamb: 6.40590e-02  kld_vamb: 1.72406e-02  loss_labels: 7.38136e-03  ce_labels_labels: 1.37791e-03  kld_labels: 3.84221e+01  correct_labels_labels: 0.00000e+00  loss_joint: 7.93868e-02  ce_joint: 0.00000e+00  sse_joint: 1.44611e+01  ce_labels_joint: 1.67645e-03  kld_vamb_joint: 4.43233e+00  kld_labels_joint: 8.05007e+00  correct_labels_joint: 0.00000e+00  loss: 1.73676e-01
2026-08-13 13:45:36.227 | INFO    | 		Epoch: 120  loss_vamb: 8.74836e-02  ab_vamb: 5.71071e-03  ce_vamb: 0.00000e+00  sse_vamb: 6.44564e-02  kld_vamb: 1.72377e-02  loss_labels: 7.20949e-03  ce_labels_labels: 1.24524e-03  kld_labels: 3.81712e+01  correct_labels_labels: 0.00000e+00  loss_joint: 7.96658e-02  ce_joint: 0.00000e+00  sse_joint: 1.44906e+01  ce_labels_joint: 1.61958e-03  kld_vamb_joint: 4.40941e+00  kld_labels_joint: 8.04346e+00  correct_labels_joint: 0.00000e+00  loss: 1.74359e-01
2026-08-13 13:45:36.961 | INFO    | 		Epoch: 121  loss_vamb: 8.72149e-02  ab_vamb: 5.82122e-03  ce_vamb: 0.00000e+00  sse_vamb: 6.42641e-02  kld_vamb: 1.72964e-02  loss_labels: 6.90176e-03  ce_labels_labels: 9.51882e-04  kld_labels: 3.80792e+01  correct_labels_labels: 0.00000e+00  loss_joint: 7.95750e-02  ce_joint: 0.00000e+00  sse_joint: 1.45102e+01  ce_labels_joint: 1.42445e-03  kld_vamb_joint: 4.40844e+00  kld_labels_joint: 8.05097e+00  correct_labels_joint: 0.00000e+00  loss: 1.73692e-01
2026-08-13 13:45:37.708 | INFO    | 		Epoch: 122  loss_vamb: 8.63167e-02  ab_vamb: 5.16707e-03  ce_vamb: 0.00000e+00  sse_vamb: 6.39678e-02  kld_vamb: 1.72819e-02  loss_labels: 6.95389e-03  ce_labels_labels: 1.01325e-03  kld_labels: 3.80201e+01  correct_labels_labels: 0.00000e+00  loss_joint: 7.86495e-02  ce_joint: 0.00000e+00  sse_joint: 1.43740e+01  ce_labels_joint: 1.67329e-03  kld_vamb_joint: 4.38974e+00  kld_labels_joint: 8.07726e+00  correct_labels_joint: 0.00000e+00  loss: 1.71920e-01
2026-08-13 13:45:38.544 | INFO    | 		Epoch: 123  loss_vamb: 8.66874e-02  ab_vamb: 4.95642e-03  ce_vamb: 0.00000e+00  sse_vamb: 6.45087e-02  kld_vamb: 1.73137e-02  loss_labels: 7.24306e-03  ce_labels_labels: 1.29499e-03  kld_labels: 3.80677e+01  correct_labels_labels: 0.00000e+00  loss_joint: 7.87191e-02  ce_joint: 0.00000e+00  sse_joint: 1.43960e+01  ce_labels_joint: 1.78515e-03  kld_vamb_joint: 4.38552e+00  kld_labels_joint: 8.10342e+00  correct_labels_joint: 0.00000e+00  loss: 1.72650e-01
2026-08-13 13:45:39.401 | INFO    | 		Epoch: 124  loss_vamb: 8.70381e-02  ab_vamb: 5.74485e-03  ce_vamb: 0.00000e+00  sse_vamb: 6.37822e-02  kld_vamb: 1.74261e-02  loss_labels: 7.70436e-03  ce_labels_labels: 1.72789e-03  kld_labels: 3.82494e+01  correct_labels_labels: 0.00000e+00  loss_joint: 7.84548e-02  ce_joint: 0.00000e+00  sse_joint: 1.43048e+01  ce_labels_joint: 1.51406e-03  kld_vamb_joint: 4.38067e+00  kld_labels_joint: 8.11669e+00  correct_labels_joint: 0.00000e+00  loss: 1.73197e-01
2026-08-13 13:45:40.231 | INFO    | 		Epoch: 125  loss_vamb: 8.74110e-02  ab_vamb: 5.90664e-03  ce_vamb: 0.00000e+00  sse_vamb: 6.42789e-02  kld_vamb: 1.73346e-02  loss_labels: 7.06998e-03  ce_labels_labels: 1.05174e-03  kld_labels: 3.85168e+01  correct_labels_labels: 0.00000e+00  loss_joint: 8.04040e-02  ce_joint: 0.00000e+00  sse_joint: 1.44479e+01  ce_labels_joint: 2.45614e-03  kld_vamb_joint: 4.41817e+00  kld_labels_joint: 8.11822e+00  correct_labels_joint: 0.00000e+00  loss: 1.74885e-01
2026-08-13 13:45:41.072 | INFO    | 		Epoch: 126  loss_vamb: 8.71316e-02  ab_vamb: 6.01223e-03  ce_vamb: 0.00000e+00  sse_vamb: 6.38622e-02  kld_vamb: 1.73499e-02  loss_labels: 7.42179e-03  ce_labels_labels: 1.38293e-03  kld_labels: 3.86487e+01  correct_labels_labels: 0.00000e+00  loss_joint: 7.99431e-02  ce_joint: 0.00000e+00  sse_joint: 1.43673e+01  ce_labels_joint: 2.62994e-03  kld_vamb_joint: 4.44941e+00  kld_labels_joint: 8.13913e+00  correct_labels_joint: 0.00000e+00  loss: 1.74496e-01
2026-08-13 13:45:41.927 | INFO    | 		Epoch: 127  loss_vamb: 8.62525e-02  ab_vamb: 5.15375e-03  ce_vamb: 0.00000e+00  sse_vamb: 6.39202e-02  kld_vamb: 1.73454e-02  loss_labels: 7.09434e-03  ce_labels_labels: 1.02496e-03  kld_labels: 3.88440e+01  correct_labels_labels: 0.00000e+00  loss_joint: 7.90126e-02  ce_joint: 0.00000e+00  sse_joint: 1.44254e+01  ce_labels_joint: 2.02353e-03  kld_vamb_joint: 4.44763e+00  kld_labels_joint: 8.14345e+00  correct_labels_joint: 0.00000e+00  loss: 1.72359e-01
2026-08-13 13:45:42.767 | INFO    | 		Epoch: 128  loss_vamb: 8.65307e-02  ab_vamb: 5.23136e-03  ce_vamb: 0.00000e+00  sse_vamb: 6.39374e-02  kld_vamb: 1.74014e-02  loss_labels: 7.61971e-03  ce_labels_labels: 1.49516e-03  kld_labels: 3.91971e+01  correct_labels_labels: 0.00000e+00  loss_joint: 7.90117e-02  ce_joint: 0.00000e+00  sse_joint: 1.43706e+01  ce_labels_joint: 1.84962e-03  kld_vamb_joint: 4.43903e+00  kld_labels_joint: 8.15560e+00  correct_labels_joint: 0.00000e+00  loss: 1.73162e-01
2026-08-13 13:45:43.567 | INFO    | 		Epoch: 129  loss_vamb: 8.67445e-02  ab_vamb: 5.83791e-03  ce_vamb: 0.00000e+00  sse_vamb: 6.35324e-02  kld_vamb: 1.73424e-02  loss_labels: 7.11798e-03  ce_labels_labels: 9.47638e-04  kld_labels: 3.94902e+01  correct_labels_labels: 0.00000e+00  loss_joint: 7.87557e-02  ce_joint: 0.00000e+00  sse_joint: 1.42417e+01  ce_labels_joint: 1.84283e-03  kld_vamb_joint: 4.44309e+00  kld_labels_joint: 8.16823e+00  correct_labels_joint: 0.00000e+00  loss: 1.72618e-01
2026-08-13 13:45:44.374 | INFO    | 		Epoch: 130  loss_vamb: 8.68602e-02  ab_vamb: 5.51015e-03  ce_vamb: 0.00000e+00  sse_vamb: 6.38558e-02  kld_vamb: 1.74079e-02  loss_labels: 7.25696e-03  ce_labels_labels: 1.03501e-03  kld_labels: 3.98205e+01  correct_labels_labels: 0.00000e+00  loss_joint: 7.83480e-02  ce_joint: 0.00000e+00  sse_joint: 1.42268e+01  ce_labels_joint: 2.04338e-03  kld_vamb_joint: 4.44529e+00  kld_labels_joint: 8.18321e+00  correct_labels_joint: 0.00000e+00  loss: 1.72465e-01
2026-08-13 13:45:45.173 | INFO    | 		Epoch: 131  loss_vamb: 8.61769e-02  ab_vamb: 5.15215e-03  ce_vamb: 0.00000e+00  sse_vamb: 6.35742e-02  kld_vamb: 1.74382e-02  loss_labels: 7.08535e-03  ce_labels_labels: 8.76128e-04  kld_labels: 3.97390e+01  correct_labels_labels: 0.00000e+00  loss_joint: 7.75849e-02  ce_joint: 0.00000e+00  sse_joint: 1.42330e+01  ce_labels_joint: 1.27108e-03  kld_vamb_joint: 4.44177e+00  kld_labels_joint: 8.19526e+00  correct_labels_joint: 0.00000e+00  loss: 1.70847e-01
2026-08-13 13:45:45.973 | INFO    | 		Epoch: 132  loss_vamb: 8.64734e-02  ab_vamb: 5.59312e-03  ce_vamb: 0.00000e+00  sse_vamb: 6.33650e-02  kld_vamb: 1.74548e-02  loss_labels: 7.07242e-03  ce_labels_labels: 9.15155e-04  kld_labels: 3.94065e+01  correct_labels_labels: 0.00000e+00  loss_joint: 7.81552e-02  ce_joint: 0.00000e+00  sse_joint: 1.41807e+01  ce_labels_joint: 2.02300e-03  kld_vamb_joint: 4.44694e+00  kld_labels_joint: 8.22498e+00  correct_labels_joint: 0.00000e+00  loss: 1.71701e-01
2026-08-13 13:45:46.744 | INFO    | 		Epoch: 133  loss_vamb: 8.64457e-02  ab_vamb: 5.90540e-03  ce_vamb: 0.00000e+00  sse_vamb: 6.30818e-02  kld_vamb: 1.74414e-02  loss_labels: 6.61009e-03  ce_labels_labels: 5.21063e-04  kld_labels: 3.89697e+01  correct_labels_labels: 0.00000e+00  loss_joint: 7.90655e-02  ce_joint: 0.00000e+00  sse_joint: 1.41778e+01  ce_labels_joint: 2.61686e-03  kld_vamb_joint: 4.44159e+00  kld_labels_joint: 8.23729e+00  correct_labels_joint: 0.00000e+00  loss: 1.72121e-01
2026-08-13 13:45:47.571 | INFO    | 		Epoch: 134  loss_vamb: 8.62105e-02  ab_vamb: 5.59147e-03  ce_vamb: 0.00000e+00  sse_vamb: 6.31857e-02  kld_vamb: 1.74355e-02  loss_labels: 7.47157e-03  ce_labels_labels: 1.48504e-03  kld_labels: 3.83138e+01  correct_labels_labels: 0.00000e+00  loss_joint: 7.80755e-02  ce_joint: 0.00000e+00  sse_joint: 1.41536e+01  ce_labels_joint: 1.79651e-03  kld_vamb_joint: 4.45603e+00  kld_labels_joint: 8.28050e+00  correct_labels_joint: 0.00000e+00  loss: 1.71758e-01
2026-08-13 13:45:48.391 | INFO    | 		Epoch: 135  loss_vamb: 8.55617e-02  ab_vamb: 5.08759e-03  ce_vamb: 0.00000e+00  sse_vamb: 6.30397e-02  kld_vamb: 1.74405e-02  loss_labels: 6.77400e-03  ce_labels_labels: 8.22443e-04  kld_labels: 3.80900e+01  correct_labels_labels: 0.00000e+00  loss_joint: 7.86245e-02  ce_joint: 0.00000e+00  sse_joint: 1.41219e+01  ce_labels_joint: 2.96749e-03  kld_vamb_joint: 4.45647e+00  kld_labels_joint: 8.31267e+00  correct_labels_joint: 0.00000e+00  loss: 1.70960e-01
2026-08-13 13:45:49.186 | INFO    | 		Epoch: 136  loss_vamb: 8.60744e-02  ab_vamb: 5.49185e-03  ce_vamb: 0.00000e+00  sse_vamb: 6.31421e-02  kld_vamb: 1.74508e-02  loss_labels: 7.65429e-03  ce_labels_labels: 1.72058e-03  kld_labels: 3.79758e+01  correct_labels_labels: 0.00000e+00  loss_joint: 7.75417e-02  ce_joint: 0.00000e+00  sse_joint: 1.42249e+01  ce_labels_joint: 1.32519e-03  kld_vamb_joint: 4.47397e+00  kld_labels_joint: 8.35183e+00  correct_labels_joint: 0.00000e+00  loss: 1.71270e-01
2026-08-13 13:45:50.111 | INFO    | 		Epoch: 137  loss_vamb: 8.63528e-02  ab_vamb: 5.82378e-03  ce_vamb: 0.00000e+00  sse_vamb: 6.30784e-02  kld_vamb: 1.74115e-02  loss_labels: 7.30147e-03  ce_labels_labels: 1.31433e-03  kld_labels: 3.83177e+01  correct_labels_labels: 0.00000e+00  loss_joint: 7.76606e-02  ce_joint: 0.00000e+00  sse_joint: 1.41248e+01  ce_labels_joint: 1.59149e-03  kld_vamb_joint: 4.45320e+00  kld_labels_joint: 8.32752e+00  correct_labels_joint: 0.00000e+00  loss: 1.71315e-01
2026-08-13 13:45:50.869 | INFO    | 		Epoch: 138  loss_vamb: 8.63401e-02  ab_vamb: 5.71501e-03  ce_vamb: 0.00000e+00  sse_vamb: 6.31034e-02  kld_vamb: 1.75024e-02  loss_labels: 7.13278e-03  ce_labels_labels: 1.08993e-03  kld_labels: 3.86742e+01  correct_labels_labels: 0.00000e+00  loss_joint: 7.80700e-02  ce_joint: 0.00000e+00  sse_joint: 1.41566e+01  ce_labels_joint: 1.95666e-03  kld_vamb_joint: 4.46537e+00  kld_labels_joint: 8.34686e+00  correct_labels_joint: 0.00000e+00  loss: 1.71543e-01
2026-08-13 13:45:51.730 | INFO    | 		Epoch: 139  loss_vamb: 8.60452e-02  ab_vamb: 5.37575e-03  ce_vamb: 0.00000e+00  sse_vamb: 6.30194e-02  kld_vamb: 1.75380e-02  loss_labels: 7.05286e-03  ce_labels_labels: 9.81854e-04  kld_labels: 3.88544e+01  correct_labels_labels: 0.00000e+00  loss_joint: 7.77622e-02  ce_joint: 0.00000e+00  sse_joint: 1.41229e+01  ce_labels_joint: 1.96209e-03  kld_vamb_joint: 4.47359e+00  kld_labels_joint: 8.36525e+00  correct_labels_joint: 0.00000e+00  loss: 1.70860e-01
2026-08-13 13:45:52.487 | INFO    | 		Epoch: 140  loss_vamb: 8.58943e-02  ab_vamb: 5.25196e-03  ce_vamb: 0.00000e+00  sse_vamb: 6.32453e-02  kld_vamb: 1.74365e-02  loss_labels: 7.68845e-03  ce_labels_labels: 1.61437e-03  kld_labels: 3.88742e+01  correct_labels_labels: 0.00000e+00  loss_joint: 7.73244e-02  ce_joint: 0.00000e+00  sse_joint: 1.41324e+01  ce_labels_joint: 1.65626e-03  kld_vamb_joint: 4.49540e+00  kld_labels_joint: 8.39480e+00  correct_labels_joint: 0.00000e+00  loss: 1.70907e-01
2026-08-13 13:45:53.337 | INFO    | 		Epoch: 141  loss_vamb: 8.51649e-02  ab_vamb: 4.95778e-03  ce_vamb: 0.00000e+00  sse_vamb: 6.27674e-02  kld_vamb: 1.73997e-02  loss_labels: 7.12549e-03  ce_labels_labels: 1.01545e-03  kld_labels: 3.91043e+01  correct_labels_labels: 0.00000e+00  loss_joint: 7.83925e-02  ce_joint: 0.00000e+00  sse_joint: 1.40155e+01  ce_labels_joint: 3.06683e-03  kld_vamb_joint: 4.50845e+00  kld_labels_joint: 8.38527e+00  correct_labels_joint: 0.00000e+00  loss: 1.70683e-01
2026-08-13 13:45:54.124 | INFO    | 		Epoch: 142  loss_vamb: 8.70149e-02  ab_vamb: 7.00116e-03  ce_vamb: 0.00000e+00  sse_vamb: 6.27609e-02  kld_vamb: 1.74217e-02  loss_labels: 7.32244e-03  ce_labels_labels: 1.19283e-03  kld_labels: 3.92295e+01  correct_labels_labels: 0.00000e+00  loss_joint: 7.85738e-02  ce_joint: 0.00000e+00  sse_joint: 1.40132e+01  ce_labels_joint: 1.65260e-03  kld_vamb_joint: 4.51430e+00  kld_labels_joint: 8.40955e+00  correct_labels_joint: 0.00000e+00  loss: 1.72911e-01
2026-08-13 13:45:54.900 | INFO    | 		Epoch: 143  loss_vamb: 8.55468e-02  ab_vamb: 5.34072e-03  ce_vamb: 0.00000e+00  sse_vamb: 6.24992e-02  kld_vamb: 1.75099e-02  loss_labels: 7.08238e-03  ce_labels_labels: 9.63254e-04  kld_labels: 3.91624e+01  correct_labels_labels: 0.00000e+00  loss_joint: 7.71628e-02  ce_joint: 0.00000e+00  sse_joint: 1.39126e+01  ce_labels_joint: 2.03629e-03  kld_vamb_joint: 4.52163e+00  kld_labels_joint: 8.42907e+00  correct_labels_joint: 0.00000e+00  loss: 1.69792e-01
2026-08-13 13:45:55.694 | INFO    | 		Epoch: 144  loss_vamb: 8.65520e-02  ab_vamb: 6.04257e-03  ce_vamb: 0.00000e+00  sse_vamb: 6.29771e-02  kld_vamb: 1.75193e-02  loss_labels: 7.14657e-03  ce_labels_labels: 1.08689e-03  kld_labels: 3.87820e+01  correct_labels_labels: 0.00000e+00  loss_joint: 7.82592e-02  ce_joint: 0.00000e+00  sse_joint: 1.40518e+01  ce_labels_joint: 2.38099e-03  kld_vamb_joint: 4.50277e+00  kld_labels_joint: 8.44150e+00  correct_labels_joint: 0.00000e+00  loss: 1.71958e-01
2026-08-13 13:45:56.502 | INFO    | 		Epoch: 145  loss_vamb: 8.59987e-02  ab_vamb: 6.12522e-03  ce_vamb: 0.00000e+00  sse_vamb: 6.24548e-02  kld_vamb: 1.75141e-02  loss_labels: 7.33672e-03  ce_labels_labels: 1.32992e-03  kld_labels: 3.84435e+01  correct_labels_labels: 0.00000e+00  loss_joint: 7.71233e-02  ce_joint: 0.00000e+00  sse_joint: 1.39928e+01  ce_labels_joint: 1.63270e-03  kld_vamb_joint: 4.55555e+00  kld_labels_joint: 8.48815e+00  correct_labels_joint: 0.00000e+00  loss: 1.70459e-01
2026-08-13 13:45:57.288 | INFO    | 		Epoch: 146  loss_vamb: 8.52439e-02  ab_vamb: 5.61568e-03  ce_vamb: 0.00000e+00  sse_vamb: 6.22678e-02  kld_vamb: 1.74976e-02  loss_labels: 7.37474e-03  ce_labels_labels: 1.38885e-03  kld_labels: 3.83097e+01  correct_labels_labels: 0.00000e+00  loss_joint: 7.75608e-02  ce_joint: 0.00000e+00  sse_joint: 1.39650e+01  ce_labels_joint: 2.32852e-03  kld_vamb_joint: 4.55073e+00  kld_labels_joint: 8.49681e+00  correct_labels_joint: 0.00000e+00  loss: 1.70179e-01
2026-08-13 13:45:58.130 | INFO    | 		Epoch: 147  loss_vamb: 8.53998e-02  ab_vamb: 5.58713e-03  ce_vamb: 0.00000e+00  sse_vamb: 6.24294e-02  kld_vamb: 1.74966e-02  loss_labels: 6.87113e-03  ce_labels_labels: 8.34431e-04  kld_labels: 3.86349e+01  correct_labels_labels: 0.00000e+00  loss_joint: 7.70857e-02  ce_joint: 0.00000e+00  sse_joint: 1.39614e+01  ce_labels_joint: 2.02268e-03  kld_vamb_joint: 4.56575e+00  kld_labels_joint: 8.49967e+00  correct_labels_joint: 0.00000e+00  loss: 1.69357e-01
2026-08-13 13:45:59.044 | INFO    | 		Epoch: 148  loss_vamb: 8.54455e-02  ab_vamb: 5.82442e-03  ce_vamb: 0.00000e+00  sse_vamb: 6.20888e-02  kld_vamb: 1.75261e-02  loss_labels: 6.80482e-03  ce_labels_labels: 7.56560e-04  kld_labels: 3.87089e+01  correct_labels_labels: 0.00000e+00  loss_joint: 7.79452e-02  ce_joint: 0.00000e+00  sse_joint: 1.39625e+01  ce_labels_joint: 2.81019e-03  kld_vamb_joint: 4.54666e+00  kld_labels_joint: 8.48761e+00  correct_labels_joint: 0.00000e+00  loss: 1.70196e-01
2026-08-13 13:45:59.844 | INFO    | 		Epoch: 149  loss_vamb: 8.52100e-02  ab_vamb: 5.32055e-03  ce_vamb: 0.00000e+00  sse_vamb: 6.23009e-02  kld_vamb: 1.75193e-02  loss_labels: 7.36265e-03  ce_labels_labels: 1.36408e-03  kld_labels: 3.83908e+01  correct_labels_labels: 0.00000e+00  loss_joint: 7.74390e-02  ce_joint: 0.00000e+00  sse_joint: 1.39822e+01  ce_labels_joint: 1.77679e-03  kld_vamb_joint: 4.54314e+00  kld_labels_joint: 8.49880e+00  correct_labels_joint: 0.00000e+00  loss: 1.70012e-01
2026-08-13 13:46:00.484 | INFO    | 		Epoch: 150  loss_vamb: 8.41346e-02  ab_vamb: 5.24916e-03  ce_vamb: 0.00000e+00  sse_vamb: 6.14442e-02  kld_vamb: 1.74623e-02  loss_labels: 7.11014e-03  ce_labels_labels: 1.11294e-03  kld_labels: 3.83821e+01  correct_labels_labels: 0.00000e+00  loss_joint: 7.68413e-02  ce_joint: 0.00000e+00  sse_joint: 1.38179e+01  ce_labels_joint: 2.72987e-03  kld_vamb_joint: 4.52409e+00  kld_labels_joint: 8.50732e+00  correct_labels_joint: 0.00000e+00  loss: 1.68086e-01
2026-08-13 13:46:01.250 | INFO    | 		Epoch: 151  loss_vamb: 8.38007e-02  ab_vamb: 4.50151e-03  ce_vamb: 0.00000e+00  sse_vamb: 6.19645e-02  kld_vamb: 1.74959e-02  loss_labels: 7.07613e-03  ce_labels_labels: 1.09248e-03  kld_labels: 3.82953e+01  correct_labels_labels: 0.00000e+00  loss_joint: 7.53433e-02  ce_joint: 0.00000e+00  sse_joint: 1.38842e+01  ce_labels_joint: 1.52836e-03  kld_vamb_joint: 4.53620e+00  kld_labels_joint: 8.53078e+00  correct_labels_joint: 0.00000e+00  loss: 1.66220e-01
2026-08-13 13:46:02.013 | INFO    | 		Epoch: 152  loss_vamb: 8.51641e-02  ab_vamb: 5.95984e-03  ce_vamb: 0.00000e+00  sse_vamb: 6.19773e-02  kld_vamb: 1.74549e-02  loss_labels: 7.17974e-03  ce_labels_labels: 1.22146e-03  kld_labels: 3.81330e+01  correct_labels_labels: 0.00000e+00  loss_joint: 7.70363e-02  ce_joint: 0.00000e+00  sse_joint: 1.38547e+01  ce_labels_joint: 1.94045e-03  kld_vamb_joint: 4.53904e+00  kld_labels_joint: 8.53405e+00  correct_labels_joint: 0.00000e+00  loss: 1.69380e-01
2026-08-13 13:46:02.749 | INFO    | 		Epoch: 153  loss_vamb: 8.38521e-02  ab_vamb: 5.04658e-03  ce_vamb: 0.00000e+00  sse_vamb: 6.14320e-02  kld_vamb: 1.74832e-02  loss_labels: 7.07674e-03  ce_labels_labels: 1.09830e-03  kld_labels: 3.82620e+01  correct_labels_labels: 0.00000e+00  loss_joint: 7.63220e-02  ce_joint: 0.00000e+00  sse_joint: 1.38364e+01  ce_labels_joint: 2.01067e-03  kld_vamb_joint: 4.55612e+00  kld_labels_joint: 8.56454e+00  correct_labels_joint: 0.00000e+00  loss: 1.67251e-01
2026-08-13 13:46:03.490 | INFO    | 		Epoch: 154  loss_vamb: 8.43815e-02  ab_vamb: 5.60052e-03  ce_vamb: 0.00000e+00  sse_vamb: 6.10758e-02  kld_vamb: 1.75018e-02  loss_labels: 6.89670e-03  ce_labels_labels: 9.24379e-04  kld_labels: 3.82228e+01  correct_labels_labels: 0.00000e+00  loss_joint: 7.61893e-02  ce_joint: 0.00000e+00  sse_joint: 1.37127e+01  ce_labels_joint: 1.62808e-03  kld_vamb_joint: 4.56911e+00  kld_labels_joint: 8.56852e+00  correct_labels_joint: 0.00000e+00  loss: 1.67467e-01
2026-08-13 13:46:04.278 | INFO    | 		Epoch: 155  loss_vamb: 8.41996e-02  ab_vamb: 5.00303e-03  ce_vamb: 0.00000e+00  sse_vamb: 6.15523e-02  kld_vamb: 1.75194e-02  loss_labels: 8.09532e-03  ce_labels_labels: 2.16451e-03  kld_labels: 3.79572e+01  correct_labels_labels: 0.00000e+00  loss_joint: 7.51409e-02  ce_joint: 0.00000e+00  sse_joint: 1.37842e+01  ce_labels_joint: 1.46095e-03  kld_vamb_joint: 4.56610e+00  kld_labels_joint: 8.59505e+00  correct_labels_joint: 0.00000e+00  loss: 1.67436e-01
2026-08-13 13:46:05.064 | INFO    | 		Epoch: 156  loss_vamb: 8.41269e-02  ab_vamb: 5.73236e-03  ce_vamb: 0.00000e+00  sse_vamb: 6.10117e-02  kld_vamb: 1.75159e-02  loss_labels: 8.07722e-03  ce_labels_labels: 2.11895e-03  kld_labels: 3.81329e+01  correct_labels_labels: 0.00000e+00  loss_joint: 7.60038e-02  ce_joint: 0.00000e+00  sse_joint: 1.36747e+01  ce_labels_joint: 2.09018e-03  kld_vamb_joint: 4.55621e+00  kld_labels_joint: 8.56280e+00  correct_labels_joint: 0.00000e+00  loss: 1.68208e-01
2026-08-13 13:46:05.846 | INFO    | 		Epoch: 157  loss_vamb: 8.31961e-02  ab_vamb: 4.58383e-03  ce_vamb: 0.00000e+00  sse_vamb: 6.10236e-02  kld_vamb: 1.75345e-02  loss_labels: 6.92529e-03  ce_labels_labels: 9.95818e-04  kld_labels: 3.79486e+01  correct_labels_labels: 0.00000e+00  loss_joint: 7.55589e-02  ce_joint: 0.00000e+00  sse_joint: 1.36211e+01  ce_labels_joint: 2.64314e-03  kld_vamb_joint: 4.55491e+00  kld_labels_joint: 8.55121e+00  correct_labels_joint: 0.00000e+00  loss: 1.65680e-01
2026-08-13 13:46:06.609 | INFO    | 		Epoch: 158  loss_vamb: 8.37983e-02  ab_vamb: 5.14649e-03  ce_vamb: 0.00000e+00  sse_vamb: 6.10454e-02  kld_vamb: 1.75785e-02  loss_labels: 7.29189e-03  ce_labels_labels: 1.34051e-03  kld_labels: 3.80888e+01  correct_labels_labels: 0.00000e+00  loss_joint: 7.49419e-02  ce_joint: 0.00000e+00  sse_joint: 1.36419e+01  ce_labels_joint: 1.70620e-03  kld_vamb_joint: 4.55974e+00  kld_labels_joint: 8.58278e+00  correct_labels_joint: 0.00000e+00  loss: 1.66032e-01
2026-08-13 13:46:07.396 | INFO    | 		Epoch: 159  loss_vamb: 8.31671e-02  ab_vamb: 4.28875e-03  ce_vamb: 0.00000e+00  sse_vamb: 6.14683e-02  kld_vamb: 1.75303e-02  loss_labels: 7.04262e-03  ce_labels_labels: 1.10265e-03  kld_labels: 3.80158e+01  correct_labels_labels: 0.00000e+00  loss_joint: 7.44708e-02  ce_joint: 0.00000e+00  sse_joint: 1.36979e+01  ce_labels_joint: 1.52876e-03  kld_vamb_joint: 4.55010e+00  kld_labels_joint: 8.57791e+00  correct_labels_joint: 0.00000e+00  loss: 1.64681e-01
2026-08-13 13:46:08.178 | INFO    | 		Epoch: 160  loss_vamb: 8.38072e-02  ab_vamb: 4.73924e-03  ce_vamb: 0.00000e+00  sse_vamb: 6.16598e-02  kld_vamb: 1.74851e-02  loss_labels: 6.87647e-03  ce_labels_labels: 9.39282e-04  kld_labels: 3.79980e+01  correct_labels_labels: 0.00000e+00  loss_joint: 7.52456e-02  ce_joint: 0.00000e+00  sse_joint: 1.37190e+01  ce_labels_joint: 1.89366e-03  kld_vamb_joint: 4.57930e+00  kld_labels_joint: 8.59290e+00  correct_labels_joint: 0.00000e+00  loss: 1.65929e-01
2026-08-13 13:46:08.975 | INFO    | 		Epoch: 161  loss_vamb: 8.35013e-02  ab_vamb: 4.82408e-03  ce_vamb: 0.00000e+00  sse_vamb: 6.10818e-02  kld_vamb: 1.75130e-02  loss_labels: 6.64860e-03  ce_labels_labels: 6.89375e-04  kld_labels: 3.81391e+01  correct_labels_labels: 0.00000e+00  loss_joint: 7.45109e-02  ce_joint: 0.00000e+00  sse_joint: 1.37092e+01  ce_labels_joint: 1.38707e-03  kld_vamb_joint: 4.56797e+00  kld_labels_joint: 8.57504e+00  correct_labels_joint: 0.00000e+00  loss: 1.64661e-01
2026-08-13 13:46:09.796 | INFO    | 		Epoch: 162  loss_vamb: 8.35769e-02  ab_vamb: 4.73306e-03  ce_vamb: 0.00000e+00  sse_vamb: 6.13123e-02  kld_vamb: 1.75723e-02  loss_labels: 7.03383e-03  ce_labels_labels: 1.09052e-03  kld_labels: 3.80371e+01  correct_labels_labels: 0.00000e+00  loss_joint: 7.56280e-02  ce_joint: 0.00000e+00  sse_joint: 1.37634e+01  ce_labels_joint: 2.08970e-03  kld_vamb_joint: 4.56800e+00  kld_labels_joint: 8.59330e+00  correct_labels_joint: 0.00000e+00  loss: 1.66239e-01
2026-08-13 13:46:10.611 | INFO    | 		Epoch: 163  loss_vamb: 8.33534e-02  ab_vamb: 4.19173e-03  ce_vamb: 0.00000e+00  sse_vamb: 6.15251e-02  kld_vamb: 1.75864e-02  loss_labels: 6.65557e-03  ce_labels_labels: 7.27578e-04  kld_labels: 3.79392e+01  correct_labels_labels: 0.00000e+00  loss_joint: 7.53705e-02  ce_joint: 0.00000e+00  sse_joint: 1.37525e+01  ce_labels_joint: 1.99193e-03  kld_vamb_joint: 4.56327e+00  kld_labels_joint: 8.58432e+00  correct_labels_joint: 0.00000e+00  loss: 1.65380e-01
2026-08-13 13:46:11.406 | INFO    | 		Epoch: 164  loss_vamb: 8.28936e-02  ab_vamb: 4.09203e-03  ce_vamb: 0.00000e+00  sse_vamb: 6.10535e-02  kld_vamb: 1.76039e-02  loss_labels: 6.68100e-03  ce_labels_labels: 7.91460e-04  kld_labels: 3.76930e+01  correct_labels_labels: 0.00000e+00  loss_joint: 7.39149e-02  ce_joint: 0.00000e+00  sse_joint: 1.36097e+01  ce_labels_joint: 1.17317e-03  kld_vamb_joint: 4.58005e+00  kld_labels_joint: 8.61159e+00  correct_labels_joint: 0.00000e+00  loss: 1.63489e-01
2026-08-13 13:46:12.181 | INFO    | 		Epoch: 165  loss_vamb: 8.36705e-02  ab_vamb: 5.04538e-03  ce_vamb: 0.00000e+00  sse_vamb: 6.11273e-02  kld_vamb: 1.75973e-02  loss_labels: 6.56969e-03  ce_labels_labels: 6.83566e-04  kld_labels: 3.76712e+01  correct_labels_labels: 0.00000e+00  loss_joint: 7.55202e-02  ce_joint: 0.00000e+00  sse_joint: 1.36793e+01  ce_labels_joint: 2.11457e-03  kld_vamb_joint: 4.59028e+00  kld_labels_joint: 8.65595e+00  correct_labels_joint: 0.00000e+00  loss: 1.65760e-01
2026-08-13 13:46:12.982 | INFO    | 		Epoch: 166  loss_vamb: 8.29684e-02  ab_vamb: 4.50778e-03  ce_vamb: 0.00000e+00  sse_vamb: 6.06844e-02  kld_vamb: 1.76016e-02  loss_labels: 7.71550e-03  ce_labels_labels: 1.84573e-03  kld_labels: 3.75665e+01  correct_labels_labels: 0.00000e+00  loss_joint: 7.50039e-02  ce_joint: 0.00000e+00  sse_joint: 1.35862e+01  ce_labels_joint: 2.38247e-03  kld_vamb_joint: 4.60850e+00  kld_labels_joint: 8.67130e+00  correct_labels_joint: 0.00000e+00  loss: 1.65688e-01
2026-08-13 13:46:13.768 | INFO    | 		Epoch: 167  loss_vamb: 8.28218e-02  ab_vamb: 4.35975e-03  ce_vamb: 0.00000e+00  sse_vamb: 6.07090e-02  kld_vamb: 1.75827e-02  loss_labels: 7.70496e-03  ce_labels_labels: 1.86755e-03  kld_labels: 3.73595e+01  correct_labels_labels: 0.00000e+00  loss_joint: 7.39967e-02  ce_joint: 0.00000e+00  sse_joint: 1.35776e+01  ce_labels_joint: 1.47760e-03  kld_vamb_joint: 4.60013e+00  kld_labels_joint: 8.66597e+00  correct_labels_joint: 0.00000e+00  loss: 1.64524e-01
2026-08-13 13:46:14.558 | INFO    | 		Epoch: 168  loss_vamb: 8.36736e-02  ab_vamb: 5.29446e-03  ce_vamb: 0.00000e+00  sse_vamb: 6.08348e-02  kld_vamb: 1.76135e-02  loss_labels: 6.59594e-03  ce_labels_labels: 7.38923e-04  kld_labels: 3.74849e+01  correct_labels_labels: 0.00000e+00  loss_joint: 7.52057e-02  ce_joint: 0.00000e+00  sse_joint: 1.35760e+01  ce_labels_joint: 1.90679e-03  kld_vamb_joint: 4.59883e+00  kld_labels_joint: 8.67024e+00  correct_labels_joint: 0.00000e+00  loss: 1.65475e-01
2026-08-13 13:46:15.329 | INFO    | 		Epoch: 169  loss_vamb: 8.32527e-02  ab_vamb: 4.62309e-03  ce_vamb: 0.00000e+00  sse_vamb: 6.12513e-02  kld_vamb: 1.75945e-02  loss_labels: 6.79317e-03  ce_labels_labels: 9.36484e-04  kld_labels: 3.74828e+01  correct_labels_labels: 0.00000e+00  loss_joint: 7.44091e-02  ce_joint: 0.00000e+00  sse_joint: 1.37091e+01  ce_labels_joint: 1.31645e-03  kld_vamb_joint: 4.59783e+00  kld_labels_joint: 8.66635e+00  correct_labels_joint: 0.00000e+00  loss: 1.64455e-01
2026-08-13 13:46:16.100 | INFO    | 		Epoch: 170  loss_vamb: 8.27615e-02  ab_vamb: 4.55270e-03  ce_vamb: 0.00000e+00  sse_vamb: 6.06332e-02  kld_vamb: 1.75849e-02  loss_labels: 6.46258e-03  ce_labels_labels: 6.23949e-04  kld_labels: 3.73673e+01  correct_labels_labels: 0.00000e+00  loss_joint: 7.51231e-02  ce_joint: 0.00000e+00  sse_joint: 1.35549e+01  ce_labels_joint: 2.37356e-03  kld_vamb_joint: 4.57997e+00  kld_labels_joint: 8.64782e+00  correct_labels_joint: 0.00000e+00  loss: 1.64347e-01
2026-08-13 13:46:16.903 | INFO    | 		Epoch: 171  loss_vamb: 8.24329e-02  ab_vamb: 4.40324e-03  ce_vamb: 0.00000e+00  sse_vamb: 6.02397e-02  kld_vamb: 1.76112e-02  loss_labels: 6.42755e-03  ce_labels_labels: 5.96336e-04  kld_labels: 3.73198e+01  correct_labels_labels: 0.00000e+00  loss_joint: 7.33181e-02  ce_joint: 0.00000e+00  sse_joint: 1.34648e+01  ce_labels_joint: 1.25618e-03  kld_vamb_joint: 4.61113e+00  kld_labels_joint: 8.69080e+00  correct_labels_joint: 0.00000e+00  loss: 1.62179e-01
2026-08-13 13:46:17.719 | INFO    | 		Epoch: 172  loss_vamb: 8.29092e-02  ab_vamb: 4.56871e-03  ce_vamb: 0.00000e+00  sse_vamb: 6.05094e-02  kld_vamb: 1.76632e-02  loss_labels: 7.60763e-03  ce_labels_labels: 1.79625e-03  kld_labels: 3.71928e+01  correct_labels_labels: 0.00000e+00  loss_joint: 7.42895e-02  ce_joint: 0.00000e+00  sse_joint: 1.35078e+01  ce_labels_joint: 1.83202e-03  kld_vamb_joint: 4.58090e+00  kld_labels_joint: 8.69793e+00  correct_labels_joint: 0.00000e+00  loss: 1.64806e-01
2026-08-13 13:46:18.509 | INFO    | 		Epoch: 173  loss_vamb: 8.25865e-02  ab_vamb: 4.28224e-03  ce_vamb: 0.00000e+00  sse_vamb: 6.06226e-02  kld_vamb: 1.75991e-02  loss_labels: 6.58875e-03  ce_labels_labels: 8.07424e-04  kld_labels: 3.70005e+01  correct_labels_labels: 0.00000e+00  loss_joint: 7.37730e-02  ce_joint: 0.00000e+00  sse_joint: 1.35088e+01  ce_labels_joint: 1.49860e-03  kld_vamb_joint: 4.57820e+00  kld_labels_joint: 8.68084e+00  correct_labels_joint: 0.00000e+00  loss: 1.62948e-01
2026-08-13 13:46:19.223 | INFO    | 		Epoch: 174  loss_vamb: 8.28196e-02  ab_vamb: 4.46976e-03  ce_vamb: 0.00000e+00  sse_vamb: 6.08398e-02  kld_vamb: 1.75876e-02  loss_labels: 7.45541e-03  ce_labels_labels: 1.65946e-03  kld_labels: 3.70941e+01  correct_labels_labels: 0.00000e+00  loss_joint: 7.42182e-02  ce_joint: 0.00000e+00  sse_joint: 1.35380e+01  ce_labels_joint: 2.13929e-03  kld_vamb_joint: 4.58403e+00  kld_labels_joint: 8.65142e+00  correct_labels_joint: 0.00000e+00  loss: 1.64493e-01
2026-08-13 13:46:20.013 | INFO    | 		Epoch: 175  loss_vamb: 8.28712e-02  ab_vamb: 4.47742e-03  ce_vamb: 0.00000e+00  sse_vamb: 6.07991e-02  kld_vamb: 1.76165e-02  loss_labels: 6.62971e-03  ce_labels_labels: 8.48649e-04  kld_labels: 3.69988e+01  correct_labels_labels: 0.00000e+00  loss_joint: 7.35867e-02  ce_joint: 0.00000e+00  sse_joint: 1.35583e+01  ce_labels_joint: 1.27475e-03  kld_vamb_joint: 4.60590e+00  kld_labels_joint: 8.70089e+00  correct_labels_joint: 0.00000e+00  loss: 1.63088e-01
2026-08-13 13:46:20.758 | INFO    | 		Epoch: 176  loss_vamb: 8.27545e-02  ab_vamb: 4.54147e-03  ce_vamb: 0.00000e+00  sse_vamb: 6.07784e-02  kld_vamb: 1.75783e-02  loss_labels: 6.47792e-03  ce_labels_labels: 7.18763e-04  kld_labels: 3.68586e+01  correct_labels_labels: 0.00000e+00  loss_joint: 7.40175e-02  ce_joint: 0.00000e+00  sse_joint: 1.36006e+01  ce_labels_joint: 1.64286e-03  kld_vamb_joint: 4.61949e+00  kld_labels_joint: 8.71204e+00  correct_labels_joint: 0.00000e+00  loss: 1.63250e-01
2026-08-13 13:46:21.527 | INFO    | 		Epoch: 177  loss_vamb: 8.36792e-02  ab_vamb: 5.11687e-03  ce_vamb: 0.00000e+00  sse_vamb: 6.09675e-02  kld_vamb: 1.76031e-02  loss_labels: 6.89475e-03  ce_labels_labels: 1.14918e-03  kld_labels: 3.67716e+01  correct_labels_labels: 0.00000e+00  loss_joint: 7.49115e-02  ce_joint: 0.00000e+00  sse_joint: 1.35837e+01  ce_labels_joint: 1.67213e-03  kld_vamb_joint: 4.60888e+00  kld_labels_joint: 8.69131e+00  correct_labels_joint: 0.00000e+00  loss: 1.65485e-01
2026-08-13 13:46:22.268 | INFO    | 		Epoch: 178  loss_vamb: 8.30256e-02  ab_vamb: 4.62053e-03  ce_vamb: 0.00000e+00  sse_vamb: 6.07323e-02  kld_vamb: 1.76189e-02  loss_labels: 6.59110e-03  ce_labels_labels: 8.59231e-04  kld_labels: 3.66840e+01  correct_labels_labels: 0.00000e+00  loss_joint: 7.39604e-02  ce_joint: 0.00000e+00  sse_joint: 1.34976e+01  ce_labels_joint: 1.81728e-03  kld_vamb_joint: 4.60241e+00  kld_labels_joint: 8.72203e+00  correct_labels_joint: 0.00000e+00  loss: 1.63577e-01
2026-08-13 13:46:22.983 | INFO    | 		Epoch: 179  loss_vamb: 8.25304e-02  ab_vamb: 4.52265e-03  ce_vamb: 0.00000e+00  sse_vamb: 6.05655e-02  kld_vamb: 1.75808e-02  loss_labels: 6.46934e-03  ce_labels_labels: 7.77707e-04  kld_labels: 3.64265e+01  correct_labels_labels: 0.00000e+00  loss_joint: 7.36203e-02  ce_joint: 0.00000e+00  sse_joint: 1.35528e+01  ce_labels_joint: 1.39046e-03  kld_vamb_joint: 4.62738e+00  kld_labels_joint: 8.71428e+00  correct_labels_joint: 0.00000e+00  loss: 1.62620e-01
2026-08-13 13:46:23.709 | INFO    | 		Epoch: 180  loss_vamb: 8.36057e-02  ab_vamb: 4.85041e-03  ce_vamb: 0.00000e+00  sse_vamb: 6.12781e-02  kld_vamb: 1.76102e-02  loss_labels: 7.18235e-03  ce_labels_labels: 1.50306e-03  kld_labels: 3.63475e+01  correct_labels_labels: 0.00000e+00  loss_joint: 7.45728e-02  ce_joint: 0.00000e+00  sse_joint: 1.36072e+01  ce_labels_joint: 1.53093e-03  kld_vamb_joint: 4.62519e+00  kld_labels_joint: 8.74859e+00  correct_labels_joint: 0.00000e+00  loss: 1.65361e-01
2026-08-13 13:46:24.452 | INFO    | 		Epoch: 181  loss_vamb: 8.23468e-02  ab_vamb: 4.44707e-03  ce_vamb: 0.00000e+00  sse_vamb: 6.00080e-02  kld_vamb: 1.76540e-02  loss_labels: 6.34367e-03  ce_labels_labels: 6.53721e-04  kld_labels: 3.64157e+01  correct_labels_labels: 0.00000e+00  loss_joint: 7.30979e-02  ce_joint: 0.00000e+00  sse_joint: 1.34111e+01  ce_labels_joint: 1.18530e-03  kld_vamb_joint: 4.64967e+00  kld_labels_joint: 8.76811e+00  correct_labels_joint: 0.00000e+00  loss: 1.61788e-01
2026-08-13 13:46:25.192 | INFO    | 		Epoch: 182  loss_vamb: 8.25756e-02  ab_vamb: 4.59371e-03  ce_vamb: 0.00000e+00  sse_vamb: 6.01368e-02  kld_vamb: 1.76307e-02  loss_labels: 6.47909e-03  ce_labels_labels: 8.34572e-04  kld_labels: 3.61249e+01  correct_labels_labels: 0.00000e+00  loss_joint: 7.32694e-02  ce_joint: 0.00000e+00  sse_joint: 1.33857e+01  ce_labels_joint: 1.35723e-03  kld_vamb_joint: 4.63715e+00  kld_labels_joint: 8.78351e+00  correct_labels_joint: 0.00000e+00  loss: 1.62324e-01
2026-08-13 13:46:25.890 | INFO    | 		Epoch: 183  loss_vamb: 8.27864e-02  ab_vamb: 4.75310e-03  ce_vamb: 0.00000e+00  sse_vamb: 6.04768e-02  kld_vamb: 1.76174e-02  loss_labels: 6.26594e-03  ce_labels_labels: 6.31734e-04  kld_labels: 3.60589e+01  correct_labels_labels: 0.00000e+00  loss_joint: 7.37231e-02  ce_joint: 0.00000e+00  sse_joint: 1.35010e+01  ce_labels_joint: 1.43408e-03  kld_vamb_joint: 4.62947e+00  kld_labels_joint: 8.76942e+00  correct_labels_joint: 0.00000e+00  loss: 1.62775e-01
2026-08-13 13:46:26.475 | INFO    | 		Epoch: 184  loss_vamb: 8.26807e-02  ab_vamb: 4.66822e-03  ce_vamb: 0.00000e+00  sse_vamb: 6.08911e-02  kld_vamb: 1.75628e-02  loss_labels: 6.63494e-03  ce_labels_labels: 9.90938e-04  kld_labels: 3.61216e+01  correct_labels_labels: 0.00000e+00  loss_joint: 7.36805e-02  ce_joint: 0.00000e+00  sse_joint: 1.35561e+01  ce_labels_joint: 1.70090e-03  kld_vamb_joint: 4.63072e+00  kld_labels_joint: 8.78280e+00  correct_labels_joint: 0.00000e+00  loss: 1.62996e-01
2026-08-13 13:46:27.243 | INFO    | 		Epoch: 185  loss_vamb: 8.19364e-02  ab_vamb: 4.15586e-03  ce_vamb: 0.00000e+00  sse_vamb: 6.01391e-02  kld_vamb: 1.75961e-02  loss_labels: 6.40658e-03  ce_labels_labels: 7.97785e-04  kld_labels: 3.58963e+01  correct_labels_labels: 0.00000e+00  loss_joint: 7.37521e-02  ce_joint: 0.00000e+00  sse_joint: 1.34497e+01  ce_labels_joint: 2.06345e-03  kld_vamb_joint: 4.62911e+00  kld_labels_joint: 8.78469e+00  correct_labels_joint: 0.00000e+00  loss: 1.62095e-01
2026-08-13 13:46:28.000 | INFO    | 		Epoch: 186  loss_vamb: 8.25184e-02  ab_vamb: 4.29575e-03  ce_vamb: 0.00000e+00  sse_vamb: 6.07144e-02  kld_vamb: 1.75767e-02  loss_labels: 7.01368e-03  ce_labels_labels: 1.40760e-03  kld_labels: 3.58789e+01  correct_labels_labels: 0.00000e+00  loss_joint: 7.32918e-02  ce_joint: 0.00000e+00  sse_joint: 1.34887e+01  ce_labels_joint: 1.58084e-03  kld_vamb_joint: 4.63790e+00  kld_labels_joint: 8.80665e+00  correct_labels_joint: 0.00000e+00  loss: 1.62824e-01
2026-08-13 13:46:28.715 | INFO    | 		Epoch: 187  loss_vamb: 8.27352e-02  ab_vamb: 4.36803e-03  ce_vamb: 0.00000e+00  sse_vamb: 6.07339e-02  kld_vamb: 1.75977e-02  loss_labels: 6.75163e-03  ce_labels_labels: 1.16463e-03  kld_labels: 3.57568e+01  correct_labels_labels: 0.00000e+00  loss_joint: 7.32375e-02  ce_joint: 0.00000e+00  sse_joint: 1.34626e+01  ce_labels_joint: 1.57582e-03  kld_vamb_joint: 4.60808e+00  kld_labels_joint: 8.80461e+00  correct_labels_joint: 0.00000e+00  loss: 1.62724e-01
2026-08-13 13:46:29.494 | INFO    | 		Epoch: 188  loss_vamb: 8.29400e-02  ab_vamb: 4.41718e-03  ce_vamb: 0.00000e+00  sse_vamb: 6.07045e-02  kld_vamb: 1.76482e-02  loss_labels: 6.65045e-03  ce_labels_labels: 1.04087e-03  kld_labels: 3.59014e+01  correct_labels_labels: 0.00000e+00  loss_joint: 7.31905e-02  ce_joint: 0.00000e+00  sse_joint: 1.34465e+01  ce_labels_joint: 1.19928e-03  kld_vamb_joint: 4.60896e+00  kld_labels_joint: 8.81637e+00  correct_labels_joint: 0.00000e+00  loss: 1.62781e-01
2026-08-13 13:46:30.259 | INFO    | 		Epoch: 189  loss_vamb: 8.24914e-02  ab_vamb: 4.38879e-03  ce_vamb: 0.00000e+00  sse_vamb: 6.04937e-02  kld_vamb: 1.76648e-02  loss_labels: 6.56496e-03  ce_labels_labels: 9.52968e-04  kld_labels: 3.59168e+01  correct_labels_labels: 0.00000e+00  loss_joint: 7.31282e-02  ce_joint: 0.00000e+00  sse_joint: 1.34641e+01  ce_labels_joint: 1.47033e-03  kld_vamb_joint: 4.63884e+00  kld_labels_joint: 8.85316e+00  correct_labels_joint: 0.00000e+00  loss: 1.62185e-01
2026-08-13 13:46:31.043 | INFO    | 		Epoch: 190  loss_vamb: 8.23784e-02  ab_vamb: 4.36352e-03  ce_vamb: 0.00000e+00  sse_vamb: 6.04346e-02  kld_vamb: 1.76911e-02  loss_labels: 6.37879e-03  ce_labels_labels: 7.50619e-04  kld_labels: 3.60203e+01  correct_labels_labels: 0.00000e+00  loss_joint: 7.34131e-02  ce_joint: 0.00000e+00  sse_joint: 1.34576e+01  ce_labels_joint: 1.70657e-03  kld_vamb_joint: 4.62037e+00  kld_labels_joint: 8.79907e+00  correct_labels_joint: 0.00000e+00  loss: 1.62170e-01
2026-08-13 13:46:31.783 | INFO    | 		Epoch: 191  loss_vamb: 8.24578e-02  ab_vamb: 4.73065e-03  ce_vamb: 0.00000e+00  sse_vamb: 6.00688e-02  kld_vamb: 1.77239e-02  loss_labels: 6.28083e-03  ce_labels_labels: 6.66014e-04  kld_labels: 3.59348e+01  correct_labels_labels: 0.00000e+00  loss_joint: 7.22431e-02  ce_joint: 0.00000e+00  sse_joint: 1.33220e+01  ce_labels_joint: 1.14691e-03  kld_vamb_joint: 4.62802e+00  kld_labels_joint: 8.83119e+00  correct_labels_joint: 0.00000e+00  loss: 1.60982e-01
2026-08-13 13:46:32.508 | INFO    | 		Epoch: 192  loss_vamb: 8.24845e-02  ab_vamb: 4.66896e-03  ce_vamb: 0.00000e+00  sse_vamb: 6.00810e-02  kld_vamb: 1.77400e-02  loss_labels: 6.81553e-03  ce_labels_labels: 1.19666e-03  kld_labels: 3.59608e+01  correct_labels_labels: 0.00000e+00  loss_joint: 7.34279e-02  ce_joint: 0.00000e+00  sse_joint: 1.34093e+01  ce_labels_joint: 1.52695e-03  kld_vamb_joint: 4.61282e+00  kld_labels_joint: 8.82286e+00  correct_labels_joint: 0.00000e+00  loss: 1.62728e-01
2026-08-13 13:46:33.137 | INFO    | 		Epoch: 193  loss_vamb: 8.23181e-02  ab_vamb: 4.34481e-03  ce_vamb: 0.00000e+00  sse_vamb: 5.99616e-02  kld_vamb: 1.77343e-02  loss_labels: 6.90342e-03  ce_labels_labels: 1.29686e-03  kld_labels: 3.58820e+01  correct_labels_labels: 0.00000e+00  loss_joint: 7.30861e-02  ce_joint: 0.00000e+00  sse_joint: 1.33640e+01  ce_labels_joint: 1.41583e-03  kld_vamb_joint: 4.63941e+00  kld_labels_joint: 8.86594e+00  correct_labels_joint: 0.00000e+00  loss: 1.62308e-01
2026-08-13 13:46:33.901 | INFO    | 		Epoch: 194  loss_vamb: 8.26712e-02  ab_vamb: 4.48147e-03  ce_vamb: 0.00000e+00  sse_vamb: 6.03989e-02  kld_vamb: 1.76782e-02  loss_labels: 6.73754e-03  ce_labels_labels: 1.14348e-03  kld_labels: 3.58019e+01  correct_labels_labels: 0.00000e+00  loss_joint: 7.28931e-02  ce_joint: 0.00000e+00  sse_joint: 1.33923e+01  ce_labels_joint: 1.49610e-03  kld_vamb_joint: 4.62803e+00  kld_labels_joint: 8.85181e+00  correct_labels_joint: 0.00000e+00  loss: 1.62302e-01
2026-08-13 13:46:34.578 | INFO    | 		Epoch: 195  loss_vamb: 8.26622e-02  ab_vamb: 4.41694e-03  ce_vamb: 0.00000e+00  sse_vamb: 6.04977e-02  kld_vamb: 1.76853e-02  loss_labels: 7.19776e-03  ce_labels_labels: 1.59753e-03  kld_labels: 3.58415e+01  correct_labels_labels: 0.00000e+00  loss_joint: 7.44368e-02  ce_joint: 0.00000e+00  sse_joint: 1.34483e+01  ce_labels_joint: 2.24510e-03  kld_vamb_joint: 4.64048e+00  kld_labels_joint: 8.87822e+00  correct_labels_joint: 0.00000e+00  loss: 1.64297e-01
2026-08-13 13:46:35.149 | INFO    | 		Epoch: 196  loss_vamb: 8.27478e-02  ab_vamb: 4.69307e-03  ce_vamb: 0.00000e+00  sse_vamb: 6.04693e-02  kld_vamb: 1.76997e-02  loss_labels: 6.24783e-03  ce_labels_labels: 6.67786e-04  kld_labels: 3.57123e+01  correct_labels_labels: 0.00000e+00  loss_joint: 7.44550e-02  ce_joint: 0.00000e+00  sse_joint: 1.33960e+01  ce_labels_joint: 3.09115e-03  kld_vamb_joint: 4.63601e+00  kld_labels_joint: 8.85934e+00  correct_labels_joint: 0.00000e+00  loss: 1.63451e-01
2026-08-13 13:46:35.880 | INFO    | 		Epoch: 197  loss_vamb: 8.20708e-02  ab_vamb: 4.32064e-03  ce_vamb: 0.00000e+00  sse_vamb: 6.00126e-02  kld_vamb: 1.77361e-02  loss_labels: 7.01027e-03  ce_labels_labels: 1.45440e-03  kld_labels: 3.55576e+01  correct_labels_labels: 0.00000e+00  loss_joint: 7.23185e-02  ce_joint: 0.00000e+00  sse_joint: 1.32876e+01  ce_labels_joint: 1.40289e-03  kld_vamb_joint: 4.63388e+00  kld_labels_joint: 8.89051e+00  correct_labels_joint: 0.00000e+00  loss: 1.61399e-01
2026-08-13 13:46:36.668 | INFO    | 		Epoch: 198  loss_vamb: 8.23945e-02  ab_vamb: 4.72015e-03  ce_vamb: 0.00000e+00  sse_vamb: 5.98926e-02  kld_vamb: 1.76744e-02  loss_labels: 6.77494e-03  ce_labels_labels: 1.18654e-03  kld_labels: 3.57658e+01  correct_labels_labels: 0.00000e+00  loss_joint: 7.18859e-02  ce_joint: 0.00000e+00  sse_joint: 1.32717e+01  ce_labels_joint: 1.14657e-03  kld_vamb_joint: 4.65489e+00  kld_labels_joint: 8.86449e+00  correct_labels_joint: 0.00000e+00  loss: 1.61055e-01
2026-08-13 13:46:37.516 | INFO    | 		Epoch: 199  loss_vamb: 8.14977e-02  ab_vamb: 4.06334e-03  ce_vamb: 0.00000e+00  sse_vamb: 5.98588e-02  kld_vamb: 1.76306e-02  loss_labels: 9.01101e-03  ce_labels_labels: 3.42738e-03  kld_labels: 3.57352e+01  correct_labels_labels: 0.00000e+00  loss_joint: 7.26536e-02  ce_joint: 0.00000e+00  sse_joint: 1.33814e+01  ce_labels_joint: 1.55194e-03  kld_vamb_joint: 4.64784e+00  kld_labels_joint: 8.86171e+00  correct_labels_joint: 0.00000e+00  loss: 1.63162e-01
2026-08-13 13:46:38.371 | INFO    | 		Epoch: 200  loss_vamb: 8.28503e-02  ab_vamb: 4.90712e-03  ce_vamb: 0.00000e+00  sse_vamb: 6.04152e-02  kld_vamb: 1.76613e-02  loss_labels: 7.65713e-03  ce_labels_labels: 2.05184e-03  kld_labels: 3.58738e+01  correct_labels_labels: 0.00000e+00  loss_joint: 7.26303e-02  ce_joint: 0.00000e+00  sse_joint: 1.33548e+01  ce_labels_joint: 1.19264e-03  kld_vamb_joint: 4.62722e+00  kld_labels_joint: 8.87466e+00  correct_labels_joint: 0.00000e+00  loss: 1.63138e-01
2026-08-13 13:46:39.202 | INFO    | 		Epoch: 201  loss_vamb: 8.25237e-02  ab_vamb: 4.72989e-03  ce_vamb: 0.00000e+00  sse_vamb: 6.03122e-02  kld_vamb: 1.76555e-02  loss_labels: 6.96991e-03  ce_labels_labels: 1.34347e-03  kld_labels: 3.60092e+01  correct_labels_labels: 0.00000e+00  loss_joint: 7.36251e-02  ce_joint: 0.00000e+00  sse_joint: 1.33919e+01  ce_labels_joint: 2.28967e-03  kld_vamb_joint: 4.65728e+00  kld_labels_joint: 8.89509e+00  correct_labels_joint: 0.00000e+00  loss: 1.63119e-01
2026-08-13 13:46:40.052 | INFO    | 		Epoch: 202  loss_vamb: 8.22390e-02  ab_vamb: 4.61013e-03  ce_vamb: 0.00000e+00  sse_vamb: 6.01802e-02  kld_vamb: 1.76490e-02  loss_labels: 6.49948e-03  ce_labels_labels: 8.47623e-04  kld_labels: 3.61719e+01  correct_labels_labels: 0.00000e+00  loss_joint: 7.27672e-02  ce_joint: 0.00000e+00  sse_joint: 1.33603e+01  ce_labels_joint: 1.51878e-03  kld_vamb_joint: 4.65027e+00  kld_labels_joint: 8.89807e+00  correct_labels_joint: 0.00000e+00  loss: 1.61506e-01
2026-08-13 13:46:40.868 | INFO    | 		Epoch: 203  loss_vamb: 8.21736e-02  ab_vamb: 4.39878e-03  ce_vamb: 0.00000e+00  sse_vamb: 5.97728e-02  kld_vamb: 1.77036e-02  loss_labels: 6.25800e-03  ce_labels_labels: 5.65936e-04  kld_labels: 3.64292e+01  correct_labels_labels: 0.00000e+00  loss_joint: 7.26208e-02  ce_joint: 0.00000e+00  sse_joint: 1.32666e+01  ce_labels_joint: 1.61795e-03  kld_vamb_joint: 4.63589e+00  kld_labels_joint: 8.90050e+00  correct_labels_joint: 0.00000e+00  loss: 1.61052e-01
2026-08-13 13:46:41.744 | INFO    | 		Epoch: 204  loss_vamb: 8.24075e-02  ab_vamb: 4.35015e-03  ce_vamb: 0.00000e+00  sse_vamb: 6.04195e-02  kld_vamb: 1.77376e-02  loss_labels: 6.84100e-03  ce_labels_labels: 1.15753e-03  kld_labels: 3.63742e+01  correct_labels_labels: 0.00000e+00  loss_joint: 7.22576e-02  ce_joint: 0.00000e+00  sse_joint: 1.33686e+01  ce_labels_joint: 1.13941e-03  kld_vamb_joint: 4.64467e+00  kld_labels_joint: 8.91865e+00  correct_labels_joint: 0.00000e+00  loss: 1.61506e-01
2026-08-13 13:46:42.568 | INFO    | 		Epoch: 205  loss_vamb: 8.21687e-02  ab_vamb: 4.38053e-03  ce_vamb: 0.00000e+00  sse_vamb: 6.00643e-02  kld_vamb: 1.77267e-02  loss_labels: 6.92182e-03  ce_labels_labels: 1.22065e-03  kld_labels: 3.64875e+01  correct_labels_labels: 0.00000e+00  loss_joint: 7.21149e-02  ce_joint: 0.00000e+00  sse_joint: 1.32765e+01  ce_labels_joint: 1.33135e-03  kld_vamb_joint: 4.61951e+00  kld_labels_joint: 8.88843e+00  correct_labels_joint: 0.00000e+00  loss: 1.61206e-01
2026-08-13 13:46:43.379 | INFO    | 		Epoch: 206  loss_vamb: 8.15574e-02  ab_vamb: 4.15143e-03  ce_vamb: 0.00000e+00  sse_vamb: 5.96430e-02  kld_vamb: 1.77053e-02  loss_labels: 6.26802e-03  ce_labels_labels: 5.75338e-04  kld_labels: 3.64332e+01  correct_labels_labels: 0.00000e+00  loss_joint: 7.19567e-02  ce_joint: 0.00000e+00  sse_joint: 1.32233e+01  ce_labels_joint: 1.21578e-03  kld_vamb_joint: 4.64161e+00  kld_labels_joint: 8.92000e+00  correct_labels_joint: 0.00000e+00  loss: 1.59782e-01
2026-08-13 13:46:44.132 | INFO    | 		Epoch: 207  loss_vamb: 8.15195e-02  ab_vamb: 4.20393e-03  ce_vamb: 0.00000e+00  sse_vamb: 5.93865e-02  kld_vamb: 1.77338e-02  loss_labels: 6.71979e-03  ce_labels_labels: 1.00223e-03  kld_labels: 3.65924e+01  correct_labels_labels: 0.00000e+00  loss_joint: 7.26744e-02  ce_joint: 0.00000e+00  sse_joint: 1.32007e+01  ce_labels_joint: 1.94808e-03  kld_vamb_joint: 4.63513e+00  kld_labels_joint: 8.92332e+00  correct_labels_joint: 0.00000e+00  loss: 1.60914e-01
2026-08-13 13:46:44.858 | INFO    | 		Epoch: 208  loss_vamb: 8.22214e-02  ab_vamb: 4.83089e-03  ce_vamb: 0.00000e+00  sse_vamb: 5.98398e-02  kld_vamb: 1.76481e-02  loss_labels: 6.64679e-03  ce_labels_labels: 9.51498e-04  kld_labels: 3.64499e+01  correct_labels_labels: 0.00000e+00  loss_joint: 7.28211e-02  ce_joint: 0.00000e+00  sse_joint: 1.33611e+01  ce_labels_joint: 1.44107e-03  kld_vamb_joint: 4.64401e+00  kld_labels_joint: 8.91078e+00  correct_labels_joint: 0.00000e+00  loss: 1.61689e-01
2026-08-13 13:46:45.589 | INFO    | 		Epoch: 209  loss_vamb: 8.17745e-02  ab_vamb: 4.24913e-03  ce_vamb: 0.00000e+00  sse_vamb: 5.97692e-02  kld_vamb: 1.76887e-02  loss_labels: 6.75031e-03  ce_labels_labels: 1.02497e-03  kld_labels: 3.66422e+01  correct_labels_labels: 0.00000e+00  loss_joint: 7.21803e-02  ce_joint: 0.00000e+00  sse_joint: 1.32471e+01  ce_labels_joint: 1.53976e-03  kld_vamb_joint: 4.66428e+00  kld_labels_joint: 8.94298e+00  correct_labels_joint: 0.00000e+00  loss: 1.60705e-01
2026-08-13 13:46:46.311 | INFO    | 		Epoch: 210  loss_vamb: 8.16242e-02  ab_vamb: 4.30508e-03  ce_vamb: 0.00000e+00  sse_vamb: 5.98301e-02  kld_vamb: 1.76817e-02  loss_labels: 6.70115e-03  ce_labels_labels: 9.72535e-04  kld_labels: 3.66631e+01  correct_labels_labels: 0.00000e+00  loss_joint: 7.25897e-02  ce_joint: 0.00000e+00  sse_joint: 1.33383e+01  ce_labels_joint: 1.45698e-03  kld_vamb_joint: 4.68375e+00  kld_labels_joint: 8.92923e+00  correct_labels_joint: 0.00000e+00  loss: 1.60915e-01
2026-08-13 13:46:47.117 | INFO    | 		Epoch: 211  loss_vamb: 8.14889e-02  ab_vamb: 4.11747e-03  ce_vamb: 0.00000e+00  sse_vamb: 5.95584e-02  kld_vamb: 1.77030e-02  loss_labels: 6.67111e-03  ce_labels_labels: 9.33453e-04  kld_labels: 3.67210e+01  correct_labels_labels: 0.00000e+00  loss_joint: 7.16155e-02  ce_joint: 0.00000e+00  sse_joint: 1.32381e+01  ce_labels_joint: 1.10853e-03  kld_vamb_joint: 4.67274e+00  kld_labels_joint: 8.93665e+00  correct_labels_joint: 0.00000e+00  loss: 1.59775e-01
2026-08-13 13:46:47.860 | INFO    | 		Epoch: 212  loss_vamb: 8.20717e-02  ab_vamb: 4.62230e-03  ce_vamb: 0.00000e+00  sse_vamb: 5.95122e-02  kld_vamb: 1.76960e-02  loss_labels: 6.95645e-03  ce_labels_labels: 1.20914e-03  kld_labels: 3.67828e+01  correct_labels_labels: 0.00000e+00  loss_joint: 7.30423e-02  ce_joint: 0.00000e+00  sse_joint: 1.32194e+01  ce_labels_joint: 1.54877e-03  kld_vamb_joint: 4.66598e+00  kld_labels_joint: 8.93685e+00  correct_labels_joint: 0.00000e+00  loss: 1.62070e-01
2026-08-13 13:46:48.597 | INFO    | 		Epoch: 213  loss_vamb: 8.21170e-02  ab_vamb: 4.62864e-03  ce_vamb: 0.00000e+00  sse_vamb: 5.96342e-02  kld_vamb: 1.77037e-02  loss_labels: 7.70548e-03  ce_labels_labels: 1.93633e-03  kld_labels: 3.69226e+01  correct_labels_labels: 0.00000e+00  loss_joint: 7.24151e-02  ce_joint: 0.00000e+00  sse_joint: 1.32513e+01  ce_labels_joint: 1.54478e-03  kld_vamb_joint: 4.67208e+00  kld_labels_joint: 8.93000e+00  correct_labels_joint: 0.00000e+00  loss: 1.62238e-01
2026-08-13 13:46:49.364 | INFO    | 		Epoch: 214  loss_vamb: 8.21720e-02  ab_vamb: 4.55779e-03  ce_vamb: 0.00000e+00  sse_vamb: 6.00221e-02  kld_vamb: 1.77070e-02  loss_labels: 6.24094e-03  ce_labels_labels: 4.42078e-04  kld_labels: 3.71127e+01  correct_labels_labels: 0.00000e+00  loss_joint: 7.21784e-02  ce_joint: 0.00000e+00  sse_joint: 1.32758e+01  ce_labels_joint: 1.19970e-03  kld_vamb_joint: 4.67639e+00  kld_labels_joint: 8.94916e+00  correct_labels_joint: 0.00000e+00  loss: 1.60591e-01
2026-08-13 13:46:50.156 | INFO    | 		Epoch: 215  loss_vamb: 8.21674e-02  ab_vamb: 4.43529e-03  ce_vamb: 0.00000e+00  sse_vamb: 6.01100e-02  kld_vamb: 1.77095e-02  loss_labels: 6.50871e-03  ce_labels_labels: 6.72615e-04  kld_labels: 3.73510e+01  correct_labels_labels: 0.00000e+00  loss_joint: 7.27260e-02  ce_joint: 0.00000e+00  sse_joint: 1.33370e+01  ce_labels_joint: 1.75290e-03  kld_vamb_joint: 4.68456e+00  kld_labels_joint: 8.95551e+00  correct_labels_joint: 0.00000e+00  loss: 1.61402e-01
2026-08-13 13:46:50.931 | INFO    | 		Epoch: 216  loss_vamb: 8.19808e-02  ab_vamb: 4.58704e-03  ce_vamb: 0.00000e+00  sse_vamb: 5.95635e-02  kld_vamb: 1.76993e-02  loss_labels: 7.02462e-03  ce_labels_labels: 1.22162e-03  kld_labels: 3.71392e+01  correct_labels_labels: 0.00000e+00  loss_joint: 7.18635e-02  ce_joint: 0.00000e+00  sse_joint: 1.32164e+01  ce_labels_joint: 1.11182e-03  kld_vamb_joint: 4.69434e+00  kld_labels_joint: 8.93879e+00  correct_labels_joint: 0.00000e+00  loss: 1.60869e-01
2026-08-13 13:46:51.664 | INFO    | 		Epoch: 217  loss_vamb: 8.22093e-02  ab_vamb: 4.77351e-03  ce_vamb: 0.00000e+00  sse_vamb: 5.96207e-02  kld_vamb: 1.77185e-02  loss_labels: 6.46093e-03  ce_labels_labels: 6.54488e-04  kld_labels: 3.71612e+01  correct_labels_labels: 0.00000e+00  loss_joint: 7.21699e-02  ce_joint: 0.00000e+00  sse_joint: 1.31652e+01  ce_labels_joint: 1.37184e-03  kld_vamb_joint: 4.67939e+00  kld_labels_joint: 8.99175e+00  correct_labels_joint: 0.00000e+00  loss: 1.60840e-01
2026-08-13 13:46:52.557 | INFO    | 		Epoch: 218  loss_vamb: 8.16853e-02  ab_vamb: 4.28263e-03  ce_vamb: 0.00000e+00  sse_vamb: 5.96698e-02  kld_vamb: 1.77077e-02  loss_labels: 6.21520e-03  ce_labels_labels: 4.13449e-04  kld_labels: 3.71312e+01  correct_labels_labels: 0.00000e+00  loss_joint: 7.21621e-02  ce_joint: 0.00000e+00  sse_joint: 1.31953e+01  ce_labels_joint: 1.57673e-03  kld_vamb_joint: 4.67020e+00  kld_labels_joint: 8.95531e+00  correct_labels_joint: 0.00000e+00  loss: 1.60063e-01
2026-08-13 13:46:53.358 | INFO    | 		Epoch: 219  loss_vamb: 8.17099e-02  ab_vamb: 4.64152e-03  ce_vamb: 0.00000e+00  sse_vamb: 5.90160e-02  kld_vamb: 1.77447e-02  loss_labels: 6.92415e-03  ce_labels_labels: 1.13034e-03  kld_labels: 3.70803e+01  correct_labels_labels: 0.00000e+00  loss_joint: 7.12834e-02  ce_joint: 0.00000e+00  sse_joint: 1.31041e+01  ce_labels_joint: 9.44691e-04  kld_vamb_joint: 4.67334e+00  kld_labels_joint: 8.98778e+00  correct_labels_joint: 0.00000e+00  loss: 1.59917e-01
2026-08-13 13:46:54.117 | INFO    | 		Epoch: 220  loss_vamb: 8.17649e-02  ab_vamb: 4.24075e-03  ce_vamb: 0.00000e+00  sse_vamb: 5.98627e-02  kld_vamb: 1.77344e-02  loss_labels: 6.44335e-03  ce_labels_labels: 6.74931e-04  kld_labels: 3.69179e+01  correct_labels_labels: 0.00000e+00  loss_joint: 7.30395e-02  ce_joint: 0.00000e+00  sse_joint: 1.32299e+01  ce_labels_joint: 2.55837e-03  kld_vamb_joint: 4.64199e+00  kld_labels_joint: 8.98345e+00  correct_labels_joint: 0.00000e+00  loss: 1.61248e-01
2026-08-13 13:46:54.850 | INFO    | 		Epoch: 221  loss_vamb: 8.16856e-02  ab_vamb: 4.46661e-03  ce_vamb: 0.00000e+00  sse_vamb: 5.97398e-02  kld_vamb: 1.77725e-02  loss_labels: 6.76548e-03  ce_labels_labels: 1.02080e-03  kld_labels: 3.67659e+01  correct_labels_labels: 0.00000e+00  loss_joint: 7.21630e-02  ce_joint: 0.00000e+00  sse_joint: 1.32575e+01  ce_labels_joint: 1.39290e-03  kld_vamb_joint: 4.66562e+00  kld_labels_joint: 9.03239e+00  correct_labels_joint: 0.00000e+00  loss: 1.60614e-01
2026-08-13 13:46:55.599 | INFO    | 		Epoch: 222  loss_vamb: 8.17052e-02  ab_vamb: 4.30405e-03  ce_vamb: 0.00000e+00  sse_vamb: 5.94097e-02  kld_vamb: 1.77771e-02  loss_labels: 6.29499e-03  ce_labels_labels: 5.47219e-04  kld_labels: 3.67857e+01  correct_labels_labels: 0.00000e+00  loss_joint: 7.12408e-02  ce_joint: 0.00000e+00  sse_joint: 1.31455e+01  ce_labels_joint: 9.72026e-04  kld_vamb_joint: 4.65114e+00  kld_labels_joint: 9.01396e+00  correct_labels_joint: 0.00000e+00  loss: 1.59241e-01
2026-08-13 13:46:56.351 | INFO    | 		Epoch: 223  loss_vamb: 8.18293e-02  ab_vamb: 4.38788e-03  ce_vamb: 0.00000e+00  sse_vamb: 5.99333e-02  kld_vamb: 1.77935e-02  loss_labels: 6.50090e-03  ce_labels_labels: 7.85389e-04  kld_labels: 3.65793e+01  correct_labels_labels: 0.00000e+00  loss_joint: 7.20785e-02  ce_joint: 0.00000e+00  sse_joint: 1.32662e+01  ce_labels_joint: 1.46287e-03  kld_vamb_joint: 4.64656e+00  kld_labels_joint: 9.00850e+00  correct_labels_joint: 0.00000e+00  loss: 1.60409e-01
2026-08-13 13:46:57.112 | INFO    | 		Epoch: 224  loss_vamb: 8.22044e-02  ab_vamb: 5.37643e-03  ce_vamb: 0.00000e+00  sse_vamb: 5.88815e-02  kld_vamb: 1.78028e-02  loss_labels: 7.57735e-03  ce_labels_labels: 1.88535e-03  kld_labels: 3.64288e+01  correct_labels_labels: 0.00000e+00  loss_joint: 7.29780e-02  ce_joint: 0.00000e+00  sse_joint: 1.30755e+01  ce_labels_joint: 1.59998e-03  kld_vamb_joint: 4.64696e+00  kld_labels_joint: 9.02081e+00  correct_labels_joint: 0.00000e+00  loss: 1.62760e-01
2026-08-13 13:46:57.834 | INFO    | 		Epoch: 225  loss_vamb: 8.10121e-02  ab_vamb: 4.25475e-03  ce_vamb: 0.00000e+00  sse_vamb: 5.87989e-02  kld_vamb: 1.78077e-02  loss_labels: 6.50674e-03  ce_labels_labels: 8.58108e-04  kld_labels: 3.61513e+01  correct_labels_labels: 0.00000e+00  loss_joint: 7.08836e-02  ce_joint: 0.00000e+00  sse_joint: 1.30018e+01  ce_labels_joint: 1.33550e-03  kld_vamb_joint: 4.65363e+00  kld_labels_joint: 9.04484e+00  correct_labels_joint: 0.00000e+00  loss: 1.58402e-01
2026-08-13 13:46:58.467 | INFO    | 		Epoch: 226  loss_vamb: 8.17354e-02  ab_vamb: 4.43574e-03  ce_vamb: 0.00000e+00  sse_vamb: 5.96381e-02  kld_vamb: 1.77550e-02  loss_labels: 6.22348e-03  ce_labels_labels: 5.59072e-04  kld_labels: 3.62522e+01  correct_labels_labels: 0.00000e+00  loss_joint: 7.18299e-02  ce_joint: 0.00000e+00  sse_joint: 1.31734e+01  ce_labels_joint: 1.43651e-03  kld_vamb_joint: 4.64821e+00  kld_labels_joint: 9.02894e+00  correct_labels_joint: 0.00000e+00  loss: 1.59789e-01
2026-08-13 13:46:59.225 | INFO    | 		Epoch: 227  loss_vamb: 8.11941e-02  ab_vamb: 4.14999e-03  ce_vamb: 0.00000e+00  sse_vamb: 5.91145e-02  kld_vamb: 1.78022e-02  loss_labels: 6.36645e-03  ce_labels_labels: 7.40491e-04  kld_labels: 3.60061e+01  correct_labels_labels: 0.00000e+00  loss_joint: 7.11410e-02  ce_joint: 0.00000e+00  sse_joint: 1.30709e+01  ce_labels_joint: 1.45846e-03  kld_vamb_joint: 4.63922e+00  kld_labels_joint: 9.04253e+00  correct_labels_joint: 0.00000e+00  loss: 1.58702e-01
2026-08-13 13:46:59.959 | INFO    | 		Epoch: 228  loss_vamb: 8.14417e-02  ab_vamb: 4.46330e-03  ce_vamb: 0.00000e+00  sse_vamb: 5.93669e-02  kld_vamb: 1.77809e-02  loss_labels: 6.57703e-03  ce_labels_labels: 9.83174e-04  kld_labels: 3.58007e+01  correct_labels_labels: 0.00000e+00  loss_joint: 7.13829e-02  ce_joint: 0.00000e+00  sse_joint: 1.31440e+01  ce_labels_joint: 1.43461e-03  kld_vamb_joint: 4.67710e+00  kld_labels_joint: 9.07965e+00  correct_labels_joint: 0.00000e+00  loss: 1.59402e-01
2026-08-13 13:47:00.688 | INFO    | 		Epoch: 229  loss_vamb: 8.14915e-02  ab_vamb: 4.54298e-03  ce_vamb: 0.00000e+00  sse_vamb: 5.94399e-02  kld_vamb: 1.77592e-02  loss_labels: 6.23092e-03  ce_labels_labels: 6.19196e-04  kld_labels: 3.59150e+01  correct_labels_labels: 0.00000e+00  loss_joint: 7.09575e-02  ce_joint: 0.00000e+00  sse_joint: 1.31363e+01  ce_labels_joint: 1.27950e-03  kld_vamb_joint: 4.65941e+00  kld_labels_joint: 9.05487e+00  correct_labels_joint: 0.00000e+00  loss: 1.58680e-01
2026-08-13 13:47:01.324 | INFO    | 		Epoch: 230  loss_vamb: 8.11028e-02  ab_vamb: 4.06849e-03  ce_vamb: 0.00000e+00  sse_vamb: 5.92903e-02  kld_vamb: 1.77838e-02  loss_labels: 6.60675e-03  ce_labels_labels: 1.01897e-03  kld_labels: 3.57618e+01  correct_labels_labels: 0.00000e+00  loss_joint: 7.06452e-02  ce_joint: 0.00000e+00  sse_joint: 1.30569e+01  ce_labels_joint: 1.09477e-03  kld_vamb_joint: 4.65091e+00  kld_labels_joint: 9.06697e+00  correct_labels_joint: 0.00000e+00  loss: 1.58355e-01
2026-08-13 13:47:02.058 | INFO    | 		Epoch: 231  loss_vamb: 8.09138e-02  ab_vamb: 3.97074e-03  ce_vamb: 0.00000e+00  sse_vamb: 5.92010e-02  kld_vamb: 1.77558e-02  loss_labels: 6.74780e-03  ce_labels_labels: 1.16941e-03  kld_labels: 3.57017e+01  correct_labels_labels: 0.00000e+00  loss_joint: 7.15976e-02  ce_joint: 0.00000e+00  sse_joint: 1.31135e+01  ce_labels_joint: 1.47641e-03  kld_vamb_joint: 4.66728e+00  kld_labels_joint: 9.07487e+00  correct_labels_joint: 0.00000e+00  loss: 1.59259e-01
2026-08-13 13:47:02.848 | INFO    | 		Epoch: 232  loss_vamb: 8.11573e-02  ab_vamb: 4.39561e-03  ce_vamb: 0.00000e+00  sse_vamb: 5.90865e-02  kld_vamb: 1.77898e-02  loss_labels: 6.49966e-03  ce_labels_labels: 9.17795e-04  kld_labels: 3.57239e+01  correct_labels_labels: 0.00000e+00  loss_joint: 7.15420e-02  ce_joint: 0.00000e+00  sse_joint: 1.30525e+01  ce_labels_joint: 1.97087e-03  kld_vamb_joint: 4.67638e+00  kld_labels_joint: 9.09571e+00  correct_labels_joint: 0.00000e+00  loss: 1.59199e-01
2026-08-13 13:47:03.559 | INFO    | 		Epoch: 233  loss_vamb: 8.03588e-02  ab_vamb: 3.87379e-03  ce_vamb: 0.00000e+00  sse_vamb: 5.88369e-02  kld_vamb: 1.77662e-02  loss_labels: 6.41494e-03  ce_labels_labels: 8.54791e-04  kld_labels: 3.55850e+01  correct_labels_labels: 0.00000e+00  loss_joint: 7.08820e-02  ce_joint: 0.00000e+00  sse_joint: 1.30688e+01  ce_labels_joint: 1.27764e-03  kld_vamb_joint: 4.68354e+00  kld_labels_joint: 9.08162e+00  correct_labels_joint: 0.00000e+00  loss: 1.57656e-01
2026-08-13 13:47:04.172 | INFO    | 		Epoch: 234  loss_vamb: 8.06864e-02  ab_vamb: 4.22733e-03  ce_vamb: 0.00000e+00  sse_vamb: 5.85638e-02  kld_vamb: 1.77744e-02  loss_labels: 6.36150e-03  ce_labels_labels: 8.09836e-04  kld_labels: 3.55307e+01  correct_labels_labels: 0.00000e+00  loss_joint: 7.07082e-02  ce_joint: 0.00000e+00  sse_joint: 1.29572e+01  ce_labels_joint: 1.28984e-03  kld_vamb_joint: 4.68808e+00  kld_labels_joint: 9.10573e+00  correct_labels_joint: 0.00000e+00  loss: 1.57756e-01
2026-08-13 13:47:04.817 | INFO    | 		Epoch: 235  loss_vamb: 8.12510e-02  ab_vamb: 4.21784e-03  ce_vamb: 0.00000e+00  sse_vamb: 5.92673e-02  kld_vamb: 1.77551e-02  loss_labels: 6.73339e-03  ce_labels_labels: 1.18165e-03  kld_labels: 3.55312e+01  correct_labels_labels: 0.00000e+00  loss_joint: 7.13578e-02  ce_joint: 0.00000e+00  sse_joint: 1.30672e+01  ce_labels_joint: 1.56158e-03  kld_vamb_joint: 4.69216e+00  kld_labels_joint: 9.13370e+00  correct_labels_joint: 0.00000e+00  loss: 1.59342e-01
2026-08-13 13:47:05.523 | INFO    | 		Epoch: 236  loss_vamb: 8.11799e-02  ab_vamb: 4.49584e-03  ce_vamb: 0.00000e+00  sse_vamb: 5.86844e-02  kld_vamb: 1.77788e-02  loss_labels: 6.35290e-03  ce_labels_labels: 8.15852e-04  kld_labels: 3.54371e+01  correct_labels_labels: 0.00000e+00  loss_joint: 7.05425e-02  ce_joint: 0.00000e+00  sse_joint: 1.30169e+01  ce_labels_joint: 9.98911e-04  kld_vamb_joint: 4.68198e+00  kld_labels_joint: 9.12406e+00  correct_labels_joint: 0.00000e+00  loss: 1.58075e-01
2026-08-13 13:47:06.346 | INFO    | 		Epoch: 237  loss_vamb: 8.10195e-02  ab_vamb: 4.28038e-03  ce_vamb: 0.00000e+00  sse_vamb: 5.87551e-02  kld_vamb: 1.77498e-02  loss_labels: 6.11751e-03  ce_labels_labels: 5.81886e-04  kld_labels: 3.54280e+01  correct_labels_labels: 0.00000e+00  loss_joint: 7.07412e-02  ce_joint: 0.00000e+00  sse_joint: 1.30004e+01  ce_labels_joint: 1.06011e-03  kld_vamb_joint: 4.68655e+00  kld_labels_joint: 9.12226e+00  correct_labels_joint: 0.00000e+00  loss: 1.57878e-01
2026-08-13 13:47:07.169 | INFO    | 		Epoch: 238  loss_vamb: 8.09138e-02  ab_vamb: 4.41174e-03  ce_vamb: 0.00000e+00  sse_vamb: 5.85019e-02  kld_vamb: 1.77575e-02  loss_labels: 6.85062e-03  ce_labels_labels: 1.30751e-03  kld_labels: 3.54759e+01  correct_labels_labels: 0.00000e+00  loss_joint: 7.08527e-02  ce_joint: 0.00000e+00  sse_joint: 1.29843e+01  ce_labels_joint: 1.32259e-03  kld_vamb_joint: 4.68782e+00  kld_labels_joint: 9.13074e+00  correct_labels_joint: 0.00000e+00  loss: 1.58617e-01
2026-08-13 13:47:08.005 | INFO    | 		Epoch: 239  loss_vamb: 8.07364e-02  ab_vamb: 4.22537e-03  ce_vamb: 0.00000e+00  sse_vamb: 5.87240e-02  kld_vamb: 1.77436e-02  loss_labels: 6.79904e-03  ce_labels_labels: 1.28273e-03  kld_labels: 3.53044e+01  correct_labels_labels: 0.00000e+00  loss_joint: 7.02356e-02  ce_joint: 0.00000e+00  sse_joint: 1.29330e+01  ce_labels_joint: 1.08404e-03  kld_vamb_joint: 4.70828e+00  kld_labels_joint: 9.16346e+00  correct_labels_joint: 0.00000e+00  loss: 1.57771e-01
2026-08-13 13:47:08.807 | INFO    | 		Epoch: 240  loss_vamb: 8.11430e-02  ab_vamb: 4.28149e-03  ce_vamb: 0.00000e+00  sse_vamb: 5.92399e-02  kld_vamb: 1.77450e-02  loss_labels: 5.99670e-03  ce_labels_labels: 4.69950e-04  kld_labels: 3.53712e+01  correct_labels_labels: 0.00000e+00  loss_joint: 7.05558e-02  ce_joint: 0.00000e+00  sse_joint: 1.30772e+01  ce_labels_joint: 8.99370e-04  kld_vamb_joint: 4.69817e+00  kld_labels_joint: 9.16137e+00  correct_labels_joint: 0.00000e+00  loss: 1.57695e-01
2026-08-13 13:47:09.579 | INFO    | 		Epoch: 241  loss_vamb: 8.12429e-02  ab_vamb: 4.50948e-03  ce_vamb: 0.00000e+00  sse_vamb: 5.91920e-02  kld_vamb: 1.77317e-02  loss_labels: 5.92831e-03  ce_labels_labels: 4.26607e-04  kld_labels: 3.52109e+01  correct_labels_labels: 0.00000e+00  loss_joint: 7.06839e-02  ce_joint: 0.00000e+00  sse_joint: 1.30299e+01  ce_labels_joint: 1.09898e-03  kld_vamb_joint: 4.68178e+00  kld_labels_joint: 9.12092e+00  correct_labels_joint: 0.00000e+00  loss: 1.57855e-01
2026-08-13 13:47:10.410 | INFO    | 		Epoch: 242  loss_vamb: 8.06369e-02  ab_vamb: 4.08693e-03  ce_vamb: 0.00000e+00  sse_vamb: 5.89573e-02  kld_vamb: 1.77448e-02  loss_labels: 6.95824e-03  ce_labels_labels: 1.46131e-03  kld_labels: 3.51804e+01  correct_labels_labels: 0.00000e+00  loss_joint: 7.05720e-02  ce_joint: 0.00000e+00  sse_joint: 1.30280e+01  ce_labels_joint: 1.24011e-03  kld_vamb_joint: 4.69090e+00  kld_labels_joint: 9.14428e+00  correct_labels_joint: 0.00000e+00  loss: 1.58167e-01
2026-08-13 13:47:11.252 | INFO    | 		Epoch: 243  loss_vamb: 8.07803e-02  ab_vamb: 4.06659e-03  ce_vamb: 0.00000e+00  sse_vamb: 5.91109e-02  kld_vamb: 1.77869e-02  loss_labels: 6.66211e-03  ce_labels_labels: 1.17132e-03  kld_labels: 3.51411e+01  correct_labels_labels: 0.00000e+00  loss_joint: 7.04037e-02  ce_joint: 0.00000e+00  sse_joint: 1.30504e+01  ce_labels_joint: 1.04653e-03  kld_vamb_joint: 4.67086e+00  kld_labels_joint: 9.14125e+00  correct_labels_joint: 0.00000e+00  loss: 1.57846e-01
2026-08-13 13:47:12.019 | INFO    | 		Epoch: 244  loss_vamb: 8.05949e-02  ab_vamb: 4.12336e-03  ce_vamb: 0.00000e+00  sse_vamb: 5.87264e-02  kld_vamb: 1.77698e-02  loss_labels: 6.17418e-03  ce_labels_labels: 7.04889e-04  kld_labels: 3.50035e+01  correct_labels_labels: 0.00000e+00  loss_joint: 7.05627e-02  ce_joint: 0.00000e+00  sse_joint: 1.29860e+01  ce_labels_joint: 1.45683e-03  kld_vamb_joint: 4.70707e+00  kld_labels_joint: 9.16646e+00  correct_labels_joint: 0.00000e+00  loss: 1.57332e-01
2026-08-13 13:47:12.840 | INFO    | 		Epoch: 245  loss_vamb: 8.09511e-02  ab_vamb: 4.16488e-03  ce_vamb: 0.00000e+00  sse_vamb: 5.90739e-02  kld_vamb: 1.78215e-02  loss_labels: 6.54508e-03  ce_labels_labels: 1.08182e-03  kld_labels: 3.49649e+01  correct_labels_labels: 0.00000e+00  loss_joint: 7.09365e-02  ce_joint: 0.00000e+00  sse_joint: 1.30569e+01  ce_labels_joint: 1.23471e-03  kld_vamb_joint: 4.71624e+00  kld_labels_joint: 9.20125e+00  correct_labels_joint: 0.00000e+00  loss: 1.58433e-01
2026-08-13 13:47:13.647 | INFO    | 		Epoch: 246  loss_vamb: 8.09983e-02  ab_vamb: 4.19748e-03  ce_vamb: 0.00000e+00  sse_vamb: 5.90372e-02  kld_vamb: 1.78197e-02  loss_labels: 6.15700e-03  ce_labels_labels: 6.93161e-04  kld_labels: 3.49685e+01  correct_labels_labels: 0.00000e+00  loss_joint: 7.03603e-02  ce_joint: 0.00000e+00  sse_joint: 1.30244e+01  ce_labels_joint: 1.12083e-03  kld_vamb_joint: 4.67592e+00  kld_labels_joint: 9.16599e+00  correct_labels_joint: 0.00000e+00  loss: 1.57516e-01
2026-08-13 13:47:14.488 | INFO    | 		Epoch: 247  loss_vamb: 8.05799e-02  ab_vamb: 4.06713e-03  ce_vamb: 0.00000e+00  sse_vamb: 5.84865e-02  kld_vamb: 1.77747e-02  loss_labels: 6.23359e-03  ce_labels_labels: 7.81994e-04  kld_labels: 3.48902e+01  correct_labels_labels: 0.00000e+00  loss_joint: 7.01278e-02  ce_joint: 0.00000e+00  sse_joint: 1.28951e+01  ce_labels_joint: 1.25108e-03  kld_vamb_joint: 4.71208e+00  kld_labels_joint: 9.19718e+00  correct_labels_joint: 0.00000e+00  loss: 1.56941e-01
2026-08-13 13:47:15.241 | INFO    | 		Epoch: 248  loss_vamb: 8.07816e-02  ab_vamb: 4.23792e-03  ce_vamb: 0.00000e+00  sse_vamb: 5.87929e-02  kld_vamb: 1.77533e-02  loss_labels: 6.30188e-03  ce_labels_labels: 8.52572e-04  kld_labels: 3.48756e+01  correct_labels_labels: 0.00000e+00  loss_joint: 7.02633e-02  ce_joint: 0.00000e+00  sse_joint: 1.29443e+01  ce_labels_joint: 1.23019e-03  kld_vamb_joint: 4.68150e+00  kld_labels_joint: 9.14312e+00  correct_labels_joint: 0.00000e+00  loss: 1.57347e-01
2026-08-13 13:47:15.886 | INFO    | 		Epoch: 249  loss_vamb: 8.06644e-02  ab_vamb: 3.97855e-03  ce_vamb: 0.00000e+00  sse_vamb: 5.88882e-02  kld_vamb: 1.78008e-02  loss_labels: 6.02723e-03  ce_labels_labels: 5.81330e-04  kld_labels: 3.48538e+01  correct_labels_labels: 0.00000e+00  loss_joint: 7.06180e-02  ce_joint: 0.00000e+00  sse_joint: 1.30127e+01  ce_labels_joint: 1.32670e-03  kld_vamb_joint: 4.68521e+00  kld_labels_joint: 9.18495e+00  correct_labels_joint: 0.00000e+00  loss: 1.57310e-01
2026-08-13 13:47:16.490 | INFO    | 		Epoch: 250  loss_vamb: 8.08223e-02  ab_vamb: 4.25255e-03  ce_vamb: 0.00000e+00  sse_vamb: 5.87032e-02  kld_vamb: 1.77785e-02  loss_labels: 6.19128e-03  ce_labels_labels: 7.60644e-04  kld_labels: 3.47560e+01  correct_labels_labels: 0.00000e+00  loss_joint: 7.04116e-02  ce_joint: 0.00000e+00  sse_joint: 1.29576e+01  ce_labels_joint: 1.27089e-03  kld_vamb_joint: 4.69155e+00  kld_labels_joint: 9.19883e+00  correct_labels_joint: 0.00000e+00  loss: 1.57425e-01
2026-08-13 13:47:17.137 | INFO    | 		Epoch: 251  loss_vamb: 8.05375e-02  ab_vamb: 4.07278e-03  ce_vamb: 0.00000e+00  sse_vamb: 5.88955e-02  kld_vamb: 1.77634e-02  loss_labels: 6.89390e-03  ce_labels_labels: 1.45760e-03  kld_labels: 3.47923e+01  correct_labels_labels: 0.00000e+00  loss_joint: 7.07883e-02  ce_joint: 0.00000e+00  sse_joint: 1.30339e+01  ce_labels_joint: 1.50984e-03  kld_vamb_joint: 4.69651e+00  kld_labels_joint: 9.19140e+00  correct_labels_joint: 0.00000e+00  loss: 1.58220e-01
2026-08-13 13:47:17.922 | INFO    | 		Epoch: 252  loss_vamb: 8.06236e-02  ab_vamb: 4.14069e-03  ce_vamb: 0.00000e+00  sse_vamb: 5.89005e-02  kld_vamb: 1.78353e-02  loss_labels: 6.15200e-03  ce_labels_labels: 7.46400e-04  kld_labels: 3.45958e+01  correct_labels_labels: 0.00000e+00  loss_joint: 7.10090e-02  ce_joint: 0.00000e+00  sse_joint: 1.30849e+01  ce_labels_joint: 1.50107e-03  kld_vamb_joint: 4.69314e+00  kld_labels_joint: 9.20927e+00  correct_labels_joint: 0.00000e+00  loss: 1.57785e-01
2026-08-13 13:47:18.692 | INFO    | 		Epoch: 253  loss_vamb: 8.05330e-02  ab_vamb: 4.14016e-03  ce_vamb: 0.00000e+00  sse_vamb: 5.87478e-02  kld_vamb: 1.78194e-02  loss_labels: 6.21104e-03  ce_labels_labels: 8.06783e-04  kld_labels: 3.45872e+01  correct_labels_labels: 0.00000e+00  loss_joint: 7.00459e-02  ce_joint: 0.00000e+00  sse_joint: 1.29096e+01  ce_labels_joint: 1.41906e-03  kld_vamb_joint: 4.69118e+00  kld_labels_joint: 9.20711e+00  correct_labels_joint: 0.00000e+00  loss: 1.56790e-01
2026-08-13 13:47:19.441 | INFO    | 		Epoch: 254  loss_vamb: 8.05790e-02  ab_vamb: 3.88220e-03  ce_vamb: 0.00000e+00  sse_vamb: 5.90577e-02  kld_vamb: 1.78098e-02  loss_labels: 6.53757e-03  ce_labels_labels: 1.14211e-03  kld_labels: 3.45309e+01  correct_labels_labels: 0.00000e+00  loss_joint: 7.03411e-02  ce_joint: 0.00000e+00  sse_joint: 1.30228e+01  ce_labels_joint: 1.07193e-03  kld_vamb_joint: 4.68639e+00  kld_labels_joint: 9.22398e+00  correct_labels_joint: 0.00000e+00  loss: 1.57458e-01
2026-08-13 13:47:20.060 | INFO    | 		Epoch: 255  loss_vamb: 8.03744e-02  ab_vamb: 3.92298e-03  ce_vamb: 0.00000e+00  sse_vamb: 5.84951e-02  kld_vamb: 1.78247e-02  loss_labels: 7.44333e-03  ce_labels_labels: 2.04873e-03  kld_labels: 3.45254e+01  correct_labels_labels: 0.00000e+00  loss_joint: 7.05792e-02  ce_joint: 0.00000e+00  sse_joint: 1.28604e+01  ce_labels_joint: 1.96154e-03  kld_vamb_joint: 4.66497e+00  kld_labels_joint: 9.20047e+00  correct_labels_joint: 0.00000e+00  loss: 1.58397e-01
2026-08-13 13:47:20.691 | INFO    | 		Epoch: 256  loss_vamb: 8.04614e-02  ab_vamb: 4.28278e-03  ce_vamb: 0.00000e+00  sse_vamb: 5.86643e-02  kld_vamb: 1.77670e-02  loss_labels: 6.15024e-03  ce_labels_labels: 7.59190e-04  kld_labels: 3.45027e+01  correct_labels_labels: 0.00000e+00  loss_joint: 6.98016e-02  ce_joint: 0.00000e+00  sse_joint: 1.29886e+01  ce_labels_joint: 9.37230e-04  kld_vamb_joint: 4.69666e+00  kld_labels_joint: 9.20634e+00  correct_labels_joint: 0.00000e+00  loss: 1.56413e-01
2026-08-13 13:47:21.306 | INFO    | 		Epoch: 257  loss_vamb: 8.07019e-02  ab_vamb: 4.15519e-03  ce_vamb: 0.00000e+00  sse_vamb: 5.87200e-02  kld_vamb: 1.78331e-02  loss_labels: 6.39607e-03  ce_labels_labels: 1.01501e-03  kld_labels: 3.44388e+01  correct_labels_labels: 0.00000e+00  loss_joint: 7.06023e-02  ce_joint: 0.00000e+00  sse_joint: 1.29688e+01  ce_labels_joint: 1.24311e-03  kld_vamb_joint: 4.69806e+00  kld_labels_joint: 9.23854e+00  correct_labels_joint: 0.00000e+00  loss: 1.57700e-01
2026-08-13 13:47:21.901 | INFO    | 		Epoch: 258  loss_vamb: 8.03596e-02  ab_vamb: 3.82641e-03  ce_vamb: 0.00000e+00  sse_vamb: 5.85660e-02  kld_vamb: 1.77752e-02  loss_labels: 6.36993e-03  ce_labels_labels: 9.75649e-04  kld_labels: 3.45234e+01  correct_labels_labels: 0.00000e+00  loss_joint: 7.02233e-02  ce_joint: 0.00000e+00  sse_joint: 1.28761e+01  ce_labels_joint: 1.46392e-03  kld_vamb_joint: 4.69199e+00  kld_labels_joint: 9.22030e+00  correct_labels_joint: 0.00000e+00  loss: 1.56953e-01
2026-08-13 13:47:22.536 | INFO    | 		Epoch: 259  loss_vamb: 8.04764e-02  ab_vamb: 4.12548e-03  ce_vamb: 0.00000e+00  sse_vamb: 5.84886e-02  kld_vamb: 1.77974e-02  loss_labels: 5.89572e-03  ce_labels_labels: 4.89415e-04  kld_labels: 3.46004e+01  correct_labels_labels: 0.00000e+00  loss_joint: 7.06387e-02  ce_joint: 0.00000e+00  sse_joint: 1.29640e+01  ce_labels_joint: 1.27944e-03  kld_vamb_joint: 4.70049e+00  kld_labels_joint: 9.23405e+00  correct_labels_joint: 0.00000e+00  loss: 1.57011e-01
2026-08-13 13:47:23.138 | INFO    | 		Epoch: 260  loss_vamb: 8.10679e-02  ab_vamb: 4.34283e-03  ce_vamb: 0.00000e+00  sse_vamb: 5.91057e-02  kld_vamb: 1.77641e-02  loss_labels: 6.34590e-03  ce_labels_labels: 9.50738e-04  kld_labels: 3.45290e+01  correct_labels_labels: 0.00000e+00  loss_joint: 7.09528e-02  ce_joint: 0.00000e+00  sse_joint: 1.30078e+01  ce_labels_joint: 1.75594e-03  kld_vamb_joint: 4.69187e+00  kld_labels_joint: 9.22377e+00  correct_labels_joint: 0.00000e+00  loss: 1.58367e-01
2026-08-13 13:47:23.745 | INFO    | 		Epoch: 261  loss_vamb: 8.12431e-02  ab_vamb: 4.40453e-03  ce_vamb: 0.00000e+00  sse_vamb: 5.89005e-02  kld_vamb: 1.77969e-02  loss_labels: 6.21350e-03  ce_labels_labels: 7.98238e-04  kld_labels: 3.46577e+01  correct_labels_labels: 0.00000e+00  loss_joint: 7.10260e-02  ce_joint: 0.00000e+00  sse_joint: 1.29636e+01  ce_labels_joint: 1.57611e-03  kld_vamb_joint: 4.71827e+00  kld_labels_joint: 9.26456e+00  correct_labels_joint: 0.00000e+00  loss: 1.58483e-01
2026-08-13 13:47:24.382 | INFO    | 		Epoch: 262  loss_vamb: 8.05719e-02  ab_vamb: 4.13577e-03  ce_vamb: 0.00000e+00  sse_vamb: 5.86930e-02  kld_vamb: 1.77668e-02  loss_labels: 5.95516e-03  ce_labels_labels: 5.57719e-04  kld_labels: 3.45436e+01  correct_labels_labels: 0.00000e+00  loss_joint: 6.98296e-02  ce_joint: 0.00000e+00  sse_joint: 1.28714e+01  ce_labels_joint: 1.44144e-03  kld_vamb_joint: 4.69297e+00  kld_labels_joint: 9.23678e+00  correct_labels_joint: 0.00000e+00  loss: 1.56357e-01
2026-08-13 13:47:25.163 | INFO    | 		Epoch: 263  loss_vamb: 8.08297e-02  ab_vamb: 4.26554e-03  ce_vamb: 0.00000e+00  sse_vamb: 5.88856e-02  kld_vamb: 1.77966e-02  loss_labels: 6.49137e-03  ce_labels_labels: 1.09723e-03  kld_labels: 3.45225e+01  correct_labels_labels: 0.00000e+00  loss_joint: 7.12863e-02  ce_joint: 0.00000e+00  sse_joint: 1.29575e+01  ce_labels_joint: 2.15059e-03  kld_vamb_joint: 4.69834e+00  kld_labels_joint: 9.23262e+00  correct_labels_joint: 0.00000e+00  loss: 1.58607e-01
2026-08-13 13:47:25.885 | INFO    | 		Epoch: 264  loss_vamb: 8.09914e-02  ab_vamb: 4.33148e-03  ce_vamb: 0.00000e+00  sse_vamb: 5.89114e-02  kld_vamb: 1.78006e-02  loss_labels: 6.52068e-03  ce_labels_labels: 1.11577e-03  kld_labels: 3.45914e+01  correct_labels_labels: 0.00000e+00  loss_joint: 7.03967e-02  ce_joint: 0.00000e+00  sse_joint: 1.29514e+01  ce_labels_joint: 1.29813e-03  kld_vamb_joint: 4.69165e+00  kld_labels_joint: 9.22964e+00  correct_labels_joint: 0.00000e+00  loss: 1.57909e-01
2026-08-13 13:47:26.581 | INFO    | 		Epoch: 265  loss_vamb: 8.12977e-02  ab_vamb: 4.69615e-03  ce_vamb: 0.00000e+00  sse_vamb: 5.87900e-02  kld_vamb: 1.77507e-02  loss_labels: 6.14378e-03  ce_labels_labels: 7.56156e-04  kld_labels: 3.44808e+01  correct_labels_labels: 0.00000e+00  loss_joint: 7.03658e-02  ce_joint: 0.00000e+00  sse_joint: 1.28830e+01  ce_labels_joint: 1.33115e-03  kld_vamb_joint: 4.70598e+00  kld_labels_joint: 9.22489e+00  correct_labels_joint: 0.00000e+00  loss: 1.57807e-01
2026-08-13 13:47:27.308 | INFO    | 		Epoch: 266  loss_vamb: 8.09287e-02  ab_vamb: 4.13938e-03  ce_vamb: 0.00000e+00  sse_vamb: 5.89625e-02  kld_vamb: 1.77899e-02  loss_labels: 6.65349e-03  ce_labels_labels: 1.25262e-03  kld_labels: 3.45655e+01  correct_labels_labels: 0.00000e+00  loss_joint: 7.03835e-02  ce_joint: 0.00000e+00  sse_joint: 1.30106e+01  ce_labels_joint: 1.06736e-03  kld_vamb_joint: 4.69545e+00  kld_labels_joint: 9.23339e+00  correct_labels_joint: 0.00000e+00  loss: 1.57966e-01
2026-08-13 13:47:28.087 | INFO    | 		Epoch: 267  loss_vamb: 8.06690e-02  ab_vamb: 4.32923e-03  ce_vamb: 0.00000e+00  sse_vamb: 5.84796e-02  kld_vamb: 1.77840e-02  loss_labels: 6.48693e-03  ce_labels_labels: 1.10285e-03  kld_labels: 3.44581e+01  correct_labels_labels: 0.00000e+00  loss_joint: 7.03968e-02  ce_joint: 0.00000e+00  sse_joint: 1.29072e+01  ce_labels_joint: 1.39199e-03  kld_vamb_joint: 4.70881e+00  kld_labels_joint: 9.24297e+00  correct_labels_joint: 0.00000e+00  loss: 1.57553e-01
2026-08-13 13:47:28.735 | INFO    | 		Epoch: 268  loss_vamb: 8.10359e-02  ab_vamb: 4.64642e-03  ce_vamb: 0.00000e+00  sse_vamb: 5.82696e-02  kld_vamb: 1.78326e-02  loss_labels: 7.06537e-03  ce_labels_labels: 1.66548e-03  kld_labels: 3.45593e+01  correct_labels_labels: 0.00000e+00  loss_joint: 7.00825e-02  ce_joint: 0.00000e+00  sse_joint: 1.28238e+01  ce_labels_joint: 1.02734e-03  kld_vamb_joint: 4.71508e+00  kld_labels_joint: 9.25338e+00  correct_labels_joint: 0.00000e+00  loss: 1.58184e-01
2026-08-13 13:47:29.460 | INFO    | 		Epoch: 269  loss_vamb: 8.02651e-02  ab_vamb: 4.00254e-03  ce_vamb: 0.00000e+00  sse_vamb: 5.87491e-02  kld_vamb: 1.77735e-02  loss_labels: 6.17786e-03  ce_labels_labels: 7.60818e-04  kld_labels: 3.46691e+01  correct_labels_labels: 0.00000e+00  loss_joint: 6.98141e-02  ce_joint: 0.00000e+00  sse_joint: 1.29341e+01  ce_labels_joint: 1.11837e-03  kld_vamb_joint: 4.70394e+00  kld_labels_joint: 9.20797e+00  correct_labels_joint: 0.00000e+00  loss: 1.56257e-01
2026-08-13 13:47:30.098 | INFO    | 		Epoch: 270  loss_vamb: 8.07469e-02  ab_vamb: 4.16870e-03  ce_vamb: 0.00000e+00  sse_vamb: 5.86610e-02  kld_vamb: 1.77903e-02  loss_labels: 5.97813e-03  ce_labels_labels: 5.54673e-04  kld_labels: 3.47101e+01  correct_labels_labels: 0.00000e+00  loss_joint: 7.05010e-02  ce_joint: 0.00000e+00  sse_joint: 1.29381e+01  ce_labels_joint: 1.33060e-03  kld_vamb_joint: 4.70900e+00  kld_labels_joint: 9.24801e+00  correct_labels_joint: 0.00000e+00  loss: 1.57226e-01
2026-08-13 13:47:30.742 | INFO    | 		Epoch: 271  loss_vamb: 8.05127e-02  ab_vamb: 4.09853e-03  ce_vamb: 0.00000e+00  sse_vamb: 5.84736e-02  kld_vamb: 1.78472e-02  loss_labels: 6.81779e-03  ce_labels_labels: 1.40028e-03  kld_labels: 3.46721e+01  correct_labels_labels: 0.00000e+00  loss_joint: 7.04081e-02  ce_joint: 0.00000e+00  sse_joint: 1.28778e+01  ce_labels_joint: 1.34659e-03  kld_vamb_joint: 4.69684e+00  kld_labels_joint: 9.24407e+00  correct_labels_joint: 0.00000e+00  loss: 1.57739e-01
2026-08-13 13:47:31.371 | INFO    | 		Epoch: 272  loss_vamb: 7.99728e-02  ab_vamb: 3.77982e-03  ce_vamb: 0.00000e+00  sse_vamb: 5.81512e-02  kld_vamb: 1.78094e-02  loss_labels: 6.29659e-03  ce_labels_labels: 8.67488e-04  kld_labels: 3.47462e+01  correct_labels_labels: 0.00000e+00  loss_joint: 6.89318e-02  ce_joint: 0.00000e+00  sse_joint: 1.27654e+01  ce_labels_joint: 8.41153e-04  kld_vamb_joint: 4.72976e+00  kld_labels_joint: 9.27544e+00  correct_labels_joint: 0.00000e+00  loss: 1.55201e-01
2026-08-13 13:47:32.193 | INFO    | 		Epoch: 273  loss_vamb: 8.02179e-02  ab_vamb: 4.08988e-03  ce_vamb: 0.00000e+00  sse_vamb: 5.83531e-02  kld_vamb: 1.77953e-02  loss_labels: 6.03271e-03  ce_labels_labels: 6.07765e-04  kld_labels: 3.47196e+01  correct_labels_labels: 0.00000e+00  loss_joint: 6.99622e-02  ce_joint: 0.00000e+00  sse_joint: 1.28646e+01  ce_labels_joint: 1.34173e-03  kld_vamb_joint: 4.71960e+00  kld_labels_joint: 9.24492e+00  correct_labels_joint: 0.00000e+00  loss: 1.56213e-01
2026-08-13 13:47:32.939 | INFO    | 		Epoch: 274  loss_vamb: 8.06392e-02  ab_vamb: 4.16496e-03  ce_vamb: 0.00000e+00  sse_vamb: 5.88509e-02  kld_vamb: 1.78543e-02  loss_labels: 6.19804e-03  ce_labels_labels: 7.53018e-04  kld_labels: 3.48481e+01  correct_labels_labels: 0.00000e+00  loss_joint: 6.98410e-02  ce_joint: 0.00000e+00  sse_joint: 1.29577e+01  ce_labels_joint: 1.05935e-03  kld_vamb_joint: 4.71398e+00  kld_labels_joint: 9.25309e+00  correct_labels_joint: 0.00000e+00  loss: 1.56678e-01
2026-08-13 13:47:33.669 | INFO    | 		Epoch: 275  loss_vamb: 8.02191e-02  ab_vamb: 4.15054e-03  ce_vamb: 0.00000e+00  sse_vamb: 5.83195e-02  kld_vamb: 1.78460e-02  loss_labels: 6.13449e-03  ce_labels_labels: 6.85866e-04  kld_labels: 3.48712e+01  correct_labels_labels: 0.00000e+00  loss_joint: 6.97058e-02  ce_joint: 0.00000e+00  sse_joint: 1.28545e+01  ce_labels_joint: 1.05740e-03  kld_vamb_joint: 4.72340e+00  kld_labels_joint: 9.27501e+00  correct_labels_joint: 0.00000e+00  loss: 1.56059e-01
2026-08-13 13:47:34.399 | INFO    | 		Epoch: 276  loss_vamb: 8.07632e-02  ab_vamb: 4.37065e-03  ce_vamb: 0.00000e+00  sse_vamb: 5.83328e-02  kld_vamb: 1.78426e-02  loss_labels: 6.32651e-03  ce_labels_labels: 8.68764e-04  kld_labels: 3.49296e+01  correct_labels_labels: 0.00000e+00  loss_joint: 6.98612e-02  ce_joint: 0.00000e+00  sse_joint: 1.28531e+01  ce_labels_joint: 1.14848e-03  kld_vamb_joint: 4.69979e+00  kld_labels_joint: 9.25041e+00  correct_labels_joint: 0.00000e+00  loss: 1.56951e-01
2026-08-13 13:47:35.229 | INFO    | 		Epoch: 277  loss_vamb: 8.05655e-02  ab_vamb: 4.22528e-03  ce_vamb: 0.00000e+00  sse_vamb: 5.84032e-02  kld_vamb: 1.78630e-02  loss_labels: 6.21931e-03  ce_labels_labels: 7.62898e-04  kld_labels: 3.49210e+01  correct_labels_labels: 0.00000e+00  loss_joint: 6.97563e-02  ce_joint: 0.00000e+00  sse_joint: 1.28290e+01  ce_labels_joint: 1.36677e-03  kld_vamb_joint: 4.68777e+00  kld_labels_joint: 9.26600e+00  correct_labels_joint: 0.00000e+00  loss: 1.56541e-01
2026-08-13 13:47:35.951 | INFO    | 		Epoch: 278  loss_vamb: 8.02096e-02  ab_vamb: 4.06281e-03  ce_vamb: 0.00000e+00  sse_vamb: 5.86519e-02  kld_vamb: 1.77978e-02  loss_labels: 6.05619e-03  ce_labels_labels: 6.21696e-04  kld_labels: 3.47807e+01  correct_labels_labels: 0.00000e+00  loss_joint: 6.99702e-02  ce_joint: 0.00000e+00  sse_joint: 1.29200e+01  ce_labels_joint: 1.19522e-03  kld_vamb_joint: 4.71177e+00  kld_labels_joint: 9.24822e+00  correct_labels_joint: 0.00000e+00  loss: 1.56236e-01
2026-08-13 13:47:36.682 | INFO    | 		Epoch: 279  loss_vamb: 8.03560e-02  ab_vamb: 4.18633e-03  ce_vamb: 0.00000e+00  sse_vamb: 5.83608e-02  kld_vamb: 1.78420e-02  loss_labels: 6.30239e-03  ce_labels_labels: 8.55397e-04  kld_labels: 3.48607e+01  correct_labels_labels: 0.00000e+00  loss_joint: 6.97113e-02  ce_joint: 0.00000e+00  sse_joint: 1.28526e+01  ce_labels_joint: 1.18475e-03  kld_vamb_joint: 4.70270e+00  kld_labels_joint: 9.25021e+00  correct_labels_joint: 0.00000e+00  loss: 1.56370e-01
2026-08-13 13:47:37.397 | INFO    | 		Epoch: 280  loss_vamb: 8.06582e-02  ab_vamb: 4.35510e-03  ce_vamb: 0.00000e+00  sse_vamb: 5.83662e-02  kld_vamb: 1.78622e-02  loss_labels: 6.16600e-03  ce_labels_labels: 7.09213e-04  kld_labels: 3.49235e+01  correct_labels_labels: 0.00000e+00  loss_joint: 7.06080e-02  ce_joint: 0.00000e+00  sse_joint: 1.28395e+01  ce_labels_joint: 1.94482e-03  kld_vamb_joint: 4.67401e+00  kld_labels_joint: 9.24141e+00  correct_labels_joint: 0.00000e+00  loss: 1.57432e-01
2026-08-13 13:47:38.225 | INFO    | 		Epoch: 281  loss_vamb: 8.05840e-02  ab_vamb: 4.13217e-03  ce_vamb: 0.00000e+00  sse_vamb: 5.85219e-02  kld_vamb: 1.78891e-02  loss_labels: 5.89563e-03  ce_labels_labels: 4.61498e-04  kld_labels: 3.47784e+01  correct_labels_labels: 0.00000e+00  loss_joint: 7.04448e-02  ce_joint: 0.00000e+00  sse_joint: 1.28744e+01  ce_labels_joint: 1.66772e-03  kld_vamb_joint: 4.69597e+00  kld_labels_joint: 9.27652e+00  correct_labels_joint: 0.00000e+00  loss: 1.56924e-01
2026-08-13 13:47:38.944 | INFO    | 		Epoch: 282  loss_vamb: 8.02919e-02  ab_vamb: 4.18775e-03  ce_vamb: 0.00000e+00  sse_vamb: 5.81951e-02  kld_vamb: 1.78204e-02  loss_labels: 6.21973e-03  ce_labels_labels: 7.84695e-04  kld_labels: 3.47842e+01  correct_labels_labels: 0.00000e+00  loss_joint: 6.92916e-02  ce_joint: 0.00000e+00  sse_joint: 1.27724e+01  ce_labels_joint: 1.28233e-03  kld_vamb_joint: 4.69631e+00  kld_labels_joint: 9.27135e+00  correct_labels_joint: 0.00000e+00  loss: 1.55803e-01
2026-08-13 13:47:39.648 | INFO    | 		Epoch: 283  loss_vamb: 8.02993e-02  ab_vamb: 4.19405e-03  ce_vamb: 0.00000e+00  sse_vamb: 5.82029e-02  kld_vamb: 1.78581e-02  loss_labels: 5.91309e-03  ce_labels_labels: 4.57580e-04  kld_labels: 3.49153e+01  correct_labels_labels: 0.00000e+00  loss_joint: 7.10023e-02  ce_joint: 0.00000e+00  sse_joint: 1.28133e+01  ce_labels_joint: 2.25809e-03  kld_vamb_joint: 4.70016e+00  kld_labels_joint: 9.27044e+00  correct_labels_joint: 0.00000e+00  loss: 1.57215e-01
2026-08-13 13:47:40.466 | INFO    | 		Epoch: 284  loss_vamb: 8.07319e-02  ab_vamb: 4.42241e-03  ce_vamb: 0.00000e+00  sse_vamb: 5.88498e-02  kld_vamb: 1.78196e-02  loss_labels: 6.21489e-03  ce_labels_labels: 7.89111e-04  kld_labels: 3.47250e+01  correct_labels_labels: 0.00000e+00  loss_joint: 6.98788e-02  ce_joint: 0.00000e+00  sse_joint: 1.29329e+01  ce_labels_joint: 1.21059e-03  kld_vamb_joint: 4.69838e+00  kld_labels_joint: 9.27997e+00  correct_labels_joint: 0.00000e+00  loss: 1.56826e-01
2026-08-13 13:47:41.218 | INFO    | 		Epoch: 285  loss_vamb: 8.03068e-02  ab_vamb: 4.05869e-03  ce_vamb: 0.00000e+00  sse_vamb: 5.82390e-02  kld_vamb: 1.78697e-02  loss_labels: 6.01885e-03  ce_labels_labels: 6.04756e-04  kld_labels: 3.46502e+01  correct_labels_labels: 0.00000e+00  loss_joint: 6.96324e-02  ce_joint: 0.00000e+00  sse_joint: 1.28025e+01  ce_labels_joint: 1.27158e-03  kld_vamb_joint: 4.68835e+00  kld_labels_joint: 9.27654e+00  correct_labels_joint: 0.00000e+00  loss: 1.55958e-01
2026-08-13 13:47:41.991 | INFO    | 		Epoch: 286  loss_vamb: 8.01874e-02  ab_vamb: 4.10997e-03  ce_vamb: 0.00000e+00  sse_vamb: 5.81853e-02  kld_vamb: 1.78375e-02  loss_labels: 6.24039e-03  ce_labels_labels: 8.31507e-04  kld_labels: 3.46169e+01  correct_labels_labels: 0.00000e+00  loss_joint: 7.05531e-02  ce_joint: 0.00000e+00  sse_joint: 1.28296e+01  ce_labels_joint: 1.89895e-03  kld_vamb_joint: 4.70810e+00  kld_labels_joint: 9.26562e+00  correct_labels_joint: 0.00000e+00  loss: 1.56981e-01
2026-08-13 13:47:42.759 | INFO    | 		Epoch: 287  loss_vamb: 8.02679e-02  ab_vamb: 4.15385e-03  ce_vamb: 0.00000e+00  sse_vamb: 5.78986e-02  kld_vamb: 1.78843e-02  loss_labels: 6.01933e-03  ce_labels_labels: 6.05050e-04  kld_labels: 3.46514e+01  correct_labels_labels: 0.00000e+00  loss_joint: 6.99352e-02  ce_joint: 0.00000e+00  sse_joint: 1.26843e+01  ce_labels_joint: 1.76871e-03  kld_vamb_joint: 4.70818e+00  kld_labels_joint: 9.31440e+00  correct_labels_joint: 0.00000e+00  loss: 1.56222e-01
2026-08-13 13:47:43.527 | INFO    | 		Epoch: 288  loss_vamb: 8.04838e-02  ab_vamb: 4.10842e-03  ce_vamb: 0.00000e+00  sse_vamb: 5.84691e-02  kld_vamb: 1.79030e-02  loss_labels: 5.90736e-03  ce_labels_labels: 5.03941e-04  kld_labels: 3.45819e+01  correct_labels_labels: 0.00000e+00  loss_joint: 6.98932e-02  ce_joint: 0.00000e+00  sse_joint: 1.28297e+01  ce_labels_joint: 1.59441e-03  kld_vamb_joint: 4.70913e+00  kld_labels_joint: 9.32798e+00  correct_labels_joint: 0.00000e+00  loss: 1.56284e-01
2026-08-13 13:47:44.331 | INFO    | 		Epoch: 289  loss_vamb: 8.06106e-02  ab_vamb: 4.26690e-03  ce_vamb: 0.00000e+00  sse_vamb: 5.84273e-02  kld_vamb: 1.78459e-02  loss_labels: 6.10122e-03  ce_labels_labels: 7.35268e-04  kld_labels: 3.43421e+01  correct_labels_labels: 0.00000e+00  loss_joint: 6.95338e-02  ce_joint: 0.00000e+00  sse_joint: 1.28005e+01  ce_labels_joint: 1.22426e-03  kld_vamb_joint: 4.70788e+00  kld_labels_joint: 9.31480e+00  correct_labels_joint: 0.00000e+00  loss: 1.56246e-01
2026-08-13 13:47:45.120 | INFO    | 		Epoch: 290  loss_vamb: 8.04024e-02  ab_vamb: 4.16857e-03  ce_vamb: 0.00000e+00  sse_vamb: 5.82027e-02  kld_vamb: 1.79033e-02  loss_labels: 6.68848e-03  ce_labels_labels: 1.30625e-03  kld_labels: 3.44463e+01  correct_labels_labels: 0.00000e+00  loss_joint: 7.00626e-02  ce_joint: 0.00000e+00  sse_joint: 1.28079e+01  ce_labels_joint: 1.46021e-03  kld_vamb_joint: 4.71556e+00  kld_labels_joint: 9.33302e+00  correct_labels_joint: 0.00000e+00  loss: 1.57153e-01
2026-08-13 13:47:45.913 | INFO    | 		Epoch: 291  loss_vamb: 8.01176e-02  ab_vamb: 4.01313e-03  ce_vamb: 0.00000e+00  sse_vamb: 5.80671e-02  kld_vamb: 1.79182e-02  loss_labels: 6.29999e-03  ce_labels_labels: 9.42064e-04  kld_labels: 3.42907e+01  correct_labels_labels: 0.00000e+00  loss_joint: 7.00389e-02  ce_joint: 0.00000e+00  sse_joint: 1.28199e+01  ce_labels_joint: 1.73569e-03  kld_vamb_joint: 4.71652e+00  kld_labels_joint: 9.33838e+00  correct_labels_joint: 0.00000e+00  loss: 1.56456e-01
2026-08-13 13:47:46.636 | INFO    | 		Epoch: 292  loss_vamb: 8.02454e-02  ab_vamb: 4.08119e-03  ce_vamb: 0.00000e+00  sse_vamb: 5.81097e-02  kld_vamb: 1.78925e-02  loss_labels: 6.74932e-03  ce_labels_labels: 1.39700e-03  kld_labels: 3.42548e+01  correct_labels_labels: 0.00000e+00  loss_joint: 6.96514e-02  ce_joint: 0.00000e+00  sse_joint: 1.27483e+01  ce_labels_joint: 1.40072e-03  kld_vamb_joint: 4.73459e+00  kld_labels_joint: 9.33689e+00  correct_labels_joint: 0.00000e+00  loss: 1.56646e-01
2026-08-13 13:47:47.405 | INFO    | 		Epoch: 293  loss_vamb: 8.01873e-02  ab_vamb: 4.31451e-03  ce_vamb: 0.00000e+00  sse_vamb: 5.79208e-02  kld_vamb: 1.78836e-02  loss_labels: 6.75862e-03  ce_labels_labels: 1.41519e-03  kld_labels: 3.41979e+01  correct_labels_labels: 0.00000e+00  loss_joint: 6.93075e-02  ce_joint: 0.00000e+00  sse_joint: 1.27293e+01  ce_labels_joint: 1.24181e-03  kld_vamb_joint: 4.72640e+00  kld_labels_joint: 9.33002e+00  correct_labels_joint: 0.00000e+00  loss: 1.56253e-01
2026-08-13 13:47:48.183 | INFO    | 		Epoch: 294  loss_vamb: 8.02507e-02  ab_vamb: 4.13736e-03  ce_vamb: 0.00000e+00  sse_vamb: 5.84438e-02  kld_vamb: 1.78999e-02  loss_labels: 6.08764e-03  ce_labels_labels: 7.64491e-04  kld_labels: 3.40681e+01  correct_labels_labels: 0.00000e+00  loss_joint: 6.94029e-02  ce_joint: 0.00000e+00  sse_joint: 1.28299e+01  ce_labels_joint: 1.03527e-03  kld_vamb_joint: 4.72511e+00  kld_labels_joint: 9.35633e+00  correct_labels_joint: 0.00000e+00  loss: 1.55741e-01
2026-08-13 13:47:48.919 | INFO    | 		Epoch: 295  loss_vamb: 8.02455e-02  ab_vamb: 4.06304e-03  ce_vamb: 0.00000e+00  sse_vamb: 5.82274e-02  kld_vamb: 1.78908e-02  loss_labels: 6.47584e-03  ce_labels_labels: 1.12078e-03  kld_labels: 3.42724e+01  correct_labels_labels: 0.00000e+00  loss_joint: 6.94715e-02  ce_joint: 0.00000e+00  sse_joint: 1.28489e+01  ce_labels_joint: 9.36375e-04  kld_vamb_joint: 4.73949e+00  kld_labels_joint: 9.32818e+00  correct_labels_joint: 0.00000e+00  loss: 1.56193e-01
2026-08-13 13:47:49.608 | INFO    | 		Epoch: 296  loss_vamb: 8.00130e-02  ab_vamb: 3.98582e-03  ce_vamb: 0.00000e+00  sse_vamb: 5.81405e-02  kld_vamb: 1.79141e-02  loss_labels: 6.28024e-03  ce_labels_labels: 9.42868e-04  kld_labels: 3.41592e+01  correct_labels_labels: 0.00000e+00  loss_joint: 6.87956e-02  ce_joint: 0.00000e+00  sse_joint: 1.27637e+01  ce_labels_joint: 9.08224e-04  kld_vamb_joint: 4.74343e+00  kld_labels_joint: 9.38728e+00  correct_labels_joint: 0.00000e+00  loss: 1.55089e-01
2026-08-13 13:47:50.414 | INFO    | 		Epoch: 297  loss_vamb: 7.96386e-02  ab_vamb: 3.83015e-03  ce_vamb: 0.00000e+00  sse_vamb: 5.79677e-02  kld_vamb: 1.78791e-02  loss_labels: 6.74841e-03  ce_labels_labels: 1.43020e-03  kld_labels: 3.40365e+01  correct_labels_labels: 0.00000e+00  loss_joint: 6.90324e-02  ce_joint: 0.00000e+00  sse_joint: 1.27189e+01  ce_labels_joint: 1.01317e-03  kld_vamb_joint: 4.75465e+00  kld_labels_joint: 9.35340e+00  correct_labels_joint: 0.00000e+00  loss: 1.55419e-01
2026-08-13 13:47:51.218 | INFO    | 		Epoch: 298  loss_vamb: 8.02602e-02  ab_vamb: 4.33801e-03  ce_vamb: 0.00000e+00  sse_vamb: 5.80335e-02  kld_vamb: 1.78915e-02  loss_labels: 6.89533e-03  ce_labels_labels: 1.56343e-03  kld_labels: 3.41242e+01  correct_labels_labels: 0.00000e+00  loss_joint: 6.96828e-02  ce_joint: 0.00000e+00  sse_joint: 1.27742e+01  ce_labels_joint: 1.48163e-03  kld_vamb_joint: 4.74588e+00  kld_labels_joint: 9.37798e+00  correct_labels_joint: 0.00000e+00  loss: 1.56838e-01
2026-08-13 13:47:52.046 | INFO    | 		Epoch: 299  loss_vamb: 7.98558e-02  ab_vamb: 4.03895e-03  ce_vamb: 0.00000e+00  sse_vamb: 5.79546e-02  kld_vamb: 1.78636e-02  loss_labels: 5.92624e-03  ce_labels_labels: 6.07425e-04  kld_labels: 3.40404e+01  correct_labels_labels: 0.00000e+00  loss_joint: 6.86723e-02  ce_joint: 0.00000e+00  sse_joint: 1.27325e+01  ce_labels_joint: 9.81768e-04  kld_vamb_joint: 4.75025e+00  kld_labels_joint: 9.36649e+00  correct_labels_joint: 0.00000e+00  loss: 1.54454e-01
2026-08-13 13:47:52.271 | INFO    | (5556, 32) embedding shape
2026-08-13 13:47:52.399 | INFO    | Clustering
2026-08-13 13:47:52.399 | INFO    | 	Windowsize: 300
2026-08-13 13:47:52.399 | INFO    | 	Min successful thresholds detected: 15
2026-08-13 13:47:52.399 | INFO    | 	Max clusters: None
2026-08-13 13:47:52.399 | INFO    | 	Use CUDA for clustering: False
2026-08-13 13:47:52.399 | INFO    | 	Binsplitter: Defaulting to 'C', but disabled due to incompatible identifiers
2026-08-13 13:47:54.092 | INFO    | 	Clustered 5556 contigs in 1591 unsplit bins
2026-08-13 13:47:54.092 | INFO    | 	Wrote cluster file(s) in 0.0 seconds.
2026-08-13 13:47:55.499 | INFO    | 	Wrote 23 bins with 3746 sequences in 1.41 seconds.
2026-08-13 13:47:55.499 | INFO    | 	Clustered contigs in 1.69 seconds.

2026-08-13 13:47:55.532 | INFO    | Completed Vamb in 301.03 seconds.
TaxVAMB done: /mnt/ME5024_PA2/shared/groups/ZHANGLU/Results_of_CAMI2_Other_datasets_other_binning_tools/TaxVAMB/Airways/Airways-2017.12.04_18.56.22_sample_11; finished=Thu Aug 13 13:47:56 HKT 2026
