TaxVAMB: sample=Airways-2017.12.04_18.56.22_sample_23, threads=32, started=Thu Aug 13 13:47:09 HKT 2026
2026-08-13 13:47:11.778 | INFO    | Starting Vamb version 5.0.4
2026-08-13 13:47:11.778 | INFO    | Random seed is 13733706891062877
2026-08-13 13:47:11.778 | INFO    | Invoked with CLI args: '/mnt/ME5024_PA1/home/csbhzou/miniconda3/envs/taxvamb/bin/vamb bin taxvamb --outdir /mnt/ME5024_PA2/shared/groups/ZHANGLU/Results_of_CAMI2_Other_datasets_other_binning_tools/TaxVAMB/Airways/Airways-2017.12.04_18.56.22_sample_23 --fasta /mnt/ME5024_PA2/shared/groups/ZHANGLU/Data-CAMI2-others-datasets/Airways-2017.12.04_18.56.22_sample_23.contigs.fasta --bamdir /mnt/ME5024_PA2/shared/groups/ZHANGLU/TaxVAMB-Taxonomy-TSV/Airways-2017.12.04_18.56.22_sample_23/bamdir --taxonomy /mnt/ME5024_PA2/shared/groups/ZHANGLU/TaxVAMB-Taxonomy-TSV/Airways-2017.12.04_18.56.22_sample_23/Airways-2017.12.04_18.56.22_sample_23.taxonomy.tsv --minfasta 200000 -m 2000 -p 32'
2026-08-13 13:47:11.778 | INFO    | Loading TNF
2026-08-13 13:47:11.778 | INFO    | 	Minimum sequence length: 2000
2026-08-13 13:47:11.778 | INFO    | 	Loading data from FASTA file /mnt/ME5024_PA2/shared/groups/ZHANGLU/Data-CAMI2-others-datasets/Airways-2017.12.04_18.56.22_sample_23.contigs.fasta

2026-08-13 13:47:12.487 | WARNING | Binsplit separator (option `-o`) implicitly passed as "C", but sequence identifier "NODE_1_length_655128_cov_145.323833" does not contain this separator, or contains it at the very start or end.
A binsplit separator X implies that every sequence identifier is formatted as
[sample identifier][X][sequence identifier], e.g. a binsplit separator of 'C' means that 'S1C19' and '7C11' are valid identifiers.

Skipping binsplitting.

2026-08-13 13:47:12.487 | WARNING | The minimum sequence length has been set to 2000, but 101977 sequences fell below this threshold and was filtered away.
Better results are obtained if the sequence file is filtered to the minimum sequence length before mapping.

2026-08-13 13:47:12.487 | INFO    | 	Kept 31583351 bases in 2656 sequences
2026-08-13 13:47:12.487 | INFO    | 	Processed TNF in 0.71 seconds.

2026-08-13 13:47:12.487 | INFO    | Loading depths
2026-08-13 13:47:12.487 | INFO    | 	Reference hash: 5c1101817ae1b96fe3e762427559002a
2026-08-13 13:47:12.487 | INFO    | 	Parsing 1 BAM files with 32 threads
2026-08-13 13:47:12.487 | INFO    | 	Min identity: 0.0
2026-08-13 13:47:39.289 | INFO    | 	Order of columns is:
2026-08-13 13:47:39.289 | INFO    | 	     0: /mnt/ME5024_PA2/shared/groups/ZHANGLU/TaxVAMB-Taxonomy-TSV/Airways-2017.12.04_18.56.22_sample_23/bamdir/Airways-2017.12.04_18.56.22_sample_23.sorted.bam
2026-08-13 13:47:39.289 | INFO    | 	Processed abundance in 26.8 seconds.

2026-08-13 13:47:39.289 | INFO    | Predicting taxonomy with Taxometer
2026-08-13 13:47:39.303 | INFO    | 	177 nodes in the graph
2026-08-13 13:47:39.314 | INFO    | 	Created dataloader
2026-08-13 13:47:39.314 | INFO    | Starting training the taxonomy predictor
2026-08-13 13:47:39.314 | INFO    | Using threshold 0.5
2026-08-13 13:47:40.141 | INFO    | 	Network properties:
2026-08-13 13:47:40.141 | INFO    | 	    CUDA: False
2026-08-13 13:47:40.141 | INFO    | 	    Hierarchical loss: flat_softmax
2026-08-13 13:47:40.141 | INFO    | 	    Alpha: 0.5
2026-08-13 13:47:40.141 | INFO    | 	    Beta: 200.0
2026-08-13 13:47:40.141 | INFO    | 	    Dropout: 0.2
2026-08-13 13:47:40.141 | INFO    | 	    N hidden: 512, 512, 512, 512
2026-08-13 13:47:40.141 | INFO    | 	Training properties:
2026-08-13 13:47:40.141 | INFO    | 	    N epochs: 100
2026-08-13 13:47:40.141 | INFO    | 	    Starting batch size: 1024
2026-08-13 13:47:40.141 | INFO    | 	    Batchsteps: None
2026-08-13 13:47:40.141 | INFO    | 	    Learning rate: 0.001
2026-08-13 13:47:40.141 | INFO    | 	    N labels: torch.Size([2656, 1])
Using decoupled weight decay
2026-08-13 13:47:40.350 | INFO    | 	Epoch: 1	CE: 3.1835179	Batchsize: 1024
2026-08-13 13:47:40.549 | INFO    | 	Epoch: 2	CE: 3.2079709	Batchsize: 1024
2026-08-13 13:47:40.848 | INFO    | 	Epoch: 3	CE: 2.9833109	Batchsize: 1024
2026-08-13 13:47:41.282 | INFO    | 	Epoch: 4	CE: 1.7656513	Batchsize: 1024
2026-08-13 13:47:41.689 | INFO    | 	Epoch: 5	CE: 1.2934597	Batchsize: 1024
2026-08-13 13:47:42.013 | INFO    | 	Epoch: 6	CE: 1.8852037	Batchsize: 1024
2026-08-13 13:47:42.425 | INFO    | 	Epoch: 7	CE: 0.9667333	Batchsize: 1024
2026-08-13 13:47:42.687 | INFO    | 	Epoch: 8	CE: 0.8325936	Batchsize: 1024
2026-08-13 13:47:42.888 | INFO    | 	Epoch: 9	CE: 0.6665677	Batchsize: 1024
2026-08-13 13:47:43.126 | INFO    | 	Epoch: 10	CE: 0.6318944	Batchsize: 1024
2026-08-13 13:47:43.380 | INFO    | 	Epoch: 11	CE: 0.5466850	Batchsize: 1024
2026-08-13 13:47:43.807 | INFO    | 	Epoch: 12	CE: 0.5386349	Batchsize: 1024
2026-08-13 13:47:44.165 | INFO    | 	Epoch: 13	CE: 0.4601394	Batchsize: 1024
2026-08-13 13:47:44.390 | INFO    | 	Epoch: 14	CE: 0.4327187	Batchsize: 1024
2026-08-13 13:47:44.696 | INFO    | 	Epoch: 15	CE: 0.4265786	Batchsize: 1024
2026-08-13 13:47:45.388 | INFO    | 	Epoch: 16	CE: 0.3845372	Batchsize: 1024
2026-08-13 13:47:45.609 | INFO    | 	Epoch: 17	CE: 0.3566224	Batchsize: 1024
2026-08-13 13:47:45.842 | INFO    | 	Epoch: 18	CE: 0.3261502	Batchsize: 1024
2026-08-13 13:47:46.057 | INFO    | 	Epoch: 19	CE: 0.3214625	Batchsize: 1024
2026-08-13 13:47:46.330 | INFO    | 	Epoch: 20	CE: 0.3128033	Batchsize: 1024
2026-08-13 13:47:46.548 | INFO    | 	Epoch: 21	CE: 0.3020414	Batchsize: 1024
2026-08-13 13:47:46.766 | INFO    | 	Epoch: 22	CE: 0.2749917	Batchsize: 1024
2026-08-13 13:47:46.979 | INFO    | 	Epoch: 23	CE: 0.2811770	Batchsize: 1024
2026-08-13 13:47:47.215 | INFO    | 	Epoch: 24	CE: 0.2759703	Batchsize: 1024
2026-08-13 13:47:47.496 | INFO    | 	Epoch: 25	CE: 0.2562196	Batchsize: 1024
2026-08-13 13:47:47.936 | INFO    | 	Epoch: 26	CE: 0.2231500	Batchsize: 1024
2026-08-13 13:47:48.191 | INFO    | 	Epoch: 27	CE: 0.2356477	Batchsize: 1024
2026-08-13 13:47:48.413 | INFO    | 	Epoch: 28	CE: 0.2344013	Batchsize: 1024
2026-08-13 13:47:48.695 | INFO    | 	Epoch: 29	CE: 0.2375933	Batchsize: 1024
2026-08-13 13:47:49.034 | INFO    | 	Epoch: 30	CE: 0.2178238	Batchsize: 1024
2026-08-13 13:47:49.449 | INFO    | 	Epoch: 31	CE: 0.1857296	Batchsize: 1024
2026-08-13 13:47:49.688 | INFO    | 	Epoch: 32	CE: 0.2001582	Batchsize: 1024
2026-08-13 13:47:49.900 | INFO    | 	Epoch: 33	CE: 0.1943590	Batchsize: 1024
2026-08-13 13:47:50.176 | INFO    | 	Epoch: 34	CE: 0.1689531	Batchsize: 1024
2026-08-13 13:47:50.480 | INFO    | 	Epoch: 35	CE: 0.1727405	Batchsize: 1024
2026-08-13 13:47:50.709 | INFO    | 	Epoch: 36	CE: 0.1702159	Batchsize: 1024
2026-08-13 13:47:50.998 | INFO    | 	Epoch: 37	CE: 0.1532504	Batchsize: 1024
2026-08-13 13:47:51.173 | INFO    | 	Epoch: 38	CE: 0.1474642	Batchsize: 1024
2026-08-13 13:47:51.419 | INFO    | 	Epoch: 39	CE: 0.1416729	Batchsize: 1024
2026-08-13 13:47:51.753 | INFO    | 	Epoch: 40	CE: 0.1405154	Batchsize: 1024
2026-08-13 13:47:52.098 | INFO    | 	Epoch: 41	CE: 0.1257627	Batchsize: 1024
2026-08-13 13:47:52.600 | INFO    | 	Epoch: 42	CE: 0.1393645	Batchsize: 1024
2026-08-13 13:47:52.837 | INFO    | 	Epoch: 43	CE: 0.1176918	Batchsize: 1024
2026-08-13 13:47:53.051 | INFO    | 	Epoch: 44	CE: 0.1243508	Batchsize: 1024
2026-08-13 13:47:53.271 | INFO    | 	Epoch: 45	CE: 0.1177489	Batchsize: 1024
2026-08-13 13:47:53.492 | INFO    | 	Epoch: 46	CE: 0.1111293	Batchsize: 1024
2026-08-13 13:47:53.733 | INFO    | 	Epoch: 47	CE: 0.1191180	Batchsize: 1024
2026-08-13 13:47:54.037 | INFO    | 	Epoch: 48	CE: 0.1187015	Batchsize: 1024
2026-08-13 13:47:54.274 | INFO    | 	Epoch: 49	CE: 0.1060341	Batchsize: 1024
2026-08-13 13:47:54.523 | INFO    | 	Epoch: 50	CE: 0.1128854	Batchsize: 1024
2026-08-13 13:47:54.756 | INFO    | 	Epoch: 51	CE: 0.1181613	Batchsize: 1024
2026-08-13 13:47:54.969 | INFO    | 	Epoch: 52	CE: 0.1079440	Batchsize: 1024
2026-08-13 13:47:55.183 | INFO    | 	Epoch: 53	CE: 0.1082710	Batchsize: 1024
2026-08-13 13:47:55.426 | INFO    | 	Epoch: 54	CE: 0.0997946	Batchsize: 1024
2026-08-13 13:47:55.713 | INFO    | 	Epoch: 55	CE: 0.1023755	Batchsize: 1024
2026-08-13 13:47:55.975 | INFO    | 	Epoch: 56	CE: 0.0953051	Batchsize: 1024
2026-08-13 13:47:56.252 | INFO    | 	Epoch: 57	CE: 0.1064054	Batchsize: 1024
2026-08-13 13:47:56.484 | INFO    | 	Epoch: 58	CE: 0.1015617	Batchsize: 1024
2026-08-13 13:47:56.852 | INFO    | 	Epoch: 59	CE: 0.0949135	Batchsize: 1024
2026-08-13 13:47:57.148 | INFO    | 	Epoch: 60	CE: 0.0629502	Batchsize: 1024
2026-08-13 13:47:57.545 | INFO    | 	Epoch: 61	CE: 0.1030746	Batchsize: 1024
2026-08-13 13:47:57.854 | INFO    | 	Epoch: 62	CE: 0.0745573	Batchsize: 1024
2026-08-13 13:47:58.091 | INFO    | 	Epoch: 63	CE: 0.0768216	Batchsize: 1024
2026-08-13 13:47:58.305 | INFO    | 	Epoch: 64	CE: 0.0721406	Batchsize: 1024
2026-08-13 13:47:58.545 | INFO    | 	Epoch: 65	CE: 0.0671198	Batchsize: 1024
2026-08-13 13:47:58.777 | INFO    | 	Epoch: 66	CE: 0.0628218	Batchsize: 1024
2026-08-13 13:47:59.128 | INFO    | 	Epoch: 67	CE: 0.0627815	Batchsize: 1024
2026-08-13 13:47:59.419 | INFO    | 	Epoch: 68	CE: 0.0590597	Batchsize: 1024
2026-08-13 13:47:59.719 | INFO    | 	Epoch: 69	CE: 0.0570721	Batchsize: 1024
2026-08-13 13:47:59.956 | INFO    | 	Epoch: 70	CE: 0.0610967	Batchsize: 1024
2026-08-13 13:48:00.272 | INFO    | 	Epoch: 71	CE: 0.0533119	Batchsize: 1024
2026-08-13 13:48:00.558 | INFO    | 	Epoch: 72	CE: 0.0495549	Batchsize: 1024
2026-08-13 13:48:00.819 | INFO    | 	Epoch: 73	CE: 0.0583816	Batchsize: 1024
2026-08-13 13:48:00.998 | INFO    | 	Epoch: 74	CE: 0.0497228	Batchsize: 1024
2026-08-13 13:48:01.234 | INFO    | 	Epoch: 75	CE: 0.0485716	Batchsize: 1024
2026-08-13 13:48:01.473 | INFO    | 	Epoch: 76	CE: 0.0500319	Batchsize: 1024
2026-08-13 13:48:01.752 | INFO    | 	Epoch: 77	CE: 0.0633545	Batchsize: 1024
2026-08-13 13:48:02.005 | INFO    | 	Epoch: 78	CE: 0.0525331	Batchsize: 1024
2026-08-13 13:48:02.257 | INFO    | 	Epoch: 79	CE: 0.0445384	Batchsize: 1024
2026-08-13 13:48:02.594 | INFO    | 	Epoch: 80	CE: 0.0458866	Batchsize: 1024
2026-08-13 13:48:02.862 | INFO    | 	Epoch: 81	CE: 0.0485794	Batchsize: 1024
2026-08-13 13:48:03.318 | INFO    | 	Epoch: 82	CE: 0.0468050	Batchsize: 1024
2026-08-13 13:48:03.636 | INFO    | 	Epoch: 83	CE: 0.0448773	Batchsize: 1024
2026-08-13 13:48:03.859 | INFO    | 	Epoch: 84	CE: 0.0498496	Batchsize: 1024
2026-08-13 13:48:04.102 | INFO    | 	Epoch: 85	CE: 0.0485412	Batchsize: 1024
2026-08-13 13:48:04.334 | INFO    | 	Epoch: 86	CE: 0.0385877	Batchsize: 1024
2026-08-13 13:48:04.574 | INFO    | 	Epoch: 87	CE: 0.0356714	Batchsize: 1024
2026-08-13 13:48:04.817 | INFO    | 	Epoch: 88	CE: 0.0395529	Batchsize: 1024
2026-08-13 13:48:05.038 | INFO    | 	Epoch: 89	CE: 0.0290683	Batchsize: 1024
2026-08-13 13:48:05.266 | INFO    | 	Epoch: 90	CE: 0.0461389	Batchsize: 1024
2026-08-13 13:48:05.485 | INFO    | 	Epoch: 91	CE: 0.0445453	Batchsize: 1024
2026-08-13 13:48:05.723 | INFO    | 	Epoch: 92	CE: 0.0372410	Batchsize: 1024
2026-08-13 13:48:06.344 | INFO    | 	Epoch: 93	CE: 0.0480644	Batchsize: 1024
2026-08-13 13:48:06.657 | INFO    | 	Epoch: 94	CE: 0.0422540	Batchsize: 1024
2026-08-13 13:48:06.920 | INFO    | 	Epoch: 95	CE: 0.0486869	Batchsize: 1024
2026-08-13 13:48:07.187 | INFO    | 	Epoch: 96	CE: 0.0384439	Batchsize: 1024
2026-08-13 13:48:07.399 | INFO    | 	Epoch: 97	CE: 0.0440639	Batchsize: 1024
2026-08-13 13:48:07.751 | INFO    | 	Epoch: 98	CE: 0.0459941	Batchsize: 1024
2026-08-13 13:48:08.000 | INFO    | 	Epoch: 99	CE: 0.0466135	Batchsize: 1024
2026-08-13 13:48:08.216 | INFO    | 	Epoch: 100	CE: 0.0434996	Batchsize: 1024
2026-08-13 13:48:08.225 | INFO    | Finished training the taxonomy predictor in 28.91 seconds.
2026-08-13 13:48:08.225 | INFO    | Writing the taxonomy predictions
2026-08-13 13:48:08.225 | INFO    | Using threshold 0.5
2026-08-13 13:48:08.545 | INFO    | Completed taxonomy predictions in 29.26 seconds.
2026-08-13 13:48:08.579 | INFO    | 	Network properties:
2026-08-13 13:48:08.579 | INFO    | 	    CUDA: False
2026-08-13 13:48:08.579 | INFO    | 	    Alpha: 0.5
2026-08-13 13:48:08.579 | INFO    | 	    Beta: 200.0
2026-08-13 13:48:08.579 | INFO    | 	    Dropout: 0.0
2026-08-13 13:48:08.579 | INFO    | 	    N hidden: 256, 256
2026-08-13 13:48:08.579 | INFO    | 	    N latent: 32
2026-08-13 13:48:08.580 | INFO    | 	Training properties:
2026-08-13 13:48:08.580 | INFO    | 	    N epochs: 300
2026-08-13 13:48:08.580 | INFO    | 	    Starting batch size: 256
2026-08-13 13:48:08.580 | INFO    | 	    Batchsteps: 25, 75, 150, 225
2026-08-13 13:48:08.580 | INFO    | 	    Learning rate: 0.001
2026-08-13 13:48:08.580 | INFO    | 	    N sequences: 2656
2026-08-13 13:48:08.580 | INFO    | 	    N samples: 1
2026-08-13 13:48:09.238 | INFO    | 		Epoch: 0  loss_vamb: 7.99020e-01  ab_vamb: 3.20099e-01  ce_vamb: 0.00000e+00  sse_vamb: 4.78440e-01  kld_vamb: 1.97692e-03  loss_labels: 2.20433e+00  ce_labels_labels: 2.20038e+00  kld_labels: 2.52941e+01  correct_labels_labels: 0.00000e+00  loss_joint: 3.77259e+00  ce_joint: 0.00000e+00  sse_joint: 9.92301e+01  ce_labels_joint: 2.91545e+00  kld_vamb_joint: 7.03196e-01  kld_labels_joint: 7.69545e-01  correct_labels_joint: 0.00000e+00  loss: 6.77595e+00
2026-08-13 13:48:09.872 | INFO    | 		Epoch: 1  loss_vamb: 4.18693e-01  ab_vamb: 1.22482e-01  ce_vamb: 0.00000e+00  sse_vamb: 2.92133e-01  kld_vamb: 4.62598e-03  loss_labels: 7.76686e-01  ce_labels_labels: 7.67807e-01  kld_labels: 5.68255e+01  correct_labels_labels: 0.00000e+00  loss_joint: 1.77999e+00  ce_joint: 0.00000e+00  sse_joint: 5.83835e+01  ce_labels_joint: 1.35766e+00  kld_vamb_joint: 1.36091e+00  kld_labels_joint: 1.34942e+00  correct_labels_joint: 0.00000e+00  loss: 2.97537e+00
2026-08-13 13:48:10.483 | INFO    | 		Epoch: 2  loss_vamb: 3.12861e-01  ab_vamb: 6.82956e-02  ce_vamb: 0.00000e+00  sse_vamb: 2.38781e-01  kld_vamb: 6.13500e-03  loss_labels: 5.53415e-01  ce_labels_labels: 5.43074e-01  kld_labels: 6.61830e+01  correct_labels_labels: 0.00000e+00  loss_joint: 1.28726e+00  ce_joint: 0.00000e+00  sse_joint: 4.77398e+01  ce_labels_joint: 9.83206e-01  kld_vamb_joint: 1.71434e+00  kld_labels_joint: 1.71864e+00  correct_labels_joint: 0.00000e+00  loss: 2.15354e+00
2026-08-13 13:48:11.029 | INFO    | 		Epoch: 3  loss_vamb: 2.69992e-01  ab_vamb: 5.03344e-02  ce_vamb: 0.00000e+00  sse_vamb: 2.12534e-01  kld_vamb: 7.42338e-03  loss_labels: 4.22807e-01  ce_labels_labels: 4.12059e-01  kld_labels: 6.87887e+01  correct_labels_labels: 0.00000e+00  loss_joint: 1.05846e+00  ce_joint: 0.00000e+00  sse_joint: 4.32780e+01  ce_labels_joint: 7.97683e-01  kld_vamb_joint: 1.89092e+00  kld_labels_joint: 2.00993e+00  correct_labels_joint: 0.00000e+00  loss: 1.75126e+00
2026-08-13 13:48:11.580 | INFO    | 		Epoch: 4  loss_vamb: 2.41542e-01  ab_vamb: 3.73523e-02  ce_vamb: 0.00000e+00  sse_vamb: 1.95962e-01  kld_vamb: 8.48231e-03  loss_labels: 3.29815e-01  ce_labels_labels: 3.18829e-01  kld_labels: 7.03070e+01  correct_labels_labels: 0.00000e+00  loss_joint: 8.90875e-01  ce_joint: 0.00000e+00  sse_joint: 4.11177e+01  ce_labels_joint: 6.51355e-01  kld_vamb_joint: 1.94579e+00  kld_labels_joint: 2.16361e+00  correct_labels_joint: 0.00000e+00  loss: 1.46223e+00
2026-08-13 13:48:12.152 | INFO    | 		Epoch: 5  loss_vamb: 2.24471e-01  ab_vamb: 3.08915e-02  ce_vamb: 0.00000e+00  sse_vamb: 1.84468e-01  kld_vamb: 9.32542e-03  loss_labels: 2.59261e-01  ce_labels_labels: 2.47986e-01  kld_labels: 7.21619e+01  correct_labels_labels: 0.00000e+00  loss_joint: 7.75008e-01  ce_joint: 0.00000e+00  sse_joint: 3.97710e+01  ce_labels_joint: 5.45097e-01  kld_vamb_joint: 2.03382e+00  kld_labels_joint: 2.24204e+00  correct_labels_joint: 0.00000e+00  loss: 1.25874e+00
2026-08-13 13:48:12.773 | INFO    | 		Epoch: 6  loss_vamb: 2.13419e-01  ab_vamb: 2.67002e-02  ce_vamb: 0.00000e+00  sse_vamb: 1.77072e-01  kld_vamb: 9.86629e-03  loss_labels: 2.02958e-01  ce_labels_labels: 1.91393e-01  kld_labels: 7.40125e+01  correct_labels_labels: 0.00000e+00  loss_joint: 6.71025e-01  ce_joint: 0.00000e+00  sse_joint: 3.80371e+01  ce_labels_joint: 4.53654e-01  kld_vamb_joint: 2.10097e+00  kld_labels_joint: 2.28033e+00  correct_labels_joint: 0.00000e+00  loss: 1.08740e+00
2026-08-13 13:48:13.309 | INFO    | 		Epoch: 7  loss_vamb: 2.02256e-01  ab_vamb: 2.11450e-02  ce_vamb: 0.00000e+00  sse_vamb: 1.70983e-01  kld_vamb: 1.03356e-02  loss_labels: 1.54211e-01  ce_labels_labels: 1.42471e-01  kld_labels: 7.51397e+01  correct_labels_labels: 0.00000e+00  loss_joint: 5.97438e-01  ce_joint: 0.00000e+00  sse_joint: 3.73515e+01  ce_labels_joint: 3.83376e-01  kld_vamb_joint: 2.16037e+00  kld_labels_joint: 2.28915e+00  correct_labels_joint: 0.00000e+00  loss: 9.53906e-01
2026-08-13 13:48:13.850 | INFO    | 		Epoch: 8  loss_vamb: 1.96131e-01  ab_vamb: 1.95704e-02  ce_vamb: 0.00000e+00  sse_vamb: 1.66074e-01  kld_vamb: 1.06921e-02  loss_labels: 1.16465e-01  ce_labels_labels: 1.04608e-01  kld_labels: 7.58839e+01  correct_labels_labels: 0.00000e+00  loss_joint: 5.23542e-01  ce_joint: 0.00000e+00  sse_joint: 3.64794e+01  ce_labels_joint: 3.14380e-01  kld_vamb_joint: 2.26549e+00  kld_labels_joint: 2.35975e+00  correct_labels_joint: 0.00000e+00  loss: 8.36138e-01
2026-08-13 13:48:14.382 | INFO    | 		Epoch: 9  loss_vamb: 1.91397e-01  ab_vamb: 1.88401e-02  ce_vamb: 0.00000e+00  sse_vamb: 1.61812e-01  kld_vamb: 1.09435e-02  loss_labels: 9.00957e-02  ce_labels_labels: 7.81516e-02  kld_labels: 7.64423e+01  correct_labels_labels: 0.00000e+00  loss_joint: 4.70920e-01  ce_joint: 0.00000e+00  sse_joint: 3.57438e+01  ce_labels_joint: 2.66266e-01  kld_vamb_joint: 2.33863e+00  kld_labels_joint: 2.40655e+00  correct_labels_joint: 0.00000e+00  loss: 7.52412e-01
2026-08-13 13:48:14.921 | INFO    | 		Epoch: 10  loss_vamb: 1.86590e-01  ab_vamb: 1.73319e-02  ce_vamb: 0.00000e+00  sse_vamb: 1.58309e-01  kld_vamb: 1.11214e-02  loss_labels: 7.29675e-02  ce_labels_labels: 6.09499e-02  kld_labels: 7.69125e+01  correct_labels_labels: 0.00000e+00  loss_joint: 4.32212e-01  ce_joint: 0.00000e+00  sse_joint: 3.52069e+01  ce_labels_joint: 2.32253e-01  kld_vamb_joint: 2.35954e+00  kld_labels_joint: 2.45380e+00  correct_labels_joint: 0.00000e+00  loss: 6.91769e-01
2026-08-13 13:48:15.466 | INFO    | 		Epoch: 11  loss_vamb: 1.83330e-01  ab_vamb: 1.78658e-02  ce_vamb: 0.00000e+00  sse_vamb: 1.54319e-01  kld_vamb: 1.13259e-02  loss_labels: 5.57277e-02  ce_labels_labels: 4.37187e-02  kld_labels: 7.68578e+01  correct_labels_labels: 0.00000e+00  loss_joint: 3.96546e-01  ce_joint: 0.00000e+00  sse_joint: 3.44761e+01  ce_labels_joint: 1.99900e-01  kld_vamb_joint: 2.46257e+00  kld_labels_joint: 2.51495e+00  correct_labels_joint: 0.00000e+00  loss: 6.35603e-01
2026-08-13 13:48:16.001 | INFO    | 		Epoch: 12  loss_vamb: 1.78497e-01  ab_vamb: 1.58237e-02  ce_vamb: 0.00000e+00  sse_vamb: 1.51320e-01  kld_vamb: 1.15265e-02  loss_labels: 4.21203e-02  ce_labels_labels: 3.00603e-02  kld_labels: 7.71840e+01  correct_labels_labels: 0.00000e+00  loss_joint: 3.62213e-01  ce_joint: 0.00000e+00  sse_joint: 3.38702e+01  ce_labels_joint: 1.70719e-01  kld_vamb_joint: 2.55863e+00  kld_labels_joint: 2.58325e+00  correct_labels_joint: 0.00000e+00  loss: 5.82830e-01
2026-08-13 13:48:16.568 | INFO    | 		Epoch: 13  loss_vamb: 1.74399e-01  ab_vamb: 1.35826e-02  ce_vamb: 0.00000e+00  sse_vamb: 1.49214e-01  kld_vamb: 1.17651e-02  loss_labels: 3.40345e-02  ce_labels_labels: 2.20643e-02  kld_labels: 7.66088e+01  correct_labels_labels: 0.00000e+00  loss_joint: 3.29604e-01  ce_joint: 0.00000e+00  sse_joint: 3.39726e+01  ce_labels_joint: 1.36909e-01  kld_vamb_joint: 2.60457e+00  kld_labels_joint: 2.61874e+00  correct_labels_joint: 0.00000e+00  loss: 5.38037e-01
2026-08-13 13:48:17.139 | INFO    | 		Epoch: 14  loss_vamb: 1.71931e-01  ab_vamb: 1.34545e-02  ce_vamb: 0.00000e+00  sse_vamb: 1.46735e-01  kld_vamb: 1.19067e-02  loss_labels: 2.86265e-02  ce_labels_labels: 1.67839e-02  kld_labels: 7.57931e+01  correct_labels_labels: 0.00000e+00  loss_joint: 2.99031e-01  ce_joint: 0.00000e+00  sse_joint: 3.30448e+01  ce_labels_joint: 1.13250e-01  kld_vamb_joint: 2.62312e+00  kld_labels_joint: 2.68949e+00  correct_labels_joint: 0.00000e+00  loss: 4.99588e-01
2026-08-13 13:48:17.708 | INFO    | 		Epoch: 15  loss_vamb: 1.71621e-01  ab_vamb: 1.58665e-02  ce_vamb: 0.00000e+00  sse_vamb: 1.43799e-01  kld_vamb: 1.21278e-02  loss_labels: 2.65919e-02  ce_labels_labels: 1.49201e-02  kld_labels: 7.46994e+01  correct_labels_labels: 0.00000e+00  loss_joint: 2.74317e-01  ce_joint: 0.00000e+00  sse_joint: 3.27327e+01  ce_labels_joint: 9.08215e-02  kld_vamb_joint: 2.72221e+00  kld_labels_joint: 2.75599e+00  correct_labels_joint: 0.00000e+00  loss: 4.72530e-01
2026-08-13 13:48:18.250 | INFO    | 		Epoch: 16  loss_vamb: 1.68641e-01  ab_vamb: 1.42369e-02  ce_vamb: 0.00000e+00  sse_vamb: 1.42341e-01  kld_vamb: 1.22191e-02  loss_labels: 2.53084e-02  ce_labels_labels: 1.37430e-02  kld_labels: 7.40185e+01  correct_labels_labels: 0.00000e+00  loss_joint: 2.60945e-01  ce_joint: 0.00000e+00  sse_joint: 3.24511e+01  ce_labels_joint: 7.96853e-02  kld_vamb_joint: 2.69896e+00  kld_labels_joint: 2.77291e+00  correct_labels_joint: 0.00000e+00  loss: 4.54894e-01
2026-08-13 13:48:18.817 | INFO    | 		Epoch: 17  loss_vamb: 1.66489e-01  ab_vamb: 1.34097e-02  ce_vamb: 0.00000e+00  sse_vamb: 1.40888e-01  kld_vamb: 1.23418e-02  loss_labels: 2.12302e-02  ce_labels_labels: 9.74776e-03  kld_labels: 7.34873e+01  correct_labels_labels: 0.00000e+00  loss_joint: 2.37582e-01  ce_joint: 0.00000e+00  sse_joint: 3.18904e+01  ce_labels_joint: 6.06532e-02  kld_vamb_joint: 2.75905e+00  kld_labels_joint: 2.85809e+00  correct_labels_joint: 0.00000e+00  loss: 4.25301e-01
2026-08-13 13:48:19.362 | INFO    | 		Epoch: 18  loss_vamb: 1.65079e-01  ab_vamb: 1.43266e-02  ce_vamb: 0.00000e+00  sse_vamb: 1.38456e-01  kld_vamb: 1.24443e-02  loss_labels: 1.80126e-02  ce_labels_labels: 6.73700e-03  kld_labels: 7.21637e+01  correct_labels_labels: 0.00000e+00  loss_joint: 2.28935e-01  ce_joint: 0.00000e+00  sse_joint: 3.14208e+01  ce_labels_joint: 5.58926e-02  kld_vamb_joint: 2.80328e+00  kld_labels_joint: 2.93608e+00  correct_labels_joint: 0.00000e+00  loss: 4.12027e-01
2026-08-13 13:48:19.902 | INFO    | 		Epoch: 19  loss_vamb: 1.65322e-01  ab_vamb: 1.53602e-02  ce_vamb: 0.00000e+00  sse_vamb: 1.37524e-01  kld_vamb: 1.25923e-02  loss_labels: 1.85490e-02  ce_labels_labels: 7.47111e-03  kld_labels: 7.08987e+01  correct_labels_labels: 0.00000e+00  loss_joint: 2.18258e-01  ce_joint: 0.00000e+00  sse_joint: 3.10972e+01  ce_labels_joint: 4.70910e-02  kld_vamb_joint: 2.80563e+00  kld_labels_joint: 3.01275e+00  correct_labels_joint: 0.00000e+00  loss: 4.02129e-01
2026-08-13 13:48:20.497 | INFO    | 		Epoch: 20  loss_vamb: 1.62094e-01  ab_vamb: 1.41218e-02  ce_vamb: 0.00000e+00  sse_vamb: 1.35387e-01  kld_vamb: 1.27369e-02  loss_labels: 1.59372e-02  ce_labels_labels: 5.04673e-03  kld_labels: 6.96989e+01  correct_labels_labels: 0.00000e+00  loss_joint: 2.12951e-01  ce_joint: 0.00000e+00  sse_joint: 3.08034e+01  ce_labels_joint: 4.21944e-02  kld_vamb_joint: 2.86544e+00  kld_labels_joint: 3.07133e+00  correct_labels_joint: 0.00000e+00  loss: 3.90983e-01
2026-08-13 13:48:21.086 | INFO    | 		Epoch: 21  loss_vamb: 1.60429e-01  ab_vamb: 1.27703e-02  ce_vamb: 0.00000e+00  sse_vamb: 1.34991e-01  kld_vamb: 1.28121e-02  loss_labels: 1.64461e-02  ce_labels_labels: 5.75281e-03  kld_labels: 6.84372e+01  correct_labels_labels: 0.00000e+00  loss_joint: 2.01821e-01  ce_joint: 0.00000e+00  sse_joint: 3.04629e+01  ce_labels_joint: 3.44409e-02  kld_vamb_joint: 2.92081e+00  kld_labels_joint: 3.15124e+00  correct_labels_joint: 0.00000e+00  loss: 3.78695e-01
2026-08-13 13:48:21.623 | INFO    | 		Epoch: 22  loss_vamb: 1.61668e-01  ab_vamb: 1.56667e-02  ce_vamb: 0.00000e+00  sse_vamb: 1.33173e-01  kld_vamb: 1.29672e-02  loss_labels: 1.55501e-02  ce_labels_labels: 4.98278e-03  kld_labels: 6.76309e+01  correct_labels_labels: 0.00000e+00  loss_joint: 1.93791e-01  ce_joint: 0.00000e+00  sse_joint: 3.00931e+01  ce_labels_joint: 2.86049e-02  kld_vamb_joint: 2.92082e+00  kld_labels_joint: 3.18940e+00  correct_labels_joint: 0.00000e+00  loss: 3.71009e-01
2026-08-13 13:48:22.173 | INFO    | 		Epoch: 23  loss_vamb: 1.59835e-01  ab_vamb: 1.49865e-02  ce_vamb: 0.00000e+00  sse_vamb: 1.31859e-01  kld_vamb: 1.31351e-02  loss_labels: 1.45863e-02  ce_labels_labels: 4.15973e-03  kld_labels: 6.67303e+01  correct_labels_labels: 0.00000e+00  loss_joint: 1.90306e-01  ce_joint: 0.00000e+00  sse_joint: 2.98487e+01  ce_labels_joint: 2.72733e-02  kld_vamb_joint: 2.94423e+00  kld_labels_joint: 3.22514e+00  correct_labels_joint: 0.00000e+00  loss: 3.64727e-01
2026-08-13 13:48:22.833 | INFO    | 		Epoch: 24  loss_vamb: 1.61374e-01  ab_vamb: 1.80776e-02  ce_vamb: 0.00000e+00  sse_vamb: 1.30212e-01  kld_vamb: 1.32395e-02  loss_labels: 1.49157e-02  ce_labels_labels: 4.69616e-03  kld_labels: 6.54049e+01  correct_labels_labels: 0.00000e+00  loss_joint: 1.90221e-01  ce_joint: 0.00000e+00  sse_joint: 2.94671e+01  ce_labels_joint: 2.78419e-02  kld_vamb_joint: 2.93827e+00  kld_labels_joint: 3.28128e+00  correct_labels_joint: 0.00000e+00  loss: 3.66511e-01
2026-08-13 13:48:23.334 | INFO    | 		Epoch: 25  loss_vamb: 1.64862e-01  ab_vamb: 2.14555e-02  ce_vamb: 0.00000e+00  sse_vamb: 1.29688e-01  kld_vamb: 1.33823e-02  loss_labels: 1.44150e-02  ce_labels_labels: 4.26894e-03  kld_labels: 6.49350e+01  correct_labels_labels: 0.00000e+00  loss_joint: 1.98494e-01  ce_joint: 0.00000e+00  sse_joint: 2.92192e+01  ce_labels_joint: 3.43090e-02  kld_vamb_joint: 2.92370e+00  kld_labels_joint: 3.30539e+00  correct_labels_joint: 0.00000e+00  loss: 3.77771e-01
2026-08-13 13:48:23.983 | INFO    | 		Epoch: 26  loss_vamb: 1.61276e-01  ab_vamb: 1.88263e-02  ce_vamb: 0.00000e+00  sse_vamb: 1.28861e-01  kld_vamb: 1.33892e-02  loss_labels: 1.31321e-02  ce_labels_labels: 3.09381e-03  kld_labels: 6.42448e+01  correct_labels_labels: 0.00000e+00  loss_joint: 1.92751e-01  ce_joint: 0.00000e+00  sse_joint: 2.90760e+01  ce_labels_joint: 2.94263e-02  kld_vamb_joint: 2.96097e+00  kld_labels_joint: 3.37307e+00  correct_labels_joint: 0.00000e+00  loss: 3.67159e-01
2026-08-13 13:48:24.645 | INFO    | 		Epoch: 27  loss_vamb: 1.54539e-01  ab_vamb: 1.28705e-02  ce_vamb: 0.00000e+00  sse_vamb: 1.28218e-01  kld_vamb: 1.34516e-02  loss_labels: 1.31985e-02  ce_labels_labels: 3.26521e-03  kld_labels: 6.35729e+01  correct_labels_labels: 0.00000e+00  loss_joint: 1.82654e-01  ce_joint: 0.00000e+00  sse_joint: 2.89636e+01  ce_labels_joint: 2.40820e-02  kld_vamb_joint: 3.00663e+00  kld_labels_joint: 3.42639e+00  correct_labels_joint: 0.00000e+00  loss: 3.50391e-01
2026-08-13 13:48:25.105 | INFO    | 		Epoch: 28  loss_vamb: 1.52931e-01  ab_vamb: 1.20764e-02  ce_vamb: 0.00000e+00  sse_vamb: 1.27229e-01  kld_vamb: 1.35879e-02  loss_labels: 1.24629e-02  ce_labels_labels: 2.70999e-03  kld_labels: 6.24189e+01  correct_labels_labels: 0.00000e+00  loss_joint: 1.77888e-01  ce_joint: 0.00000e+00  sse_joint: 2.88023e+01  ce_labels_joint: 2.18839e-02  kld_vamb_joint: 3.00182e+00  kld_labels_joint: 3.49637e+00  correct_labels_joint: 0.00000e+00  loss: 3.43282e-01
2026-08-13 13:48:25.666 | INFO    | 		Epoch: 29  loss_vamb: 1.51018e-01  ab_vamb: 1.11903e-02  ce_vamb: 0.00000e+00  sse_vamb: 1.26154e-01  kld_vamb: 1.35647e-02  loss_labels: 1.25139e-02  ce_labels_labels: 2.91987e-03  kld_labels: 6.14016e+01  correct_labels_labels: 0.00000e+00  loss_joint: 1.73592e-01  ce_joint: 0.00000e+00  sse_joint: 2.85247e+01  ce_labels_joint: 1.95295e-02  kld_vamb_joint: 2.98672e+00  kld_labels_joint: 3.51957e+00  correct_labels_joint: 0.00000e+00  loss: 3.37124e-01
2026-08-13 13:48:26.069 | INFO    | 		Epoch: 30  loss_vamb: 1.50186e-01  ab_vamb: 1.11921e-02  ce_vamb: 0.00000e+00  sse_vamb: 1.25358e-01  kld_vamb: 1.37091e-02  loss_labels: 1.22013e-02  ce_labels_labels: 2.72158e-03  kld_labels: 6.06704e+01  correct_labels_labels: 0.00000e+00  loss_joint: 1.70448e-01  ce_joint: 0.00000e+00  sse_joint: 2.83689e+01  ce_labels_joint: 1.80430e-02  kld_vamb_joint: 2.96779e+00  kld_labels_joint: 3.53990e+00  correct_labels_joint: 0.00000e+00  loss: 3.32835e-01
2026-08-13 13:48:26.553 | INFO    | 		Epoch: 31  loss_vamb: 1.50351e-01  ab_vamb: 1.21160e-02  ce_vamb: 0.00000e+00  sse_vamb: 1.24437e-01  kld_vamb: 1.36661e-02  loss_labels: 1.26734e-02  ce_labels_labels: 3.26259e-03  kld_labels: 6.02292e+01  correct_labels_labels: 0.00000e+00  loss_joint: 1.68703e-01  ce_joint: 0.00000e+00  sse_joint: 2.81663e+01  ce_labels_joint: 1.69364e-02  kld_vamb_joint: 2.99254e+00  kld_labels_joint: 3.58643e+00  correct_labels_joint: 0.00000e+00  loss: 3.31727e-01
2026-08-13 13:48:27.026 | INFO    | 		Epoch: 32  loss_vamb: 1.49285e-01  ab_vamb: 1.14304e-02  ce_vamb: 0.00000e+00  sse_vamb: 1.24223e-01  kld_vamb: 1.38380e-02  loss_labels: 1.15425e-02  ce_labels_labels: 2.26169e-03  kld_labels: 5.93974e+01  correct_labels_labels: 0.00000e+00  loss_joint: 1.67616e-01  ce_joint: 0.00000e+00  sse_joint: 2.80465e+01  ce_labels_joint: 1.57646e-02  kld_vamb_joint: 2.98983e+00  kld_labels_joint: 3.65101e+00  correct_labels_joint: 0.00000e+00  loss: 3.28444e-01
2026-08-13 13:48:27.479 | INFO    | 		Epoch: 33  loss_vamb: 1.50061e-01  ab_vamb: 1.14120e-02  ce_vamb: 0.00000e+00  sse_vamb: 1.24903e-01  kld_vamb: 1.37943e-02  loss_labels: 1.17308e-02  ce_labels_labels: 2.58661e-03  kld_labels: 5.85230e+01  correct_labels_labels: 0.00000e+00  loss_joint: 1.70439e-01  ce_joint: 0.00000e+00  sse_joint: 2.82960e+01  ce_labels_joint: 1.78941e-02  kld_vamb_joint: 3.01097e+00  kld_labels_joint: 3.68942e+00  correct_labels_joint: 0.00000e+00  loss: 3.32231e-01
2026-08-13 13:48:27.971 | INFO    | 		Epoch: 34  loss_vamb: 1.50344e-01  ab_vamb: 1.21225e-02  ce_vamb: 0.00000e+00  sse_vamb: 1.24683e-01  kld_vamb: 1.38949e-02  loss_labels: 1.13701e-02  ce_labels_labels: 2.34200e-03  kld_labels: 5.77798e+01  correct_labels_labels: 0.00000e+00  loss_joint: 1.67208e-01  ce_joint: 0.00000e+00  sse_joint: 2.82754e+01  ce_labels_joint: 1.42156e-02  kld_vamb_joint: 2.99730e+00  kld_labels_joint: 3.74281e+00  correct_labels_joint: 0.00000e+00  loss: 3.28922e-01
2026-08-13 13:48:28.550 | INFO    | 		Epoch: 35  loss_vamb: 1.46770e-01  ab_vamb: 9.29718e-03  ce_vamb: 0.00000e+00  sse_vamb: 1.23565e-01  kld_vamb: 1.39784e-02  loss_labels: 1.14541e-02  ce_labels_labels: 2.53656e-03  kld_labels: 5.70721e+01  correct_labels_labels: 0.00000e+00  loss_joint: 1.61583e-01  ce_joint: 0.00000e+00  sse_joint: 2.78090e+01  ce_labels_joint: 1.30118e-02  kld_vamb_joint: 3.00694e+00  kld_labels_joint: 3.78225e+00  correct_labels_joint: 0.00000e+00  loss: 3.19807e-01
2026-08-13 13:48:29.125 | INFO    | 		Epoch: 36  loss_vamb: 1.47872e-01  ab_vamb: 1.14374e-02  ce_vamb: 0.00000e+00  sse_vamb: 1.22568e-01  kld_vamb: 1.40141e-02  loss_labels: 1.11367e-02  ce_labels_labels: 2.31930e-03  kld_labels: 5.64313e+01  correct_labels_labels: 0.00000e+00  loss_joint: 1.61714e-01  ce_joint: 0.00000e+00  sse_joint: 2.75842e+01  ce_labels_joint: 1.38282e-02  kld_vamb_joint: 3.01679e+00  kld_labels_joint: 3.83668e+00  correct_labels_joint: 0.00000e+00  loss: 3.20723e-01
2026-08-13 13:48:29.649 | INFO    | 		Epoch: 37  loss_vamb: 1.45756e-01  ab_vamb: 9.75966e-03  ce_vamb: 0.00000e+00  sse_vamb: 1.22181e-01  kld_vamb: 1.40607e-02  loss_labels: 1.09822e-02  ce_labels_labels: 2.29302e-03  kld_labels: 5.56108e+01  correct_labels_labels: 0.00000e+00  loss_joint: 1.60169e-01  ce_joint: 0.00000e+00  sse_joint: 2.76469e+01  ce_labels_joint: 1.25037e-02  kld_vamb_joint: 3.00137e+00  kld_labels_joint: 3.87157e+00  correct_labels_joint: 0.00000e+00  loss: 3.16907e-01
2026-08-13 13:48:30.143 | INFO    | 		Epoch: 38  loss_vamb: 1.44506e-01  ab_vamb: 8.74036e-03  ce_vamb: 0.00000e+00  sse_vamb: 1.21482e-01  kld_vamb: 1.40873e-02  loss_labels: 1.13834e-02  ce_labels_labels: 2.79364e-03  kld_labels: 5.49745e+01  correct_labels_labels: 0.00000e+00  loss_joint: 1.57938e-01  ce_joint: 0.00000e+00  sse_joint: 2.73460e+01  ce_labels_joint: 1.24973e-02  kld_vamb_joint: 3.01831e+00  kld_labels_joint: 3.91343e+00  correct_labels_joint: 0.00000e+00  loss: 3.13827e-01
2026-08-13 13:48:30.637 | INFO    | 		Epoch: 39  loss_vamb: 1.44494e-01  ab_vamb: 9.23127e-03  ce_vamb: 0.00000e+00  sse_vamb: 1.21038e-01  kld_vamb: 1.41549e-02  loss_labels: 1.07976e-02  ce_labels_labels: 2.37577e-03  kld_labels: 5.38996e+01  correct_labels_labels: 0.00000e+00  loss_joint: 1.55971e-01  ce_joint: 0.00000e+00  sse_joint: 2.71863e+01  ce_labels_joint: 1.08353e-02  kld_vamb_joint: 3.02098e+00  kld_labels_joint: 3.95133e+00  correct_labels_joint: 0.00000e+00  loss: 3.11263e-01
2026-08-13 13:48:31.316 | INFO    | 		Epoch: 40  loss_vamb: 1.43152e-01  ab_vamb: 8.65828e-03  ce_vamb: 0.00000e+00  sse_vamb: 1.20037e-01  kld_vamb: 1.42012e-02  loss_labels: 1.03909e-02  ce_labels_labels: 2.02059e-03  kld_labels: 5.35697e+01  correct_labels_labels: 0.00000e+00  loss_joint: 1.53676e-01  ce_joint: 0.00000e+00  sse_joint: 2.69708e+01  ce_labels_joint: 1.02687e-02  kld_vamb_joint: 3.01042e+00  kld_labels_joint: 3.99686e+00  correct_labels_joint: 0.00000e+00  loss: 3.07218e-01
2026-08-13 13:48:31.890 | INFO    | 		Epoch: 41  loss_vamb: 1.42890e-01  ab_vamb: 8.48299e-03  ce_vamb: 0.00000e+00  sse_vamb: 1.20126e-01  kld_vamb: 1.42510e-02  loss_labels: 1.05151e-02  ce_labels_labels: 2.28224e-03  kld_labels: 5.26903e+01  correct_labels_labels: 0.00000e+00  loss_joint: 1.51794e-01  ce_joint: 0.00000e+00  sse_joint: 2.69256e+01  ce_labels_joint: 9.47190e-03  kld_vamb_joint: 3.02165e+00  kld_labels_joint: 4.05089e+00  correct_labels_joint: 0.00000e+00  loss: 3.05200e-01
2026-08-13 13:48:32.450 | INFO    | 		Epoch: 42  loss_vamb: 1.42902e-01  ab_vamb: 8.64450e-03  ce_vamb: 0.00000e+00  sse_vamb: 1.19934e-01  kld_vamb: 1.42799e-02  loss_labels: 1.07660e-02  ce_labels_labels: 2.60941e-03  kld_labels: 5.22022e+01  correct_labels_labels: 0.00000e+00  loss_joint: 1.54466e-01  ce_joint: 0.00000e+00  sse_joint: 2.69431e+01  ce_labels_joint: 1.16580e-02  kld_vamb_joint: 3.03158e+00  kld_labels_joint: 4.07975e+00  correct_labels_joint: 0.00000e+00  loss: 3.08133e-01
2026-08-13 13:48:32.938 | INFO    | 		Epoch: 43  loss_vamb: 1.42539e-01  ab_vamb: 9.14332e-03  ce_vamb: 0.00000e+00  sse_vamb: 1.19092e-01  kld_vamb: 1.43356e-02  loss_labels: 1.05083e-02  ce_labels_labels: 2.37162e-03  kld_labels: 5.20751e+01  correct_labels_labels: 0.00000e+00  loss_joint: 1.52806e-01  ce_joint: 0.00000e+00  sse_joint: 2.66777e+01  ce_labels_joint: 9.88820e-03  kld_vamb_joint: 3.01581e+00  kld_labels_joint: 4.10715e+00  correct_labels_joint: 0.00000e+00  loss: 3.05853e-01
2026-08-13 13:48:33.412 | INFO    | 		Epoch: 44  loss_vamb: 1.41779e-01  ab_vamb: 8.45207e-03  ce_vamb: 0.00000e+00  sse_vamb: 1.18964e-01  kld_vamb: 1.42865e-02  loss_labels: 1.08360e-02  ce_labels_labels: 2.76239e-03  kld_labels: 5.16710e+01  correct_labels_labels: 0.00000e+00  loss_joint: 1.50207e-01  ce_joint: 0.00000e+00  sse_joint: 2.67514e+01  ce_labels_joint: 8.97310e-03  kld_vamb_joint: 3.04625e+00  kld_labels_joint: 4.14883e+00  correct_labels_joint: 0.00000e+00  loss: 3.02822e-01
2026-08-13 13:48:33.890 | INFO    | 		Epoch: 45  loss_vamb: 1.41324e-01  ab_vamb: 9.01674e-03  ce_vamb: 0.00000e+00  sse_vamb: 1.18020e-01  kld_vamb: 1.43974e-02  loss_labels: 1.02644e-02  ce_labels_labels: 2.24848e-03  kld_labels: 5.13017e+01  correct_labels_labels: 0.00000e+00  loss_joint: 1.49031e-01  ce_joint: 0.00000e+00  sse_joint: 2.64358e+01  ce_labels_joint: 9.77918e-03  kld_vamb_joint: 3.01892e+00  kld_labels_joint: 4.17795e+00  correct_labels_joint: 0.00000e+00  loss: 3.00619e-01
2026-08-13 13:48:34.467 | INFO    | 		Epoch: 46  loss_vamb: 1.41260e-01  ab_vamb: 8.36264e-03  ce_vamb: 0.00000e+00  sse_vamb: 1.18446e-01  kld_vamb: 1.44080e-02  loss_labels: 1.01855e-02  ce_labels_labels: 2.19721e-03  kld_labels: 5.11252e+01  correct_labels_labels: 0.00000e+00  loss_joint: 1.50046e-01  ce_joint: 0.00000e+00  sse_joint: 2.66095e+01  ce_labels_joint: 9.66679e-03  kld_vamb_joint: 3.02094e+00  kld_labels_joint: 4.20895e+00  correct_labels_joint: 0.00000e+00  loss: 3.01492e-01
2026-08-13 13:48:34.950 | INFO    | 		Epoch: 47  loss_vamb: 1.40632e-01  ab_vamb: 9.58903e-03  ce_vamb: 0.00000e+00  sse_vamb: 1.16515e-01  kld_vamb: 1.45188e-02  loss_labels: 9.96699e-03  ce_labels_labels: 2.03103e-03  kld_labels: 5.07901e+01  correct_labels_labels: 0.00000e+00  loss_joint: 1.47600e-01  ce_joint: 0.00000e+00  sse_joint: 2.61712e+01  ce_labels_joint: 8.31516e-03  kld_vamb_joint: 3.00274e+00  kld_labels_joint: 4.23748e+00  correct_labels_joint: 0.00000e+00  loss: 2.98199e-01
2026-08-13 13:48:35.450 | INFO    | 		Epoch: 48  loss_vamb: 1.40558e-01  ab_vamb: 9.56924e-03  ce_vamb: 0.00000e+00  sse_vamb: 1.16506e-01  kld_vamb: 1.45438e-02  loss_labels: 9.65595e-03  ce_labels_labels: 1.74452e-03  kld_labels: 5.06332e+01  correct_labels_labels: 0.00000e+00  loss_joint: 1.48252e-01  ce_joint: 0.00000e+00  sse_joint: 2.61420e+01  ce_labels_joint: 9.31646e-03  kld_vamb_joint: 3.00000e+00  kld_labels_joint: 4.26416e+00  correct_labels_joint: 0.00000e+00  loss: 2.98465e-01
2026-08-13 13:48:35.922 | INFO    | 		Epoch: 49  loss_vamb: 1.38481e-01  ab_vamb: 8.08395e-03  ce_vamb: 0.00000e+00  sse_vamb: 1.15640e-01  kld_vamb: 1.45580e-02  loss_labels: 9.87079e-03  ce_labels_labels: 2.06255e-03  kld_labels: 4.99727e+01  correct_labels_labels: 0.00000e+00  loss_joint: 1.45350e-01  ce_joint: 0.00000e+00  sse_joint: 2.59152e+01  ce_labels_joint: 8.17796e-03  kld_vamb_joint: 3.02800e+00  kld_labels_joint: 4.31404e+00  correct_labels_joint: 0.00000e+00  loss: 2.93702e-01
2026-08-13 13:48:36.440 | INFO    | 		Epoch: 50  loss_vamb: 1.40039e-01  ab_vamb: 9.19789e-03  ce_vamb: 0.00000e+00  sse_vamb: 1.16168e-01  kld_vamb: 1.45849e-02  loss_labels: 1.03238e-02  ce_labels_labels: 2.57774e-03  kld_labels: 4.95750e+01  correct_labels_labels: 0.00000e+00  loss_joint: 1.44875e-01  ce_joint: 0.00000e+00  sse_joint: 2.58955e+01  ce_labels_joint: 6.65082e-03  kld_vamb_joint: 3.03548e+00  kld_labels_joint: 4.34147e+00  correct_labels_joint: 0.00000e+00  loss: 2.95238e-01
2026-08-13 13:48:37.145 | INFO    | 		Epoch: 51  loss_vamb: 1.38567e-01  ab_vamb: 8.07733e-03  ce_vamb: 0.00000e+00  sse_vamb: 1.16129e-01  kld_vamb: 1.45445e-02  loss_labels: 9.77580e-03  ce_labels_labels: 1.99834e-03  kld_labels: 4.97757e+01  correct_labels_labels: 0.00000e+00  loss_joint: 1.44431e-01  ce_joint: 0.00000e+00  sse_joint: 2.59869e+01  ce_labels_joint: 7.64027e-03  kld_vamb_joint: 3.03456e+00  kld_labels_joint: 4.33563e+00  correct_labels_joint: 0.00000e+00  loss: 2.92774e-01
2026-08-13 13:48:37.621 | INFO    | 		Epoch: 52  loss_vamb: 1.38353e-01  ab_vamb: 7.82659e-03  ce_vamb: 0.00000e+00  sse_vamb: 1.16095e-01  kld_vamb: 1.46564e-02  loss_labels: 9.43763e-03  ce_labels_labels: 1.73193e-03  kld_labels: 4.93165e+01  correct_labels_labels: 0.00000e+00  loss_joint: 1.45366e-01  ce_joint: 0.00000e+00  sse_joint: 2.59329e+01  ce_labels_joint: 9.33000e-03  kld_vamb_joint: 3.00420e+00  kld_labels_joint: 4.35431e+00  correct_labels_joint: 0.00000e+00  loss: 2.93157e-01
2026-08-13 13:48:38.137 | INFO    | 		Epoch: 53  loss_vamb: 1.36771e-01  ab_vamb: 7.55923e-03  ce_vamb: 0.00000e+00  sse_vamb: 1.14624e-01  kld_vamb: 1.46708e-02  loss_labels: 9.25775e-03  ce_labels_labels: 1.63393e-03  kld_labels: 4.87925e+01  correct_labels_labels: 0.00000e+00  loss_joint: 1.42181e-01  ce_joint: 0.00000e+00  sse_joint: 2.57407e+01  ce_labels_joint: 7.34174e-03  kld_vamb_joint: 3.04578e+00  kld_labels_joint: 4.41920e+00  correct_labels_joint: 0.00000e+00  loss: 2.88210e-01
2026-08-13 13:48:38.657 | INFO    | 		Epoch: 54  loss_vamb: 1.37825e-01  ab_vamb: 8.45144e-03  ce_vamb: 0.00000e+00  sse_vamb: 1.14501e-01  kld_vamb: 1.48144e-02  loss_labels: 9.58913e-03  ce_labels_labels: 2.03075e-03  kld_labels: 4.83736e+01  correct_labels_labels: 0.00000e+00  loss_joint: 1.43968e-01  ce_joint: 0.00000e+00  sse_joint: 2.57249e+01  ce_labels_joint: 7.77502e-03  kld_vamb_joint: 3.05866e+00  kld_labels_joint: 4.45584e+00  correct_labels_joint: 0.00000e+00  loss: 2.91382e-01
2026-08-13 13:48:39.199 | INFO    | 		Epoch: 55  loss_vamb: 1.37216e-01  ab_vamb: 8.48709e-03  ce_vamb: 0.00000e+00  sse_vamb: 1.14007e-01  kld_vamb: 1.48247e-02  loss_labels: 9.19371e-03  ce_labels_labels: 1.71967e-03  kld_labels: 4.78339e+01  correct_labels_labels: 0.00000e+00  loss_joint: 1.42742e-01  ce_joint: 0.00000e+00  sse_joint: 2.55856e+01  ce_labels_joint: 7.64548e-03  kld_vamb_joint: 3.06065e+00  kld_labels_joint: 4.49092e+00  correct_labels_joint: 0.00000e+00  loss: 2.89151e-01
2026-08-13 13:48:39.704 | INFO    | 		Epoch: 56  loss_vamb: 1.36539e-01  ab_vamb: 8.03362e-03  ce_vamb: 0.00000e+00  sse_vamb: 1.13720e-01  kld_vamb: 1.48205e-02  loss_labels: 1.00645e-02  ce_labels_labels: 2.68512e-03  kld_labels: 4.72282e+01  correct_labels_labels: 0.00000e+00  loss_joint: 1.42346e-01  ce_joint: 0.00000e+00  sse_joint: 2.53201e+01  ce_labels_joint: 8.62200e-03  kld_vamb_joint: 3.03188e+00  kld_labels_joint: 4.53148e+00  correct_labels_joint: 0.00000e+00  loss: 2.88949e-01
2026-08-13 13:48:40.181 | INFO    | 		Epoch: 57  loss_vamb: 1.36426e-01  ab_vamb: 8.93880e-03  ce_vamb: 0.00000e+00  sse_vamb: 1.12682e-01  kld_vamb: 1.48546e-02  loss_labels: 8.79084e-03  ce_labels_labels: 1.40912e-03  kld_labels: 4.72430e+01  correct_labels_labels: 0.00000e+00  loss_joint: 1.40307e-01  ce_joint: 0.00000e+00  sse_joint: 2.52635e+01  ce_labels_joint: 6.45926e-03  kld_vamb_joint: 3.01442e+00  kld_labels_joint: 4.53747e+00  correct_labels_joint: 0.00000e+00  loss: 2.85524e-01
2026-08-13 13:48:40.723 | INFO    | 		Epoch: 58  loss_vamb: 1.35656e-01  ab_vamb: 7.81233e-03  ce_vamb: 0.00000e+00  sse_vamb: 1.12933e-01  kld_vamb: 1.48669e-02  loss_labels: 8.82022e-03  ce_labels_labels: 1.49498e-03  kld_labels: 4.68815e+01  correct_labels_labels: 0.00000e+00  loss_joint: 1.40613e-01  ce_joint: 0.00000e+00  sse_joint: 2.53838e+01  ce_labels_joint: 6.61121e-03  kld_vamb_joint: 3.03978e+00  kld_labels_joint: 4.58172e+00  correct_labels_joint: 0.00000e+00  loss: 2.85090e-01
2026-08-13 13:48:41.259 | INFO    | 		Epoch: 59  loss_vamb: 1.35061e-01  ab_vamb: 7.63200e-03  ce_vamb: 0.00000e+00  sse_vamb: 1.12468e-01  kld_vamb: 1.48720e-02  loss_labels: 9.10434e-03  ce_labels_labels: 1.83918e-03  kld_labels: 4.64970e+01  correct_labels_labels: 0.00000e+00  loss_joint: 1.38896e-01  ce_joint: 0.00000e+00  sse_joint: 2.50770e+01  ce_labels_joint: 5.95401e-03  kld_vamb_joint: 3.05499e+00  kld_labels_joint: 4.61266e+00  correct_labels_joint: 0.00000e+00  loss: 2.83061e-01
2026-08-13 13:48:41.893 | INFO    | 		Epoch: 60  loss_vamb: 1.34783e-01  ab_vamb: 7.48721e-03  ce_vamb: 0.00000e+00  sse_vamb: 1.12520e-01  kld_vamb: 1.49253e-02  loss_labels: 8.99390e-03  ce_labels_labels: 1.78777e-03  kld_labels: 4.61192e+01  correct_labels_labels: 0.00000e+00  loss_joint: 1.39224e-01  ce_joint: 0.00000e+00  sse_joint: 2.52426e+01  ce_labels_joint: 6.24205e-03  kld_vamb_joint: 3.05573e+00  kld_labels_joint: 4.66126e+00  correct_labels_joint: 0.00000e+00  loss: 2.83000e-01
2026-08-13 13:48:42.481 | INFO    | 		Epoch: 61  loss_vamb: 1.34441e-01  ab_vamb: 7.57520e-03  ce_vamb: 0.00000e+00  sse_vamb: 1.12055e-01  kld_vamb: 1.48978e-02  loss_labels: 9.03922e-03  ce_labels_labels: 1.92568e-03  kld_labels: 4.55267e+01  correct_labels_labels: 0.00000e+00  loss_joint: 1.39224e-01  ce_joint: 0.00000e+00  sse_joint: 2.50293e+01  ce_labels_joint: 7.86840e-03  kld_vamb_joint: 3.07783e+00  kld_labels_joint: 4.71415e+00  correct_labels_joint: 0.00000e+00  loss: 2.82704e-01
2026-08-13 13:48:42.996 | INFO    | 		Epoch: 62  loss_vamb: 1.34089e-01  ab_vamb: 8.20540e-03  ce_vamb: 0.00000e+00  sse_vamb: 1.10968e-01  kld_vamb: 1.49437e-02  loss_labels: 9.35506e-03  ce_labels_labels: 2.29771e-03  kld_labels: 4.51670e+01  correct_labels_labels: 0.00000e+00  loss_joint: 1.37279e-01  ce_joint: 0.00000e+00  sse_joint: 2.47906e+01  ce_labels_joint: 5.90208e-03  kld_vamb_joint: 3.07288e+00  kld_labels_joint: 4.74830e+00  correct_labels_joint: 0.00000e+00  loss: 2.80723e-01
2026-08-13 13:48:43.481 | INFO    | 		Epoch: 63  loss_vamb: 1.33730e-01  ab_vamb: 7.41206e-03  ce_vamb: 0.00000e+00  sse_vamb: 1.11250e-01  kld_vamb: 1.50276e-02  loss_labels: 9.47708e-03  ce_labels_labels: 2.45563e-03  kld_labels: 4.49373e+01  correct_labels_labels: 0.00000e+00  loss_joint: 1.35961e-01  ce_joint: 0.00000e+00  sse_joint: 2.48210e+01  ce_labels_joint: 6.02195e-03  kld_vamb_joint: 3.07764e+00  kld_labels_joint: 4.79161e+00  correct_labels_joint: 0.00000e+00  loss: 2.79168e-01
2026-08-13 13:48:44.017 | INFO    | 		Epoch: 64  loss_vamb: 1.35800e-01  ab_vamb: 8.95612e-03  ce_vamb: 0.00000e+00  sse_vamb: 1.11783e-01  kld_vamb: 1.49855e-02  loss_labels: 9.39062e-03  ce_labels_labels: 2.39035e-03  kld_labels: 4.48017e+01  correct_labels_labels: 0.00000e+00  loss_joint: 1.38585e-01  ce_joint: 0.00000e+00  sse_joint: 2.48844e+01  ce_labels_joint: 6.65645e-03  kld_vamb_joint: 3.09285e+00  kld_labels_joint: 4.81722e+00  correct_labels_joint: 0.00000e+00  loss: 2.83776e-01
2026-08-13 13:48:44.731 | INFO    | 		Epoch: 65  loss_vamb: 1.34211e-01  ab_vamb: 9.06091e-03  ce_vamb: 0.00000e+00  sse_vamb: 1.10449e-01  kld_vamb: 1.49751e-02  loss_labels: 8.57548e-03  ce_labels_labels: 1.54728e-03  kld_labels: 4.49805e+01  correct_labels_labels: 0.00000e+00  loss_joint: 1.39019e-01  ce_joint: 0.00000e+00  sse_joint: 2.47045e+01  ce_labels_joint: 8.00981e-03  kld_vamb_joint: 3.10794e+00  kld_labels_joint: 4.84835e+00  correct_labels_joint: 0.00000e+00  loss: 2.81805e-01
2026-08-13 13:48:45.334 | INFO    | 		Epoch: 66  loss_vamb: 1.33074e-01  ab_vamb: 8.26918e-03  ce_vamb: 0.00000e+00  sse_vamb: 1.09807e-01  kld_vamb: 1.50828e-02  loss_labels: 8.75541e-03  ce_labels_labels: 1.72660e-03  kld_labels: 4.49844e+01  correct_labels_labels: 0.00000e+00  loss_joint: 1.37320e-01  ce_joint: 0.00000e+00  sse_joint: 2.44499e+01  ce_labels_joint: 7.92830e-03  kld_vamb_joint: 3.10721e+00  kld_labels_joint: 4.89480e+00  correct_labels_joint: 0.00000e+00  loss: 2.79149e-01
2026-08-13 13:48:45.908 | INFO    | 		Epoch: 67  loss_vamb: 1.34478e-01  ab_vamb: 8.24012e-03  ce_vamb: 0.00000e+00  sse_vamb: 1.11192e-01  kld_vamb: 1.51947e-02  loss_labels: 8.56968e-03  ce_labels_labels: 1.59794e-03  kld_labels: 4.46192e+01  correct_labels_labels: 0.00000e+00  loss_joint: 1.36314e-01  ce_joint: 0.00000e+00  sse_joint: 2.46844e+01  ce_labels_joint: 6.29679e-03  kld_vamb_joint: 3.07662e+00  kld_labels_joint: 4.89434e+00  correct_labels_joint: 0.00000e+00  loss: 2.79362e-01
2026-08-13 13:48:46.470 | INFO    | 		Epoch: 68  loss_vamb: 1.32543e-01  ab_vamb: 8.03404e-03  ce_vamb: 0.00000e+00  sse_vamb: 1.09413e-01  kld_vamb: 1.52912e-02  loss_labels: 8.72636e-03  ce_labels_labels: 1.81404e-03  kld_labels: 4.42388e+01  correct_labels_labels: 0.00000e+00  loss_joint: 1.35152e-01  ce_joint: 0.00000e+00  sse_joint: 2.44156e+01  ce_labels_joint: 6.61734e-03  kld_vamb_joint: 3.09986e+00  kld_labels_joint: 4.95039e+00  correct_labels_joint: 0.00000e+00  loss: 2.76421e-01
2026-08-13 13:48:46.992 | INFO    | 		Epoch: 69  loss_vamb: 1.31833e-01  ab_vamb: 7.72553e-03  ce_vamb: 0.00000e+00  sse_vamb: 1.08494e-01  kld_vamb: 1.53455e-02  loss_labels: 8.96744e-03  ce_labels_labels: 2.07293e-03  kld_labels: 4.41249e+01  correct_labels_labels: 0.00000e+00  loss_joint: 1.34777e-01  ce_joint: 0.00000e+00  sse_joint: 2.43611e+01  ce_labels_joint: 5.99632e-03  kld_vamb_joint: 3.08424e+00  kld_labels_joint: 4.95283e+00  correct_labels_joint: 0.00000e+00  loss: 2.75577e-01
2026-08-13 13:48:47.508 | INFO    | 		Epoch: 70  loss_vamb: 1.32994e-01  ab_vamb: 9.39481e-03  ce_vamb: 0.00000e+00  sse_vamb: 1.08346e-01  kld_vamb: 1.53005e-02  loss_labels: 9.37105e-03  ce_labels_labels: 2.51946e-03  kld_labels: 4.38502e+01  correct_labels_labels: 0.00000e+00  loss_joint: 1.35011e-01  ce_joint: 0.00000e+00  sse_joint: 2.40864e+01  ce_labels_joint: 7.08676e-03  kld_vamb_joint: 3.09429e+00  kld_labels_joint: 4.96340e+00  correct_labels_joint: 0.00000e+00  loss: 2.77376e-01
2026-08-13 13:48:48.046 | INFO    | 		Epoch: 71  loss_vamb: 1.33300e-01  ab_vamb: 9.52031e-03  ce_vamb: 0.00000e+00  sse_vamb: 1.08475e-01  kld_vamb: 1.54193e-02  loss_labels: 8.42911e-03  ce_labels_labels: 1.57860e-03  kld_labels: 4.38433e+01  correct_labels_labels: 0.00000e+00  loss_joint: 1.33955e-01  ce_joint: 0.00000e+00  sse_joint: 2.41598e+01  ce_labels_joint: 5.76802e-03  kld_vamb_joint: 3.11303e+00  kld_labels_joint: 4.98989e+00  correct_labels_joint: 0.00000e+00  loss: 2.75684e-01
2026-08-13 13:48:48.517 | INFO    | 		Epoch: 72  loss_vamb: 1.32155e-01  ab_vamb: 8.32627e-03  ce_vamb: 0.00000e+00  sse_vamb: 1.08800e-01  kld_vamb: 1.53780e-02  loss_labels: 8.74280e-03  ce_labels_labels: 1.86446e-03  kld_labels: 4.40214e+01  correct_labels_labels: 0.00000e+00  loss_joint: 1.33573e-01  ce_joint: 0.00000e+00  sse_joint: 2.43429e+01  ce_labels_joint: 5.80953e-03  kld_vamb_joint: 3.10369e+00  kld_labels_joint: 4.98740e+00  correct_labels_joint: 0.00000e+00  loss: 2.74471e-01
2026-08-13 13:48:49.063 | INFO    | 		Epoch: 73  loss_vamb: 1.30624e-01  ab_vamb: 7.68633e-03  ce_vamb: 0.00000e+00  sse_vamb: 1.07477e-01  kld_vamb: 1.54550e-02  loss_labels: 9.02942e-03  ce_labels_labels: 2.14858e-03  kld_labels: 4.40374e+01  correct_labels_labels: 0.00000e+00  loss_joint: 1.32983e-01  ce_joint: 0.00000e+00  sse_joint: 2.40024e+01  ce_labels_joint: 7.04352e-03  kld_vamb_joint: 3.09573e+00  kld_labels_joint: 5.03972e+00  correct_labels_joint: 0.00000e+00  loss: 2.72637e-01
2026-08-13 13:48:49.541 | INFO    | 		Epoch: 74  loss_vamb: 1.33277e-01  ab_vamb: 9.30938e-03  ce_vamb: 0.00000e+00  sse_vamb: 1.08380e-01  kld_vamb: 1.54879e-02  loss_labels: 8.92093e-03  ce_labels_labels: 2.05642e-03  kld_labels: 4.39328e+01  correct_labels_labels: 0.00000e+00  loss_joint: 1.34824e-01  ce_joint: 0.00000e+00  sse_joint: 2.41684e+01  ce_labels_joint: 6.16666e-03  kld_vamb_joint: 3.05686e+00  kld_labels_joint: 5.01062e+00  correct_labels_joint: 0.00000e+00  loss: 2.77022e-01
2026-08-13 13:48:49.922 | INFO    | 		Epoch: 75  loss_vamb: 1.28498e-01  ab_vamb: 7.11696e-03  ce_vamb: 0.00000e+00  sse_vamb: 1.06347e-01  kld_vamb: 1.55562e-02  loss_labels: 8.19098e-03  ce_labels_labels: 1.26023e-03  kld_labels: 4.43568e+01  correct_labels_labels: 0.00000e+00  loss_joint: 1.30312e-01  ce_joint: 0.00000e+00  sse_joint: 2.38048e+01  ce_labels_joint: 6.23455e-03  kld_vamb_joint: 3.03145e+00  kld_labels_joint: 5.02968e+00  correct_labels_joint: 0.00000e+00  loss: 2.67002e-01
2026-08-13 13:48:50.382 | INFO    | 		Epoch: 76  loss_vamb: 1.27471e-01  ab_vamb: 6.59637e-03  ce_vamb: 0.00000e+00  sse_vamb: 1.04833e-01  kld_vamb: 1.55398e-02  loss_labels: 8.32008e-03  ce_labels_labels: 1.39994e-03  kld_labels: 4.42889e+01  correct_labels_labels: 0.00000e+00  loss_joint: 1.28346e-01  ce_joint: 0.00000e+00  sse_joint: 2.34413e+01  ce_labels_joint: 5.75923e-03  kld_vamb_joint: 3.06327e+00  kld_labels_joint: 5.02734e+00  correct_labels_joint: 0.00000e+00  loss: 2.64136e-01
2026-08-13 13:48:50.762 | INFO    | 		Epoch: 77  loss_vamb: 1.27713e-01  ab_vamb: 6.19339e-03  ce_vamb: 0.00000e+00  sse_vamb: 1.05575e-01  kld_vamb: 1.56026e-02  loss_labels: 8.47635e-03  ce_labels_labels: 1.59065e-03  kld_labels: 4.40685e+01  correct_labels_labels: 0.00000e+00  loss_joint: 1.29360e-01  ce_joint: 0.00000e+00  sse_joint: 2.35772e+01  ce_labels_joint: 5.91808e-03  kld_vamb_joint: 3.04592e+00  kld_labels_joint: 5.05316e+00  correct_labels_joint: 0.00000e+00  loss: 2.65550e-01
2026-08-13 13:48:51.130 | INFO    | 		Epoch: 78  loss_vamb: 1.27870e-01  ab_vamb: 6.89930e-03  ce_vamb: 0.00000e+00  sse_vamb: 1.05197e-01  kld_vamb: 1.56584e-02  loss_labels: 8.71069e-03  ce_labels_labels: 1.79199e-03  kld_labels: 4.42797e+01  correct_labels_labels: 0.00000e+00  loss_joint: 1.29014e-01  ce_joint: 0.00000e+00  sse_joint: 2.35711e+01  ce_labels_joint: 6.19754e-03  kld_vamb_joint: 3.03455e+00  kld_labels_joint: 5.04822e+00  correct_labels_joint: 0.00000e+00  loss: 2.65595e-01
2026-08-13 13:48:51.506 | INFO    | 		Epoch: 79  loss_vamb: 1.27770e-01  ab_vamb: 6.47780e-03  ce_vamb: 0.00000e+00  sse_vamb: 1.05552e-01  kld_vamb: 1.57046e-02  loss_labels: 8.17558e-03  ce_labels_labels: 1.29047e-03  kld_labels: 4.40647e+01  correct_labels_labels: 0.00000e+00  loss_joint: 1.30491e-01  ce_joint: 0.00000e+00  sse_joint: 2.36828e+01  ce_labels_joint: 6.99199e-03  kld_vamb_joint: 3.07102e+00  kld_labels_joint: 5.10762e+00  correct_labels_joint: 0.00000e+00  loss: 2.66437e-01
2026-08-13 13:48:51.972 | INFO    | 		Epoch: 80  loss_vamb: 1.26308e-01  ab_vamb: 6.62932e-03  ce_vamb: 0.00000e+00  sse_vamb: 1.03446e-01  kld_vamb: 1.56800e-02  loss_labels: 8.03515e-03  ce_labels_labels: 1.14744e-03  kld_labels: 4.40813e+01  correct_labels_labels: 0.00000e+00  loss_joint: 1.27770e-01  ce_joint: 0.00000e+00  sse_joint: 2.31263e+01  ce_labels_joint: 6.07996e-03  kld_vamb_joint: 3.09773e+00  kld_labels_joint: 5.10404e+00  correct_labels_joint: 0.00000e+00  loss: 2.62113e-01
2026-08-13 13:48:52.363 | INFO    | 		Epoch: 81  loss_vamb: 1.26664e-01  ab_vamb: 5.61150e-03  ce_vamb: 0.00000e+00  sse_vamb: 1.05345e-01  kld_vamb: 1.56587e-02  loss_labels: 8.25865e-03  ce_labels_labels: 1.40837e-03  kld_labels: 4.38418e+01  correct_labels_labels: 0.00000e+00  loss_joint: 1.29076e-01  ce_joint: 0.00000e+00  sse_joint: 2.36817e+01  ce_labels_joint: 5.46246e-03  kld_vamb_joint: 3.12578e+00  kld_labels_joint: 5.13772e+00  correct_labels_joint: 0.00000e+00  loss: 2.64000e-01
2026-08-13 13:48:52.715 | INFO    | 		Epoch: 82  loss_vamb: 1.25899e-01  ab_vamb: 5.79679e-03  ce_vamb: 0.00000e+00  sse_vamb: 1.04079e-01  kld_vamb: 1.56325e-02  loss_labels: 8.41842e-03  ce_labels_labels: 1.59790e-03  kld_labels: 4.36513e+01  correct_labels_labels: 0.00000e+00  loss_joint: 1.28407e-01  ce_joint: 0.00000e+00  sse_joint: 2.34543e+01  ce_labels_joint: 6.03666e-03  kld_vamb_joint: 3.12139e+00  kld_labels_joint: 5.16345e+00  correct_labels_joint: 0.00000e+00  loss: 2.62725e-01
2026-08-13 13:48:53.187 | INFO    | 		Epoch: 83  loss_vamb: 1.24889e-01  ab_vamb: 5.60997e-03  ce_vamb: 0.00000e+00  sse_vamb: 1.03261e-01  kld_vamb: 1.56597e-02  loss_labels: 8.12836e-03  ce_labels_labels: 1.30972e-03  kld_labels: 4.36393e+01  correct_labels_labels: 0.00000e+00  loss_joint: 1.25540e-01  ce_joint: 0.00000e+00  sse_joint: 2.32164e+01  ce_labels_joint: 4.16839e-03  kld_vamb_joint: 3.13800e+00  kld_labels_joint: 5.18024e+00  correct_labels_joint: 0.00000e+00  loss: 2.58557e-01
2026-08-13 13:48:53.666 | INFO    | 		Epoch: 84  loss_vamb: 1.25807e-01  ab_vamb: 5.97738e-03  ce_vamb: 0.00000e+00  sse_vamb: 1.04458e-01  kld_vamb: 1.55781e-02  loss_labels: 8.51650e-03  ce_labels_labels: 1.74114e-03  kld_labels: 4.33623e+01  correct_labels_labels: 0.00000e+00  loss_joint: 1.27228e-01  ce_joint: 0.00000e+00  sse_joint: 2.33752e+01  ce_labels_joint: 5.55747e-03  kld_vamb_joint: 3.17076e+00  kld_labels_joint: 5.20949e+00  correct_labels_joint: 0.00000e+00  loss: 2.61552e-01
2026-08-13 13:48:54.153 | INFO    | 		Epoch: 85  loss_vamb: 1.26978e-01  ab_vamb: 6.52622e-03  ce_vamb: 0.00000e+00  sse_vamb: 1.04805e-01  kld_vamb: 1.56088e-02  loss_labels: 8.64468e-03  ce_labels_labels: 1.88976e-03  kld_labels: 4.32314e+01  correct_labels_labels: 0.00000e+00  loss_joint: 1.27681e-01  ce_joint: 0.00000e+00  sse_joint: 2.34595e+01  ce_labels_joint: 4.90322e-03  kld_vamb_joint: 3.17471e+00  kld_labels_joint: 5.22969e+00  correct_labels_joint: 0.00000e+00  loss: 2.63304e-01
2026-08-13 13:48:54.629 | INFO    | 		Epoch: 86  loss_vamb: 1.25791e-01  ab_vamb: 5.84581e-03  ce_vamb: 0.00000e+00  sse_vamb: 1.04584e-01  kld_vamb: 1.56465e-02  loss_labels: 8.36783e-03  ce_labels_labels: 1.64711e-03  kld_labels: 4.30126e+01  correct_labels_labels: 0.00000e+00  loss_joint: 1.26717e-01  ce_joint: 0.00000e+00  sse_joint: 2.33768e+01  ce_labels_joint: 4.91401e-03  kld_vamb_joint: 3.17924e+00  kld_labels_joint: 5.24114e+00  correct_labels_joint: 0.00000e+00  loss: 2.60876e-01
2026-08-13 13:48:55.112 | INFO    | 		Epoch: 87  loss_vamb: 1.25282e-01  ab_vamb: 6.31541e-03  ce_vamb: 0.00000e+00  sse_vamb: 1.03056e-01  kld_vamb: 1.56777e-02  loss_labels: 8.07635e-03  ce_labels_labels: 1.38602e-03  kld_labels: 4.28181e+01  correct_labels_labels: 0.00000e+00  loss_joint: 1.25906e-01  ce_joint: 0.00000e+00  sse_joint: 2.31267e+01  ce_labels_joint: 4.72120e-03  kld_vamb_joint: 3.17822e+00  kld_labels_joint: 5.24941e+00  correct_labels_joint: 0.00000e+00  loss: 2.59265e-01
2026-08-13 13:48:55.559 | INFO    | 		Epoch: 88  loss_vamb: 1.27142e-01  ab_vamb: 7.43927e-03  ce_vamb: 0.00000e+00  sse_vamb: 1.03982e-01  kld_vamb: 1.57150e-02  loss_labels: 8.89447e-03  ce_labels_labels: 2.22951e-03  kld_labels: 4.26557e+01  correct_labels_labels: 0.00000e+00  loss_joint: 1.28799e-01  ce_joint: 0.00000e+00  sse_joint: 2.33104e+01  ce_labels_joint: 5.98768e-03  kld_vamb_joint: 3.16305e+00  kld_labels_joint: 5.28588e+00  correct_labels_joint: 0.00000e+00  loss: 2.64836e-01
2026-08-13 13:48:56.017 | INFO    | 		Epoch: 89  loss_vamb: 1.26552e-01  ab_vamb: 6.89450e-03  ce_vamb: 0.00000e+00  sse_vamb: 1.04326e-01  kld_vamb: 1.56445e-02  loss_labels: 8.05373e-03  ce_labels_labels: 1.41598e-03  kld_labels: 4.24815e+01  correct_labels_labels: 0.00000e+00  loss_joint: 1.24673e-01  ce_joint: 0.00000e+00  sse_joint: 2.32176e+01  ce_labels_joint: 3.23586e-03  kld_vamb_joint: 3.15959e+00  kld_labels_joint: 5.29167e+00  correct_labels_joint: 0.00000e+00  loss: 2.59279e-01
2026-08-13 13:48:56.508 | INFO    | 		Epoch: 90  loss_vamb: 1.26339e-01  ab_vamb: 6.91268e-03  ce_vamb: 0.00000e+00  sse_vamb: 1.03777e-01  kld_vamb: 1.56335e-02  loss_labels: 7.72995e-03  ce_labels_labels: 1.09723e-03  kld_labels: 4.24494e+01  correct_labels_labels: 0.00000e+00  loss_joint: 1.25930e-01  ce_joint: 0.00000e+00  sse_joint: 2.32880e+01  ce_labels_joint: 3.41008e-03  kld_vamb_joint: 3.16046e+00  kld_labels_joint: 5.29828e+00  correct_labels_joint: 0.00000e+00  loss: 2.59999e-01
2026-08-13 13:48:57.023 | INFO    | 		Epoch: 91  loss_vamb: 1.25788e-01  ab_vamb: 6.60567e-03  ce_vamb: 0.00000e+00  sse_vamb: 1.03342e-01  kld_vamb: 1.56899e-02  loss_labels: 9.06554e-03  ce_labels_labels: 2.50057e-03  kld_labels: 4.20158e+01  correct_labels_labels: 0.00000e+00  loss_joint: 1.24550e-01  ce_joint: 0.00000e+00  sse_joint: 2.30881e+01  ce_labels_joint: 4.05891e-03  kld_vamb_joint: 3.14647e+00  kld_labels_joint: 5.31963e+00  correct_labels_joint: 0.00000e+00  loss: 2.59404e-01
2026-08-13 13:48:57.392 | INFO    | 		Epoch: 92  loss_vamb: 1.25746e-01  ab_vamb: 6.18391e-03  ce_vamb: 0.00000e+00  sse_vamb: 1.04207e-01  kld_vamb: 1.57004e-02  loss_labels: 8.42508e-03  ce_labels_labels: 1.84523e-03  kld_labels: 4.21110e+01  correct_labels_labels: 0.00000e+00  loss_joint: 1.25384e-01  ce_joint: 0.00000e+00  sse_joint: 2.32721e+01  ce_labels_joint: 4.35291e-03  kld_vamb_joint: 3.14330e+00  kld_labels_joint: 5.32942e+00  correct_labels_joint: 0.00000e+00  loss: 2.59554e-01
2026-08-13 13:48:57.915 | INFO    | 		Epoch: 93  loss_vamb: 1.25184e-01  ab_vamb: 5.56723e-03  ce_vamb: 0.00000e+00  sse_vamb: 1.03831e-01  kld_vamb: 1.57514e-02  loss_labels: 7.78834e-03  ce_labels_labels: 1.21836e-03  kld_labels: 4.20479e+01  correct_labels_labels: 0.00000e+00  loss_joint: 1.25049e-01  ce_joint: 0.00000e+00  sse_joint: 2.31511e+01  ce_labels_joint: 4.65565e-03  kld_vamb_joint: 3.14407e+00  kld_labels_joint: 5.34791e+00  correct_labels_joint: 0.00000e+00  loss: 2.58021e-01
2026-08-13 13:48:58.371 | INFO    | 		Epoch: 94  loss_vamb: 1.25227e-01  ab_vamb: 6.12663e-03  ce_vamb: 0.00000e+00  sse_vamb: 1.03309e-01  kld_vamb: 1.57629e-02  loss_labels: 7.56145e-03  ce_labels_labels: 1.04138e-03  kld_labels: 4.17285e+01  correct_labels_labels: 0.00000e+00  loss_joint: 1.24164e-01  ce_joint: 0.00000e+00  sse_joint: 2.30601e+01  ce_labels_joint: 3.71685e-03  kld_vamb_joint: 3.13411e+00  kld_labels_joint: 5.35525e+00  correct_labels_joint: 0.00000e+00  loss: 2.56953e-01
2026-08-13 13:48:58.785 | INFO    | 		Epoch: 95  loss_vamb: 1.23924e-01  ab_vamb: 5.99997e-03  ce_vamb: 0.00000e+00  sse_vamb: 1.02304e-01  kld_vamb: 1.57707e-02  loss_labels: 8.58939e-03  ce_labels_labels: 2.08934e-03  kld_labels: 4.16003e+01  correct_labels_labels: 0.00000e+00  loss_joint: 1.23397e-01  ce_joint: 0.00000e+00  sse_joint: 2.29283e+01  ce_labels_joint: 3.87254e-03  kld_vamb_joint: 3.16048e+00  kld_labels_joint: 5.39861e+00  correct_labels_joint: 0.00000e+00  loss: 2.55910e-01
2026-08-13 13:48:59.255 | INFO    | 		Epoch: 96  loss_vamb: 1.23847e-01  ab_vamb: 5.73546e-03  ce_vamb: 0.00000e+00  sse_vamb: 1.02217e-01  kld_vamb: 1.57359e-02  loss_labels: 8.32891e-03  ce_labels_labels: 1.88347e-03  kld_labels: 4.12508e+01  correct_labels_labels: 0.00000e+00  loss_joint: 1.23087e-01  ce_joint: 0.00000e+00  sse_joint: 2.28203e+01  ce_labels_joint: 3.85386e-03  kld_vamb_joint: 3.15586e+00  kld_labels_joint: 5.40111e+00  correct_labels_joint: 0.00000e+00  loss: 2.55263e-01
2026-08-13 13:48:59.768 | INFO    | 		Epoch: 97  loss_vamb: 1.23440e-01  ab_vamb: 5.89898e-03  ce_vamb: 0.00000e+00  sse_vamb: 1.01456e-01  kld_vamb: 1.57278e-02  loss_labels: 7.84550e-03  ce_labels_labels: 1.37697e-03  kld_labels: 4.13986e+01  correct_labels_labels: 0.00000e+00  loss_joint: 1.22756e-01  ce_joint: 0.00000e+00  sse_joint: 2.27551e+01  ce_labels_joint: 3.80938e-03  kld_vamb_joint: 3.16686e+00  kld_labels_joint: 5.41135e+00  correct_labels_joint: 0.00000e+00  loss: 2.54041e-01
2026-08-13 13:49:00.245 | INFO    | 		Epoch: 98  loss_vamb: 1.24073e-01  ab_vamb: 5.73795e-03  ce_vamb: 0.00000e+00  sse_vamb: 1.02383e-01  kld_vamb: 1.57978e-02  loss_labels: 7.85674e-03  ce_labels_labels: 1.42137e-03  kld_labels: 4.11864e+01  correct_labels_labels: 0.00000e+00  loss_joint: 1.23459e-01  ce_joint: 0.00000e+00  sse_joint: 2.29030e+01  ce_labels_joint: 3.87189e-03  kld_vamb_joint: 3.17253e+00  kld_labels_joint: 5.42940e+00  correct_labels_joint: 0.00000e+00  loss: 2.55389e-01
2026-08-13 13:49:00.722 | INFO    | 		Epoch: 99  loss_vamb: 1.23646e-01  ab_vamb: 5.74559e-03  ce_vamb: 0.00000e+00  sse_vamb: 1.02114e-01  kld_vamb: 1.57570e-02  loss_labels: 8.12949e-03  ce_labels_labels: 1.72113e-03  kld_labels: 4.10135e+01  correct_labels_labels: 0.00000e+00  loss_joint: 1.23420e-01  ce_joint: 0.00000e+00  sse_joint: 2.28182e+01  ce_labels_joint: 4.31754e-03  kld_vamb_joint: 3.20114e+00  kld_labels_joint: 5.46162e+00  correct_labels_joint: 0.00000e+00  loss: 2.55195e-01
2026-08-13 13:49:01.161 | INFO    | 		Epoch: 100  loss_vamb: 1.25691e-01  ab_vamb: 6.85550e-03  ce_vamb: 0.00000e+00  sse_vamb: 1.03218e-01  kld_vamb: 1.57355e-02  loss_labels: 8.66025e-03  ce_labels_labels: 2.27179e-03  kld_labels: 4.08862e+01  correct_labels_labels: 0.00000e+00  loss_joint: 1.25810e-01  ce_joint: 0.00000e+00  sse_joint: 2.31009e+01  ce_labels_joint: 4.43673e-03  kld_vamb_joint: 3.19404e+00  kld_labels_joint: 5.47561e+00  correct_labels_joint: 0.00000e+00  loss: 2.60161e-01
2026-08-13 13:49:01.556 | INFO    | 		Epoch: 101  loss_vamb: 1.23777e-01  ab_vamb: 5.74510e-03  ce_vamb: 0.00000e+00  sse_vamb: 1.02336e-01  kld_vamb: 1.58024e-02  loss_labels: 7.69560e-03  ce_labels_labels: 1.28680e-03  kld_labels: 4.10163e+01  correct_labels_labels: 0.00000e+00  loss_joint: 1.24058e-01  ce_joint: 0.00000e+00  sse_joint: 2.28734e+01  ce_labels_joint: 4.95304e-03  kld_vamb_joint: 3.19539e+00  kld_labels_joint: 5.47324e+00  correct_labels_joint: 0.00000e+00  loss: 2.55530e-01
2026-08-13 13:49:01.973 | INFO    | 		Epoch: 102  loss_vamb: 1.23447e-01  ab_vamb: 5.83123e-03  ce_vamb: 0.00000e+00  sse_vamb: 1.01775e-01  kld_vamb: 1.58314e-02  loss_labels: 7.69158e-03  ce_labels_labels: 1.29175e-03  kld_labels: 4.09589e+01  correct_labels_labels: 0.00000e+00  loss_joint: 1.22344e-01  ce_joint: 0.00000e+00  sse_joint: 2.26337e+01  ce_labels_joint: 4.55833e-03  kld_vamb_joint: 3.19483e+00  kld_labels_joint: 5.52127e+00  correct_labels_joint: 0.00000e+00  loss: 2.53482e-01
2026-08-13 13:49:02.397 | INFO    | 		Epoch: 103  loss_vamb: 1.24215e-01  ab_vamb: 5.95737e-03  ce_vamb: 0.00000e+00  sse_vamb: 1.02421e-01  kld_vamb: 1.58352e-02  loss_labels: 8.42799e-03  ce_labels_labels: 2.04232e-03  kld_labels: 4.08683e+01  correct_labels_labels: 0.00000e+00  loss_joint: 1.23134e-01  ce_joint: 0.00000e+00  sse_joint: 2.28465e+01  ce_labels_joint: 4.24158e-03  kld_vamb_joint: 3.18517e+00  kld_labels_joint: 5.51796e+00  correct_labels_joint: 0.00000e+00  loss: 2.55777e-01
2026-08-13 13:49:02.836 | INFO    | 		Epoch: 104  loss_vamb: 1.23439e-01  ab_vamb: 6.52512e-03  ce_vamb: 0.00000e+00  sse_vamb: 1.00934e-01  kld_vamb: 1.58449e-02  loss_labels: 7.41491e-03  ce_labels_labels: 1.09223e-03  kld_labels: 4.04652e+01  correct_labels_labels: 0.00000e+00  loss_joint: 1.22137e-01  ce_joint: 0.00000e+00  sse_joint: 2.25919e+01  ce_labels_joint: 3.66620e-03  kld_vamb_joint: 3.20177e+00  kld_labels_joint: 5.52810e+00  correct_labels_joint: 0.00000e+00  loss: 2.52990e-01
2026-08-13 13:49:03.174 | INFO    | 		Epoch: 105  loss_vamb: 1.23517e-01  ab_vamb: 5.68008e-03  ce_vamb: 0.00000e+00  sse_vamb: 1.02136e-01  kld_vamb: 1.59028e-02  loss_labels: 8.27340e-03  ce_labels_labels: 1.92750e-03  kld_labels: 4.06138e+01  correct_labels_labels: 0.00000e+00  loss_joint: 1.22995e-01  ce_joint: 0.00000e+00  sse_joint: 2.28829e+01  ce_labels_joint: 4.14334e-03  kld_vamb_joint: 3.18354e+00  kld_labels_joint: 5.53958e+00  correct_labels_joint: 0.00000e+00  loss: 2.54785e-01
2026-08-13 13:49:03.573 | INFO    | 		Epoch: 106  loss_vamb: 1.24195e-01  ab_vamb: 6.60733e-03  ce_vamb: 0.00000e+00  sse_vamb: 1.01910e-01  kld_vamb: 1.59515e-02  loss_labels: 8.18438e-03  ce_labels_labels: 1.85509e-03  kld_labels: 4.05075e+01  correct_labels_labels: 0.00000e+00  loss_joint: 1.21690e-01  ce_joint: 0.00000e+00  sse_joint: 2.27611e+01  ce_labels_joint: 3.33728e-03  kld_vamb_joint: 3.17966e+00  kld_labels_joint: 5.56168e+00  correct_labels_joint: 0.00000e+00  loss: 2.54070e-01
2026-08-13 13:49:03.981 | INFO    | 		Epoch: 107  loss_vamb: 1.23244e-01  ab_vamb: 5.96910e-03  ce_vamb: 0.00000e+00  sse_vamb: 1.01772e-01  kld_vamb: 1.58728e-02  loss_labels: 7.69142e-03  ce_labels_labels: 1.39368e-03  kld_labels: 4.03055e+01  correct_labels_labels: 0.00000e+00  loss_joint: 1.21851e-01  ce_joint: 0.00000e+00  sse_joint: 2.26489e+01  ce_labels_joint: 3.51222e-03  kld_vamb_joint: 3.19179e+00  kld_labels_joint: 5.53339e+00  correct_labels_joint: 0.00000e+00  loss: 2.52787e-01
2026-08-13 13:49:04.347 | INFO    | 		Epoch: 108  loss_vamb: 1.22520e-01  ab_vamb: 5.37144e-03  ce_vamb: 0.00000e+00  sse_vamb: 1.01234e-01  kld_vamb: 1.59364e-02  loss_labels: 7.88086e-03  ce_labels_labels: 1.56807e-03  kld_labels: 4.04018e+01  correct_labels_labels: 0.00000e+00  loss_joint: 1.20887e-01  ce_joint: 0.00000e+00  sse_joint: 2.26094e+01  ce_labels_joint: 3.57998e-03  kld_vamb_joint: 3.20345e+00  kld_labels_joint: 5.59537e+00  correct_labels_joint: 0.00000e+00  loss: 2.51288e-01
2026-08-13 13:49:04.836 | INFO    | 		Epoch: 109  loss_vamb: 1.22203e-01  ab_vamb: 5.55513e-03  ce_vamb: 0.00000e+00  sse_vamb: 1.00688e-01  kld_vamb: 1.59695e-02  loss_labels: 8.95949e-03  ce_labels_labels: 2.67005e-03  kld_labels: 4.02524e+01  correct_labels_labels: 0.00000e+00  loss_joint: 1.19344e-01  ce_joint: 0.00000e+00  sse_joint: 2.24110e+01  ce_labels_joint: 3.32004e-03  kld_vamb_joint: 3.19880e+00  kld_labels_joint: 5.57904e+00  correct_labels_joint: 0.00000e+00  loss: 2.50507e-01
2026-08-13 13:49:05.191 | INFO    | 		Epoch: 110  loss_vamb: 1.22189e-01  ab_vamb: 5.45827e-03  ce_vamb: 0.00000e+00  sse_vamb: 1.00244e-01  kld_vamb: 1.60060e-02  loss_labels: 7.22398e-03  ce_labels_labels: 9.66210e-04  kld_labels: 4.00497e+01  correct_labels_labels: 0.00000e+00  loss_joint: 1.21018e-01  ce_joint: 0.00000e+00  sse_joint: 2.23805e+01  ce_labels_joint: 4.10087e-03  kld_vamb_joint: 3.19216e+00  kld_labels_joint: 5.60872e+00  correct_labels_joint: 0.00000e+00  loss: 2.50431e-01
2026-08-13 13:49:05.587 | INFO    | 		Epoch: 111  loss_vamb: 1.22790e-01  ab_vamb: 5.65014e-03  ce_vamb: 0.00000e+00  sse_vamb: 1.01162e-01  kld_vamb: 1.60207e-02  loss_labels: 7.38611e-03  ce_labels_labels: 1.12852e-03  kld_labels: 4.00486e+01  correct_labels_labels: 0.00000e+00  loss_joint: 1.21537e-01  ce_joint: 0.00000e+00  sse_joint: 2.26406e+01  ce_labels_joint: 4.06133e-03  kld_vamb_joint: 3.18643e+00  kld_labels_joint: 5.61881e+00  correct_labels_joint: 0.00000e+00  loss: 2.51713e-01
2026-08-13 13:49:06.076 | INFO    | 		Epoch: 112  loss_vamb: 1.21796e-01  ab_vamb: 5.02706e-03  ce_vamb: 0.00000e+00  sse_vamb: 1.01026e-01  kld_vamb: 1.60297e-02  loss_labels: 7.68401e-03  ce_labels_labels: 1.43779e-03  kld_labels: 3.99758e+01  correct_labels_labels: 0.00000e+00  loss_joint: 1.20928e-01  ce_joint: 0.00000e+00  sse_joint: 2.25516e+01  ce_labels_joint: 3.94383e-03  kld_vamb_joint: 3.18551e+00  kld_labels_joint: 5.63467e+00  correct_labels_joint: 0.00000e+00  loss: 2.50408e-01
2026-08-13 13:49:06.536 | INFO    | 		Epoch: 113  loss_vamb: 1.22767e-01  ab_vamb: 5.47572e-03  ce_vamb: 0.00000e+00  sse_vamb: 1.02009e-01  kld_vamb: 1.59788e-02  loss_labels: 7.56660e-03  ce_labels_labels: 1.32042e-03  kld_labels: 3.99755e+01  correct_labels_labels: 0.00000e+00  loss_joint: 1.20856e-01  ce_joint: 0.00000e+00  sse_joint: 2.27571e+01  ce_labels_joint: 3.62420e-03  kld_vamb_joint: 3.18555e+00  kld_labels_joint: 5.62526e+00  correct_labels_joint: 0.00000e+00  loss: 2.51189e-01
2026-08-13 13:49:07.052 | INFO    | 		Epoch: 114  loss_vamb: 1.21368e-01  ab_vamb: 5.91418e-03  ce_vamb: 0.00000e+00  sse_vamb: 9.91560e-02  kld_vamb: 1.60308e-02  loss_labels: 7.56540e-03  ce_labels_labels: 1.33406e-03  kld_labels: 3.98806e+01  correct_labels_labels: 0.00000e+00  loss_joint: 1.20468e-01  ce_joint: 0.00000e+00  sse_joint: 2.22525e+01  ce_labels_joint: 4.12194e-03  kld_vamb_joint: 3.18712e+00  kld_labels_joint: 5.65381e+00  correct_labels_joint: 0.00000e+00  loss: 2.49401e-01
2026-08-13 13:49:07.490 | INFO    | 		Epoch: 115  loss_vamb: 1.21629e-01  ab_vamb: 5.39641e-03  ce_vamb: 0.00000e+00  sse_vamb: 9.93364e-02  kld_vamb: 1.59846e-02  loss_labels: 7.95075e-03  ce_labels_labels: 1.76674e-03  kld_labels: 3.95776e+01  correct_labels_labels: 0.00000e+00  loss_joint: 1.20157e-01  ce_joint: 0.00000e+00  sse_joint: 2.21921e+01  ce_labels_joint: 3.77054e-03  kld_vamb_joint: 3.20245e+00  kld_labels_joint: 5.68995e+00  correct_labels_joint: 0.00000e+00  loss: 2.49736e-01
2026-08-13 13:49:07.932 | INFO    | 		Epoch: 116  loss_vamb: 1.21510e-01  ab_vamb: 5.96862e-03  ce_vamb: 0.00000e+00  sse_vamb: 9.95365e-02  kld_vamb: 1.60501e-02  loss_labels: 8.12220e-03  ce_labels_labels: 1.94529e-03  kld_labels: 3.95322e+01  correct_labels_labels: 0.00000e+00  loss_joint: 1.19983e-01  ce_joint: 0.00000e+00  sse_joint: 2.22307e+01  ce_labels_joint: 4.69947e-03  kld_vamb_joint: 3.19699e+00  kld_labels_joint: 5.70286e+00  correct_labels_joint: 0.00000e+00  loss: 2.49616e-01
2026-08-13 13:49:08.426 | INFO    | 		Epoch: 117  loss_vamb: 1.22347e-01  ab_vamb: 5.46439e-03  ce_vamb: 0.00000e+00  sse_vamb: 1.00587e-01  kld_vamb: 1.60035e-02  loss_labels: 7.10236e-03  ce_labels_labels: 9.29437e-04  kld_labels: 3.95067e+01  correct_labels_labels: 0.00000e+00  loss_joint: 1.18292e-01  ce_joint: 0.00000e+00  sse_joint: 2.22653e+01  ce_labels_joint: 2.77940e-03  kld_vamb_joint: 3.20239e+00  kld_labels_joint: 5.69935e+00  correct_labels_joint: 0.00000e+00  loss: 2.47742e-01
2026-08-13 13:49:08.997 | INFO    | 		Epoch: 118  loss_vamb: 1.22760e-01  ab_vamb: 6.04730e-03  ce_vamb: 0.00000e+00  sse_vamb: 1.00265e-01  kld_vamb: 1.60170e-02  loss_labels: 7.48052e-03  ce_labels_labels: 1.33194e-03  kld_labels: 3.93509e+01  correct_labels_labels: 0.00000e+00  loss_joint: 1.19945e-01  ce_joint: 0.00000e+00  sse_joint: 2.23529e+01  ce_labels_joint: 3.33334e-03  kld_vamb_joint: 3.20421e+00  kld_labels_joint: 5.68890e+00  correct_labels_joint: 0.00000e+00  loss: 2.50185e-01
2026-08-13 13:49:09.404 | INFO    | 		Epoch: 119  loss_vamb: 1.19934e-01  ab_vamb: 5.32643e-03  ce_vamb: 0.00000e+00  sse_vamb: 9.82808e-02  kld_vamb: 1.60873e-02  loss_labels: 7.19742e-03  ce_labels_labels: 1.10690e-03  kld_labels: 3.89793e+01  correct_labels_labels: 0.00000e+00  loss_joint: 1.17849e-01  ce_joint: 0.00000e+00  sse_joint: 2.19915e+01  ce_labels_joint: 3.78228e-03  kld_vamb_joint: 3.18786e+00  kld_labels_joint: 5.72247e+00  correct_labels_joint: 0.00000e+00  loss: 2.44981e-01
2026-08-13 13:49:09.877 | INFO    | 		Epoch: 120  loss_vamb: 1.22282e-01  ab_vamb: 5.80650e-03  ce_vamb: 0.00000e+00  sse_vamb: 1.00357e-01  kld_vamb: 1.60797e-02  loss_labels: 7.47749e-03  ce_labels_labels: 1.37123e-03  kld_labels: 3.90800e+01  correct_labels_labels: 0.00000e+00  loss_joint: 1.19167e-01  ce_joint: 0.00000e+00  sse_joint: 2.23060e+01  ce_labels_joint: 3.06732e-03  kld_vamb_joint: 3.19858e+00  kld_labels_joint: 5.73658e+00  correct_labels_joint: 0.00000e+00  loss: 2.48926e-01
2026-08-13 13:49:10.375 | INFO    | 		Epoch: 121  loss_vamb: 1.20853e-01  ab_vamb: 5.74449e-03  ce_vamb: 0.00000e+00  sse_vamb: 9.91917e-02  kld_vamb: 1.61329e-02  loss_labels: 7.47981e-03  ce_labels_labels: 1.41302e-03  kld_labels: 3.88275e+01  correct_labels_labels: 0.00000e+00  loss_joint: 1.18931e-01  ce_joint: 0.00000e+00  sse_joint: 2.21040e+01  ce_labels_joint: 4.15754e-03  kld_vamb_joint: 3.19331e+00  kld_labels_joint: 5.73839e+00  correct_labels_joint: 0.00000e+00  loss: 2.47263e-01
2026-08-13 13:49:10.862 | INFO    | 		Epoch: 122  loss_vamb: 1.20206e-01  ab_vamb: 5.27763e-03  ce_vamb: 0.00000e+00  sse_vamb: 9.85185e-02  kld_vamb: 1.61072e-02  loss_labels: 7.55143e-03  ce_labels_labels: 1.47562e-03  kld_labels: 3.88852e+01  correct_labels_labels: 0.00000e+00  loss_joint: 1.18533e-01  ce_joint: 0.00000e+00  sse_joint: 2.20763e+01  ce_labels_joint: 3.78317e-03  kld_vamb_joint: 3.18525e+00  kld_labels_joint: 5.75395e+00  correct_labels_joint: 0.00000e+00  loss: 2.46290e-01
2026-08-13 13:49:11.266 | INFO    | 		Epoch: 123  loss_vamb: 1.20811e-01  ab_vamb: 5.84145e-03  ce_vamb: 0.00000e+00  sse_vamb: 9.90636e-02  kld_vamb: 1.61164e-02  loss_labels: 7.21108e-03  ce_labels_labels: 1.14675e-03  kld_labels: 3.88117e+01  correct_labels_labels: 0.00000e+00  loss_joint: 1.18967e-01  ce_joint: 0.00000e+00  sse_joint: 2.21461e+01  ce_labels_joint: 3.91044e-03  kld_vamb_joint: 3.18250e+00  kld_labels_joint: 5.74634e+00  correct_labels_joint: 0.00000e+00  loss: 2.46989e-01
2026-08-13 13:49:11.747 | INFO    | 		Epoch: 124  loss_vamb: 1.21937e-01  ab_vamb: 5.73978e-03  ce_vamb: 0.00000e+00  sse_vamb: 1.00371e-01  kld_vamb: 1.61941e-02  loss_labels: 7.07532e-03  ce_labels_labels: 1.00402e-03  kld_labels: 3.88564e+01  correct_labels_labels: 0.00000e+00  loss_joint: 1.21299e-01  ce_joint: 0.00000e+00  sse_joint: 2.23584e+01  ce_labels_joint: 4.90433e-03  kld_vamb_joint: 3.16086e+00  kld_labels_joint: 5.74968e+00  correct_labels_joint: 0.00000e+00  loss: 2.50311e-01
2026-08-13 13:49:12.157 | INFO    | 		Epoch: 125  loss_vamb: 1.20444e-01  ab_vamb: 5.30685e-03  ce_vamb: 0.00000e+00  sse_vamb: 9.89809e-02  kld_vamb: 1.62010e-02  loss_labels: 7.16184e-03  ce_labels_labels: 1.10981e-03  kld_labels: 3.87330e+01  correct_labels_labels: 0.00000e+00  loss_joint: 1.18177e-01  ce_joint: 0.00000e+00  sse_joint: 2.21150e+01  ce_labels_joint: 3.59558e-03  kld_vamb_joint: 3.17222e+00  kld_labels_joint: 5.76063e+00  correct_labels_joint: 0.00000e+00  loss: 2.45783e-01
2026-08-13 13:49:12.627 | INFO    | 		Epoch: 126  loss_vamb: 1.21373e-01  ab_vamb: 5.59043e-03  ce_vamb: 0.00000e+00  sse_vamb: 9.97061e-02  kld_vamb: 1.62144e-02  loss_labels: 7.56084e-03  ce_labels_labels: 1.51724e-03  kld_labels: 3.86791e+01  correct_labels_labels: 0.00000e+00  loss_joint: 1.19298e-01  ce_joint: 0.00000e+00  sse_joint: 2.21273e+01  ce_labels_joint: 4.09283e-03  kld_vamb_joint: 3.18693e+00  kld_labels_joint: 5.78820e+00  correct_labels_joint: 0.00000e+00  loss: 2.48232e-01
2026-08-13 13:49:13.004 | INFO    | 		Epoch: 127  loss_vamb: 1.20162e-01  ab_vamb: 5.46294e-03  ce_vamb: 0.00000e+00  sse_vamb: 9.76365e-02  kld_vamb: 1.62552e-02  loss_labels: 7.47537e-03  ce_labels_labels: 1.48093e-03  kld_labels: 3.83644e+01  correct_labels_labels: 0.00000e+00  loss_joint: 1.17588e-01  ce_joint: 0.00000e+00  sse_joint: 2.18839e+01  ce_labels_joint: 3.65761e-03  kld_vamb_joint: 3.20540e+00  kld_labels_joint: 5.82845e+00  correct_labels_joint: 0.00000e+00  loss: 2.45226e-01
2026-08-13 13:49:13.470 | INFO    | 		Epoch: 128  loss_vamb: 1.20246e-01  ab_vamb: 5.61616e-03  ce_vamb: 0.00000e+00  sse_vamb: 9.87060e-02  kld_vamb: 1.62700e-02  loss_labels: 8.20027e-03  ce_labels_labels: 2.20355e-03  kld_labels: 3.83790e+01  correct_labels_labels: 0.00000e+00  loss_joint: 1.18468e-01  ce_joint: 0.00000e+00  sse_joint: 2.19273e+01  ce_labels_joint: 4.55119e-03  kld_vamb_joint: 3.19097e+00  kld_labels_joint: 5.81150e+00  correct_labels_joint: 0.00000e+00  loss: 2.46915e-01
2026-08-13 13:49:13.992 | INFO    | 		Epoch: 129  loss_vamb: 1.21244e-01  ab_vamb: 6.41775e-03  ce_vamb: 0.00000e+00  sse_vamb: 9.87052e-02  kld_vamb: 1.62903e-02  loss_labels: 7.15893e-03  ce_labels_labels: 1.15497e-03  kld_labels: 3.84254e+01  correct_labels_labels: 0.00000e+00  loss_joint: 1.17217e-01  ce_joint: 0.00000e+00  sse_joint: 2.19564e+01  ce_labels_joint: 2.90267e-03  kld_vamb_joint: 3.15198e+00  kld_labels_joint: 5.80384e+00  correct_labels_joint: 0.00000e+00  loss: 2.45620e-01
2026-08-13 13:49:14.490 | INFO    | 		Epoch: 130  loss_vamb: 1.19537e-01  ab_vamb: 5.05983e-03  ce_vamb: 0.00000e+00  sse_vamb: 9.76740e-02  kld_vamb: 1.62956e-02  loss_labels: 7.39987e-03  ce_labels_labels: 1.37770e-03  kld_labels: 3.85419e+01  correct_labels_labels: 0.00000e+00  loss_joint: 1.17902e-01  ce_joint: 0.00000e+00  sse_joint: 2.17849e+01  ce_labels_joint: 3.50172e-03  kld_vamb_joint: 3.15735e+00  kld_labels_joint: 5.78418e+00  correct_labels_joint: 0.00000e+00  loss: 2.44839e-01
2026-08-13 13:49:14.876 | INFO    | 		Epoch: 131  loss_vamb: 1.21304e-01  ab_vamb: 6.03695e-03  ce_vamb: 0.00000e+00  sse_vamb: 9.94029e-02  kld_vamb: 1.63239e-02  loss_labels: 7.27781e-03  ce_labels_labels: 1.24823e-03  kld_labels: 3.85893e+01  correct_labels_labels: 0.00000e+00  loss_joint: 1.19531e-01  ce_joint: 0.00000e+00  sse_joint: 2.22014e+01  ce_labels_joint: 4.46494e-03  kld_vamb_joint: 3.14537e+00  kld_labels_joint: 5.80027e+00  correct_labels_joint: 0.00000e+00  loss: 2.48113e-01
2026-08-13 13:49:15.270 | INFO    | 		Epoch: 132  loss_vamb: 1.20060e-01  ab_vamb: 5.59719e-03  ce_vamb: 0.00000e+00  sse_vamb: 9.73579e-02  kld_vamb: 1.64023e-02  loss_labels: 7.46383e-03  ce_labels_labels: 1.42158e-03  kld_labels: 3.86704e+01  correct_labels_labels: 0.00000e+00  loss_joint: 1.16829e-01  ce_joint: 0.00000e+00  sse_joint: 2.17657e+01  ce_labels_joint: 3.15013e-03  kld_vamb_joint: 3.19180e+00  kld_labels_joint: 5.84024e+00  correct_labels_joint: 0.00000e+00  loss: 2.44353e-01
2026-08-13 13:49:15.740 | INFO    | 		Epoch: 133  loss_vamb: 1.20034e-01  ab_vamb: 5.35136e-03  ce_vamb: 0.00000e+00  sse_vamb: 9.82311e-02  kld_vamb: 1.63988e-02  loss_labels: 6.98431e-03  ce_labels_labels: 9.48792e-04  kld_labels: 3.86273e+01  correct_labels_labels: 0.00000e+00  loss_joint: 1.17743e-01  ce_joint: 0.00000e+00  sse_joint: 2.17976e+01  ce_labels_joint: 4.41779e-03  kld_vamb_joint: 3.17472e+00  kld_labels_joint: 5.82660e+00  correct_labels_joint: 0.00000e+00  loss: 2.44761e-01
2026-08-13 13:49:16.231 | INFO    | 		Epoch: 134  loss_vamb: 1.20448e-01  ab_vamb: 5.84740e-03  ce_vamb: 0.00000e+00  sse_vamb: 9.85639e-02  kld_vamb: 1.64582e-02  loss_labels: 7.91933e-03  ce_labels_labels: 1.87694e-03  kld_labels: 3.86713e+01  correct_labels_labels: 0.00000e+00  loss_joint: 1.17705e-01  ce_joint: 0.00000e+00  sse_joint: 2.20436e+01  ce_labels_joint: 3.33261e-03  kld_vamb_joint: 3.17631e+00  kld_labels_joint: 5.85711e+00  correct_labels_joint: 0.00000e+00  loss: 2.46072e-01
2026-08-13 13:49:16.744 | INFO    | 		Epoch: 135  loss_vamb: 1.19679e-01  ab_vamb: 5.36939e-03  ce_vamb: 0.00000e+00  sse_vamb: 9.79138e-02  kld_vamb: 1.64607e-02  loss_labels: 7.72707e-03  ce_labels_labels: 1.69264e-03  kld_labels: 3.86203e+01  correct_labels_labels: 0.00000e+00  loss_joint: 1.18905e-01  ce_joint: 0.00000e+00  sse_joint: 2.20089e+01  ce_labels_joint: 5.07475e-03  kld_vamb_joint: 3.17111e+00  kld_labels_joint: 5.84464e+00  correct_labels_joint: 0.00000e+00  loss: 2.46311e-01
2026-08-13 13:49:17.176 | INFO    | 		Epoch: 136  loss_vamb: 1.19803e-01  ab_vamb: 5.73006e-03  ce_vamb: 0.00000e+00  sse_vamb: 9.82792e-02  kld_vamb: 1.63713e-02  loss_labels: 7.42399e-03  ce_labels_labels: 1.33497e-03  kld_labels: 3.89697e+01  correct_labels_labels: 0.00000e+00  loss_joint: 1.17058e-01  ce_joint: 0.00000e+00  sse_joint: 2.20467e+01  ce_labels_joint: 3.16716e-03  kld_vamb_joint: 3.19183e+00  kld_labels_joint: 5.85408e+00  correct_labels_joint: 0.00000e+00  loss: 2.44286e-01
2026-08-13 13:49:17.621 | INFO    | 		Epoch: 137  loss_vamb: 1.19607e-01  ab_vamb: 5.44270e-03  ce_vamb: 0.00000e+00  sse_vamb: 9.76727e-02  kld_vamb: 1.63651e-02  loss_labels: 7.30320e-03  ce_labels_labels: 1.22618e-03  kld_labels: 3.88930e+01  correct_labels_labels: 0.00000e+00  loss_joint: 1.16990e-01  ce_joint: 0.00000e+00  sse_joint: 2.18295e+01  ce_labels_joint: 2.89712e-03  kld_vamb_joint: 3.19291e+00  kld_labels_joint: 5.86293e+00  correct_labels_joint: 0.00000e+00  loss: 2.43900e-01
2026-08-13 13:49:17.978 | INFO    | 		Epoch: 138  loss_vamb: 1.19876e-01  ab_vamb: 5.40879e-03  ce_vamb: 0.00000e+00  sse_vamb: 9.85845e-02  kld_vamb: 1.63868e-02  loss_labels: 7.57967e-03  ce_labels_labels: 1.50022e-03  kld_labels: 3.89085e+01  correct_labels_labels: 0.00000e+00  loss_joint: 1.16822e-01  ce_joint: 0.00000e+00  sse_joint: 2.19493e+01  ce_labels_joint: 3.56679e-03  kld_vamb_joint: 3.20698e+00  kld_labels_joint: 5.88637e+00  correct_labels_joint: 0.00000e+00  loss: 2.44277e-01
2026-08-13 13:49:18.349 | INFO    | 		Epoch: 139  loss_vamb: 1.19849e-01  ab_vamb: 5.93009e-03  ce_vamb: 0.00000e+00  sse_vamb: 9.76706e-02  kld_vamb: 1.63776e-02  loss_labels: 7.01553e-03  ce_labels_labels: 9.21672e-04  kld_labels: 3.90007e+01  correct_labels_labels: 0.00000e+00  loss_joint: 1.16622e-01  ce_joint: 0.00000e+00  sse_joint: 2.17145e+01  ce_labels_joint: 3.27186e-03  kld_vamb_joint: 3.21421e+00  kld_labels_joint: 5.88781e+00  correct_labels_joint: 0.00000e+00  loss: 2.43487e-01
2026-08-13 13:49:18.790 | INFO    | 		Epoch: 140  loss_vamb: 1.18860e-01  ab_vamb: 5.34866e-03  ce_vamb: 0.00000e+00  sse_vamb: 9.73902e-02  kld_vamb: 1.64228e-02  loss_labels: 7.44043e-03  ce_labels_labels: 1.36174e-03  kld_labels: 3.89036e+01  correct_labels_labels: 0.00000e+00  loss_joint: 1.16397e-01  ce_joint: 0.00000e+00  sse_joint: 2.18077e+01  ce_labels_joint: 3.16050e-03  kld_vamb_joint: 3.24108e+00  kld_labels_joint: 5.92221e+00  correct_labels_joint: 0.00000e+00  loss: 2.42697e-01
2026-08-13 13:49:19.277 | INFO    | 		Epoch: 141  loss_vamb: 1.20032e-01  ab_vamb: 6.40747e-03  ce_vamb: 0.00000e+00  sse_vamb: 9.71876e-02  kld_vamb: 1.64721e-02  loss_labels: 6.92002e-03  ce_labels_labels: 8.32105e-04  kld_labels: 3.89627e+01  correct_labels_labels: 0.00000e+00  loss_joint: 1.15491e-01  ce_joint: 0.00000e+00  sse_joint: 2.15590e+01  ce_labels_joint: 2.92760e-03  kld_vamb_joint: 3.22901e+00  kld_labels_joint: 5.92748e+00  correct_labels_joint: 0.00000e+00  loss: 2.42443e-01
2026-08-13 13:49:19.747 | INFO    | 		Epoch: 142  loss_vamb: 1.20987e-01  ab_vamb: 7.29882e-03  ce_vamb: 0.00000e+00  sse_vamb: 9.69325e-02  kld_vamb: 1.64928e-02  loss_labels: 7.23557e-03  ce_labels_labels: 1.17808e-03  kld_labels: 3.87680e+01  correct_labels_labels: 0.00000e+00  loss_joint: 1.17853e-01  ce_joint: 0.00000e+00  sse_joint: 2.15469e+01  ce_labels_joint: 3.83628e-03  kld_vamb_joint: 3.20382e+00  kld_labels_joint: 5.94267e+00  correct_labels_joint: 0.00000e+00  loss: 2.46076e-01
2026-08-13 13:49:20.208 | INFO    | 		Epoch: 143  loss_vamb: 1.19081e-01  ab_vamb: 5.38585e-03  ce_vamb: 0.00000e+00  sse_vamb: 9.71106e-02  kld_vamb: 1.65130e-02  loss_labels: 7.17875e-03  ce_labels_labels: 1.14487e-03  kld_labels: 3.86168e+01  correct_labels_labels: 0.00000e+00  loss_joint: 1.16031e-01  ce_joint: 0.00000e+00  sse_joint: 2.17774e+01  ce_labels_joint: 2.68216e-03  kld_vamb_joint: 3.21165e+00  kld_labels_joint: 5.95696e+00  correct_labels_joint: 0.00000e+00  loss: 2.42290e-01
2026-08-13 13:49:20.578 | INFO    | 		Epoch: 144  loss_vamb: 1.20106e-01  ab_vamb: 7.53058e-03  ce_vamb: 0.00000e+00  sse_vamb: 9.62604e-02  kld_vamb: 1.65303e-02  loss_labels: 7.06579e-03  ce_labels_labels: 1.04393e-03  kld_labels: 3.85399e+01  correct_labels_labels: 0.00000e+00  loss_joint: 1.16838e-01  ce_joint: 0.00000e+00  sse_joint: 2.15897e+01  ce_labels_joint: 2.53435e-03  kld_vamb_joint: 3.19039e+00  kld_labels_joint: 5.92424e+00  correct_labels_joint: 0.00000e+00  loss: 2.44010e-01
2026-08-13 13:49:21.020 | INFO    | 		Epoch: 145  loss_vamb: 1.18558e-01  ab_vamb: 5.15270e-03  ce_vamb: 0.00000e+00  sse_vamb: 9.68928e-02  kld_vamb: 1.65641e-02  loss_labels: 7.03849e-03  ce_labels_labels: 1.01288e-03  kld_labels: 3.85639e+01  correct_labels_labels: 0.00000e+00  loss_joint: 1.15599e-01  ce_joint: 0.00000e+00  sse_joint: 2.17073e+01  ce_labels_joint: 2.94109e-03  kld_vamb_joint: 3.20251e+00  kld_labels_joint: 5.97159e+00  correct_labels_joint: 0.00000e+00  loss: 2.41196e-01
2026-08-13 13:49:21.385 | INFO    | 		Epoch: 146  loss_vamb: 1.18850e-01  ab_vamb: 5.75345e-03  ce_vamb: 0.00000e+00  sse_vamb: 9.60493e-02  kld_vamb: 1.65720e-02  loss_labels: 7.06393e-03  ce_labels_labels: 1.07845e-03  kld_labels: 3.83071e+01  correct_labels_labels: 0.00000e+00  loss_joint: 1.15592e-01  ce_joint: 0.00000e+00  sse_joint: 2.14274e+01  ce_labels_joint: 3.87525e-03  kld_vamb_joint: 3.19323e+00  kld_labels_joint: 5.97995e+00  correct_labels_joint: 0.00000e+00  loss: 2.41506e-01
2026-08-13 13:49:21.746 | INFO    | 		Epoch: 147  loss_vamb: 1.20235e-01  ab_vamb: 6.47344e-03  ce_vamb: 0.00000e+00  sse_vamb: 9.71736e-02  kld_vamb: 1.65365e-02  loss_labels: 7.42597e-03  ce_labels_labels: 1.49879e-03  kld_labels: 3.79339e+01  correct_labels_labels: 0.00000e+00  loss_joint: 1.18181e-01  ce_joint: 0.00000e+00  sse_joint: 2.17803e+01  ce_labels_joint: 4.27730e-03  kld_vamb_joint: 3.22517e+00  kld_labels_joint: 5.99715e+00  correct_labels_joint: 0.00000e+00  loss: 2.45842e-01
2026-08-13 13:49:22.167 | INFO    | 		Epoch: 148  loss_vamb: 1.18769e-01  ab_vamb: 5.69441e-03  ce_vamb: 0.00000e+00  sse_vamb: 9.62321e-02  kld_vamb: 1.65809e-02  loss_labels: 7.21787e-03  ce_labels_labels: 1.30355e-03  kld_labels: 3.78517e+01  correct_labels_labels: 0.00000e+00  loss_joint: 1.16112e-01  ce_joint: 0.00000e+00  sse_joint: 2.14582e+01  ce_labels_joint: 3.73534e-03  kld_vamb_joint: 3.18825e+00  kld_labels_joint: 5.99986e+00  correct_labels_joint: 0.00000e+00  loss: 2.42099e-01
2026-08-13 13:49:22.713 | INFO    | 		Epoch: 149  loss_vamb: 1.19546e-01  ab_vamb: 5.68266e-03  ce_vamb: 0.00000e+00  sse_vamb: 9.73072e-02  kld_vamb: 1.66180e-02  loss_labels: 7.09568e-03  ce_labels_labels: 1.23611e-03  kld_labels: 3.75013e+01  correct_labels_labels: 0.00000e+00  loss_joint: 1.17195e-01  ce_joint: 0.00000e+00  sse_joint: 2.15810e+01  ce_labels_joint: 4.87998e-03  kld_vamb_joint: 3.23177e+00  kld_labels_joint: 6.07478e+00  correct_labels_joint: 0.00000e+00  loss: 2.43836e-01
2026-08-13 13:49:23.104 | INFO    | 		Epoch: 150  loss_vamb: 1.18255e-01  ab_vamb: 5.39314e-03  ce_vamb: 0.00000e+00  sse_vamb: 9.63217e-02  kld_vamb: 1.65486e-02  loss_labels: 6.85877e-03  ce_labels_labels: 9.87634e-04  kld_labels: 3.75753e+01  correct_labels_labels: 0.00000e+00  loss_joint: 1.15089e-01  ce_joint: 0.00000e+00  sse_joint: 2.14401e+01  ce_labels_joint: 3.70545e-03  kld_vamb_joint: 3.20636e+00  kld_labels_joint: 6.05498e+00  correct_labels_joint: 0.00000e+00  loss: 2.40202e-01
2026-08-13 13:49:23.468 | INFO    | 		Epoch: 151  loss_vamb: 1.17728e-01  ab_vamb: 5.15171e-03  ce_vamb: 0.00000e+00  sse_vamb: 9.55375e-02  kld_vamb: 1.66493e-02  loss_labels: 6.65456e-03  ce_labels_labels: 8.07670e-04  kld_labels: 3.74201e+01  correct_labels_labels: 0.00000e+00  loss_joint: 1.14248e-01  ce_joint: 0.00000e+00  sse_joint: 2.13293e+01  ce_labels_joint: 3.02669e-03  kld_vamb_joint: 3.20086e+00  kld_labels_joint: 6.07711e+00  correct_labels_joint: 0.00000e+00  loss: 2.38631e-01
2026-08-13 13:49:23.918 | INFO    | 		Epoch: 152  loss_vamb: 1.15889e-01  ab_vamb: 4.73266e-03  ce_vamb: 0.00000e+00  sse_vamb: 9.44285e-02  kld_vamb: 1.66774e-02  loss_labels: 7.06984e-03  ce_labels_labels: 1.23803e-03  kld_labels: 3.73236e+01  correct_labels_labels: 0.00000e+00  loss_joint: 1.13078e-01  ce_joint: 0.00000e+00  sse_joint: 2.12480e+01  ce_labels_joint: 2.53271e-03  kld_vamb_joint: 3.20755e+00  kld_labels_joint: 6.10116e+00  correct_labels_joint: 0.00000e+00  loss: 2.36037e-01
2026-08-13 13:49:24.414 | INFO    | 		Epoch: 153  loss_vamb: 1.17029e-01  ab_vamb: 4.93606e-03  ce_vamb: 0.00000e+00  sse_vamb: 9.55759e-02  kld_vamb: 1.66067e-02  loss_labels: 6.79941e-03  ce_labels_labels: 9.78784e-04  kld_labels: 3.72520e+01  correct_labels_labels: 0.00000e+00  loss_joint: 1.14864e-01  ce_joint: 0.00000e+00  sse_joint: 2.14476e+01  ce_labels_joint: 3.50955e-03  kld_vamb_joint: 3.21358e+00  kld_labels_joint: 6.08502e+00  correct_labels_joint: 0.00000e+00  loss: 2.38692e-01
2026-08-13 13:49:24.894 | INFO    | 		Epoch: 154  loss_vamb: 1.17653e-01  ab_vamb: 5.19243e-03  ce_vamb: 0.00000e+00  sse_vamb: 9.59287e-02  kld_vamb: 1.66438e-02  loss_labels: 7.03448e-03  ce_labels_labels: 1.22377e-03  kld_labels: 3.71885e+01  correct_labels_labels: 0.00000e+00  loss_joint: 1.13926e-01  ce_joint: 0.00000e+00  sse_joint: 2.14467e+01  ce_labels_joint: 3.07478e-03  kld_vamb_joint: 3.22655e+00  kld_labels_joint: 6.10427e+00  correct_labels_joint: 0.00000e+00  loss: 2.38613e-01
2026-08-13 13:49:25.421 | INFO    | 		Epoch: 155  loss_vamb: 1.17538e-01  ab_vamb: 5.13969e-03  ce_vamb: 0.00000e+00  sse_vamb: 9.60924e-02  kld_vamb: 1.66581e-02  loss_labels: 7.27818e-03  ce_labels_labels: 1.44913e-03  kld_labels: 3.73059e+01  correct_labels_labels: 0.00000e+00  loss_joint: 1.13666e-01  ce_joint: 0.00000e+00  sse_joint: 2.13968e+01  ce_labels_joint: 2.97195e-03  kld_vamb_joint: 3.21063e+00  kld_labels_joint: 6.11331e+00  correct_labels_joint: 0.00000e+00  loss: 2.38482e-01
2026-08-13 13:49:25.779 | INFO    | 		Epoch: 156  loss_vamb: 1.17065e-01  ab_vamb: 5.06520e-03  ce_vamb: 0.00000e+00  sse_vamb: 9.57198e-02  kld_vamb: 1.66728e-02  loss_labels: 6.62044e-03  ce_labels_labels: 8.26176e-04  kld_labels: 3.70833e+01  correct_labels_labels: 0.00000e+00  loss_joint: 1.13142e-01  ce_joint: 0.00000e+00  sse_joint: 2.13842e+01  ce_labels_joint: 2.47775e-03  kld_vamb_joint: 3.22959e+00  kld_labels_joint: 6.12841e+00  correct_labels_joint: 0.00000e+00  loss: 2.36828e-01
2026-08-13 13:49:26.125 | INFO    | 		Epoch: 157  loss_vamb: 1.17358e-01  ab_vamb: 5.14547e-03  ce_vamb: 0.00000e+00  sse_vamb: 9.63965e-02  kld_vamb: 1.66328e-02  loss_labels: 7.31399e-03  ce_labels_labels: 1.54192e-03  kld_labels: 3.69413e+01  correct_labels_labels: 0.00000e+00  loss_joint: 1.14483e-01  ce_joint: 0.00000e+00  sse_joint: 2.15632e+01  ce_labels_joint: 3.07104e-03  kld_vamb_joint: 3.19935e+00  kld_labels_joint: 6.10095e+00  correct_labels_joint: 0.00000e+00  loss: 2.39155e-01
2026-08-13 13:49:26.613 | INFO    | 		Epoch: 158  loss_vamb: 1.16429e-01  ab_vamb: 4.91253e-03  ce_vamb: 0.00000e+00  sse_vamb: 9.42413e-02  kld_vamb: 1.67390e-02  loss_labels: 7.02397e-03  ce_labels_labels: 1.26612e-03  kld_labels: 3.68502e+01  correct_labels_labels: 0.00000e+00  loss_joint: 1.13658e-01  ce_joint: 0.00000e+00  sse_joint: 2.11166e+01  ce_labels_joint: 3.89781e-03  kld_vamb_joint: 3.22907e+00  kld_labels_joint: 6.16704e+00  correct_labels_joint: 0.00000e+00  loss: 2.37110e-01
2026-08-13 13:49:26.950 | INFO    | 		Epoch: 159  loss_vamb: 1.17337e-01  ab_vamb: 5.14479e-03  ce_vamb: 0.00000e+00  sse_vamb: 9.53501e-02  kld_vamb: 1.67189e-02  loss_labels: 8.06593e-03  ce_labels_labels: 2.32686e-03  kld_labels: 3.67301e+01  correct_labels_labels: 0.00000e+00  loss_joint: 1.12556e-01  ce_joint: 0.00000e+00  sse_joint: 2.12694e+01  ce_labels_joint: 2.47806e-03  kld_vamb_joint: 3.21077e+00  kld_labels_joint: 6.11910e+00  correct_labels_joint: 0.00000e+00  loss: 2.37960e-01
2026-08-13 13:49:27.357 | INFO    | 		Epoch: 160  loss_vamb: 1.17682e-01  ab_vamb: 5.15682e-03  ce_vamb: 0.00000e+00  sse_vamb: 9.60241e-02  kld_vamb: 1.67163e-02  loss_labels: 8.93668e-03  ce_labels_labels: 3.18397e-03  kld_labels: 3.68174e+01  correct_labels_labels: 0.00000e+00  loss_joint: 1.14988e-01  ce_joint: 0.00000e+00  sse_joint: 2.15189e+01  ce_labels_joint: 3.47520e-03  kld_vamb_joint: 3.22409e+00  kld_labels_joint: 6.16422e+00  correct_labels_joint: 0.00000e+00  loss: 2.41607e-01
2026-08-13 13:49:27.708 | INFO    | 		Epoch: 161  loss_vamb: 1.16713e-01  ab_vamb: 4.95659e-03  ce_vamb: 0.00000e+00  sse_vamb: 9.46887e-02  kld_vamb: 1.67212e-02  loss_labels: 6.64312e-03  ce_labels_labels: 9.01936e-04  kld_labels: 3.67436e+01  correct_labels_labels: 0.00000e+00  loss_joint: 1.12271e-01  ce_joint: 0.00000e+00  sse_joint: 2.10559e+01  ce_labels_joint: 2.67666e-03  kld_vamb_joint: 3.22953e+00  kld_labels_joint: 6.18644e+00  correct_labels_joint: 0.00000e+00  loss: 2.35627e-01
2026-08-13 13:49:28.207 | INFO    | 		Epoch: 162  loss_vamb: 1.16727e-01  ab_vamb: 5.16503e-03  ce_vamb: 0.00000e+00  sse_vamb: 9.48050e-02  kld_vamb: 1.67495e-02  loss_labels: 6.91518e-03  ce_labels_labels: 1.16839e-03  kld_labels: 3.67795e+01  correct_labels_labels: 0.00000e+00  loss_joint: 1.13289e-01  ce_joint: 0.00000e+00  sse_joint: 2.11884e+01  ce_labels_joint: 3.60941e-03  kld_vamb_joint: 3.19935e+00  kld_labels_joint: 6.13807e+00  correct_labels_joint: 0.00000e+00  loss: 2.36932e-01
2026-08-13 13:49:28.688 | INFO    | 		Epoch: 163  loss_vamb: 1.15610e-01  ab_vamb: 4.52455e-03  ce_vamb: 0.00000e+00  sse_vamb: 9.43177e-02  kld_vamb: 1.67470e-02  loss_labels: 6.88044e-03  ce_labels_labels: 1.12836e-03  kld_labels: 3.68133e+01  correct_labels_labels: 0.00000e+00  loss_joint: 1.13132e-01  ce_joint: 0.00000e+00  sse_joint: 2.11221e+01  ce_labels_joint: 3.46551e-03  kld_vamb_joint: 3.21296e+00  kld_labels_joint: 6.16143e+00  correct_labels_joint: 0.00000e+00  loss: 2.35622e-01
2026-08-13 13:49:29.216 | INFO    | 		Epoch: 164  loss_vamb: 1.17028e-01  ab_vamb: 5.21951e-03  ce_vamb: 0.00000e+00  sse_vamb: 9.50755e-02  kld_vamb: 1.67253e-02  loss_labels: 6.52875e-03  ce_labels_labels: 7.79397e-04  kld_labels: 3.67959e+01  correct_labels_labels: 0.00000e+00  loss_joint: 1.13482e-01  ce_joint: 0.00000e+00  sse_joint: 2.12246e+01  ce_labels_joint: 3.64259e-03  kld_vamb_joint: 3.19971e+00  kld_labels_joint: 6.13712e+00  correct_labels_joint: 0.00000e+00  loss: 2.37039e-01
2026-08-13 13:49:29.656 | INFO    | 		Epoch: 165  loss_vamb: 1.16330e-01  ab_vamb: 4.86591e-03  ce_vamb: 0.00000e+00  sse_vamb: 9.50848e-02  kld_vamb: 1.67340e-02  loss_labels: 6.85293e-03  ce_labels_labels: 1.11466e-03  kld_labels: 3.67250e+01  correct_labels_labels: 0.00000e+00  loss_joint: 1.13040e-01  ce_joint: 0.00000e+00  sse_joint: 2.11961e+01  ce_labels_joint: 3.43654e-03  kld_vamb_joint: 3.22687e+00  kld_labels_joint: 6.16463e+00  correct_labels_joint: 0.00000e+00  loss: 2.36224e-01
2026-08-13 13:49:30.123 | INFO    | 		Epoch: 166  loss_vamb: 1.15897e-01  ab_vamb: 4.88854e-03  ce_vamb: 0.00000e+00  sse_vamb: 9.38453e-02  kld_vamb: 1.67638e-02  loss_labels: 6.75571e-03  ce_labels_labels: 1.02473e-03  kld_labels: 3.66783e+01  correct_labels_labels: 0.00000e+00  loss_joint: 1.11462e-01  ce_joint: 0.00000e+00  sse_joint: 2.09496e+01  ce_labels_joint: 2.83411e-03  kld_vamb_joint: 3.21624e+00  kld_labels_joint: 6.19079e+00  correct_labels_joint: 0.00000e+00  loss: 2.34115e-01
2026-08-13 13:49:31.116 | INFO    | 		Epoch: 167  loss_vamb: 1.15791e-01  ab_vamb: 5.03734e-03  ce_vamb: 0.00000e+00  sse_vamb: 9.32296e-02  kld_vamb: 1.67052e-02  loss_labels: 7.04238e-03  ce_labels_labels: 1.32264e-03  kld_labels: 3.66063e+01  correct_labels_labels: 0.00000e+00  loss_joint: 1.12037e-01  ce_joint: 0.00000e+00  sse_joint: 2.08146e+01  ce_labels_joint: 2.83553e-03  kld_vamb_joint: 3.25025e+00  kld_labels_joint: 6.18639e+00  correct_labels_joint: 0.00000e+00  loss: 2.34871e-01
2026-08-13 13:49:31.521 | INFO    | 		Epoch: 168  loss_vamb: 1.16346e-01  ab_vamb: 4.99331e-03  ce_vamb: 0.00000e+00  sse_vamb: 9.49494e-02  kld_vamb: 1.67384e-02  loss_labels: 7.06974e-03  ce_labels_labels: 1.36023e-03  kld_labels: 3.65409e+01  correct_labels_labels: 0.00000e+00  loss_joint: 1.13191e-01  ce_joint: 0.00000e+00  sse_joint: 2.12375e+01  ce_labels_joint: 3.47887e-03  kld_vamb_joint: 3.22700e+00  kld_labels_joint: 6.18946e+00  correct_labels_joint: 0.00000e+00  loss: 2.36606e-01
2026-08-13 13:49:31.975 | INFO    | 		Epoch: 169  loss_vamb: 1.15586e-01  ab_vamb: 4.98338e-03  ce_vamb: 0.00000e+00  sse_vamb: 9.37405e-02  kld_vamb: 1.67409e-02  loss_labels: 7.53796e-03  ce_labels_labels: 1.81198e-03  kld_labels: 3.66463e+01  correct_labels_labels: 0.00000e+00  loss_joint: 1.12290e-01  ce_joint: 0.00000e+00  sse_joint: 2.09706e+01  ce_labels_joint: 3.03408e-03  kld_vamb_joint: 3.21479e+00  kld_labels_joint: 6.16788e+00  correct_labels_joint: 0.00000e+00  loss: 2.35414e-01
2026-08-13 13:49:32.434 | INFO    | 		Epoch: 170  loss_vamb: 1.17142e-01  ab_vamb: 5.38546e-03  ce_vamb: 0.00000e+00  sse_vamb: 9.51102e-02  kld_vamb: 1.67246e-02  loss_labels: 6.55443e-03  ce_labels_labels: 8.42695e-04  kld_labels: 3.65551e+01  correct_labels_labels: 0.00000e+00  loss_joint: 1.13059e-01  ce_joint: 0.00000e+00  sse_joint: 2.12101e+01  ce_labels_joint: 3.21195e-03  kld_vamb_joint: 3.21081e+00  kld_labels_joint: 6.17594e+00  correct_labels_joint: 0.00000e+00  loss: 2.36756e-01
2026-08-13 13:49:32.950 | INFO    | 		Epoch: 171  loss_vamb: 1.15403e-01  ab_vamb: 4.91550e-03  ce_vamb: 0.00000e+00  sse_vamb: 9.38734e-02  kld_vamb: 1.67138e-02  loss_labels: 7.06736e-03  ce_labels_labels: 1.33331e-03  kld_labels: 3.66979e+01  correct_labels_labels: 0.00000e+00  loss_joint: 1.12274e-01  ce_joint: 0.00000e+00  sse_joint: 2.09328e+01  ce_labels_joint: 3.70844e-03  kld_vamb_joint: 3.21644e+00  kld_labels_joint: 6.19436e+00  correct_labels_joint: 0.00000e+00  loss: 2.34744e-01
2026-08-13 13:49:33.264 | INFO    | 		Epoch: 172  loss_vamb: 1.15863e-01  ab_vamb: 4.71464e-03  ce_vamb: 0.00000e+00  sse_vamb: 9.42557e-02  kld_vamb: 1.67406e-02  loss_labels: 6.73798e-03  ce_labels_labels: 1.02838e-03  kld_labels: 3.65415e+01  correct_labels_labels: 0.00000e+00  loss_joint: 1.12571e-01  ce_joint: 0.00000e+00  sse_joint: 2.10567e+01  ce_labels_joint: 3.20470e-03  kld_vamb_joint: 3.21456e+00  kld_labels_joint: 6.19643e+00  correct_labels_joint: 0.00000e+00  loss: 2.35172e-01
2026-08-13 13:49:33.740 | INFO    | 		Epoch: 173  loss_vamb: 1.15256e-01  ab_vamb: 4.99225e-03  ce_vamb: 0.00000e+00  sse_vamb: 9.29738e-02  kld_vamb: 1.68153e-02  loss_labels: 6.75255e-03  ce_labels_labels: 1.03116e-03  kld_labels: 3.66169e+01  correct_labels_labels: 0.00000e+00  loss_joint: 1.10967e-01  ce_joint: 0.00000e+00  sse_joint: 2.07405e+01  ce_labels_joint: 2.94022e-03  kld_vamb_joint: 3.21705e+00  kld_labels_joint: 6.21733e+00  correct_labels_joint: 0.00000e+00  loss: 2.32975e-01
2026-08-13 13:49:34.228 | INFO    | 		Epoch: 174  loss_vamb: 1.15969e-01  ab_vamb: 5.09925e-03  ce_vamb: 0.00000e+00  sse_vamb: 9.47864e-02  kld_vamb: 1.67584e-02  loss_labels: 7.15337e-03  ce_labels_labels: 1.45423e-03  kld_labels: 3.64745e+01  correct_labels_labels: 0.00000e+00  loss_joint: 1.12434e-01  ce_joint: 0.00000e+00  sse_joint: 2.12937e+01  ce_labels_joint: 3.10858e-03  kld_vamb_joint: 3.21344e+00  kld_labels_joint: 6.17574e+00  correct_labels_joint: 0.00000e+00  loss: 2.35557e-01
2026-08-13 13:49:34.553 | INFO    | 		Epoch: 175  loss_vamb: 1.16005e-01  ab_vamb: 5.12219e-03  ce_vamb: 0.00000e+00  sse_vamb: 9.39723e-02  kld_vamb: 1.68033e-02  loss_labels: 7.31736e-03  ce_labels_labels: 1.62111e-03  kld_labels: 3.64560e+01  correct_labels_labels: 0.00000e+00  loss_joint: 1.11575e-01  ce_joint: 0.00000e+00  sse_joint: 2.09999e+01  ce_labels_joint: 2.73479e-03  kld_vamb_joint: 3.23363e+00  kld_labels_joint: 6.23890e+00  correct_labels_joint: 0.00000e+00  loss: 2.34897e-01
2026-08-13 13:49:35.182 | INFO    | 		Epoch: 176  loss_vamb: 1.16329e-01  ab_vamb: 4.99967e-03  ce_vamb: 0.00000e+00  sse_vamb: 9.47978e-02  kld_vamb: 1.68029e-02  loss_labels: 6.95858e-03  ce_labels_labels: 1.25159e-03  kld_labels: 3.65248e+01  correct_labels_labels: 0.00000e+00  loss_joint: 1.12329e-01  ce_joint: 0.00000e+00  sse_joint: 2.11091e+01  ce_labels_joint: 2.95432e-03  kld_vamb_joint: 3.23658e+00  kld_labels_joint: 6.25436e+00  correct_labels_joint: 0.00000e+00  loss: 2.35616e-01
2026-08-13 13:49:35.655 | INFO    | 		Epoch: 177  loss_vamb: 1.14876e-01  ab_vamb: 4.65156e-03  ce_vamb: 0.00000e+00  sse_vamb: 9.29109e-02  kld_vamb: 1.68085e-02  loss_labels: 6.99748e-03  ce_labels_labels: 1.28100e-03  kld_labels: 3.65854e+01  correct_labels_labels: 0.00000e+00  loss_joint: 1.11181e-01  ce_joint: 0.00000e+00  sse_joint: 2.07544e+01  ce_labels_joint: 3.06759e-03  kld_vamb_joint: 3.25177e+00  kld_labels_joint: 6.21739e+00  correct_labels_joint: 0.00000e+00  loss: 2.33054e-01
2026-08-13 13:49:36.210 | INFO    | 		Epoch: 178  loss_vamb: 1.15916e-01  ab_vamb: 4.75935e-03  ce_vamb: 0.00000e+00  sse_vamb: 9.40351e-02  kld_vamb: 1.68280e-02  loss_labels: 6.94963e-03  ce_labels_labels: 1.24849e-03  kld_labels: 3.64873e+01  correct_labels_labels: 0.00000e+00  loss_joint: 1.11536e-01  ce_joint: 0.00000e+00  sse_joint: 2.10139e+01  ce_labels_joint: 2.35155e-03  kld_vamb_joint: 3.22810e+00  kld_labels_joint: 6.24203e+00  correct_labels_joint: 0.00000e+00  loss: 2.34401e-01
2026-08-13 13:49:36.615 | INFO    | 		Epoch: 179  loss_vamb: 1.15452e-01  ab_vamb: 4.81769e-03  ce_vamb: 0.00000e+00  sse_vamb: 9.37347e-02  kld_vamb: 1.68047e-02  loss_labels: 7.31621e-03  ce_labels_labels: 1.61310e-03  kld_labels: 3.64999e+01  correct_labels_labels: 0.00000e+00  loss_joint: 1.11852e-01  ce_joint: 0.00000e+00  sse_joint: 2.08652e+01  ce_labels_joint: 3.20316e-03  kld_vamb_joint: 3.20107e+00  kld_labels_joint: 6.21712e+00  correct_labels_joint: 0.00000e+00  loss: 2.34621e-01
2026-08-13 13:49:37.050 | INFO    | 		Epoch: 180  loss_vamb: 1.15507e-01  ab_vamb: 4.96840e-03  ce_vamb: 0.00000e+00  sse_vamb: 9.38718e-02  kld_vamb: 1.68113e-02  loss_labels: 6.83028e-03  ce_labels_labels: 1.14309e-03  kld_labels: 3.63980e+01  correct_labels_labels: 0.00000e+00  loss_joint: 1.09998e-01  ce_joint: 0.00000e+00  sse_joint: 2.08655e+01  ce_labels_joint: 2.00446e-03  kld_vamb_joint: 3.25980e+00  kld_labels_joint: 6.24865e+00  correct_labels_joint: 0.00000e+00  loss: 2.32335e-01
2026-08-13 13:49:37.585 | INFO    | 		Epoch: 181  loss_vamb: 1.15350e-01  ab_vamb: 4.85996e-03  ce_vamb: 0.00000e+00  sse_vamb: 9.35702e-02  kld_vamb: 1.68008e-02  loss_labels: 6.44687e-03  ce_labels_labels: 7.58890e-04  kld_labels: 3.64031e+01  correct_labels_labels: 0.00000e+00  loss_joint: 1.10891e-01  ce_joint: 0.00000e+00  sse_joint: 2.09068e+01  ce_labels_joint: 2.58406e-03  kld_vamb_joint: 3.24187e+00  kld_labels_joint: 6.24521e+00  correct_labels_joint: 0.00000e+00  loss: 2.32687e-01
2026-08-13 13:49:38.009 | INFO    | 		Epoch: 182  loss_vamb: 1.16305e-01  ab_vamb: 5.08796e-03  ce_vamb: 0.00000e+00  sse_vamb: 9.54125e-02  kld_vamb: 1.68042e-02  loss_labels: 6.67940e-03  ce_labels_labels: 9.74546e-04  kld_labels: 3.65111e+01  correct_labels_labels: 0.00000e+00  loss_joint: 1.12706e-01  ce_joint: 0.00000e+00  sse_joint: 2.13246e+01  ce_labels_joint: 3.46276e-03  kld_vamb_joint: 3.23295e+00  kld_labels_joint: 6.26972e+00  correct_labels_joint: 0.00000e+00  loss: 2.35691e-01
2026-08-13 13:49:38.503 | INFO    | 		Epoch: 183  loss_vamb: 1.15390e-01  ab_vamb: 4.99571e-03  ce_vamb: 0.00000e+00  sse_vamb: 9.28949e-02  kld_vamb: 1.69342e-02  loss_labels: 7.37145e-03  ce_labels_labels: 1.68320e-03  kld_labels: 3.64048e+01  correct_labels_labels: 0.00000e+00  loss_joint: 1.11472e-01  ce_joint: 0.00000e+00  sse_joint: 2.08878e+01  ce_labels_joint: 2.76206e-03  kld_vamb_joint: 3.21849e+00  kld_labels_joint: 6.25086e+00  correct_labels_joint: 0.00000e+00  loss: 2.34233e-01
2026-08-13 13:49:38.825 | INFO    | 		Epoch: 184  loss_vamb: 1.14955e-01  ab_vamb: 4.70714e-03  ce_vamb: 0.00000e+00  sse_vamb: 9.33291e-02  kld_vamb: 1.68569e-02  loss_labels: 6.90595e-03  ce_labels_labels: 1.22682e-03  kld_labels: 3.63464e+01  correct_labels_labels: 0.00000e+00  loss_joint: 1.10551e-01  ce_joint: 0.00000e+00  sse_joint: 2.07783e+01  ce_labels_joint: 3.00164e-03  kld_vamb_joint: 3.24802e+00  kld_labels_joint: 6.28313e+00  correct_labels_joint: 0.00000e+00  loss: 2.32412e-01
2026-08-13 13:49:39.163 | INFO    | 		Epoch: 185  loss_vamb: 1.15606e-01  ab_vamb: 4.99966e-03  ce_vamb: 0.00000e+00  sse_vamb: 9.38113e-02  kld_vamb: 1.68955e-02  loss_labels: 6.59776e-03  ce_labels_labels: 9.56664e-04  kld_labels: 3.61030e+01  correct_labels_labels: 0.00000e+00  loss_joint: 1.10584e-01  ce_joint: 0.00000e+00  sse_joint: 2.09150e+01  ce_labels_joint: 2.44999e-03  kld_vamb_joint: 3.22720e+00  kld_labels_joint: 6.24488e+00  correct_labels_joint: 0.00000e+00  loss: 2.32788e-01
2026-08-13 13:49:39.595 | INFO    | 		Epoch: 186  loss_vamb: 1.14490e-01  ab_vamb: 4.64391e-03  ce_vamb: 0.00000e+00  sse_vamb: 9.27419e-02  kld_vamb: 1.68955e-02  loss_labels: 7.34952e-03  ce_labels_labels: 1.67864e-03  kld_labels: 3.62936e+01  correct_labels_labels: 0.00000e+00  loss_joint: 1.11331e-01  ce_joint: 0.00000e+00  sse_joint: 2.07717e+01  ce_labels_joint: 3.55811e-03  kld_vamb_joint: 3.23700e+00  kld_labels_joint: 6.27274e+00  correct_labels_joint: 0.00000e+00  loss: 2.33170e-01
2026-08-13 13:49:40.014 | INFO    | 		Epoch: 187  loss_vamb: 1.15258e-01  ab_vamb: 4.76418e-03  ce_vamb: 0.00000e+00  sse_vamb: 9.35530e-02  kld_vamb: 1.69410e-02  loss_labels: 6.39866e-03  ce_labels_labels: 7.26332e-04  kld_labels: 3.63029e+01  correct_labels_labels: 0.00000e+00  loss_joint: 1.10871e-01  ce_joint: 0.00000e+00  sse_joint: 2.09182e+01  ce_labels_joint: 2.82115e-03  kld_vamb_joint: 3.21697e+00  kld_labels_joint: 6.30273e+00  correct_labels_joint: 0.00000e+00  loss: 2.32527e-01
2026-08-13 13:49:40.452 | INFO    | 		Epoch: 188  loss_vamb: 1.14854e-01  ab_vamb: 4.72536e-03  ce_vamb: 0.00000e+00  sse_vamb: 9.34449e-02  kld_vamb: 1.69043e-02  loss_labels: 6.60634e-03  ce_labels_labels: 9.25530e-04  kld_labels: 3.63572e+01  correct_labels_labels: 0.00000e+00  loss_joint: 1.10522e-01  ce_joint: 0.00000e+00  sse_joint: 2.09211e+01  ce_labels_joint: 2.39934e-03  kld_vamb_joint: 3.24386e+00  kld_labels_joint: 6.28046e+00  correct_labels_joint: 0.00000e+00  loss: 2.31982e-01
2026-08-13 13:49:40.932 | INFO    | 		Epoch: 189  loss_vamb: 1.14521e-01  ab_vamb: 4.73633e-03  ce_vamb: 0.00000e+00  sse_vamb: 9.32498e-02  kld_vamb: 1.69049e-02  loss_labels: 6.68728e-03  ce_labels_labels: 1.01816e-03  kld_labels: 3.62823e+01  correct_labels_labels: 0.00000e+00  loss_joint: 1.09729e-01  ce_joint: 0.00000e+00  sse_joint: 2.08025e+01  ce_labels_joint: 2.29653e-03  kld_vamb_joint: 3.24675e+00  kld_labels_joint: 6.28232e+00  correct_labels_joint: 0.00000e+00  loss: 2.30937e-01
2026-08-13 13:49:41.383 | INFO    | 		Epoch: 190  loss_vamb: 1.14746e-01  ab_vamb: 4.88521e-03  ce_vamb: 0.00000e+00  sse_vamb: 9.31652e-02  kld_vamb: 1.69224e-02  loss_labels: 6.58821e-03  ce_labels_labels: 9.43616e-04  kld_labels: 3.61254e+01  correct_labels_labels: 0.00000e+00  loss_joint: 1.10050e-01  ce_joint: 0.00000e+00  sse_joint: 2.07743e+01  ce_labels_joint: 2.63924e-03  kld_vamb_joint: 3.22933e+00  kld_labels_joint: 6.28928e+00  correct_labels_joint: 0.00000e+00  loss: 2.31385e-01
2026-08-13 13:49:41.855 | INFO    | 		Epoch: 191  loss_vamb: 1.14946e-01  ab_vamb: 4.91612e-03  ce_vamb: 0.00000e+00  sse_vamb: 9.34613e-02  kld_vamb: 1.69259e-02  loss_labels: 6.46442e-03  ce_labels_labels: 8.24128e-04  kld_labels: 3.60979e+01  correct_labels_labels: 0.00000e+00  loss_joint: 1.10153e-01  ce_joint: 0.00000e+00  sse_joint: 2.08763e+01  ce_labels_joint: 2.91448e-03  kld_vamb_joint: 3.23636e+00  kld_labels_joint: 6.33407e+00  correct_labels_joint: 0.00000e+00  loss: 2.31564e-01
2026-08-13 13:49:42.278 | INFO    | 		Epoch: 192  loss_vamb: 1.14869e-01  ab_vamb: 4.46611e-03  ce_vamb: 0.00000e+00  sse_vamb: 9.33886e-02  kld_vamb: 1.68888e-02  loss_labels: 6.66158e-03  ce_labels_labels: 1.01805e-03  kld_labels: 3.61186e+01  correct_labels_labels: 0.00000e+00  loss_joint: 1.10853e-01  ce_joint: 0.00000e+00  sse_joint: 2.07441e+01  ce_labels_joint: 3.33369e-03  kld_vamb_joint: 3.23628e+00  kld_labels_joint: 6.32443e+00  correct_labels_joint: 0.00000e+00  loss: 2.32384e-01
2026-08-13 13:49:42.768 | INFO    | 		Epoch: 193  loss_vamb: 1.14470e-01  ab_vamb: 4.76696e-03  ce_vamb: 0.00000e+00  sse_vamb: 9.23440e-02  kld_vamb: 1.69274e-02  loss_labels: 7.38281e-03  ce_labels_labels: 1.75864e-03  kld_labels: 3.59947e+01  correct_labels_labels: 0.00000e+00  loss_joint: 1.10350e-01  ce_joint: 0.00000e+00  sse_joint: 2.06012e+01  ce_labels_joint: 3.10071e-03  kld_vamb_joint: 3.22261e+00  kld_labels_joint: 6.32342e+00  correct_labels_joint: 0.00000e+00  loss: 2.32203e-01
2026-08-13 13:49:43.107 | INFO    | 		Epoch: 194  loss_vamb: 1.15020e-01  ab_vamb: 4.86639e-03  ce_vamb: 0.00000e+00  sse_vamb: 9.34633e-02  kld_vamb: 1.69009e-02  loss_labels: 7.00873e-03  ce_labels_labels: 1.39632e-03  kld_labels: 3.59194e+01  correct_labels_labels: 0.00000e+00  loss_joint: 1.10825e-01  ce_joint: 0.00000e+00  sse_joint: 2.08249e+01  ce_labels_joint: 2.90084e-03  kld_vamb_joint: 3.23003e+00  kld_labels_joint: 6.32992e+00  correct_labels_joint: 0.00000e+00  loss: 2.32854e-01
2026-08-13 13:49:43.501 | INFO    | 		Epoch: 195  loss_vamb: 1.14495e-01  ab_vamb: 4.75098e-03  ce_vamb: 0.00000e+00  sse_vamb: 9.26137e-02  kld_vamb: 1.69323e-02  loss_labels: 6.51612e-03  ce_labels_labels: 9.00974e-04  kld_labels: 3.59370e+01  correct_labels_labels: 0.00000e+00  loss_joint: 1.10221e-01  ce_joint: 0.00000e+00  sse_joint: 2.06726e+01  ce_labels_joint: 3.02388e-03  kld_vamb_joint: 3.22881e+00  kld_labels_joint: 6.35214e+00  correct_labels_joint: 0.00000e+00  loss: 2.31233e-01
2026-08-13 13:49:43.999 | INFO    | 		Epoch: 196  loss_vamb: 1.14379e-01  ab_vamb: 4.59608e-03  ce_vamb: 0.00000e+00  sse_vamb: 9.29990e-02  kld_vamb: 1.69276e-02  loss_labels: 8.00860e-03  ce_labels_labels: 2.38256e-03  kld_labels: 3.60066e+01  correct_labels_labels: 0.00000e+00  loss_joint: 1.10250e-01  ce_joint: 0.00000e+00  sse_joint: 2.08536e+01  ce_labels_joint: 2.38100e-03  kld_vamb_joint: 3.24909e+00  kld_labels_joint: 6.35184e+00  correct_labels_joint: 0.00000e+00  loss: 2.32638e-01
2026-08-13 13:49:44.516 | INFO    | 		Epoch: 197  loss_vamb: 1.13880e-01  ab_vamb: 4.53285e-03  ce_vamb: 0.00000e+00  sse_vamb: 9.19839e-02  kld_vamb: 1.69344e-02  loss_labels: 7.50455e-03  ce_labels_labels: 1.90474e-03  kld_labels: 3.58388e+01  correct_labels_labels: 0.00000e+00  loss_joint: 1.10474e-01  ce_joint: 0.00000e+00  sse_joint: 2.05758e+01  ce_labels_joint: 3.27961e-03  kld_vamb_joint: 3.24044e+00  kld_labels_joint: 6.36751e+00  correct_labels_joint: 0.00000e+00  loss: 2.31858e-01
2026-08-13 13:49:45.065 | INFO    | 		Epoch: 198  loss_vamb: 1.14496e-01  ab_vamb: 4.99323e-03  ce_vamb: 0.00000e+00  sse_vamb: 9.25245e-02  kld_vamb: 1.68854e-02  loss_labels: 6.88084e-03  ce_labels_labels: 1.27458e-03  kld_labels: 3.58801e+01  correct_labels_labels: 0.00000e+00  loss_joint: 1.10511e-01  ce_joint: 0.00000e+00  sse_joint: 2.07708e+01  ce_labels_joint: 3.16035e-03  kld_vamb_joint: 3.22455e+00  kld_labels_joint: 6.34435e+00  correct_labels_joint: 0.00000e+00  loss: 2.31888e-01
2026-08-13 13:49:45.627 | INFO    | 		Epoch: 199  loss_vamb: 1.14453e-01  ab_vamb: 4.61753e-03  ce_vamb: 0.00000e+00  sse_vamb: 9.30590e-02  kld_vamb: 1.69136e-02  loss_labels: 6.72759e-03  ce_labels_labels: 1.14184e-03  kld_labels: 3.57488e+01  correct_labels_labels: 0.00000e+00  loss_joint: 1.09644e-01  ce_joint: 0.00000e+00  sse_joint: 2.07289e+01  ce_labels_joint: 2.85816e-03  kld_vamb_joint: 3.21979e+00  kld_labels_joint: 6.33569e+00  correct_labels_joint: 0.00000e+00  loss: 2.30825e-01
2026-08-13 13:49:46.179 | INFO    | 		Epoch: 200  loss_vamb: 1.14738e-01  ab_vamb: 4.98189e-03  ce_vamb: 0.00000e+00  sse_vamb: 9.23169e-02  kld_vamb: 1.69416e-02  loss_labels: 6.48482e-03  ce_labels_labels: 8.98199e-04  kld_labels: 3.57544e+01  correct_labels_labels: 0.00000e+00  loss_joint: 1.10021e-01  ce_joint: 0.00000e+00  sse_joint: 2.05530e+01  ce_labels_joint: 2.92420e-03  kld_vamb_joint: 3.19990e+00  kld_labels_joint: 6.34631e+00  correct_labels_joint: 0.00000e+00  loss: 2.31244e-01
2026-08-13 13:49:46.644 | INFO    | 		Epoch: 201  loss_vamb: 1.14743e-01  ab_vamb: 4.90121e-03  ce_vamb: 0.00000e+00  sse_vamb: 9.28198e-02  kld_vamb: 1.69138e-02  loss_labels: 6.95243e-03  ce_labels_labels: 1.34706e-03  kld_labels: 3.58744e+01  correct_labels_labels: 0.00000e+00  loss_joint: 1.11012e-01  ce_joint: 0.00000e+00  sse_joint: 2.07708e+01  ce_labels_joint: 3.41096e-03  kld_vamb_joint: 3.22072e+00  kld_labels_joint: 6.32626e+00  correct_labels_joint: 0.00000e+00  loss: 2.32708e-01
2026-08-13 13:49:47.132 | INFO    | 		Epoch: 202  loss_vamb: 1.14321e-01  ab_vamb: 4.74216e-03  ce_vamb: 0.00000e+00  sse_vamb: 9.21637e-02  kld_vamb: 1.69416e-02  loss_labels: 7.18731e-03  ce_labels_labels: 1.60686e-03  kld_labels: 3.57148e+01  correct_labels_labels: 0.00000e+00  loss_joint: 1.10810e-01  ce_joint: 0.00000e+00  sse_joint: 2.06461e+01  ce_labels_joint: 3.48283e-03  kld_vamb_joint: 3.21223e+00  kld_labels_joint: 6.34012e+00  correct_labels_joint: 0.00000e+00  loss: 2.32318e-01
2026-08-13 13:49:47.566 | INFO    | 		Epoch: 203  loss_vamb: 1.13421e-01  ab_vamb: 4.47197e-03  ce_vamb: 0.00000e+00  sse_vamb: 9.20752e-02  kld_vamb: 1.69625e-02  loss_labels: 6.76121e-03  ce_labels_labels: 1.17825e-03  kld_labels: 3.57309e+01  correct_labels_labels: 0.00000e+00  loss_joint: 1.08701e-01  ce_joint: 0.00000e+00  sse_joint: 2.05241e+01  ce_labels_joint: 2.62245e-03  kld_vamb_joint: 3.24043e+00  kld_labels_joint: 6.38739e+00  correct_labels_joint: 0.00000e+00  loss: 2.28883e-01
2026-08-13 13:49:47.942 | INFO    | 		Epoch: 204  loss_vamb: 1.14521e-01  ab_vamb: 5.02661e-03  ce_vamb: 0.00000e+00  sse_vamb: 9.19319e-02  kld_vamb: 1.69793e-02  loss_labels: 7.01013e-03  ce_labels_labels: 1.43094e-03  kld_labels: 3.57068e+01  correct_labels_labels: 0.00000e+00  loss_joint: 1.11114e-01  ce_joint: 0.00000e+00  sse_joint: 2.05443e+01  ce_labels_joint: 3.76109e-03  kld_vamb_joint: 3.21908e+00  kld_labels_joint: 6.38617e+00  correct_labels_joint: 0.00000e+00  loss: 2.32645e-01
2026-08-13 13:49:48.424 | INFO    | 		Epoch: 205  loss_vamb: 1.15195e-01  ab_vamb: 4.83047e-03  ce_vamb: 0.00000e+00  sse_vamb: 9.36658e-02  kld_vamb: 1.69521e-02  loss_labels: 6.59931e-03  ce_labels_labels: 9.98188e-04  kld_labels: 3.58472e+01  correct_labels_labels: 0.00000e+00  loss_joint: 1.10394e-01  ce_joint: 0.00000e+00  sse_joint: 2.08579e+01  ce_labels_joint: 2.70224e-03  kld_vamb_joint: 3.24465e+00  kld_labels_joint: 6.37873e+00  correct_labels_joint: 0.00000e+00  loss: 2.32189e-01
2026-08-13 13:49:48.826 | INFO    | 		Epoch: 206  loss_vamb: 1.13645e-01  ab_vamb: 4.67338e-03  ce_vamb: 0.00000e+00  sse_vamb: 9.23752e-02  kld_vamb: 1.69334e-02  loss_labels: 6.56905e-03  ce_labels_labels: 9.77723e-04  kld_labels: 3.57845e+01  correct_labels_labels: 0.00000e+00  loss_joint: 1.09205e-01  ce_joint: 0.00000e+00  sse_joint: 2.05803e+01  ce_labels_joint: 2.90844e-03  kld_vamb_joint: 3.22122e+00  kld_labels_joint: 6.37305e+00  correct_labels_joint: 0.00000e+00  loss: 2.29419e-01
2026-08-13 13:49:49.307 | INFO    | 		Epoch: 207  loss_vamb: 1.14020e-01  ab_vamb: 4.79569e-03  ce_vamb: 0.00000e+00  sse_vamb: 9.23174e-02  kld_vamb: 1.69531e-02  loss_labels: 6.47154e-03  ce_labels_labels: 8.89522e-04  kld_labels: 3.57249e+01  correct_labels_labels: 0.00000e+00  loss_joint: 1.09042e-01  ce_joint: 0.00000e+00  sse_joint: 2.05257e+01  ce_labels_joint: 2.61914e-03  kld_vamb_joint: 3.20873e+00  kld_labels_joint: 6.37331e+00  correct_labels_joint: 0.00000e+00  loss: 2.29533e-01
2026-08-13 13:49:49.714 | INFO    | 		Epoch: 208  loss_vamb: 1.13668e-01  ab_vamb: 4.81831e-03  ce_vamb: 0.00000e+00  sse_vamb: 9.11954e-02  kld_vamb: 1.70484e-02  loss_labels: 6.23328e-03  ce_labels_labels: 6.38541e-04  kld_labels: 3.58064e+01  correct_labels_labels: 0.00000e+00  loss_joint: 1.09992e-01  ce_joint: 0.00000e+00  sse_joint: 2.04315e+01  ce_labels_joint: 3.85343e-03  kld_vamb_joint: 3.21095e+00  kld_labels_joint: 6.38436e+00  correct_labels_joint: 0.00000e+00  loss: 2.29894e-01
2026-08-13 13:49:50.194 | INFO    | 		Epoch: 209  loss_vamb: 1.14620e-01  ab_vamb: 5.30190e-03  ce_vamb: 0.00000e+00  sse_vamb: 9.20243e-02  kld_vamb: 1.70550e-02  loss_labels: 6.93003e-03  ce_labels_labels: 1.33057e-03  kld_labels: 3.58365e+01  correct_labels_labels: 0.00000e+00  loss_joint: 1.09901e-01  ce_joint: 0.00000e+00  sse_joint: 2.05716e+01  ce_labels_joint: 2.87533e-03  kld_vamb_joint: 3.23058e+00  kld_labels_joint: 6.40592e+00  correct_labels_joint: 0.00000e+00  loss: 2.31451e-01
2026-08-13 13:49:50.618 | INFO    | 		Epoch: 210  loss_vamb: 1.14201e-01  ab_vamb: 4.91242e-03  ce_vamb: 0.00000e+00  sse_vamb: 9.21817e-02  kld_vamb: 1.70017e-02  loss_labels: 6.90801e-03  ce_labels_labels: 1.33589e-03  kld_labels: 3.56615e+01  correct_labels_labels: 0.00000e+00  loss_joint: 1.10317e-01  ce_joint: 0.00000e+00  sse_joint: 2.06513e+01  ce_labels_joint: 3.34469e-03  kld_vamb_joint: 3.21153e+00  kld_labels_joint: 6.41399e+00  correct_labels_joint: 0.00000e+00  loss: 2.31426e-01
2026-08-13 13:49:51.106 | INFO    | 		Epoch: 211  loss_vamb: 1.14296e-01  ab_vamb: 5.06621e-03  ce_vamb: 0.00000e+00  sse_vamb: 9.21346e-02  kld_vamb: 1.70066e-02  loss_labels: 7.17237e-03  ce_labels_labels: 1.60055e-03  kld_labels: 3.56596e+01  correct_labels_labels: 0.00000e+00  loss_joint: 1.10247e-01  ce_joint: 0.00000e+00  sse_joint: 2.05872e+01  ce_labels_joint: 3.55887e-03  kld_vamb_joint: 3.20833e+00  kld_labels_joint: 6.38031e+00  correct_labels_joint: 0.00000e+00  loss: 2.31715e-01
2026-08-13 13:49:51.608 | INFO    | 		Epoch: 212  loss_vamb: 1.13917e-01  ab_vamb: 4.91737e-03  ce_vamb: 0.00000e+00  sse_vamb: 9.23636e-02  kld_vamb: 1.70049e-02  loss_labels: 6.25108e-03  ce_labels_labels: 6.55874e-04  kld_labels: 3.58093e+01  correct_labels_labels: 0.00000e+00  loss_joint: 1.10502e-01  ce_joint: 0.00000e+00  sse_joint: 2.05358e+01  ce_labels_joint: 4.31162e-03  kld_vamb_joint: 3.23154e+00  kld_labels_joint: 6.40772e+00  correct_labels_joint: 0.00000e+00  loss: 2.30670e-01
2026-08-13 13:49:52.104 | INFO    | 		Epoch: 213  loss_vamb: 1.13925e-01  ab_vamb: 4.96908e-03  ce_vamb: 0.00000e+00  sse_vamb: 9.19044e-02  kld_vamb: 1.69932e-02  loss_labels: 7.84680e-03  ce_labels_labels: 2.25362e-03  kld_labels: 3.57964e+01  correct_labels_labels: 0.00000e+00  loss_joint: 1.10161e-01  ce_joint: 0.00000e+00  sse_joint: 2.05524e+01  ce_labels_joint: 3.32801e-03  kld_vamb_joint: 3.23234e+00  kld_labels_joint: 6.38109e+00  correct_labels_joint: 0.00000e+00  loss: 2.31933e-01
2026-08-13 13:49:52.584 | INFO    | 		Epoch: 214  loss_vamb: 1.13851e-01  ab_vamb: 5.13634e-03  ce_vamb: 0.00000e+00  sse_vamb: 9.18898e-02  kld_vamb: 1.70012e-02  loss_labels: 7.27557e-03  ce_labels_labels: 1.66008e-03  kld_labels: 3.59392e+01  correct_labels_labels: 0.00000e+00  loss_joint: 1.10304e-01  ce_joint: 0.00000e+00  sse_joint: 2.05163e+01  ce_labels_joint: 4.30950e-03  kld_vamb_joint: 3.23935e+00  kld_labels_joint: 6.39508e+00  correct_labels_joint: 0.00000e+00  loss: 2.31431e-01
2026-08-13 13:49:53.117 | INFO    | 		Epoch: 215  loss_vamb: 1.13809e-01  ab_vamb: 4.57013e-03  ce_vamb: 0.00000e+00  sse_vamb: 9.23923e-02  kld_vamb: 1.70105e-02  loss_labels: 6.51399e-03  ce_labels_labels: 9.10431e-04  kld_labels: 3.58628e+01  correct_labels_labels: 0.00000e+00  loss_joint: 1.10372e-01  ce_joint: 0.00000e+00  sse_joint: 2.06035e+01  ce_labels_joint: 3.49810e-03  kld_vamb_joint: 3.22946e+00  kld_labels_joint: 6.43353e+00  correct_labels_joint: 0.00000e+00  loss: 2.30696e-01
2026-08-13 13:49:53.577 | INFO    | 		Epoch: 216  loss_vamb: 1.13953e-01  ab_vamb: 4.81638e-03  ce_vamb: 0.00000e+00  sse_vamb: 9.24559e-02  kld_vamb: 1.69769e-02  loss_labels: 7.32629e-03  ce_labels_labels: 1.72060e-03  kld_labels: 3.58764e+01  correct_labels_labels: 0.00000e+00  loss_joint: 1.10452e-01  ce_joint: 0.00000e+00  sse_joint: 2.06620e+01  ce_labels_joint: 3.38937e-03  kld_vamb_joint: 3.25591e+00  kld_labels_joint: 6.43262e+00  correct_labels_joint: 0.00000e+00  loss: 2.31732e-01
2026-08-13 13:49:53.920 | INFO    | 		Epoch: 217  loss_vamb: 1.13709e-01  ab_vamb: 4.60151e-03  ce_vamb: 0.00000e+00  sse_vamb: 9.21890e-02  kld_vamb: 1.69832e-02  loss_labels: 6.38621e-03  ce_labels_labels: 7.79335e-04  kld_labels: 3.58840e+01  correct_labels_labels: 0.00000e+00  loss_joint: 1.10026e-01  ce_joint: 0.00000e+00  sse_joint: 2.05955e+01  ce_labels_joint: 3.50617e-03  kld_vamb_joint: 3.22877e+00  kld_labels_joint: 6.40832e+00  correct_labels_joint: 0.00000e+00  loss: 2.30121e-01
2026-08-13 13:49:54.269 | INFO    | 		Epoch: 218  loss_vamb: 1.14116e-01  ab_vamb: 4.87381e-03  ce_vamb: 0.00000e+00  sse_vamb: 9.23961e-02  kld_vamb: 1.70410e-02  loss_labels: 6.35279e-03  ce_labels_labels: 7.67841e-04  kld_labels: 3.57437e+01  correct_labels_labels: 0.00000e+00  loss_joint: 1.09342e-01  ce_joint: 0.00000e+00  sse_joint: 2.05726e+01  ce_labels_joint: 2.82595e-03  kld_vamb_joint: 3.23170e+00  kld_labels_joint: 6.43575e+00  correct_labels_joint: 0.00000e+00  loss: 2.29812e-01
2026-08-13 13:49:54.632 | INFO    | 		Epoch: 219  loss_vamb: 1.14009e-01  ab_vamb: 4.66830e-03  ce_vamb: 0.00000e+00  sse_vamb: 9.23852e-02  kld_vamb: 1.70189e-02  loss_labels: 6.48582e-03  ce_labels_labels: 8.83429e-04  kld_labels: 3.58553e+01  correct_labels_labels: 0.00000e+00  loss_joint: 1.10285e-01  ce_joint: 0.00000e+00  sse_joint: 2.06485e+01  ce_labels_joint: 3.27742e-03  kld_vamb_joint: 3.23052e+00  kld_labels_joint: 6.42778e+00  correct_labels_joint: 0.00000e+00  loss: 2.30780e-01
2026-08-13 13:49:55.038 | INFO    | 		Epoch: 220  loss_vamb: 1.14295e-01  ab_vamb: 4.90923e-03  ce_vamb: 0.00000e+00  sse_vamb: 9.19413e-02  kld_vamb: 1.71111e-02  loss_labels: 7.08329e-03  ce_labels_labels: 1.48956e-03  kld_labels: 3.57999e+01  correct_labels_labels: 0.00000e+00  loss_joint: 1.09488e-01  ce_joint: 0.00000e+00  sse_joint: 2.04238e+01  ce_labels_joint: 3.03404e-03  kld_vamb_joint: 3.24272e+00  kld_labels_joint: 6.45367e+00  correct_labels_joint: 0.00000e+00  loss: 2.30867e-01
2026-08-13 13:49:56.595 | INFO    | 		Epoch: 221  loss_vamb: 1.13698e-01  ab_vamb: 4.93670e-03  ce_vamb: 0.00000e+00  sse_vamb: 9.18653e-02  kld_vamb: 1.71011e-02  loss_labels: 6.72344e-03  ce_labels_labels: 1.13146e-03  kld_labels: 3.57887e+01  correct_labels_labels: 0.00000e+00  loss_joint: 1.09392e-01  ce_joint: 0.00000e+00  sse_joint: 2.05693e+01  ce_labels_joint: 2.84452e-03  kld_vamb_joint: 3.21215e+00  kld_labels_joint: 6.42192e+00  correct_labels_joint: 0.00000e+00  loss: 2.29814e-01
2026-08-13 13:49:58.472 | INFO    | 		Epoch: 222  loss_vamb: 1.14548e-01  ab_vamb: 4.85625e-03  ce_vamb: 0.00000e+00  sse_vamb: 9.25088e-02  kld_vamb: 1.71474e-02  loss_labels: 6.53021e-03  ce_labels_labels: 9.45908e-04  kld_labels: 3.57396e+01  correct_labels_labels: 0.00000e+00  loss_joint: 1.09124e-01  ce_joint: 0.00000e+00  sse_joint: 2.05401e+01  ce_labels_joint: 2.33220e-03  kld_vamb_joint: 3.24128e+00  kld_labels_joint: 6.47824e+00  correct_labels_joint: 0.00000e+00  loss: 2.30202e-01
2026-08-13 13:49:58.968 | INFO    | 		Epoch: 223  loss_vamb: 1.13224e-01  ab_vamb: 4.61825e-03  ce_vamb: 0.00000e+00  sse_vamb: 9.11809e-02  kld_vamb: 1.70961e-02  loss_labels: 6.52103e-03  ce_labels_labels: 9.33507e-04  kld_labels: 3.57601e+01  correct_labels_labels: 0.00000e+00  loss_joint: 1.09805e-01  ce_joint: 0.00000e+00  sse_joint: 2.03276e+01  ce_labels_joint: 4.11141e-03  kld_vamb_joint: 3.21442e+00  kld_labels_joint: 6.43691e+00  correct_labels_joint: 0.00000e+00  loss: 2.29551e-01
2026-08-13 13:49:59.391 | INFO    | 		Epoch: 224  loss_vamb: 1.13762e-01  ab_vamb: 4.68573e-03  ce_vamb: 0.00000e+00  sse_vamb: 9.20037e-02  kld_vamb: 1.71401e-02  loss_labels: 7.16710e-03  ce_labels_labels: 1.61441e-03  kld_labels: 3.55372e+01  correct_labels_labels: 0.00000e+00  loss_joint: 1.08153e-01  ce_joint: 0.00000e+00  sse_joint: 2.04346e+01  ce_labels_joint: 2.23346e-03  kld_vamb_joint: 3.23109e+00  kld_labels_joint: 6.48401e+00  correct_labels_joint: 0.00000e+00  loss: 2.29082e-01
2026-08-13 13:49:59.951 | INFO    | 		Epoch: 225  loss_vamb: 1.13213e-01  ab_vamb: 4.75938e-03  ce_vamb: 0.00000e+00  sse_vamb: 9.13471e-02  kld_vamb: 1.71067e-02  loss_labels: 6.58361e-03  ce_labels_labels: 1.02004e-03  kld_labels: 3.56068e+01  correct_labels_labels: 0.00000e+00  loss_joint: 1.08694e-01  ce_joint: 0.00000e+00  sse_joint: 2.04828e+01  ce_labels_joint: 2.39549e-03  kld_vamb_joint: 3.24170e+00  kld_labels_joint: 6.46556e+00  correct_labels_joint: 0.00000e+00  loss: 2.28490e-01
2026-08-13 13:50:00.300 | INFO    | 		Epoch: 226  loss_vamb: 1.13339e-01  ab_vamb: 4.69000e-03  ce_vamb: 0.00000e+00  sse_vamb: 9.15354e-02  kld_vamb: 1.71140e-02  loss_labels: 6.93085e-03  ce_labels_labels: 1.36867e-03  kld_labels: 3.55980e+01  correct_labels_labels: 0.00000e+00  loss_joint: 1.07705e-01  ce_joint: 0.00000e+00  sse_joint: 2.03835e+01  ce_labels_joint: 2.39444e-03  kld_vamb_joint: 3.22180e+00  kld_labels_joint: 6.46149e+00  correct_labels_joint: 0.00000e+00  loss: 2.27975e-01
2026-08-13 13:50:00.697 | INFO    | 		Epoch: 227  loss_vamb: 1.13124e-01  ab_vamb: 4.67122e-03  ce_vamb: 0.00000e+00  sse_vamb: 9.13293e-02  kld_vamb: 1.71233e-02  loss_labels: 6.29340e-03  ce_labels_labels: 7.34906e-04  kld_labels: 3.55744e+01  correct_labels_labels: 0.00000e+00  loss_joint: 1.09178e-01  ce_joint: 0.00000e+00  sse_joint: 2.03638e+01  ce_labels_joint: 3.60638e-03  kld_vamb_joint: 3.24118e+00  kld_labels_joint: 6.48388e+00  correct_labels_joint: 0.00000e+00  loss: 2.28595e-01
2026-08-13 13:50:01.095 | INFO    | 		Epoch: 228  loss_vamb: 1.13185e-01  ab_vamb: 4.79901e-03  ce_vamb: 0.00000e+00  sse_vamb: 9.12547e-02  kld_vamb: 1.71317e-02  loss_labels: 6.96686e-03  ce_labels_labels: 1.41465e-03  kld_labels: 3.55341e+01  correct_labels_labels: 0.00000e+00  loss_joint: 1.09351e-01  ce_joint: 0.00000e+00  sse_joint: 2.03802e+01  ce_labels_joint: 3.83202e-03  kld_vamb_joint: 3.24544e+00  kld_labels_joint: 6.48664e+00  correct_labels_joint: 0.00000e+00  loss: 2.29503e-01
2026-08-13 13:50:01.440 | INFO    | 		Epoch: 229  loss_vamb: 1.12810e-01  ab_vamb: 4.45628e-03  ce_vamb: 0.00000e+00  sse_vamb: 9.12140e-02  kld_vamb: 1.71401e-02  loss_labels: 6.84386e-03  ce_labels_labels: 1.28147e-03  kld_labels: 3.55993e+01  correct_labels_labels: 0.00000e+00  loss_joint: 1.08007e-01  ce_joint: 0.00000e+00  sse_joint: 2.03685e+01  ce_labels_joint: 2.51159e-03  kld_vamb_joint: 3.24300e+00  kld_labels_joint: 6.50758e+00  correct_labels_joint: 0.00000e+00  loss: 2.27661e-01
2026-08-13 13:50:01.793 | INFO    | 		Epoch: 230  loss_vamb: 1.12864e-01  ab_vamb: 4.40896e-03  ce_vamb: 0.00000e+00  sse_vamb: 9.13071e-02  kld_vamb: 1.71476e-02  loss_labels: 6.43906e-03  ce_labels_labels: 8.99445e-04  kld_labels: 3.54535e+01  correct_labels_labels: 0.00000e+00  loss_joint: 1.08294e-01  ce_joint: 0.00000e+00  sse_joint: 2.03942e+01  ce_labels_joint: 2.47446e-03  kld_vamb_joint: 3.25190e+00  kld_labels_joint: 6.49455e+00  correct_labels_joint: 0.00000e+00  loss: 2.27597e-01
2026-08-13 13:50:02.360 | INFO    | 		Epoch: 231  loss_vamb: 1.12802e-01  ab_vamb: 4.42664e-03  ce_vamb: 0.00000e+00  sse_vamb: 9.12180e-02  kld_vamb: 1.71573e-02  loss_labels: 6.58361e-03  ce_labels_labels: 1.05389e-03  kld_labels: 3.53902e+01  correct_labels_labels: 0.00000e+00  loss_joint: 1.08221e-01  ce_joint: 0.00000e+00  sse_joint: 2.02930e+01  ce_labels_joint: 2.86314e-03  kld_vamb_joint: 3.26894e+00  kld_labels_joint: 6.52216e+00  correct_labels_joint: 0.00000e+00  loss: 2.27607e-01
2026-08-13 13:50:02.968 | INFO    | 		Epoch: 232  loss_vamb: 1.12609e-01  ab_vamb: 4.67192e-03  ce_vamb: 0.00000e+00  sse_vamb: 9.07638e-02  kld_vamb: 1.71736e-02  loss_labels: 6.69365e-03  ce_labels_labels: 1.17854e-03  kld_labels: 3.52967e+01  correct_labels_labels: 0.00000e+00  loss_joint: 1.07624e-01  ce_joint: 0.00000e+00  sse_joint: 2.03248e+01  ce_labels_joint: 2.47355e-03  kld_vamb_joint: 3.24496e+00  kld_labels_joint: 6.51796e+00  correct_labels_joint: 0.00000e+00  loss: 2.26927e-01
2026-08-13 13:50:03.562 | INFO    | 		Epoch: 233  loss_vamb: 1.13471e-01  ab_vamb: 5.11322e-03  ce_vamb: 0.00000e+00  sse_vamb: 9.11688e-02  kld_vamb: 1.71892e-02  loss_labels: 6.58556e-03  ce_labels_labels: 1.07869e-03  kld_labels: 3.52440e+01  correct_labels_labels: 0.00000e+00  loss_joint: 1.08439e-01  ce_joint: 0.00000e+00  sse_joint: 2.04173e+01  ce_labels_joint: 2.87987e-03  kld_vamb_joint: 3.24650e+00  kld_labels_joint: 6.51187e+00  correct_labels_joint: 0.00000e+00  loss: 2.28496e-01
2026-08-13 13:50:04.066 | INFO    | 		Epoch: 234  loss_vamb: 1.12368e-01  ab_vamb: 4.47848e-03  ce_vamb: 0.00000e+00  sse_vamb: 9.06888e-02  kld_vamb: 1.72004e-02  loss_labels: 6.43156e-03  ce_labels_labels: 9.20666e-04  kld_labels: 3.52697e+01  correct_labels_labels: 0.00000e+00  loss_joint: 1.07266e-01  ce_joint: 0.00000e+00  sse_joint: 2.01854e+01  ce_labels_joint: 2.70694e-03  kld_vamb_joint: 3.23276e+00  kld_labels_joint: 6.52474e+00  correct_labels_joint: 0.00000e+00  loss: 2.26065e-01
2026-08-13 13:50:04.679 | INFO    | 		Epoch: 235  loss_vamb: 1.12635e-01  ab_vamb: 4.63726e-03  ce_vamb: 0.00000e+00  sse_vamb: 9.07931e-02  kld_vamb: 1.72048e-02  loss_labels: 7.18935e-03  ce_labels_labels: 1.69102e-03  kld_labels: 3.51893e+01  correct_labels_labels: 0.00000e+00  loss_joint: 1.07961e-01  ce_joint: 0.00000e+00  sse_joint: 2.02868e+01  ce_labels_joint: 3.03618e-03  kld_vamb_joint: 3.25684e+00  kld_labels_joint: 6.56007e+00  correct_labels_joint: 0.00000e+00  loss: 2.27786e-01
2026-08-13 13:50:05.198 | INFO    | 		Epoch: 236  loss_vamb: 1.12897e-01  ab_vamb: 4.66308e-03  ce_vamb: 0.00000e+00  sse_vamb: 9.10284e-02  kld_vamb: 1.72053e-02  loss_labels: 6.23824e-03  ce_labels_labels: 7.19985e-04  kld_labels: 3.53168e+01  correct_labels_labels: 0.00000e+00  loss_joint: 1.08156e-01  ce_joint: 0.00000e+00  sse_joint: 2.02669e+01  ce_labels_joint: 2.84498e-03  kld_vamb_joint: 3.25980e+00  kld_labels_joint: 6.56204e+00  correct_labels_joint: 0.00000e+00  loss: 2.27291e-01
2026-08-13 13:50:05.559 | INFO    | 		Epoch: 237  loss_vamb: 1.12863e-01  ab_vamb: 4.66825e-03  ce_vamb: 0.00000e+00  sse_vamb: 9.09858e-02  kld_vamb: 1.72093e-02  loss_labels: 6.53550e-03  ce_labels_labels: 1.00198e-03  kld_labels: 3.54145e+01  correct_labels_labels: 0.00000e+00  loss_joint: 1.07372e-01  ce_joint: 0.00000e+00  sse_joint: 2.01924e+01  ce_labels_joint: 3.12181e-03  kld_vamb_joint: 3.24411e+00  kld_labels_joint: 6.55393e+00  correct_labels_joint: 0.00000e+00  loss: 2.26770e-01
2026-08-13 13:50:07.581 | INFO    | 		Epoch: 238  loss_vamb: 1.12021e-01  ab_vamb: 4.30508e-03  ce_vamb: 0.00000e+00  sse_vamb: 9.04988e-02  kld_vamb: 1.72168e-02  loss_labels: 6.70439e-03  ce_labels_labels: 1.16839e-03  kld_labels: 3.54304e+01  correct_labels_labels: 0.00000e+00  loss_joint: 1.06935e-01  ce_joint: 0.00000e+00  sse_joint: 2.01600e+01  ce_labels_joint: 2.54415e-03  kld_vamb_joint: 3.26435e+00  kld_labels_joint: 6.58208e+00  correct_labels_joint: 0.00000e+00  loss: 2.25660e-01
2026-08-13 13:50:08.819 | INFO    | 		Epoch: 239  loss_vamb: 1.12643e-01  ab_vamb: 4.80808e-03  ce_vamb: 0.00000e+00  sse_vamb: 9.06087e-02  kld_vamb: 1.72258e-02  loss_labels: 6.95692e-03  ce_labels_labels: 1.44760e-03  kld_labels: 3.52597e+01  correct_labels_labels: 0.00000e+00  loss_joint: 1.08017e-01  ce_joint: 0.00000e+00  sse_joint: 2.02349e+01  ce_labels_joint: 3.41780e-03  kld_vamb_joint: 3.25259e+00  kld_labels_joint: 6.56726e+00  correct_labels_joint: 0.00000e+00  loss: 2.27617e-01
2026-08-13 13:50:09.305 | INFO    | 		Epoch: 240  loss_vamb: 1.12559e-01  ab_vamb: 4.64447e-03  ce_vamb: 0.00000e+00  sse_vamb: 9.06874e-02  kld_vamb: 1.72275e-02  loss_labels: 6.88378e-03  ce_labels_labels: 1.33745e-03  kld_labels: 3.54965e+01  correct_labels_labels: 0.00000e+00  loss_joint: 1.07504e-01  ce_joint: 0.00000e+00  sse_joint: 2.02136e+01  ce_labels_joint: 2.67110e-03  kld_vamb_joint: 3.24153e+00  kld_labels_joint: 6.55548e+00  correct_labels_joint: 0.00000e+00  loss: 2.26947e-01
2026-08-13 13:50:09.823 | INFO    | 		Epoch: 241  loss_vamb: 1.12469e-01  ab_vamb: 4.64005e-03  ce_vamb: 0.00000e+00  sse_vamb: 9.06021e-02  kld_vamb: 1.72269e-02  loss_labels: 7.12544e-03  ce_labels_labels: 1.60190e-03  kld_labels: 3.53506e+01  correct_labels_labels: 0.00000e+00  loss_joint: 1.07223e-01  ce_joint: 0.00000e+00  sse_joint: 2.01990e+01  ce_labels_joint: 2.60739e-03  kld_vamb_joint: 3.24446e+00  kld_labels_joint: 6.55758e+00  correct_labels_joint: 0.00000e+00  loss: 2.26818e-01
2026-08-13 13:50:10.338 | INFO    | 		Epoch: 242  loss_vamb: 1.12105e-01  ab_vamb: 4.70384e-03  ce_vamb: 0.00000e+00  sse_vamb: 9.01689e-02  kld_vamb: 1.72320e-02  loss_labels: 6.67010e-03  ce_labels_labels: 1.13705e-03  kld_labels: 3.54115e+01  correct_labels_labels: 0.00000e+00  loss_joint: 1.07445e-01  ce_joint: 0.00000e+00  sse_joint: 2.01963e+01  ce_labels_joint: 2.93622e-03  kld_vamb_joint: 3.24962e+00  kld_labels_joint: 6.59284e+00  correct_labels_joint: 0.00000e+00  loss: 2.26220e-01
2026-08-13 13:50:10.739 | INFO    | 		Epoch: 243  loss_vamb: 1.11983e-01  ab_vamb: 4.57265e-03  ce_vamb: 0.00000e+00  sse_vamb: 9.01715e-02  kld_vamb: 1.72387e-02  loss_labels: 6.51160e-03  ce_labels_labels: 9.68078e-04  kld_labels: 3.54785e+01  correct_labels_labels: 0.00000e+00  loss_joint: 1.06641e-01  ce_joint: 0.00000e+00  sse_joint: 2.01349e+01  ce_labels_joint: 2.48769e-03  kld_vamb_joint: 3.24100e+00  kld_labels_joint: 6.58350e+00  correct_labels_joint: 0.00000e+00  loss: 2.25135e-01
2026-08-13 13:50:11.145 | INFO    | 		Epoch: 244  loss_vamb: 1.12422e-01  ab_vamb: 4.83843e-03  ce_vamb: 0.00000e+00  sse_vamb: 9.03374e-02  kld_vamb: 1.72464e-02  loss_labels: 6.59948e-03  ce_labels_labels: 1.05917e-03  kld_labels: 3.54580e+01  correct_labels_labels: 0.00000e+00  loss_joint: 1.06445e-01  ce_joint: 0.00000e+00  sse_joint: 2.00805e+01  ce_labels_joint: 2.75418e-03  kld_vamb_joint: 3.23948e+00  kld_labels_joint: 6.58639e+00  correct_labels_joint: 0.00000e+00  loss: 2.25467e-01
2026-08-13 13:50:11.864 | INFO    | 		Epoch: 245  loss_vamb: 1.12542e-01  ab_vamb: 4.83102e-03  ce_vamb: 0.00000e+00  sse_vamb: 9.04523e-02  kld_vamb: 1.72584e-02  loss_labels: 6.68871e-03  ce_labels_labels: 1.14797e-03  kld_labels: 3.54607e+01  correct_labels_labels: 0.00000e+00  loss_joint: 1.06785e-01  ce_joint: 0.00000e+00  sse_joint: 2.01365e+01  ce_labels_joint: 2.70882e-03  kld_vamb_joint: 3.23584e+00  kld_labels_joint: 6.58213e+00  correct_labels_joint: 0.00000e+00  loss: 2.26015e-01
2026-08-13 13:50:12.435 | INFO    | 		Epoch: 246  loss_vamb: 1.11623e-01  ab_vamb: 4.23715e-03  ce_vamb: 0.00000e+00  sse_vamb: 9.01190e-02  kld_vamb: 1.72671e-02  loss_labels: 6.51095e-03  ce_labels_labels: 9.75985e-04  kld_labels: 3.54238e+01  correct_labels_labels: 0.00000e+00  loss_joint: 1.06451e-01  ce_joint: 0.00000e+00  sse_joint: 2.01012e+01  ce_labels_joint: 2.53243e-03  kld_vamb_joint: 3.22563e+00  kld_labels_joint: 6.58799e+00  correct_labels_joint: 0.00000e+00  loss: 2.24586e-01
2026-08-13 13:50:13.004 | INFO    | 		Epoch: 247  loss_vamb: 1.12064e-01  ab_vamb: 4.58652e-03  ce_vamb: 0.00000e+00  sse_vamb: 9.02052e-02  kld_vamb: 1.72723e-02  loss_labels: 6.49994e-03  ce_labels_labels: 9.56139e-04  kld_labels: 3.54803e+01  correct_labels_labels: 0.00000e+00  loss_joint: 1.06435e-01  ce_joint: 0.00000e+00  sse_joint: 2.00665e+01  ce_labels_joint: 2.61537e-03  kld_vamb_joint: 3.22436e+00  kld_labels_joint: 6.57516e+00  correct_labels_joint: 0.00000e+00  loss: 2.24999e-01
2026-08-13 13:50:13.645 | INFO    | 		Epoch: 248  loss_vamb: 1.11750e-01  ab_vamb: 4.46729e-03  ce_vamb: 0.00000e+00  sse_vamb: 8.99998e-02  kld_vamb: 1.72833e-02  loss_labels: 6.87291e-03  ce_labels_labels: 1.33168e-03  kld_labels: 3.54639e+01  correct_labels_labels: 0.00000e+00  loss_joint: 1.06482e-01  ce_joint: 0.00000e+00  sse_joint: 2.00996e+01  ce_labels_joint: 2.03643e-03  kld_vamb_joint: 3.24870e+00  kld_labels_joint: 6.58858e+00  correct_labels_joint: 0.00000e+00  loss: 2.25106e-01
2026-08-13 13:50:14.169 | INFO    | 		Epoch: 249  loss_vamb: 1.11848e-01  ab_vamb: 4.43084e-03  ce_vamb: 0.00000e+00  sse_vamb: 9.01253e-02  kld_vamb: 1.72918e-02  loss_labels: 6.58200e-03  ce_labels_labels: 1.02169e-03  kld_labels: 3.55860e+01  correct_labels_labels: 0.00000e+00  loss_joint: 1.06668e-01  ce_joint: 0.00000e+00  sse_joint: 2.01007e+01  ce_labels_joint: 2.29692e-03  kld_vamb_joint: 3.24396e+00  kld_labels_joint: 6.60498e+00  correct_labels_joint: 0.00000e+00  loss: 2.25098e-01
2026-08-13 13:50:14.611 | INFO    | 		Epoch: 250  loss_vamb: 1.12149e-01  ab_vamb: 4.51535e-03  ce_vamb: 0.00000e+00  sse_vamb: 9.03421e-02  kld_vamb: 1.72918e-02  loss_labels: 6.71134e-03  ce_labels_labels: 1.13597e-03  kld_labels: 3.56824e+01  correct_labels_labels: 0.00000e+00  loss_joint: 1.06843e-01  ce_joint: 0.00000e+00  sse_joint: 2.00782e+01  ce_labels_joint: 2.84825e-03  kld_vamb_joint: 3.24006e+00  kld_labels_joint: 6.60453e+00  correct_labels_joint: 0.00000e+00  loss: 2.25703e-01
2026-08-13 13:50:14.951 | INFO    | 		Epoch: 251  loss_vamb: 1.11787e-01  ab_vamb: 4.44466e-03  ce_vamb: 0.00000e+00  sse_vamb: 9.00486e-02  kld_vamb: 1.72941e-02  loss_labels: 6.55554e-03  ce_labels_labels: 9.88195e-04  kld_labels: 3.56310e+01  correct_labels_labels: 0.00000e+00  loss_joint: 1.06768e-01  ce_joint: 0.00000e+00  sse_joint: 2.01339e+01  ce_labels_joint: 2.27218e-03  kld_vamb_joint: 3.25878e+00  kld_labels_joint: 6.60167e+00  correct_labels_joint: 0.00000e+00  loss: 2.25111e-01
2026-08-13 13:50:15.280 | INFO    | 		Epoch: 252  loss_vamb: 1.12012e-01  ab_vamb: 4.62972e-03  ce_vamb: 0.00000e+00  sse_vamb: 9.00912e-02  kld_vamb: 1.72916e-02  loss_labels: 6.69185e-03  ce_labels_labels: 1.14113e-03  kld_labels: 3.55246e+01  correct_labels_labels: 0.00000e+00  loss_joint: 1.05982e-01  ce_joint: 0.00000e+00  sse_joint: 2.01121e+01  ce_labels_joint: 1.94564e-03  kld_vamb_joint: 3.24600e+00  kld_labels_joint: 6.59232e+00  correct_labels_joint: 0.00000e+00  loss: 2.24686e-01
2026-08-13 13:50:15.809 | INFO    | 		Epoch: 253  loss_vamb: 1.11507e-01  ab_vamb: 4.32921e-03  ce_vamb: 0.00000e+00  sse_vamb: 8.98853e-02  kld_vamb: 1.72924e-02  loss_labels: 6.44376e-03  ce_labels_labels: 8.74515e-04  kld_labels: 3.56432e+01  correct_labels_labels: 0.00000e+00  loss_joint: 1.06039e-01  ce_joint: 0.00000e+00  sse_joint: 1.99781e+01  ce_labels_joint: 2.63745e-03  kld_vamb_joint: 3.24308e+00  kld_labels_joint: 6.60529e+00  correct_labels_joint: 0.00000e+00  loss: 2.23990e-01
2026-08-13 13:50:16.281 | INFO    | 		Epoch: 254  loss_vamb: 1.11271e-01  ab_vamb: 4.55652e-03  ce_vamb: 0.00000e+00  sse_vamb: 8.94164e-02  kld_vamb: 1.72976e-02  loss_labels: 6.58465e-03  ce_labels_labels: 1.02826e-03  kld_labels: 3.55609e+01  correct_labels_labels: 0.00000e+00  loss_joint: 1.06940e-01  ce_joint: 0.00000e+00  sse_joint: 2.00472e+01  ce_labels_joint: 3.17737e-03  kld_vamb_joint: 3.24619e+00  kld_labels_joint: 6.62714e+00  correct_labels_joint: 0.00000e+00  loss: 2.24795e-01
2026-08-13 13:50:16.722 | INFO    | 		Epoch: 255  loss_vamb: 1.11749e-01  ab_vamb: 4.55334e-03  ce_vamb: 0.00000e+00  sse_vamb: 8.98964e-02  kld_vamb: 1.72996e-02  loss_labels: 6.37282e-03  ce_labels_labels: 8.36049e-04  kld_labels: 3.54354e+01  correct_labels_labels: 0.00000e+00  loss_joint: 1.05681e-01  ce_joint: 0.00000e+00  sse_joint: 2.00055e+01  ce_labels_joint: 2.21361e-03  kld_vamb_joint: 3.26090e+00  kld_labels_joint: 6.65329e+00  correct_labels_joint: 0.00000e+00  loss: 2.23804e-01
2026-08-13 13:50:17.260 | INFO    | 		Epoch: 256  loss_vamb: 1.11546e-01  ab_vamb: 4.55495e-03  ce_vamb: 0.00000e+00  sse_vamb: 8.96927e-02  kld_vamb: 1.72986e-02  loss_labels: 6.42297e-03  ce_labels_labels: 8.96030e-04  kld_labels: 3.53724e+01  correct_labels_labels: 0.00000e+00  loss_joint: 1.06525e-01  ce_joint: 0.00000e+00  sse_joint: 1.99810e+01  ce_labels_joint: 2.92127e-03  kld_vamb_joint: 3.25692e+00  kld_labels_joint: 6.62839e+00  correct_labels_joint: 0.00000e+00  loss: 2.24494e-01
2026-08-13 13:50:17.966 | INFO    | 		Epoch: 257  loss_vamb: 1.11273e-01  ab_vamb: 4.55296e-03  ce_vamb: 0.00000e+00  sse_vamb: 8.94235e-02  kld_vamb: 1.72964e-02  loss_labels: 6.26429e-03  ce_labels_labels: 7.39768e-04  kld_labels: 3.53570e+01  correct_labels_labels: 0.00000e+00  loss_joint: 1.06115e-01  ce_joint: 0.00000e+00  sse_joint: 1.99633e+01  ce_labels_joint: 2.53748e-03  kld_vamb_joint: 3.27044e+00  kld_labels_joint: 6.65597e+00  correct_labels_joint: 0.00000e+00  loss: 2.23652e-01
2026-08-13 13:50:18.530 | INFO    | 		Epoch: 258  loss_vamb: 1.12067e-01  ab_vamb: 4.78796e-03  ce_vamb: 0.00000e+00  sse_vamb: 8.99824e-02  kld_vamb: 1.72964e-02  loss_labels: 6.79941e-03  ce_labels_labels: 1.28571e-03  kld_labels: 3.52876e+01  correct_labels_labels: 0.00000e+00  loss_joint: 1.06465e-01  ce_joint: 0.00000e+00  sse_joint: 1.99444e+01  ce_labels_joint: 3.10868e-03  kld_vamb_joint: 3.26062e+00  kld_labels_joint: 6.66691e+00  correct_labels_joint: 0.00000e+00  loss: 2.25331e-01
2026-08-13 13:50:19.010 | INFO    | 		Epoch: 259  loss_vamb: 1.11427e-01  ab_vamb: 4.65229e-03  ce_vamb: 0.00000e+00  sse_vamb: 8.94684e-02  kld_vamb: 1.73068e-02  loss_labels: 7.41984e-03  ce_labels_labels: 1.90716e-03  kld_labels: 3.52812e+01  correct_labels_labels: 0.00000e+00  loss_joint: 1.06356e-01  ce_joint: 0.00000e+00  sse_joint: 2.00160e+01  ce_labels_joint: 2.58819e-03  kld_vamb_joint: 3.26350e+00  kld_labels_joint: 6.65278e+00  correct_labels_joint: 0.00000e+00  loss: 2.25203e-01
2026-08-13 13:50:19.510 | INFO    | 		Epoch: 260  loss_vamb: 1.11427e-01  ab_vamb: 4.73625e-03  ce_vamb: 0.00000e+00  sse_vamb: 8.93726e-02  kld_vamb: 1.73186e-02  loss_labels: 6.66939e-03  ce_labels_labels: 1.16103e-03  kld_labels: 3.52535e+01  correct_labels_labels: 0.00000e+00  loss_joint: 1.05556e-01  ce_joint: 0.00000e+00  sse_joint: 1.99107e+01  ce_labels_joint: 2.68236e-03  kld_vamb_joint: 3.25173e+00  kld_labels_joint: 6.64280e+00  correct_labels_joint: 0.00000e+00  loss: 2.23652e-01
2026-08-13 13:50:19.997 | INFO    | 		Epoch: 261  loss_vamb: 1.11563e-01  ab_vamb: 4.60919e-03  ce_vamb: 0.00000e+00  sse_vamb: 8.96273e-02  kld_vamb: 1.73266e-02  loss_labels: 6.23648e-03  ce_labels_labels: 7.33354e-04  kld_labels: 3.52200e+01  correct_labels_labels: 0.00000e+00  loss_joint: 1.06107e-01  ce_joint: 0.00000e+00  sse_joint: 1.99821e+01  ce_labels_joint: 2.37463e-03  kld_vamb_joint: 3.26504e+00  kld_labels_joint: 6.66756e+00  correct_labels_joint: 0.00000e+00  loss: 2.23907e-01
2026-08-13 13:50:20.494 | INFO    | 		Epoch: 262  loss_vamb: 1.11169e-01  ab_vamb: 4.44401e-03  ce_vamb: 0.00000e+00  sse_vamb: 8.93932e-02  kld_vamb: 1.73316e-02  loss_labels: 6.32524e-03  ce_labels_labels: 8.25803e-04  kld_labels: 3.51964e+01  correct_labels_labels: 0.00000e+00  loss_joint: 1.05269e-01  ce_joint: 0.00000e+00  sse_joint: 1.98916e+01  ce_labels_joint: 1.98227e-03  kld_vamb_joint: 3.26556e+00  kld_labels_joint: 6.67906e+00  correct_labels_joint: 0.00000e+00  loss: 2.22763e-01
2026-08-13 13:50:21.047 | INFO    | 		Epoch: 263  loss_vamb: 1.11220e-01  ab_vamb: 4.49734e-03  ce_vamb: 0.00000e+00  sse_vamb: 8.93853e-02  kld_vamb: 1.73373e-02  loss_labels: 6.23812e-03  ce_labels_labels: 7.47677e-04  kld_labels: 3.51388e+01  correct_labels_labels: 0.00000e+00  loss_joint: 1.05894e-01  ce_joint: 0.00000e+00  sse_joint: 1.99560e+01  ce_labels_joint: 2.45997e-03  kld_vamb_joint: 3.25868e+00  kld_labels_joint: 6.66100e+00  correct_labels_joint: 0.00000e+00  loss: 2.23352e-01
2026-08-13 13:50:21.600 | INFO    | 		Epoch: 264  loss_vamb: 1.10958e-01  ab_vamb: 4.45449e-03  ce_vamb: 0.00000e+00  sse_vamb: 8.91590e-02  kld_vamb: 1.73449e-02  loss_labels: 6.98649e-03  ce_labels_labels: 1.49798e-03  kld_labels: 3.51265e+01  correct_labels_labels: 0.00000e+00  loss_joint: 1.05394e-01  ce_joint: 0.00000e+00  sse_joint: 1.98956e+01  ce_labels_joint: 2.00769e-03  kld_vamb_joint: 3.27955e+00  kld_labels_joint: 6.69343e+00  correct_labels_joint: 0.00000e+00  loss: 2.23339e-01
2026-08-13 13:50:22.128 | INFO    | 		Epoch: 265  loss_vamb: 1.11394e-01  ab_vamb: 4.69663e-03  ce_vamb: 0.00000e+00  sse_vamb: 8.93476e-02  kld_vamb: 1.73496e-02  loss_labels: 6.22130e-03  ce_labels_labels: 7.52240e-04  kld_labels: 3.50020e+01  correct_labels_labels: 0.00000e+00  loss_joint: 1.05363e-01  ce_joint: 0.00000e+00  sse_joint: 1.98957e+01  ce_labels_joint: 2.22389e-03  kld_vamb_joint: 3.26005e+00  kld_labels_joint: 6.69194e+00  correct_labels_joint: 0.00000e+00  loss: 2.22978e-01
2026-08-13 13:50:22.470 | INFO    | 		Epoch: 266  loss_vamb: 1.11333e-01  ab_vamb: 4.59369e-03  ce_vamb: 0.00000e+00  sse_vamb: 8.93798e-02  kld_vamb: 1.73593e-02  loss_labels: 6.33494e-03  ce_labels_labels: 8.55446e-04  kld_labels: 3.50687e+01  correct_labels_labels: 0.00000e+00  loss_joint: 1.05583e-01  ce_joint: 0.00000e+00  sse_joint: 1.98962e+01  ce_labels_joint: 2.27250e-03  kld_vamb_joint: 3.26669e+00  kld_labels_joint: 6.70483e+00  correct_labels_joint: 0.00000e+00  loss: 2.23251e-01
2026-08-13 13:50:22.984 | INFO    | 		Epoch: 267  loss_vamb: 1.10746e-01  ab_vamb: 4.28154e-03  ce_vamb: 0.00000e+00  sse_vamb: 8.90931e-02  kld_vamb: 1.73716e-02  loss_labels: 7.28801e-03  ce_labels_labels: 1.83141e-03  kld_labels: 3.49223e+01  correct_labels_labels: 0.00000e+00  loss_joint: 1.05112e-01  ce_joint: 0.00000e+00  sse_joint: 1.98438e+01  ce_labels_joint: 2.46013e-03  kld_vamb_joint: 3.25583e+00  kld_labels_joint: 6.72316e+00  correct_labels_joint: 0.00000e+00  loss: 2.23146e-01
2026-08-13 13:50:23.507 | INFO    | 		Epoch: 268  loss_vamb: 1.11051e-01  ab_vamb: 4.59713e-03  ce_vamb: 0.00000e+00  sse_vamb: 8.90778e-02  kld_vamb: 1.73759e-02  loss_labels: 6.76501e-03  ce_labels_labels: 1.31905e-03  kld_labels: 3.48542e+01  correct_labels_labels: 0.00000e+00  loss_joint: 1.05105e-01  ce_joint: 0.00000e+00  sse_joint: 1.98998e+01  ce_labels_joint: 1.92179e-03  kld_vamb_joint: 3.25967e+00  kld_labels_joint: 6.71881e+00  correct_labels_joint: 0.00000e+00  loss: 2.22921e-01
2026-08-13 13:50:23.919 | INFO    | 		Epoch: 269  loss_vamb: 1.11020e-01  ab_vamb: 4.61064e-03  ce_vamb: 0.00000e+00  sse_vamb: 8.90269e-02  kld_vamb: 1.73826e-02  loss_labels: 6.39206e-03  ce_labels_labels: 9.39705e-04  kld_labels: 3.48951e+01  correct_labels_labels: 0.00000e+00  loss_joint: 1.06094e-01  ce_joint: 0.00000e+00  sse_joint: 1.98486e+01  ce_labels_joint: 2.95895e-03  kld_vamb_joint: 3.26539e+00  kld_labels_joint: 6.73439e+00  correct_labels_joint: 0.00000e+00  loss: 2.23506e-01
2026-08-13 13:50:24.436 | INFO    | 		Epoch: 270  loss_vamb: 1.10836e-01  ab_vamb: 4.45308e-03  ce_vamb: 0.00000e+00  sse_vamb: 8.89940e-02  kld_vamb: 1.73887e-02  loss_labels: 6.79057e-03  ce_labels_labels: 1.35789e-03  kld_labels: 3.47692e+01  correct_labels_labels: 0.00000e+00  loss_joint: 1.05599e-01  ce_joint: 0.00000e+00  sse_joint: 1.98643e+01  ce_labels_joint: 2.45277e-03  kld_vamb_joint: 3.28067e+00  kld_labels_joint: 6.74481e+00  correct_labels_joint: 0.00000e+00  loss: 2.23225e-01
2026-08-13 13:50:24.968 | INFO    | 		Epoch: 271  loss_vamb: 1.11158e-01  ab_vamb: 4.63595e-03  ce_vamb: 0.00000e+00  sse_vamb: 8.91284e-02  kld_vamb: 1.73941e-02  loss_labels: 6.29745e-03  ce_labels_labels: 8.48470e-04  kld_labels: 3.48734e+01  correct_labels_labels: 0.00000e+00  loss_joint: 1.05175e-01  ce_joint: 0.00000e+00  sse_joint: 1.98358e+01  ce_labels_joint: 2.26326e-03  kld_vamb_joint: 3.27738e+00  kld_labels_joint: 6.74992e+00  correct_labels_joint: 0.00000e+00  loss: 2.22631e-01
2026-08-13 13:50:25.498 | INFO    | 		Epoch: 272  loss_vamb: 1.10519e-01  ab_vamb: 4.21450e-03  ce_vamb: 0.00000e+00  sse_vamb: 8.88994e-02  kld_vamb: 1.74054e-02  loss_labels: 6.14366e-03  ce_labels_labels: 7.01686e-04  kld_labels: 3.48286e+01  correct_labels_labels: 0.00000e+00  loss_joint: 1.05334e-01  ce_joint: 0.00000e+00  sse_joint: 1.98068e+01  ce_labels_joint: 2.53337e-03  kld_vamb_joint: 3.26680e+00  kld_labels_joint: 6.73647e+00  correct_labels_joint: 0.00000e+00  loss: 2.21997e-01
2026-08-13 13:50:25.976 | INFO    | 		Epoch: 273  loss_vamb: 1.10905e-01  ab_vamb: 4.54361e-03  ce_vamb: 0.00000e+00  sse_vamb: 8.89449e-02  kld_vamb: 1.74170e-02  loss_labels: 6.50568e-03  ce_labels_labels: 1.07468e-03  kld_labels: 3.47584e+01  correct_labels_labels: 0.00000e+00  loss_joint: 1.05119e-01  ce_joint: 0.00000e+00  sse_joint: 1.97398e+01  ce_labels_joint: 2.82433e-03  kld_vamb_joint: 3.26895e+00  kld_labels_joint: 6.76550e+00  correct_labels_joint: 0.00000e+00  loss: 2.22530e-01
2026-08-13 13:50:26.377 | INFO    | 		Epoch: 274  loss_vamb: 1.10494e-01  ab_vamb: 4.44371e-03  ce_vamb: 0.00000e+00  sse_vamb: 8.86146e-02  kld_vamb: 1.74361e-02  loss_labels: 6.37392e-03  ce_labels_labels: 9.45342e-04  kld_labels: 3.47429e+01  correct_labels_labels: 0.00000e+00  loss_joint: 1.04845e-01  ce_joint: 0.00000e+00  sse_joint: 1.97675e+01  ce_labels_joint: 2.61342e-03  kld_vamb_joint: 3.27288e+00  kld_labels_joint: 6.77149e+00  correct_labels_joint: 0.00000e+00  loss: 2.21714e-01
2026-08-13 13:50:26.888 | INFO    | 		Epoch: 275  loss_vamb: 1.10547e-01  ab_vamb: 4.36940e-03  ce_vamb: 0.00000e+00  sse_vamb: 8.87252e-02  kld_vamb: 1.74524e-02  loss_labels: 6.72099e-03  ce_labels_labels: 1.33208e-03  kld_labels: 3.44890e+01  correct_labels_labels: 0.00000e+00  loss_joint: 1.05496e-01  ce_joint: 0.00000e+00  sse_joint: 1.97451e+01  ce_labels_joint: 2.93940e-03  kld_vamb_joint: 3.26273e+00  kld_labels_joint: 6.76761e+00  correct_labels_joint: 0.00000e+00  loss: 2.22764e-01
2026-08-13 13:50:27.403 | INFO    | 		Epoch: 276  loss_vamb: 1.10566e-01  ab_vamb: 4.26267e-03  ce_vamb: 0.00000e+00  sse_vamb: 8.88401e-02  kld_vamb: 1.74635e-02  loss_labels: 6.72427e-03  ce_labels_labels: 1.33946e-03  kld_labels: 3.44627e+01  correct_labels_labels: 0.00000e+00  loss_joint: 1.04820e-01  ce_joint: 0.00000e+00  sse_joint: 1.97546e+01  ce_labels_joint: 2.44556e-03  kld_vamb_joint: 3.25628e+00  kld_labels_joint: 6.77523e+00  correct_labels_joint: 0.00000e+00  loss: 2.22110e-01
2026-08-13 13:50:27.925 | INFO    | 		Epoch: 277  loss_vamb: 1.10701e-01  ab_vamb: 4.57751e-03  ce_vamb: 0.00000e+00  sse_vamb: 8.86557e-02  kld_vamb: 1.74681e-02  loss_labels: 6.21878e-03  ce_labels_labels: 8.15569e-04  kld_labels: 3.45806e+01  correct_labels_labels: 0.00000e+00  loss_joint: 1.04840e-01  ce_joint: 0.00000e+00  sse_joint: 1.97560e+01  ce_labels_joint: 2.70352e-03  kld_vamb_joint: 3.25350e+00  kld_labels_joint: 6.76323e+00  correct_labels_joint: 0.00000e+00  loss: 2.21760e-01
2026-08-13 13:50:28.431 | INFO    | 		Epoch: 278  loss_vamb: 1.10633e-01  ab_vamb: 4.56558e-03  ce_vamb: 0.00000e+00  sse_vamb: 8.85927e-02  kld_vamb: 1.74748e-02  loss_labels: 6.41830e-03  ce_labels_labels: 1.03117e-03  kld_labels: 3.44776e+01  correct_labels_labels: 0.00000e+00  loss_joint: 1.04482e-01  ce_joint: 0.00000e+00  sse_joint: 1.97740e+01  ce_labels_joint: 2.47817e-03  kld_vamb_joint: 3.26448e+00  kld_labels_joint: 6.77621e+00  correct_labels_joint: 0.00000e+00  loss: 2.21533e-01
2026-08-13 13:50:29.016 | INFO    | 		Epoch: 279  loss_vamb: 1.10598e-01  ab_vamb: 4.52505e-03  ce_vamb: 0.00000e+00  sse_vamb: 8.85957e-02  kld_vamb: 1.74772e-02  loss_labels: 6.02203e-03  ce_labels_labels: 6.41944e-04  kld_labels: 3.44325e+01  correct_labels_labels: 0.00000e+00  loss_joint: 1.04987e-01  ce_joint: 0.00000e+00  sse_joint: 1.97562e+01  ce_labels_joint: 2.41787e-03  kld_vamb_joint: 3.26306e+00  kld_labels_joint: 6.79260e+00  correct_labels_joint: 0.00000e+00  loss: 2.21607e-01
2026-08-13 13:50:29.563 | INFO    | 		Epoch: 280  loss_vamb: 1.10629e-01  ab_vamb: 4.75407e-03  ce_vamb: 0.00000e+00  sse_vamb: 8.83916e-02  kld_vamb: 1.74832e-02  loss_labels: 7.49949e-03  ce_labels_labels: 2.11421e-03  kld_labels: 3.44658e+01  correct_labels_labels: 0.00000e+00  loss_joint: 1.04466e-01  ce_joint: 0.00000e+00  sse_joint: 1.96519e+01  ce_labels_joint: 2.73518e-03  kld_vamb_joint: 3.25696e+00  kld_labels_joint: 6.79074e+00  correct_labels_joint: 0.00000e+00  loss: 2.22595e-01
2026-08-13 13:50:30.082 | INFO    | 		Epoch: 281  loss_vamb: 1.10646e-01  ab_vamb: 4.39328e-03  ce_vamb: 0.00000e+00  sse_vamb: 8.87633e-02  kld_vamb: 1.74894e-02  loss_labels: 8.03337e-03  ce_labels_labels: 2.64591e-03  kld_labels: 3.44797e+01  correct_labels_labels: 0.00000e+00  loss_joint: 1.04869e-01  ce_joint: 0.00000e+00  sse_joint: 1.97253e+01  ce_labels_joint: 2.62020e-03  kld_vamb_joint: 3.26290e+00  kld_labels_joint: 6.77925e+00  correct_labels_joint: 0.00000e+00  loss: 2.23549e-01
2026-08-13 13:50:30.612 | INFO    | 		Epoch: 282  loss_vamb: 1.10204e-01  ab_vamb: 4.22337e-03  ce_vamb: 0.00000e+00  sse_vamb: 8.84824e-02  kld_vamb: 1.74979e-02  loss_labels: 6.24275e-03  ce_labels_labels: 8.51774e-04  kld_labels: 3.45023e+01  correct_labels_labels: 0.00000e+00  loss_joint: 1.04951e-01  ce_joint: 0.00000e+00  sse_joint: 1.97068e+01  ce_labels_joint: 2.53785e-03  kld_vamb_joint: 3.25049e+00  kld_labels_joint: 6.77673e+00  correct_labels_joint: 0.00000e+00  loss: 2.21397e-01
2026-08-13 13:50:31.142 | INFO    | 		Epoch: 283  loss_vamb: 1.10179e-01  ab_vamb: 4.38666e-03  ce_vamb: 0.00000e+00  sse_vamb: 8.82852e-02  kld_vamb: 1.75067e-02  loss_labels: 6.55743e-03  ce_labels_labels: 1.16625e-03  kld_labels: 3.45035e+01  correct_labels_labels: 0.00000e+00  loss_joint: 1.04496e-01  ce_joint: 0.00000e+00  sse_joint: 1.97096e+01  ce_labels_joint: 2.50566e-03  kld_vamb_joint: 3.27009e+00  kld_labels_joint: 6.80791e+00  correct_labels_joint: 0.00000e+00  loss: 2.21232e-01
2026-08-13 13:50:31.692 | INFO    | 		Epoch: 284  loss_vamb: 1.10117e-01  ab_vamb: 4.37131e-03  ce_vamb: 0.00000e+00  sse_vamb: 8.82287e-02  kld_vamb: 1.75167e-02  loss_labels: 6.68000e-03  ce_labels_labels: 1.26822e-03  kld_labels: 3.46353e+01  correct_labels_labels: 0.00000e+00  loss_joint: 1.04413e-01  ce_joint: 0.00000e+00  sse_joint: 1.96644e+01  ce_labels_joint: 2.30454e-03  kld_vamb_joint: 3.27219e+00  kld_labels_joint: 6.81543e+00  correct_labels_joint: 0.00000e+00  loss: 2.21209e-01
2026-08-13 13:50:32.233 | INFO    | 		Epoch: 285  loss_vamb: 1.10521e-01  ab_vamb: 4.68281e-03  ce_vamb: 0.00000e+00  sse_vamb: 8.83155e-02  kld_vamb: 1.75230e-02  loss_labels: 6.63692e-03  ce_labels_labels: 1.22067e-03  kld_labels: 3.46640e+01  correct_labels_labels: 0.00000e+00  loss_joint: 1.05991e-01  ce_joint: 0.00000e+00  sse_joint: 1.97237e+01  ce_labels_joint: 3.71982e-03  kld_vamb_joint: 3.26981e+00  kld_labels_joint: 6.81602e+00  correct_labels_joint: 0.00000e+00  loss: 2.23150e-01
2026-08-13 13:50:32.737 | INFO    | 		Epoch: 286  loss_vamb: 1.10267e-01  ab_vamb: 4.61110e-03  ce_vamb: 0.00000e+00  sse_vamb: 8.81365e-02  kld_vamb: 1.75197e-02  loss_labels: 6.91106e-03  ce_labels_labels: 1.48649e-03  kld_labels: 3.47173e+01  correct_labels_labels: 0.00000e+00  loss_joint: 1.04234e-01  ce_joint: 0.00000e+00  sse_joint: 1.96299e+01  ce_labels_joint: 2.64133e-03  kld_vamb_joint: 3.25855e+00  kld_labels_joint: 6.81768e+00  correct_labels_joint: 0.00000e+00  loss: 2.21413e-01
2026-08-13 13:50:33.274 | INFO    | 		Epoch: 287  loss_vamb: 1.09917e-01  ab_vamb: 4.48455e-03  ce_vamb: 0.00000e+00  sse_vamb: 8.79150e-02  kld_vamb: 1.75176e-02  loss_labels: 7.07240e-03  ce_labels_labels: 1.64513e-03  kld_labels: 3.47346e+01  correct_labels_labels: 0.00000e+00  loss_joint: 1.05033e-01  ce_joint: 0.00000e+00  sse_joint: 1.96288e+01  ce_labels_joint: 3.39417e-03  kld_vamb_joint: 3.27731e+00  kld_labels_joint: 6.81516e+00  correct_labels_joint: 0.00000e+00  loss: 2.22022e-01
2026-08-13 13:50:33.798 | INFO    | 		Epoch: 288  loss_vamb: 1.10294e-01  ab_vamb: 4.45425e-03  ce_vamb: 0.00000e+00  sse_vamb: 8.83211e-02  kld_vamb: 1.75188e-02  loss_labels: 7.76920e-03  ce_labels_labels: 2.31566e-03  kld_labels: 3.49027e+01  correct_labels_labels: 0.00000e+00  loss_joint: 1.04471e-01  ce_joint: 0.00000e+00  sse_joint: 1.95740e+01  ce_labels_joint: 2.85707e-03  kld_vamb_joint: 3.26547e+00  kld_labels_joint: 6.80274e+00  correct_labels_joint: 0.00000e+00  loss: 2.22534e-01
2026-08-13 13:50:34.350 | INFO    | 		Epoch: 289  loss_vamb: 1.09737e-01  ab_vamb: 4.31183e-03  ce_vamb: 0.00000e+00  sse_vamb: 8.78977e-02  kld_vamb: 1.75272e-02  loss_labels: 6.41411e-03  ce_labels_labels: 9.50929e-04  kld_labels: 3.49644e+01  correct_labels_labels: 0.00000e+00  loss_joint: 1.03736e-01  ce_joint: 0.00000e+00  sse_joint: 1.95835e+01  ce_labels_joint: 2.27576e-03  kld_vamb_joint: 3.27344e+00  kld_labels_joint: 6.79797e+00  correct_labels_joint: 0.00000e+00  loss: 2.19887e-01
2026-08-13 13:50:34.890 | INFO    | 		Epoch: 290  loss_vamb: 1.10235e-01  ab_vamb: 4.50035e-03  ce_vamb: 0.00000e+00  sse_vamb: 8.81991e-02  kld_vamb: 1.75355e-02  loss_labels: 7.25596e-03  ce_labels_labels: 1.77599e-03  kld_labels: 3.50718e+01  correct_labels_labels: 0.00000e+00  loss_joint: 1.04445e-01  ce_joint: 0.00000e+00  sse_joint: 1.96107e+01  ce_labels_joint: 2.70681e-03  kld_vamb_joint: 3.28099e+00  kld_labels_joint: 6.80826e+00  correct_labels_joint: 0.00000e+00  loss: 2.21936e-01
2026-08-13 13:50:35.392 | INFO    | 		Epoch: 291  loss_vamb: 1.10059e-01  ab_vamb: 4.49571e-03  ce_vamb: 0.00000e+00  sse_vamb: 8.80200e-02  kld_vamb: 1.75430e-02  loss_labels: 6.25226e-03  ce_labels_labels: 7.53318e-04  kld_labels: 3.51933e+01  correct_labels_labels: 0.00000e+00  loss_joint: 1.04155e-01  ce_joint: 0.00000e+00  sse_joint: 1.96251e+01  ce_labels_joint: 2.16384e-03  kld_vamb_joint: 3.27746e+00  kld_labels_joint: 6.80768e+00  correct_labels_joint: 0.00000e+00  loss: 2.20466e-01
2026-08-13 13:50:35.901 | INFO    | 		Epoch: 292  loss_vamb: 1.09895e-01  ab_vamb: 4.49941e-03  ce_vamb: 0.00000e+00  sse_vamb: 8.78491e-02  kld_vamb: 1.75460e-02  loss_labels: 6.28250e-03  ce_labels_labels: 7.71024e-04  kld_labels: 3.52734e+01  correct_labels_labels: 0.00000e+00  loss_joint: 1.03810e-01  ce_joint: 0.00000e+00  sse_joint: 1.95874e+01  ce_labels_joint: 2.43355e-03  kld_vamb_joint: 3.27722e+00  kld_labels_joint: 6.81233e+00  correct_labels_joint: 0.00000e+00  loss: 2.19987e-01
2026-08-13 13:50:36.412 | INFO    | 		Epoch: 293  loss_vamb: 1.10192e-01  ab_vamb: 4.72728e-03  ce_vamb: 0.00000e+00  sse_vamb: 8.79172e-02  kld_vamb: 1.75479e-02  loss_labels: 6.75555e-03  ce_labels_labels: 1.22211e-03  kld_labels: 3.54140e+01  correct_labels_labels: 0.00000e+00  loss_joint: 1.04661e-01  ce_joint: 0.00000e+00  sse_joint: 1.96750e+01  ce_labels_joint: 2.80431e-03  kld_vamb_joint: 3.27186e+00  kld_labels_joint: 6.81701e+00  correct_labels_joint: 0.00000e+00  loss: 2.21609e-01
2026-08-13 13:50:36.922 | INFO    | 		Epoch: 294  loss_vamb: 1.10205e-01  ab_vamb: 4.80084e-03  ce_vamb: 0.00000e+00  sse_vamb: 8.78516e-02  kld_vamb: 1.75526e-02  loss_labels: 6.28252e-03  ce_labels_labels: 7.44989e-04  kld_labels: 3.54402e+01  correct_labels_labels: 0.00000e+00  loss_joint: 1.03554e-01  ce_joint: 0.00000e+00  sse_joint: 1.95288e+01  ce_labels_joint: 2.07411e-03  kld_vamb_joint: 3.25962e+00  kld_labels_joint: 6.82601e+00  correct_labels_joint: 0.00000e+00  loss: 2.20042e-01
2026-08-13 13:50:37.447 | INFO    | 		Epoch: 295  loss_vamb: 1.09896e-01  ab_vamb: 4.36482e-03  ce_vamb: 0.00000e+00  sse_vamb: 8.79620e-02  kld_vamb: 1.75694e-02  loss_labels: 6.85541e-03  ce_labels_labels: 1.31396e-03  kld_labels: 3.54653e+01  correct_labels_labels: 0.00000e+00  loss_joint: 1.03837e-01  ce_joint: 0.00000e+00  sse_joint: 1.95825e+01  ce_labels_joint: 2.51015e-03  kld_vamb_joint: 3.27304e+00  kld_labels_joint: 6.81685e+00  correct_labels_joint: 0.00000e+00  loss: 2.20588e-01
2026-08-13 13:50:37.971 | INFO    | 		Epoch: 296  loss_vamb: 1.10084e-01  ab_vamb: 4.62019e-03  ce_vamb: 0.00000e+00  sse_vamb: 8.78778e-02  kld_vamb: 1.75864e-02  loss_labels: 6.31168e-03  ce_labels_labels: 7.51778e-04  kld_labels: 3.55834e+01  correct_labels_labels: 0.00000e+00  loss_joint: 1.03442e-01  ce_joint: 0.00000e+00  sse_joint: 1.95218e+01  ce_labels_joint: 2.02313e-03  kld_vamb_joint: 3.28218e+00  kld_labels_joint: 6.84435e+00  correct_labels_joint: 0.00000e+00  loss: 2.19838e-01
2026-08-13 13:50:38.469 | INFO    | 		Epoch: 297  loss_vamb: 1.09926e-01  ab_vamb: 4.54863e-03  ce_vamb: 0.00000e+00  sse_vamb: 8.77726e-02  kld_vamb: 1.76046e-02  loss_labels: 7.75424e-03  ce_labels_labels: 2.20847e-03  kld_labels: 3.54929e+01  correct_labels_labels: 0.00000e+00  loss_joint: 1.03796e-01  ce_joint: 0.00000e+00  sse_joint: 1.95504e+01  ce_labels_joint: 2.38380e-03  kld_vamb_joint: 3.26810e+00  kld_labels_joint: 6.82237e+00  correct_labels_joint: 0.00000e+00  loss: 2.21476e-01
2026-08-13 13:50:39.029 | INFO    | 		Epoch: 298  loss_vamb: 1.09621e-01  ab_vamb: 4.35898e-03  ce_vamb: 0.00000e+00  sse_vamb: 8.76460e-02  kld_vamb: 1.76160e-02  loss_labels: 6.54878e-03  ce_labels_labels: 9.94811e-04  kld_labels: 3.55454e+01  correct_labels_labels: 0.00000e+00  loss_joint: 1.04276e-01  ce_joint: 0.00000e+00  sse_joint: 1.95053e+01  ce_labels_joint: 3.34350e-03  kld_vamb_joint: 3.26478e+00  kld_labels_joint: 6.83158e+00  correct_labels_joint: 0.00000e+00  loss: 2.20446e-01
2026-08-13 13:50:39.627 | INFO    | 		Epoch: 299  loss_vamb: 1.09983e-01  ab_vamb: 4.48702e-03  ce_vamb: 0.00000e+00  sse_vamb: 8.78756e-02  kld_vamb: 1.76203e-02  loss_labels: 6.66833e-03  ce_labels_labels: 1.11323e-03  kld_labels: 3.55527e+01  correct_labels_labels: 0.00000e+00  loss_joint: 1.03481e-01  ce_joint: 0.00000e+00  sse_joint: 1.94543e+01  ce_labels_joint: 2.68903e-03  kld_vamb_joint: 3.27666e+00  kld_labels_joint: 6.83505e+00  correct_labels_joint: 0.00000e+00  loss: 2.20132e-01
2026-08-13 13:50:39.815 | INFO    | (2656, 32) embedding shape
2026-08-13 13:50:39.879 | INFO    | Clustering
2026-08-13 13:50:39.879 | INFO    | 	Windowsize: 300
2026-08-13 13:50:39.879 | INFO    | 	Min successful thresholds detected: 15
2026-08-13 13:50:39.879 | INFO    | 	Max clusters: None
2026-08-13 13:50:39.879 | INFO    | 	Use CUDA for clustering: False
2026-08-13 13:50:39.879 | INFO    | 	Binsplitter: Defaulting to 'C', but disabled due to incompatible identifiers
2026-08-13 13:50:41.095 | INFO    | 	Clustered 2656 contigs in 650 unsplit bins
2026-08-13 13:50:41.095 | INFO    | 	Wrote cluster file(s) in 0.0 seconds.
2026-08-13 13:50:41.945 | INFO    | 	Wrote 13 bins with 1832 sequences in 0.85 seconds.
2026-08-13 13:50:41.945 | INFO    | 	Clustered contigs in 1.21 seconds.

2026-08-13 13:50:41.948 | INFO    | Completed Vamb in 210.17 seconds.
TaxVAMB done: /mnt/ME5024_PA2/shared/groups/ZHANGLU/Results_of_CAMI2_Other_datasets_other_binning_tools/TaxVAMB/Airways/Airways-2017.12.04_18.56.22_sample_23; finished=Thu Aug 13 13:50:42 HKT 2026
